episode_id,patient_id,risk_probability,priority_tier,reason,predicted_dropout_stage,recommended_action,assigned_cadre
E0000807,P000727,0.8922747757106273,VERY HIGH,long distance to facility; medicine collection required; diagnostic test required; follow-up review required,Medicine not collected,Verify medicine availability and coordinate collection support.,ASHA
E0000539,P000474,0.8796149920916535,VERY HIGH,long distance to facility; medicine collection required; diagnostic test required; follow-up review required,Medicine not collected,Verify medicine availability and coordinate collection support.,ASHA
E0005085,P004608,0.87543758139989,VERY HIGH,long distance to facility; medicine collection required; diagnostic test required; follow-up review required,Medicine not collected,Verify medicine availability and coordinate collection support.,ASHA
E0003381,P003065,0.8734499041344195,VERY HIGH,long distance to facility; medicine collection required; diagnostic test required; follow-up review required,Medicine not collected,Verify medicine availability and coordinate collection support.,ASHA
E0003150,P002838,0.8698049168501634,VERY HIGH,long distance to facility; medicine collection required; diagnostic test required; follow-up review required,Medicine not collected,Verify medicine availability and coordinate collection support.,ASHA
E0003788,P003448,0.8696353517906175,VERY HIGH,long distance to facility; medicine collection required; diagnostic test required; follow-up review required,Medicine not collected,Verify medicine availability and coordinate collection support.,ASHA
E0001530,P001398,0.869444809731657,VERY HIGH,long distance to facility; medicine collection required; diagnostic test required; follow-up review required,Medicine not collected,Verify medicine availability and coordinate collection support.,ASHA
E0000448,P000395,0.8660644369798488,VERY HIGH,long distance to facility; medicine collection required; diagnostic test required; follow-up review required,Medicine not collected,Verify medicine availability and coordinate collection support.,ASHA
E0002009,P001829,0.8641611303389445,VERY HIGH,long distance to facility; medicine collection required; diagnostic test required; follow-up review required,Medicine not collected,Verify medicine availability and coordinate collection support.,ASHA
E0000171,P000149,0.8630978626642165,VERY HIGH,long distance to facility; medicine collection required; diagnostic test required; follow-up review required,Medicine not collected,Verify medicine availability and coordinate collection support.,ASHA
E0004970,P000168,0.858444633045966,VERY HIGH,long distance to facility; medicine collection required; diagnostic test required; follow-up review required,Medicine not collected,Verify medicine availability and coordinate collection support.,ASHA
E0000961,P000879,0.8563102120664273,VERY HIGH,long distance to facility; medicine collection required; diagnostic test required; follow-up review required,Medicine not collected,Verify medicine availability and coordinate collection support.,ASHA
E0000578,P000504,0.8562397349549208,VERY HIGH,long distance to facility; medicine collection required; diagnostic test required; follow-up review required,Medicine not collected,Verify medicine availability and coordinate collection support.,ASHA
E0003327,P003013,0.8555738226647254,VERY HIGH,long distance to facility; medicine collection required; diagnostic test required; follow-up review required,Medicine not collected,Verify medicine availability and coordinate collection support.,ASHA
E0000422,P002540,0.8542713999508437,VERY HIGH,long distance to facility; medicine collection required; diagnostic test required; follow-up review required,Medicine not collected,Verify medicine availability and coordinate collection support.,ASHA
E0004896,P004446,0.8526305690167676,VERY HIGH,long distance to facility; medicine collection required; diagnostic test required; follow-up review required,Medicine not collected,Verify medicine availability and coordinate collection support.,ASHA
E0005261,P004777,0.8524559983935526,VERY HIGH,long distance to facility; medicine collection required; diagnostic test required; follow-up review required,Medicine not collected,Verify medicine availability and coordinate collection support.,ASHA
E0002760,P002493,0.851153946511263,VERY HIGH,long distance to facility; medicine collection required; diagnostic test required; follow-up review required,Medicine not collected,Verify medicine availability and coordinate collection support.,ASHA
E0005140,P004662,0.844006730035688,VERY HIGH,long distance to facility; medicine collection required; diagnostic test required; follow-up review required,Medicine not collected,Verify medicine availability and coordinate collection support.,ASHA
E0004557,P004151,0.8437903938757008,VERY HIGH,long distance to facility; medicine collection required; diagnostic test required; follow-up review required,Medicine not collected,Verify medicine availability and coordinate collection support.,ASHA
E0005182,P004704,0.8437384027088338,VERY HIGH,long distance to facility; medicine collection required; diagnostic test required; follow-up review required,Medicine not collected,Verify medicine availability and coordinate collection support.,ASHA
E0002652,P002396,0.841092500522987,VERY HIGH,long distance to facility; medicine collection required; diagnostic test required; follow-up review required,Medicine not collected,Verify medicine availability and coordinate collection support.,ASHA
E0003453,P003129,0.838817737722179,VERY HIGH,long distance to facility; medicine collection required; diagnostic test required; follow-up review required,Medicine not collected,Verify medicine availability and coordinate collection support.,ASHA
E0004583,P004173,0.8373929472655076,VERY HIGH,long distance to facility; medicine collection required; diagnostic test required; follow-up review required,Medicine not collected,Verify medicine availability and coordinate collection support.,ASHA
E0004791,P004357,0.837065373507896,VERY HIGH,long distance to facility; medicine collection required; diagnostic test required; follow-up review required,Medicine not collected,Verify medicine availability and coordinate collection support.,ASHA
E0002130,P001927,0.8351878026984472,VERY HIGH,long distance to facility; medicine collection required; diagnostic test required; follow-up review required,Medicine not collected,Verify medicine availability and coordinate collection support.,ASHA
E0003176,P002865,0.8323261483266329,VERY HIGH,long distance to facility; medicine collection required; diagnostic test required; follow-up review required,Medicine not collected,Verify medicine availability and coordinate collection support.,ASHA
E0003692,P003347,0.830799736715161,VERY HIGH,long distance to facility; medicine collection required; diagnostic test required; follow-up review required,Medicine not collected,Verify medicine availability and coordinate collection support.,ASHA
E0003572,P001264,0.8282547986864569,VERY HIGH,long distance to facility; medicine collection required; diagnostic test required; follow-up review required,Medicine not collected,Verify medicine availability and coordinate collection support.,ASHA
E0001534,P001402,0.824559505058281,VERY HIGH,long distance to facility; medicine collection required; diagnostic test required; follow-up review required,Medicine not collected,Verify medicine availability and coordinate collection support.,ASHA
E0000148,P000127,0.8222012452334393,VERY HIGH,long distance to facility; medicine collection required; diagnostic test required; follow-up review required,Medicine not collected,Verify medicine availability and coordinate collection support.,ASHA
E0004313,P003930,0.8212372820286346,VERY HIGH,long distance to facility; medicine collection required; diagnostic test required; follow-up review required,Medicine not collected,Verify medicine availability and coordinate collection support.,ASHA
E0005060,P004587,0.8178809202187114,VERY HIGH,long distance to facility; medicine collection required; diagnostic test required; follow-up review required,Medicine not collected,Verify medicine availability and coordinate collection support.,ASHA
E0003103,P002804,0.8169478050796115,VERY HIGH,long distance to facility; medicine collection required; diagnostic test required; follow-up review required,Medicine not collected,Verify medicine availability and coordinate collection support.,ASHA
E0005219,P004740,0.8165094657980818,VERY HIGH,long distance to facility; medicine collection required; diagnostic test required; follow-up review required,Medicine not collected,Verify medicine availability and coordinate collection support.,ASHA
E0001448,P001327,0.8149831563511556,VERY HIGH,long distance to facility; medicine collection required; diagnostic test required; follow-up review required,Medicine not collected,Verify medicine availability and coordinate collection support.,ASHA
E0000879,P000797,0.8128207844393787,VERY HIGH,long distance to facility; medicine collection required; diagnostic test required; follow-up review required,Medicine not collected,Verify medicine availability and coordinate collection support.,ASHA
E0001314,P000344,0.8102549790754325,VERY HIGH,long distance to facility; medicine collection required; diagnostic test required; follow-up review required,Medicine not collected,Verify medicine availability and coordinate collection support.,ASHA
E0003099,P002801,0.8070137876980911,VERY HIGH,long distance to facility; medicine collection required; diagnostic test required; follow-up review required,Medicine not collected,Verify medicine availability and coordinate collection support.,ASHA
E0001436,P001315,0.8068589937064152,VERY HIGH,long distance to facility; medicine collection required; diagnostic test required; follow-up review required,Medicine not collected,Verify medicine availability and coordinate collection support.,ASHA
E0004514,P004110,0.8051300388684302,VERY HIGH,long distance to facility; medicine collection required; diagnostic test required; follow-up review required,Medicine not collected,Verify medicine availability and coordinate collection support.,ASHA
E0004128,P003760,0.8048310637747906,VERY HIGH,long distance to facility; medicine collection required; diagnostic test required; follow-up review required,Medicine not collected,Verify medicine availability and coordinate collection support.,ASHA
E0004764,P004331,0.8043279598466948,VERY HIGH,long distance to facility; medicine collection required; diagnostic test required; follow-up review required,Medicine not collected,Verify medicine availability and coordinate collection support.,ASHA
E0003368,P003056,0.8037958800960103,VERY HIGH,long distance to facility; medicine collection required; diagnostic test required; follow-up review required,Medicine not collected,Verify medicine availability and coordinate collection support.,ASHA
E0000182,P000158,0.801274517179806,VERY HIGH,long distance to facility; medicine collection required; diagnostic test required; follow-up review required,Medicine not collected,Verify medicine availability and coordinate collection support.,ASHA
E0003858,P003512,0.8011811309024583,VERY HIGH,long distance to facility; medicine collection required; diagnostic test required; follow-up review required,Medicine not collected,Verify medicine availability and coordinate collection support.,ASHA
E0001408,P001286,0.8006654200754599,VERY HIGH,long distance to facility; medicine collection required; diagnostic test required; follow-up review required,Medicine not collected,Verify medicine availability and coordinate collection support.,ASHA
E0004168,P003792,0.7992923240115527,HIGH,long distance to facility; medicine collection required; diagnostic test required; follow-up review required,Medicine not collected,Verify medicine availability and coordinate collection support.,ASHA
E0004366,P002369,0.7991466054120726,HIGH,long distance to facility; medicine collection required; diagnostic test required; follow-up review required,Medicine not collected,Verify medicine availability and coordinate collection support.,ASHA
E0001092,P001009,0.7989630432395475,HIGH,long distance to facility; medicine collection required; diagnostic test required; follow-up review required,Medicine not collected,Verify medicine availability and coordinate collection support.,ASHA
E0003797,P003457,0.7986362346354081,HIGH,long distance to facility; medicine collection required; diagnostic test required; follow-up review required,Medicine not collected,Verify medicine availability and coordinate collection support.,ASHA
E0001809,P001644,0.7983851252037178,HIGH,long distance to facility; medicine collection required; diagnostic test required; follow-up review required,Medicine not collected,Verify medicine availability and coordinate collection support.,ASHA
E0004776,P004344,0.7968917185399554,HIGH,long distance to facility; medicine collection required; diagnostic test required; follow-up review required,Medicine not collected,Verify medicine availability and coordinate collection support.,ASHA
E0002785,P002518,0.7962678106945831,HIGH,long distance to facility; medicine collection required; diagnostic test required; follow-up review required,Medicine not collected,Verify medicine availability and coordinate collection support.,ASHA
E0003552,P003220,0.7962620293572045,HIGH,long distance to facility; medicine collection required; diagnostic test required; follow-up review required,Medicine not collected,Verify medicine availability and coordinate collection support.,ASHA
E0002885,P002600,0.7948201543386954,HIGH,long distance to facility; medicine collection required; diagnostic test required; follow-up review required,Medicine not collected,Verify medicine availability and coordinate collection support.,ASHA
E0001972,P001799,0.7940974679652988,HIGH,long distance to facility; medicine collection required; diagnostic test required; follow-up review required,Medicine not collected,Verify medicine availability and coordinate collection support.,ASHA
E0003010,P002719,0.7934071549627549,HIGH,long distance to facility; medicine collection required; diagnostic test required; follow-up review required,Medicine not collected,Verify medicine availability and coordinate collection support.,ASHA
E0001868,P001696,0.792232818614723,HIGH,long distance to facility; medicine collection required; diagnostic test required; follow-up review required,Medicine not collected,Verify medicine availability and coordinate collection support.,ASHA
E0002041,P001853,0.7907998587575951,HIGH,long distance to facility; medicine collection required; diagnostic test required; follow-up review required,Medicine not collected,Verify medicine availability and coordinate collection support.,ASHA
E0002476,P002244,0.7904706988013881,HIGH,long distance to facility; medicine collection required; diagnostic test required; follow-up review required,Medicine not collected,Verify medicine availability and coordinate collection support.,ASHA
E0002255,P002039,0.7897092500305253,HIGH,long distance to facility; medicine collection required; diagnostic test required; follow-up review required,Medicine not collected,Verify medicine availability and coordinate collection support.,ASHA
E0003431,P003112,0.7891944472242638,HIGH,long distance to facility; medicine collection required; diagnostic test required; follow-up review required,Medicine not collected,Verify medicine availability and coordinate collection support.,ASHA
E0004552,P004147,0.7875328389569116,HIGH,long distance to facility; medicine collection required; diagnostic test required; follow-up review required,Medicine not collected,Verify medicine availability and coordinate collection support.,ASHA
E0003186,P002875,0.786152476506167,HIGH,long distance to facility; medicine collection required; diagnostic test required; follow-up review required,Medicine not collected,Verify medicine availability and coordinate collection support.,ASHA
E0000813,P000733,0.7843648051623368,HIGH,long distance to facility; medicine collection required; diagnostic test required; follow-up review required,Medicine not collected,Verify medicine availability and coordinate collection support.,ASHA
E0001873,P001699,0.783615949273574,HIGH,long distance to facility; medicine collection required; diagnostic test required; follow-up review required,Medicine not collected,Verify medicine availability and coordinate collection support.,ASHA
E0004575,P004167,0.7835671280170473,HIGH,long distance to facility; medicine collection required; diagnostic test required; follow-up review required,Medicine not collected,Verify medicine availability and coordinate collection support.,ASHA
E0000083,P000071,0.7829388098306297,HIGH,long distance to facility; medicine collection required; diagnostic test required; follow-up review required,Medicine not collected,Verify medicine availability and coordinate collection support.,ASHA
E0005329,P004832,0.7825650732415094,HIGH,long distance to facility; medicine collection required; diagnostic test required; follow-up review required,Medicine not collected,Verify medicine availability and coordinate collection support.,ASHA
E0005165,P004686,0.7815627557691898,HIGH,long distance to facility; medicine collection required; diagnostic test required; follow-up review required,Medicine not collected,Verify medicine availability and coordinate collection support.,ASHA
E0004415,P004018,0.7811776572469423,HIGH,long distance to facility; medicine collection required; diagnostic test required; follow-up review required,Medicine not collected,Verify medicine availability and coordinate collection support.,ASHA
E0005077,P004601,0.7784103392375534,HIGH,long distance to facility; medicine collection required; diagnostic test required; follow-up review required,Medicine not collected,Verify medicine availability and coordinate collection support.,ASHA
E0000587,P000511,0.7783150340891787,HIGH,long distance to facility; medicine collection required; diagnostic test required; follow-up review required,Medicine not collected,Verify medicine availability and coordinate collection support.,ASHA
E0001406,P001285,0.7777115567323518,HIGH,long distance to facility; medicine collection required; diagnostic test required; follow-up review required,Medicine not collected,Verify medicine availability and coordinate collection support.,ASHA
E0002776,P002510,0.777334400517245,HIGH,long distance to facility; medicine collection required; follow-up review required; complex care requirements,Medicine not collected,Verify medicine availability and coordinate collection support.,ASHA
E0004143,P003772,0.7770682730656929,HIGH,long distance to facility; medicine collection required; diagnostic test required; follow-up review required,Medicine not collected,Verify medicine availability and coordinate collection support.,ASHA
E0001328,P001215,0.7756672188602416,HIGH,long distance to facility; medicine collection required; diagnostic test required; follow-up review required,Medicine not collected,Verify medicine availability and coordinate collection support.,ASHA
E0002180,P001973,0.7747686836415624,HIGH,long distance to facility; medicine collection required; diagnostic test required; follow-up review required,Medicine not collected,Verify medicine availability and coordinate collection support.,ASHA
E0004012,P003656,0.7729219930634953,HIGH,long distance to facility; medicine collection required; diagnostic test required; follow-up review required,Medicine not collected,Verify medicine availability and coordinate collection support.,ASHA
E0002295,P002077,0.7722475682833274,HIGH,long distance to facility; medicine collection required; diagnostic test required; follow-up review required,Medicine not collected,Verify medicine availability and coordinate collection support.,ASHA
E0005150,P004671,0.7713151285589248,HIGH,long distance to facility; medicine collection required; diagnostic test required; follow-up review required,Medicine not collected,Verify medicine availability and coordinate collection support.,ASHA
E0002189,P000833,0.7688003870847223,HIGH,long distance to facility; medicine collection required; diagnostic test required; follow-up review required,Medicine not collected,Verify medicine availability and coordinate collection support.,ASHA
E0002656,P002400,0.7670902937772904,HIGH,long distance to facility; medicine collection required; diagnostic test required; follow-up review required,Medicine not collected,Verify medicine availability and coordinate collection support.,ASHA
E0004572,P004163,0.7650043991770079,HIGH,long distance to facility; medicine collection required; diagnostic test required; follow-up review required,Medicine not collected,Verify medicine availability and coordinate collection support.,ASHA
E0004627,P004207,0.764247752170542,HIGH,long distance to facility; medicine collection required; follow-up review required; elderly living alone,Medicine not collected,Verify medicine availability and coordinate collection support.,ASHA
E0003185,P002875,0.7639321525127994,HIGH,long distance to facility; medicine collection required; diagnostic test required; follow-up review required,Medicine not collected,Verify medicine availability and coordinate collection support.,ASHA
E0001444,P001323,0.762775352549803,HIGH,long distance to facility; medicine collection required; diagnostic test required; follow-up review required,Medicine not collected,Verify medicine availability and coordinate collection support.,ASHA
E0000583,P000509,0.762271794296867,HIGH,long distance to facility; medicine collection required; diagnostic test required; follow-up review required,Medicine not collected,Verify medicine availability and coordinate collection support.,ASHA
E0001043,P000961,0.7607941457432141,HIGH,long distance to facility; medicine collection required; diagnostic test required; follow-up review required,Medicine not collected,Verify medicine availability and coordinate collection support.,ASHA
E0004449,P004049,0.760744925096884,HIGH,long distance to facility; medicine collection required; diagnostic test required; follow-up review required,Medicine not collected,Verify medicine availability and coordinate collection support.,ASHA
E0003197,P002884,0.7605534279738962,HIGH,long distance to facility; medicine collection required; diagnostic test required; follow-up review required,Medicine not collected,Verify medicine availability and coordinate collection support.,ASHA
E0000302,P000271,0.7604071039909703,HIGH,long distance to facility; medicine collection required; diagnostic test required; follow-up review required,Medicine not collected,Verify medicine availability and coordinate collection support.,ASHA
E0002629,P002378,0.7600634747418171,HIGH,long distance to facility; medicine collection required; follow-up review required; complex care requirements,Medicine not collected,Verify medicine availability and coordinate collection support.,ASHA
E0005122,P004644,0.7598336930663546,HIGH,long distance to facility; medicine collection required; follow-up review required; low digital access,Medicine not collected,Verify medicine availability and coordinate collection support.,ASHA
E0004095,P003732,0.7587986809304933,HIGH,long distance to facility; medicine collection required; diagnostic test required; follow-up review required,Medicine not collected,Verify medicine availability and coordinate collection support.,ASHA
E0004569,P004160,0.7584033381706168,HIGH,long distance to facility; medicine collection required; diagnostic test required; follow-up review required,Medicine not collected,Verify medicine availability and coordinate collection support.,ASHA
E0002112,P001914,0.7580464387956483,HIGH,long distance to facility; medicine collection required; diagnostic test required; follow-up review required,Medicine not collected,Verify medicine availability and coordinate collection support.,ASHA
E0001644,P001498,0.7569317900498027,HIGH,long distance to facility; medicine collection required; follow-up review required; low digital access,Medicine not collected,Verify medicine availability and coordinate collection support.,ASHA
E0001003,P000923,0.75682395456636,HIGH,long distance to facility; medicine collection required; diagnostic test required; follow-up review required,Medicine not collected,Verify medicine availability and coordinate collection support.,ASHA
E0001481,P001355,0.7562320399699861,HIGH,long distance to facility; medicine collection required; diagnostic test required; follow-up review required,Medicine not collected,Verify medicine availability and coordinate collection support.,ASHA
E0001808,P001643,0.755979623792886,HIGH,long distance to facility; medicine collection required; diagnostic test required; follow-up review required,Medicine not collected,Verify medicine availability and coordinate collection support.,ASHA
E0004828,P001321,0.7557672834979358,HIGH,long distance to facility; medicine collection required; diagnostic test required; follow-up review required,Medicine not collected,Verify medicine availability and coordinate collection support.,ASHA
E0004281,P003904,0.7556314311197683,HIGH,long distance to facility; medicine collection required; diagnostic test required; follow-up review required,Medicine not collected,Verify medicine availability and coordinate collection support.,ASHA
E0005449,P004943,0.7539615730065021,HIGH,long distance to facility; medicine collection required; diagnostic test required; follow-up review required,Medicine not collected,Verify medicine availability and coordinate collection support.,ASHA
E0004538,P004133,0.7516639658222359,HIGH,long distance to facility; medicine collection required; diagnostic test required; follow-up review required,Medicine not collected,Verify medicine availability and coordinate collection support.,ASHA
E0001084,P001003,0.751122139870342,HIGH,long distance to facility; medicine collection required; follow-up review required; low digital access,Medicine not collected,Verify medicine availability and coordinate collection support.,ASHA
E0000280,P000248,0.7502806698994127,HIGH,long distance to facility; medicine collection required; follow-up review required; elderly living alone,Medicine not collected,Verify medicine availability and coordinate collection support.,ASHA
E0004593,P004181,0.7484795716302836,HIGH,long distance to facility; medicine collection required; follow-up review required; complex care requirements,Medicine not collected,Verify medicine availability and coordinate collection support.,ASHA
E0000397,P000351,0.7477934322915964,HIGH,long distance to facility; medicine collection required; diagnostic test required; follow-up review required,Medicine not collected,Verify medicine availability and coordinate collection support.,ASHA
E0004403,P004005,0.7472316248671077,HIGH,long distance to facility; medicine collection required; diagnostic test required; follow-up review required,Medicine not collected,Verify medicine availability and coordinate collection support.,ASHA
E0003187,P002876,0.7472186291306715,HIGH,long distance to facility; medicine collection required; diagnostic test required; follow-up review required,Medicine not collected,Verify medicine availability and coordinate collection support.,ASHA
E0005299,P004809,0.746916805299379,HIGH,long distance to facility; medicine collection required; diagnostic test required; follow-up review required,Medicine not collected,Verify medicine availability and coordinate collection support.,ASHA
E0004115,P003748,0.7455045034699354,HIGH,long distance to facility; medicine collection required; diagnostic test required; follow-up review required,Medicine not collected,Verify medicine availability and coordinate collection support.,ASHA
E0004994,P004527,0.7447113563778288,HIGH,long distance to facility; medicine collection required; diagnostic test required; follow-up review required,Medicine not collected,Verify medicine availability and coordinate collection support.,ASHA
E0003410,P003091,0.7433100672246373,HIGH,long distance to facility; medicine collection required; diagnostic test required; follow-up review required,Medicine not collected,Verify medicine availability and coordinate collection support.,ASHA
E0000470,P000415,0.7420678529428715,HIGH,long distance to facility; medicine collection required; diagnostic test required; follow-up review required,Medicine not collected,Verify medicine availability and coordinate collection support.,ASHA
E0003260,P002950,0.741951832990416,HIGH,long distance to facility; medicine collection required; diagnostic test required; follow-up review required,Medicine not collected,Verify medicine availability and coordinate collection support.,ASHA
E0003239,P002929,0.7415802338555513,HIGH,long distance to facility; medicine collection required; diagnostic test required; follow-up review required,Medicine not collected,Verify medicine availability and coordinate collection support.,ASHA
E0003493,P003164,0.7412579879189836,HIGH,long distance to facility; medicine collection required; diagnostic test required; follow-up review required,Medicine not collected,Verify medicine availability and coordinate collection support.,ASHA
E0002768,P002501,0.7403915111818825,HIGH,long distance to facility; medicine collection required; diagnostic test required; follow-up review required,Medicine not collected,Verify medicine availability and coordinate collection support.,ASHA
E0003984,P003632,0.7400746600686873,HIGH,long distance to facility; medicine collection required; follow-up review required; complex care requirements,Medicine not collected,Verify medicine availability and coordinate collection support.,ASHA
E0004242,P003865,0.7380832726380889,HIGH,long distance to facility; medicine collection required; diagnostic test required; follow-up review required,Medicine not collected,Verify medicine availability and coordinate collection support.,ASHA
E0002988,P002703,0.7380125161019396,HIGH,long distance to facility; medicine collection required; follow-up review required; low digital access,Medicine not collected,Verify medicine availability and coordinate collection support.,ASHA
E0005428,P004925,0.7379789480626523,HIGH,long distance to facility; medicine collection required; diagnostic test required; follow-up review required,Medicine not collected,Verify medicine availability and coordinate collection support.,ASHA
E0000033,P000027,0.7372944586318733,HIGH,long distance to facility; medicine collection required; diagnostic test required; follow-up review required,Medicine not collected,Verify medicine availability and coordinate collection support.,ASHA
E0004015,P003661,0.737049707606916,HIGH,long distance to facility; medicine collection required; diagnostic test required; follow-up review required,Medicine not collected,Verify medicine availability and coordinate collection support.,ASHA
E0005376,P004881,0.7368733330325994,HIGH,long distance to facility; medicine collection required; diagnostic test required; follow-up review required,Medicine not collected,Verify medicine availability and coordinate collection support.,ASHA
E0001453,P001331,0.7360675262682944,HIGH,long distance to facility; medicine collection required; diagnostic test required; follow-up review required,Medicine not collected,Verify medicine availability and coordinate collection support.,ASHA
E0002619,P002367,0.73571213956612,HIGH,long distance to facility; medicine collection required; diagnostic test required; follow-up review required,Medicine not collected,Verify medicine availability and coordinate collection support.,ASHA
E0003135,P002827,0.7356979146832818,HIGH,long distance to facility; medicine collection required; follow-up review required; complex care requirements,Medicine not collected,Verify medicine availability and coordinate collection support.,ASHA
E0005302,P004795,0.7350389610584029,HIGH,long distance to facility; medicine collection required; follow-up review required; elderly living alone,Medicine not collected,Verify medicine availability and coordinate collection support.,ASHA
E0004297,P003916,0.7349848734200087,HIGH,long distance to facility; medicine collection required; diagnostic test required; low digital access,Medicine not collected,Verify medicine availability and coordinate collection support.,ASHA
E0003785,P003444,0.734034390553456,HIGH,long distance to facility; medicine collection required; diagnostic test required; follow-up review required,Medicine not collected,Verify medicine availability and coordinate collection support.,ASHA
E0005119,P004641,0.7334138978656284,HIGH,long distance to facility; medicine collection required; diagnostic test required; follow-up review required,Medicine not collected,Verify medicine availability and coordinate collection support.,ASHA
E0004809,P004371,0.7329929860779039,HIGH,long distance to facility; medicine collection required; diagnostic test required; follow-up review required,Medicine not collected,Verify medicine availability and coordinate collection support.,ASHA
E0002239,P002024,0.7326716137276822,HIGH,long distance to facility; medicine collection required; follow-up review required; complex care requirements,Medicine not collected,Verify medicine availability and coordinate collection support.,ASHA
E0002053,P001863,0.7324106860391608,HIGH,long distance to facility; medicine collection required; follow-up review required; complex care requirements,Medicine not collected,Verify medicine availability and coordinate collection support.,ASHA
E0004488,P004083,0.7316355081235634,HIGH,long distance to facility; medicine collection required; diagnostic test required; follow-up review required,Medicine not collected,Verify medicine availability and coordinate collection support.,ASHA
E0003367,P003055,0.7310492913113609,HIGH,long distance to facility; medicine collection required; diagnostic test required; complex care requirements,Medicine not collected,Verify medicine availability and coordinate collection support.,ASHA
E0005492,P004981,0.7302252288928391,HIGH,long distance to facility; medicine collection required; follow-up review required; complex care requirements,Medicine not collected,Verify medicine availability and coordinate collection support.,ASHA
E0002714,P002452,0.7292260166062263,HIGH,long distance to facility; medicine collection required; diagnostic test required; follow-up review required,Medicine not collected,Verify medicine availability and coordinate collection support.,ASHA
E0000728,P000148,0.7279058365964657,HIGH,long distance to facility; medicine collection required; diagnostic test required; follow-up review required,Medicine not collected,Verify medicine availability and coordinate collection support.,ASHA
E0003703,P003359,0.7276646406471973,HIGH,long distance to facility; medicine collection required; diagnostic test required; follow-up review required,Medicine not collected,Verify medicine availability and coordinate collection support.,ASHA
E0003335,P002199,0.7270357189628436,HIGH,long distance to facility; medicine collection required; diagnostic test required; follow-up review required,Medicine not collected,Verify medicine availability and coordinate collection support.,ASHA
E0002091,P001899,0.7265636691676216,HIGH,long distance to facility; medicine collection required; diagnostic test required; follow-up review required,Medicine not collected,Verify medicine availability and coordinate collection support.,ASHA
E0000561,P000391,0.7261597626472349,HIGH,long distance to facility; medicine collection required; diagnostic test required; follow-up review required,Medicine not collected,Verify medicine availability and coordinate collection support.,ASHA
E0002344,P002124,0.7247631266615899,HIGH,long distance to facility; medicine collection required; diagnostic test required; follow-up review required,Medicine not collected,Verify medicine availability and coordinate collection support.,ASHA
E0005098,P004623,0.7240903897771429,HIGH,long distance to facility; medicine collection required; follow-up review required; complex care requirements,Medicine not collected,Verify medicine availability and coordinate collection support.,ASHA
E0001784,P001623,0.7234041405841217,HIGH,long distance to facility; medicine collection required; diagnostic test required; low digital access,Medicine not collected,Verify medicine availability and coordinate collection support.,ASHA
E0001204,P001104,0.7229646709929846,HIGH,long distance to facility; medicine collection required; follow-up review required; complex care requirements,Medicine not collected,Verify medicine availability and coordinate collection support.,ASHA
E0003807,P003467,0.7228025977508193,HIGH,long distance to facility; medicine collection required; diagnostic test required; follow-up review required,Medicine not collected,Verify medicine availability and coordinate collection support.,ASHA
E0005091,P004615,0.7224119019947013,HIGH,long distance to facility; medicine collection required; diagnostic test required; follow-up review required,Medicine not collected,Verify medicine availability and coordinate collection support.,ASHA
E0005479,P004969,0.7218518647583461,HIGH,long distance to facility; medicine collection required; diagnostic test required; follow-up review required,Medicine not collected,Verify medicine availability and coordinate collection support.,ASHA
E0000165,P000143,0.7206052367805276,HIGH,long distance to facility; medicine collection required; diagnostic test required; follow-up review required,Medicine not collected,Verify medicine availability and coordinate collection support.,ASHA
E0000113,P000097,0.7182528861734572,HIGH,long distance to facility; medicine collection required; diagnostic test required; follow-up review required,Medicine not collected,Verify medicine availability and coordinate collection support.,ASHA
E0003774,P003435,0.7181949083072945,HIGH,long distance to facility; medicine collection required; diagnostic test required; follow-up review required,Medicine not collected,Verify medicine availability and coordinate collection support.,ASHA
E0000515,P000451,0.7178267055354699,HIGH,long distance to facility; medicine collection required; follow-up review required; complex care requirements,Medicine not collected,Verify medicine availability and coordinate collection support.,ASHA
E0003942,P003596,0.7178022613256241,HIGH,long distance to facility; medicine collection required; follow-up review required; complex care requirements,Medicine not collected,Verify medicine availability and coordinate collection support.,ASHA
E0000014,P000010,0.716091122503318,HIGH,long distance to facility; medicine collection required; follow-up review required; complex care requirements,Medicine not collected,Verify medicine availability and coordinate collection support.,ASHA
E0005030,P004560,0.7160802346846288,HIGH,long distance to facility; medicine collection required; diagnostic test required; follow-up review required,Medicine not collected,Verify medicine availability and coordinate collection support.,ASHA
E0003064,P002769,0.7160491081608376,HIGH,long distance to facility; medicine collection required; follow-up review required; complex care requirements,Medicine not collected,Verify medicine availability and coordinate collection support.,ASHA
E0004601,P000914,0.7158318689868955,HIGH,long distance to facility; medicine collection required; follow-up review required; complex care requirements,Medicine not collected,Verify medicine availability and coordinate collection support.,ASHA
E0004770,P004339,0.7153300943230233,HIGH,long distance to facility; medicine collection required; follow-up review required; elderly living alone,Medicine not collected,Verify medicine availability and coordinate collection support.,ASHA
E0003748,P003407,0.7141223315910247,HIGH,long distance to facility; medicine collection required; diagnostic test required; follow-up review required,Medicine not collected,Verify medicine availability and coordinate collection support.,ASHA
E0004378,P003980,0.7140381391333129,HIGH,long distance to facility; medicine collection required; diagnostic test required; follow-up review required,Medicine not collected,Verify medicine availability and coordinate collection support.,ASHA
E0003971,P003621,0.7136172878526033,HIGH,long distance to facility; medicine collection required; follow-up review required; complex care requirements,Medicine not collected,Verify medicine availability and coordinate collection support.,ASHA
E0000441,P000389,0.7127074301195567,HIGH,long distance to facility; medicine collection required; diagnostic test required; follow-up review required,Medicine not collected,Verify medicine availability and coordinate collection support.,ASHA
E0003930,P003580,0.7124068372195529,HIGH,long distance to facility; medicine collection required; diagnostic test required; follow-up review required,Medicine not collected,Verify medicine availability and coordinate collection support.,ASHA
E0000351,P000310,0.7119704059879841,HIGH,long distance to facility; medicine collection required; diagnostic test required; follow-up review required,Medicine not collected,Verify medicine availability and coordinate collection support.,ASHA
E0000467,P000412,0.7113050044299759,HIGH,long distance to facility; medicine collection required; follow-up review required; complex care requirements,Medicine not collected,Verify medicine availability and coordinate collection support.,ASHA
E0001754,P001596,0.7097659031926072,HIGH,long distance to facility; medicine collection required; follow-up review required; elderly living alone,Medicine not collected,Verify medicine availability and coordinate collection support.,ASHA
E0004182,P003808,0.7096879537303002,HIGH,long distance to facility; medicine collection required; follow-up review required; complex care requirements,Medicine not collected,Verify medicine availability and coordinate collection support.,ASHA
E0000121,P000102,0.7094902186341944,HIGH,long distance to facility; medicine collection required; diagnostic test required; follow-up review required,Medicine not collected,Verify medicine availability and coordinate collection support.,ASHA
E0003877,P003530,0.7091465694777654,HIGH,long distance to facility; medicine collection required; diagnostic test required; follow-up review required,Medicine not collected,Verify medicine availability and coordinate collection support.,ASHA
E0001761,P001604,0.7090108029854367,HIGH,long distance to facility; medicine collection required; diagnostic test required; follow-up review required,Medicine not collected,Verify medicine availability and coordinate collection support.,ASHA
E0000941,P000858,0.70881794976832,HIGH,long distance to facility; medicine collection required; diagnostic test required; follow-up review required,Medicine not collected,Verify medicine availability and coordinate collection support.,ASHA
E0005434,P004932,0.7077960091755419,HIGH,long distance to facility; medicine collection required; diagnostic test required; follow-up review required,Medicine not collected,Verify medicine availability and coordinate collection support.,ASHA
E0002192,P001981,0.70677921694654,HIGH,long distance to facility; medicine collection required; diagnostic test required; follow-up review required,Medicine not collected,Verify medicine availability and coordinate collection support.,ASHA
E0002901,P002619,0.7062280405719445,HIGH,long distance to facility; medicine collection required; diagnostic test required; follow-up review required,Medicine not collected,Verify medicine availability and coordinate collection support.,ASHA
E0002334,P002114,0.7056567448565882,HIGH,long distance to facility; medicine collection required; diagnostic test required; follow-up review required,Medicine not collected,Verify medicine availability and coordinate collection support.,ASHA
E0003214,P002909,0.7056323055593913,HIGH,long distance to facility; medicine collection required; diagnostic test required; follow-up review required,Medicine not collected,Verify medicine availability and coordinate collection support.,ASHA
E0003885,P003535,0.7054572944454208,HIGH,long distance to facility; medicine collection required; diagnostic test required; follow-up review required,Medicine not collected,Verify medicine availability and coordinate collection support.,ASHA
E0004690,P004262,0.7033467835499957,HIGH,long distance to facility; medicine collection required; follow-up review required; complex care requirements,Medicine not collected,Verify medicine availability and coordinate collection support.,ASHA
E0004079,P003719,0.7029246868881563,HIGH,long distance to facility; medicine collection required; follow-up review required; complex care requirements,Medicine not collected,Verify medicine availability and coordinate collection support.,ASHA
E0000365,P000320,0.7028479209390166,HIGH,long distance to facility; medicine collection required; follow-up review required; complex care requirements,Medicine not collected,Verify medicine availability and coordinate collection support.,ASHA
E0004214,P003839,0.7019953802267926,HIGH,long distance to facility; medicine collection required; follow-up review required; complex care requirements,Medicine not collected,Verify medicine availability and coordinate collection support.,ASHA
E0002525,P002285,0.7012641773255918,HIGH,long distance to facility; medicine collection required; diagnostic test required; follow-up review required,Medicine not collected,Verify medicine availability and coordinate collection support.,ASHA
E0001812,P001646,0.7004210831519517,HIGH,long distance to facility; medicine collection required; diagnostic test required; follow-up review required,Medicine not collected,Verify medicine availability and coordinate collection support.,ASHA
E0002260,P002043,0.7003484615706411,HIGH,long distance to facility; medicine collection required; follow-up review required; complex care requirements,Medicine not collected,Verify medicine availability and coordinate collection support.,ASHA
E0003857,P003511,0.7000815654393265,HIGH,long distance to facility; medicine collection required; diagnostic test required; follow-up review required,Medicine not collected,Verify medicine availability and coordinate collection support.,ASHA
E0003133,P002825,0.6991471668585109,HIGH,long distance to facility; medicine collection required; follow-up review required; complex care requirements,Medicine not collected,Verify medicine availability and coordinate collection support.,ASHA
E0002897,P002612,0.6986374157738734,HIGH,long distance to facility; medicine collection required; diagnostic test required; follow-up review required,Medicine not collected,Verify medicine availability and coordinate collection support.,ASHA
E0004135,P003765,0.6984119711441185,HIGH,long distance to facility; medicine collection required; diagnostic test required; complex care requirements,Medicine not collected,Verify medicine availability and coordinate collection support.,ASHA
E0001958,P001787,0.6971209580242732,HIGH,long distance to facility; medicine collection required; follow-up review required; complex care requirements,Medicine not collected,Verify medicine availability and coordinate collection support.,ASHA
E0002085,P001891,0.6965171920733777,HIGH,long distance to facility; medicine collection required; diagnostic test required; complex care requirements,Medicine not collected,Verify medicine availability and coordinate collection support.,ASHA
E0004657,P004234,0.6962048939478978,HIGH,long distance to facility; medicine collection required; follow-up review required; complex care requirements,Medicine not collected,Verify medicine availability and coordinate collection support.,ASHA
E0004785,P004351,0.6956509594538391,HIGH,long distance to facility; medicine collection required; diagnostic test required; follow-up review required,Medicine not collected,Verify medicine availability and coordinate collection support.,ASHA
E0002174,P001967,0.6952679096241063,HIGH,long distance to facility; medicine collection required; follow-up review required; complex care requirements,Medicine not collected,Verify medicine availability and coordinate collection support.,ASHA
E0004239,P003863,0.6950274826129423,HIGH,long distance to facility; medicine collection required; follow-up review required; low digital access,Medicine not collected,Verify medicine availability and coordinate collection support.,ASHA
E0002828,P002554,0.694764469681582,HIGH,long distance to facility; medicine collection required; diagnostic test required; follow-up review required,Medicine not collected,Verify medicine availability and coordinate collection support.,ASHA
E0001045,P000963,0.693963963977664,HIGH,long distance to facility; medicine collection required; follow-up review required; complex care requirements,Medicine not collected,Verify medicine availability and coordinate collection support.,ASHA
E0005088,P004613,0.693927545709968,HIGH,long distance to facility; medicine collection required; diagnostic test required; follow-up review required,Medicine not collected,Verify medicine availability and coordinate collection support.,ASHA
E0004429,P004030,0.6923364217661214,HIGH,long distance to facility; medicine collection required; diagnostic test required; follow-up review required,Medicine not collected,Verify medicine availability and coordinate collection support.,ASHA
E0003677,P003334,0.6914613448163464,HIGH,long distance to facility; medicine collection required; follow-up review required; complex care requirements,Medicine not collected,Verify medicine availability and coordinate collection support.,ASHA
E0002761,P002493,0.6913847384974438,HIGH,long distance to facility; medicine collection required; follow-up review required; complex care requirements,Medicine not collected,Verify medicine availability and coordinate collection support.,ASHA
E0001842,P001671,0.6912839597086516,HIGH,long distance to facility; medicine collection required; diagnostic test required; follow-up review required,Medicine not collected,Verify medicine availability and coordinate collection support.,ASHA
E0001151,P001056,0.6909391118227103,HIGH,long distance to facility; medicine collection required; diagnostic test required; follow-up review required,Medicine not collected,Verify medicine availability and coordinate collection support.,ASHA
E0001012,P000933,0.6905936897372295,HIGH,long distance to facility; medicine collection required; follow-up review required; complex care requirements,Medicine not collected,Verify medicine availability and coordinate collection support.,ASHA
E0003441,P003120,0.6901479039018344,HIGH,long distance to facility; medicine collection required; follow-up review required; low digital access,Medicine not collected,Verify medicine availability and coordinate collection support.,ASHA
E0001922,P001745,0.6888692409964825,HIGH,long distance to facility; medicine collection required; follow-up review required; low digital access,Medicine not collected,Verify medicine availability and coordinate collection support.,ASHA
E0000018,P000014,0.6879226100183337,HIGH,long distance to facility; medicine collection required; diagnostic test required; follow-up review required,Medicine not collected,Verify medicine availability and coordinate collection support.,ASHA
E0000095,P000082,0.6858844181334349,HIGH,long distance to facility; medicine collection required; diagnostic test required; complex care requirements,Medicine not collected,Verify medicine availability and coordinate collection support.,ASHA
E0004282,P003905,0.684393896001717,HIGH,long distance to facility; medicine collection required; diagnostic test required; follow-up review required,Medicine not collected,Verify medicine availability and coordinate collection support.,ASHA
E0002149,P001942,0.6833695382494094,HIGH,long distance to facility; medicine collection required; follow-up review required; complex care requirements,Medicine not collected,Verify medicine availability and coordinate collection support.,ASHA
E0004006,P003650,0.681512983596628,HIGH,long distance to facility; medicine collection required; diagnostic test required; follow-up review required,Medicine not collected,Verify medicine availability and coordinate collection support.,ASHA
E0003140,P002831,0.6812438655147991,HIGH,long distance to facility; medicine collection required; diagnostic test required; follow-up review required,Medicine not collected,Verify medicine availability and coordinate collection support.,ASHA
E0003287,P002975,0.681126996983819,HIGH,long distance to facility; medicine collection required; follow-up review required; complex care requirements,Medicine not collected,Verify medicine availability and coordinate collection support.,ASHA
E0003780,P003439,0.6803437917712551,HIGH,long distance to facility; medicine collection required; follow-up review required; low digital access,Medicine not collected,Verify medicine availability and coordinate collection support.,ASHA
E0002858,P002576,0.6788313282535237,HIGH,long distance to facility; medicine collection required; diagnostic test required; follow-up review required,Medicine not collected,Verify medicine availability and coordinate collection support.,ASHA
E0002276,P002059,0.6781578148754032,HIGH,long distance to facility; medicine collection required; follow-up review required; complex care requirements,Medicine not collected,Verify medicine availability and coordinate collection support.,ASHA
E0001564,P001425,0.6776830484276088,HIGH,long distance to facility; medicine collection required; diagnostic test required; complex care requirements,Medicine not collected,Verify medicine availability and coordinate collection support.,ASHA
E0005387,P004889,0.677190736995202,HIGH,long distance to facility; medicine collection required; diagnostic test required; follow-up review required,Medicine not collected,Verify medicine availability and coordinate collection support.,ASHA
E0001149,P001055,0.6770251433105584,HIGH,long distance to facility; medicine collection required; diagnostic test required; follow-up review required,Medicine not collected,Verify medicine availability and coordinate collection support.,ASHA
E0001909,P001733,0.6755724081540295,HIGH,long distance to facility; medicine collection required; diagnostic test required; follow-up review required,Medicine not collected,Verify medicine availability and coordinate collection support.,ASHA
E0001670,P001516,0.6753106707675631,HIGH,long distance to facility; medicine collection required; diagnostic test required; follow-up review required,Medicine not collected,Verify medicine availability and coordinate collection support.,ASHA
E0005193,P004714,0.6749347680153747,HIGH,long distance to facility; medicine collection required; follow-up review required; complex care requirements,Medicine not collected,Verify medicine availability and coordinate collection support.,ASHA
E0004277,P001172,0.674699088156018,HIGH,long distance to facility; medicine collection required; diagnostic test required; follow-up review required,Medicine not collected,Verify medicine availability and coordinate collection support.,ASHA
E0000980,P000898,0.6742377593937785,HIGH,long distance to facility; medicine collection required; follow-up review required; complex care requirements,Medicine not collected,Verify medicine availability and coordinate collection support.,ASHA
E0002603,P002351,0.6736657427000522,HIGH,long distance to facility; medicine collection required; follow-up review required; complex care requirements,Medicine not collected,Verify medicine availability and coordinate collection support.,ASHA
E0003246,P002936,0.6735510829999578,HIGH,long distance to facility; medicine collection required; diagnostic test required; follow-up review required,Medicine not collected,Verify medicine availability and coordinate collection support.,ASHA
E0003545,P001298,0.6732168051946024,HIGH,long distance to facility; medicine collection required; follow-up review required; complex care requirements,Medicine not collected,Verify medicine availability and coordinate collection support.,ASHA
E0001898,P001722,0.6729631681596353,HIGH,long distance to facility; medicine collection required; diagnostic test required; follow-up review required,Medicine not collected,Verify medicine availability and coordinate collection support.,ASHA
E0002141,P001937,0.6728902834958027,HIGH,long distance to facility; medicine collection required; follow-up review required; complex care requirements,Medicine not collected,Verify medicine availability and coordinate collection support.,ASHA
E0000132,P000113,0.6728162730231299,HIGH,long distance to facility; medicine collection required; diagnostic test required; follow-up review required,Medicine not collected,Verify medicine availability and coordinate collection support.,ASHA
E0003365,P003052,0.6716647274385067,HIGH,long distance to facility; medicine collection required; diagnostic test required; follow-up review required,Medicine not collected,Verify medicine availability and coordinate collection support.,ASHA
E0003775,P003436,0.6711547201756691,HIGH,long distance to facility; medicine collection required; follow-up review required; complex care requirements,Medicine not collected,Verify medicine availability and coordinate collection support.,ASHA
E0002128,P001926,0.670299258392518,HIGH,long distance to facility; medicine collection required; diagnostic test required; follow-up review required,Medicine not collected,Verify medicine availability and coordinate collection support.,ASHA
E0005327,P003268,0.6699269696961138,HIGH,long distance to facility; medicine collection required; diagnostic test required; follow-up review required,Medicine not collected,Verify medicine availability and coordinate collection support.,ASHA
E0000108,P000093,0.6696272621868521,HIGH,long distance to facility; medicine collection required; diagnostic test required; complex care requirements,Medicine not collected,Verify medicine availability and coordinate collection support.,ASHA
E0003248,P002938,0.6695832258051577,HIGH,long distance to facility; medicine collection required; follow-up review required; complex care requirements,Medicine not collected,Verify medicine availability and coordinate collection support.,ASHA
E0002045,P001857,0.6692890854828517,HIGH,long distance to facility; medicine collection required; diagnostic test required; follow-up review required,Medicine not collected,Verify medicine availability and coordinate collection support.,ASHA
E0002370,P002150,0.6685753124468179,HIGH,long distance to facility; medicine collection required; diagnostic test required; follow-up review required,Medicine not collected,Verify medicine availability and coordinate collection support.,ASHA
E0001363,P001244,0.6680077415320921,HIGH,long distance to facility; medicine collection required; follow-up review required; complex care requirements,Medicine not collected,Verify medicine availability and coordinate collection support.,ASHA
E0001834,P001666,0.6677877706796292,HIGH,long distance to facility; medicine collection required; follow-up review required; complex care requirements,Medicine not collected,Verify medicine availability and coordinate collection support.,ASHA
E0000767,P000690,0.6658455484351415,HIGH,long distance to facility; medicine collection required; follow-up review required; complex care requirements,Medicine not collected,Verify medicine availability and coordinate collection support.,ASHA
E0000431,P000380,0.665661181305093,HIGH,long distance to facility; medicine collection required; diagnostic test required; follow-up review required,Medicine not collected,Verify medicine availability and coordinate collection support.,ASHA
E0004086,P003726,0.6655426488424855,HIGH,long distance to facility; medicine collection required; diagnostic test required; follow-up review required,Medicine not collected,Verify medicine availability and coordinate collection support.,ASHA
E0000060,P000049,0.6649655938332195,HIGH,long distance to facility; medicine collection required; diagnostic test required; follow-up review required,Medicine not collected,Verify medicine availability and coordinate collection support.,ASHA
E0001634,P001487,0.6631976359819988,HIGH,long distance to facility; medicine collection required; diagnostic test required; follow-up review required,Medicine not collected,Verify medicine availability and coordinate collection support.,ASHA
E0003614,P003275,0.6629714850262423,HIGH,long distance to facility; medicine collection required; follow-up review required; complex care requirements,Medicine not collected,Verify medicine availability and coordinate collection support.,ASHA
E0001570,P001428,0.6625744787663541,HIGH,long distance to facility; medicine collection required; diagnostic test required; follow-up review required,Medicine not collected,Verify medicine availability and coordinate collection support.,ASHA
E0000166,P000144,0.6621726594656128,HIGH,long distance to facility; medicine collection required; follow-up review required; complex care requirements,Medicine not collected,Verify medicine availability and coordinate collection support.,ASHA
E0000599,P000522,0.6617994820098708,HIGH,long distance to facility; medicine collection required; follow-up review required; complex care requirements,Medicine not collected,Verify medicine availability and coordinate collection support.,ASHA
E0002582,P002335,0.659212525687541,HIGH,long distance to facility; medicine collection required; follow-up review required; low digital access,Medicine not collected,Verify medicine availability and coordinate collection support.,ASHA
E0005255,P004772,0.6588452977810514,HIGH,long distance to facility; medicine collection required; diagnostic test required; follow-up review required,Medicine not collected,Verify medicine availability and coordinate collection support.,ASHA
E0000179,P000156,0.6579887040044892,HIGH,long distance to facility; medicine collection required; follow-up review required; low digital access,Medicine not collected,Verify medicine availability and coordinate collection support.,ASHA
E0004930,P004475,0.6572514820782721,HIGH,long distance to facility; medicine collection required; diagnostic test required; follow-up review required,Medicine not collected,Verify medicine availability and coordinate collection support.,ASHA
E0004545,P004140,0.6570484047572531,HIGH,long distance to facility; medicine collection required; follow-up review required; complex care requirements,Medicine not collected,Verify medicine availability and coordinate collection support.,ASHA
E0000670,P000598,0.6568324380688605,HIGH,long distance to facility; medicine collection required; diagnostic test required; follow-up review required,Medicine not collected,Verify medicine availability and coordinate collection support.,ASHA
E0002057,P001865,0.6567271990915029,HIGH,long distance to facility; medicine collection required; diagnostic test required; follow-up review required,Medicine not collected,Verify medicine availability and coordinate collection support.,ASHA
E0005371,P004874,0.656566069524645,HIGH,long distance to facility; medicine collection required; follow-up review required; complex care requirements,Medicine not collected,Verify medicine availability and coordinate collection support.,ASHA
E0000929,P000849,0.6559266487107467,HIGH,long distance to facility; medicine collection required; diagnostic test required; complex care requirements,Medicine not collected,Verify medicine availability and coordinate collection support.,ASHA
E0003791,P003451,0.6559207938301848,HIGH,long distance to facility; medicine collection required; diagnostic test required; follow-up review required,Medicine not collected,Verify medicine availability and coordinate collection support.,ASHA
E0000523,P000457,0.6558356194357721,HIGH,long distance to facility; medicine collection required; follow-up review required; elderly living alone,Medicine not collected,Verify medicine availability and coordinate collection support.,ASHA
E0000459,P000402,0.6543219227455402,HIGH,long distance to facility; medicine collection required; diagnostic test required; follow-up review required,Medicine not collected,Verify medicine availability and coordinate collection support.,ASHA
E0005192,P004713,0.6524884840690856,HIGH,long distance to facility; medicine collection required; follow-up review required; complex care requirements,Medicine not collected,Verify medicine availability and coordinate collection support.,ASHA
E0000855,P000774,0.6522236837817972,HIGH,long distance to facility; medicine collection required; diagnostic test required; follow-up review required,Medicine not collected,Verify medicine availability and coordinate collection support.,ASHA
E0002482,P002249,0.6518509072902208,HIGH,long distance to facility; medicine collection required; diagnostic test required; low digital access,Medicine not collected,Verify medicine availability and coordinate collection support.,ASHA
E0002250,P002035,0.6488956875837928,HIGH,long distance to facility; medicine collection required; diagnostic test required; follow-up review required,Medicine not collected,Verify medicine availability and coordinate collection support.,ASHA
E0002380,P002158,0.648569835544691,HIGH,long distance to facility; medicine collection required; follow-up review required; complex care requirements,Medicine not collected,Verify medicine availability and coordinate collection support.,ASHA
E0001522,P001390,0.6474415506817993,HIGH,long distance to facility; medicine collection required; follow-up review required; complex care requirements,Medicine not collected,Verify medicine availability and coordinate collection support.,ASHA
E0003006,P002716,0.6471433317241021,HIGH,long distance to facility; medicine collection required; follow-up review required; complex care requirements,Medicine not collected,Verify medicine availability and coordinate collection support.,ASHA
E0000239,P000209,0.6458178016969474,HIGH,long distance to facility; medicine collection required; follow-up review required; low digital access,Medicine not collected,Verify medicine availability and coordinate collection support.,ASHA
E0003116,P002815,0.6458142610484804,HIGH,long distance to facility; medicine collection required; follow-up review required; elderly living alone,Medicine not collected,Verify medicine availability and coordinate collection support.,ASHA
E0004081,P003721,0.6449656356335686,HIGH,long distance to facility; medicine collection required; follow-up review required; complex care requirements,Medicine not collected,Verify medicine availability and coordinate collection support.,ASHA
E0003148,P002837,0.6446844445565499,HIGH,long distance to facility; medicine collection required; follow-up review required; complex care requirements,Medicine not collected,Verify medicine availability and coordinate collection support.,ASHA
E0001741,P001586,0.6439942345228682,HIGH,long distance to facility; medicine collection required; follow-up review required; complex care requirements,Medicine not collected,Verify medicine availability and coordinate collection support.,ASHA
E0000263,P000233,0.6438846601218277,HIGH,long distance to facility; medicine collection required; diagnostic test required; follow-up review required,Medicine not collected,Verify medicine availability and coordinate collection support.,ASHA
E0000705,P000630,0.6433802169156587,HIGH,long distance to facility; medicine collection required; diagnostic test required; follow-up review required,Medicine not collected,Verify medicine availability and coordinate collection support.,ASHA
E0003824,P003486,0.6432897683381046,HIGH,long distance to facility; medicine collection required; follow-up review required; complex care requirements,Medicine not collected,Verify medicine availability and coordinate collection support.,ASHA
E0001792,P001630,0.6432091265895453,HIGH,long distance to facility; medicine collection required; follow-up review required; complex care requirements,Medicine not collected,Verify medicine availability and coordinate collection support.,ASHA
E0003569,P003232,0.6420449397400668,HIGH,long distance to facility; medicine collection required; follow-up review required; complex care requirements,Medicine not collected,Verify medicine availability and coordinate collection support.,ASHA
E0000076,P000063,0.6420300581261253,HIGH,long distance to facility; medicine collection required; follow-up review required; elderly living alone,Medicine not collected,Verify medicine availability and coordinate collection support.,ASHA
E0005397,P004895,0.6415872193904473,HIGH,long distance to facility; medicine collection required; follow-up review required; complex care requirements,Medicine not collected,Verify medicine availability and coordinate collection support.,ASHA
E0004998,P000200,0.6414079540791818,HIGH,long distance to facility; medicine collection required; diagnostic test required; follow-up review required,Medicine not collected,Verify medicine availability and coordinate collection support.,ASHA
E0005480,P004970,0.640851948914702,HIGH,long distance to facility; medicine collection required; follow-up review required; complex care requirements,Medicine not collected,Verify medicine availability and coordinate collection support.,ASHA
E0003040,P000945,0.6397846717378517,HIGH,long distance to facility; medicine collection required; follow-up review required; elderly living alone,Medicine not collected,Verify medicine availability and coordinate collection support.,ASHA
E0001445,P001324,0.6391083007243898,HIGH,long distance to facility; medicine collection required; follow-up review required; complex care requirements,Medicine not collected,Verify medicine availability and coordinate collection support.,ASHA
E0004044,P003685,0.6389721158241127,HIGH,long distance to facility; medicine collection required; follow-up review required; complex care requirements,Medicine not collected,Verify medicine availability and coordinate collection support.,ASHA
E0001401,P000156,0.6388550753225866,HIGH,long distance to facility; medicine collection required; follow-up review required; low digital access,Medicine not collected,Verify medicine availability and coordinate collection support.,ASHA
E0000881,P000799,0.6386738387193058,HIGH,long distance to facility; medicine collection required; diagnostic test required; follow-up review required,Medicine not collected,Verify medicine availability and coordinate collection support.,ASHA
E0002100,P001906,0.6381756856198709,HIGH,medicine collection required; diagnostic test required; follow-up review required; low digital access,Medicine not collected,Verify medicine availability and coordinate collection support.,ASHA
E0000473,P000416,0.6372391686139436,HIGH,medicine collection required; diagnostic test required; follow-up review required; complex care requirements,Medicine not collected,Verify medicine availability and coordinate collection support.,ASHA
E0001877,P001701,0.6371818229951559,HIGH,long distance to facility; medicine collection required; follow-up review required; low digital access,Medicine not collected,Verify medicine availability and coordinate collection support.,ASHA
E0003908,P003562,0.636896630816435,HIGH,long distance to facility; medicine collection required; follow-up review required; complex care requirements,Medicine not collected,Verify medicine availability and coordinate collection support.,ASHA
E0003819,P003481,0.6366261338109249,HIGH,long distance to facility; medicine collection required; diagnostic test required; follow-up review required,Medicine not collected,Verify medicine availability and coordinate collection support.,ASHA
E0000393,P000347,0.6366148980891498,HIGH,long distance to facility; medicine collection required; follow-up review required; complex care requirements,Medicine not collected,Verify medicine availability and coordinate collection support.,ASHA
E0004728,P004297,0.6360154072832357,HIGH,long distance to facility; medicine collection required; follow-up review required; complex care requirements,Medicine not collected,Verify medicine availability and coordinate collection support.,ASHA
E0004342,P003951,0.6350821577161674,HIGH,medicine collection required; diagnostic test required; follow-up review required; complex care requirements,Medicine not collected,Verify medicine availability and coordinate collection support.,ASHA
E0001627,P001481,0.6348089481776825,HIGH,long distance to facility; medicine collection required; follow-up review required; elderly living alone,Medicine not collected,Verify medicine availability and coordinate collection support.,ASHA
E0001760,P001603,0.6341937742495922,HIGH,long distance to facility; medicine collection required; follow-up review required; complex care requirements,Medicine not collected,Verify medicine availability and coordinate collection support.,ASHA
E0005399,P004896,0.6340699080285447,HIGH,medicine collection required; diagnostic test required; follow-up review required; low digital access,Medicine not collected,Verify medicine availability and coordinate collection support.,ASHA
E0004385,P003986,0.6338767267896207,HIGH,long distance to facility; medicine collection required; follow-up review required; low digital access,Medicine not collected,Verify medicine availability and coordinate collection support.,ASHA
E0000395,P000349,0.6333528610112923,HIGH,long distance to facility; medicine collection required; follow-up review required; complex care requirements,Medicine not collected,Verify medicine availability and coordinate collection support.,ASHA
E0001906,P001730,0.6331803314173517,HIGH,long distance to facility; medicine collection required; follow-up review required; low digital access,Medicine not collected,Verify medicine availability and coordinate collection support.,ASHA
E0001264,P001159,0.63249108864877,HIGH,long distance to facility; medicine collection required; diagnostic test required; follow-up review required,Medicine not collected,Verify medicine availability and coordinate collection support.,ASHA
E0003620,P002731,0.6321696139478049,HIGH,long distance to facility; medicine collection required; follow-up review required; low digital access,Medicine not collected,Verify medicine availability and coordinate collection support.,ASHA
E0000353,P000312,0.6321401082544764,HIGH,long distance to facility; medicine collection required; follow-up review required; complex care requirements,Medicine not collected,Verify medicine availability and coordinate collection support.,ASHA
E0003313,P003000,0.6320075298141726,HIGH,long distance to facility; medicine collection required; follow-up review required; complex care requirements,Medicine not collected,Verify medicine availability and coordinate collection support.,ASHA
E0000089,P000075,0.631476060493628,HIGH,long distance to facility; medicine collection required; diagnostic test required; complex care requirements,Medicine not collected,Verify medicine availability and coordinate collection support.,ASHA
E0000077,P000065,0.6314117707915381,HIGH,long distance to facility; medicine collection required; follow-up review required; complex care requirements,Medicine not collected,Verify medicine availability and coordinate collection support.,ASHA
E0003524,P003191,0.6310130118411778,HIGH,long distance to facility; medicine collection required; diagnostic test required; complex care requirements,Medicine not collected,Verify medicine availability and coordinate collection support.,ASHA
E0002485,P002252,0.6309671978370099,HIGH,long distance to facility; medicine collection required; diagnostic test required; follow-up review required,Medicine not collected,Verify medicine availability and coordinate collection support.,ASHA
E0004899,P004450,0.630802815480902,HIGH,long distance to facility; diagnostic test required; follow-up review required; complex care requirements,Review not attended,Schedule reminder and coordinate follow-up review.,CHO
E0000287,P000254,0.6307629079291777,HIGH,long distance to facility; medicine collection required; follow-up review required; complex care requirements,Medicine not collected,Verify medicine availability and coordinate collection support.,ASHA
E0005111,P004635,0.630446220732574,HIGH,medicine collection required; diagnostic test required; follow-up review required; complex care requirements,Medicine not collected,Verify medicine availability and coordinate collection support.,ASHA
E0000555,P000488,0.629999984688307,HIGH,long distance to facility; medicine collection required; diagnostic test required; low digital access,Medicine not collected,Verify medicine availability and coordinate collection support.,ASHA
E0002845,P002566,0.6296115091673045,HIGH,long distance to facility; medicine collection required; follow-up review required; elderly living alone,Medicine not collected,Verify medicine availability and coordinate collection support.,ASHA
E0005279,P004793,0.6290400051234565,HIGH,long distance to facility; medicine collection required; diagnostic test required; low digital access,Medicine not collected,Verify medicine availability and coordinate collection support.,ASHA
E0001533,P001401,0.6288438308469319,HIGH,medicine collection required; diagnostic test required; follow-up review required; complex care requirements,Medicine not collected,Verify medicine availability and coordinate collection support.,ASHA
E0003584,P003247,0.6282812518142906,HIGH,long distance to facility; medicine collection required; diagnostic test required; complex care requirements,Medicine not collected,Verify medicine availability and coordinate collection support.,ASHA
E0004156,P000592,0.6274722802347655,HIGH,medicine collection required; diagnostic test required; follow-up review required; complex care requirements,Medicine not collected,Verify medicine availability and coordinate collection support.,ASHA
E0005313,P004819,0.6270431002900457,HIGH,medicine collection required; diagnostic test required; follow-up review required; complex care requirements,Medicine not collected,Verify medicine availability and coordinate collection support.,ASHA
E0001434,P001313,0.6260025696502726,HIGH,long distance to facility; medicine collection required; diagnostic test required; follow-up review required,Medicine not collected,Verify medicine availability and coordinate collection support.,ASHA
E0001825,P001658,0.6256801980377911,HIGH,long distance to facility; medicine collection required; follow-up review required; complex care requirements,Medicine not collected,Verify medicine availability and coordinate collection support.,ASHA
E0003657,P003319,0.6256070133524493,HIGH,long distance to facility; medicine collection required; follow-up review required; complex care requirements,Medicine not collected,Verify medicine availability and coordinate collection support.,ASHA
E0001730,P001577,0.6254034991155154,HIGH,long distance to facility; medicine collection required; diagnostic test required; complex care requirements,Medicine not collected,Verify medicine availability and coordinate collection support.,ASHA
E0003446,P003123,0.6245734173915325,HIGH,medicine collection required; diagnostic test required; follow-up review required; complex care requirements,Medicine not collected,Verify medicine availability and coordinate collection support.,ASHA
E0002111,P001913,0.6244157075121298,HIGH,long distance to facility; medicine collection required; follow-up review required; complex care requirements,Medicine not collected,Verify medicine availability and coordinate collection support.,ASHA
E0003226,P002920,0.6241211832278669,HIGH,long distance to facility; medicine collection required; follow-up review required; low digital access,Medicine not collected,Verify medicine availability and coordinate collection support.,ASHA
E0004934,P004478,0.6240721914749106,HIGH,long distance to facility; medicine collection required; follow-up review required; complex care requirements,Medicine not collected,Verify medicine availability and coordinate collection support.,ASHA
E0001026,P000943,0.6237475166727176,HIGH,medicine collection required; diagnostic test required; follow-up review required; complex care requirements,Medicine not collected,Verify medicine availability and coordinate collection support.,ASHA
E0004425,P003795,0.6235464392462475,HIGH,medicine collection required; diagnostic test required; follow-up review required; complex care requirements,Medicine not collected,Verify medicine availability and coordinate collection support.,ASHA
E0004794,P003464,0.623494775188916,HIGH,long distance to facility; diagnostic test required; follow-up review required; elderly living alone,Review not attended,Schedule reminder and coordinate follow-up review.,CHO
E0002611,P002118,0.6234444254755024,HIGH,long distance to facility; medicine collection required; follow-up review required; complex care requirements,Medicine not collected,Verify medicine availability and coordinate collection support.,ASHA
E0002755,P002487,0.6234370675963585,HIGH,long distance to facility; medicine collection required; follow-up review required; complex care requirements,Medicine not collected,Verify medicine availability and coordinate collection support.,ASHA
E0005156,P004678,0.6227966208105864,HIGH,long distance to facility; medicine collection required; diagnostic test required; complex care requirements,Medicine not collected,Verify medicine availability and coordinate collection support.,ASHA
E0004885,P004439,0.6227604691438763,HIGH,long distance to facility; medicine collection required; follow-up review required; complex care requirements,Medicine not collected,Verify medicine availability and coordinate collection support.,ASHA
E0000136,P000117,0.6223955402847242,HIGH,long distance to facility; medicine collection required; diagnostic test required; follow-up review required,Medicine not collected,Verify medicine availability and coordinate collection support.,ASHA
E0002954,P002298,0.6220734383002218,HIGH,long distance to facility; medicine collection required; diagnostic test required; follow-up review required,Medicine not collected,Verify medicine availability and coordinate collection support.,ASHA
E0004191,P003816,0.6218915422904235,HIGH,long distance to facility; medicine collection required; follow-up review required; complex care requirements,Medicine not collected,Verify medicine availability and coordinate collection support.,ASHA
E0005418,P004916,0.6212911776840703,HIGH,long distance to facility; medicine collection required; follow-up review required; complex care requirements,Medicine not collected,Verify medicine availability and coordinate collection support.,ASHA
E0002374,P002153,0.6210967549973101,HIGH,long distance to facility; medicine collection required; follow-up review required; complex care requirements,Medicine not collected,Verify medicine availability and coordinate collection support.,ASHA
E0002264,P002047,0.6210941196947044,HIGH,long distance to facility; medicine collection required; follow-up review required; complex care requirements,Medicine not collected,Verify medicine availability and coordinate collection support.,ASHA
E0004061,P003703,0.6207134048248416,HIGH,long distance to facility; medicine collection required; follow-up review required; complex care requirements,Medicine not collected,Verify medicine availability and coordinate collection support.,ASHA
E0001592,P001448,0.6206419480002312,HIGH,medicine collection required; diagnostic test required; follow-up review required; complex care requirements,Medicine not collected,Verify medicine availability and coordinate collection support.,ASHA
E0002884,P002599,0.6198371104908349,HIGH,medicine collection required; diagnostic test required; follow-up review required; complex care requirements,Medicine not collected,Verify medicine availability and coordinate collection support.,ASHA
E0000318,P000284,0.619549389531317,HIGH,long distance to facility; medicine collection required; follow-up review required; low digital access,Medicine not collected,Verify medicine availability and coordinate collection support.,ASHA
E0002083,P001889,0.6191249818836323,HIGH,long distance to facility; medicine collection required; follow-up review required; complex care requirements,Medicine not collected,Verify medicine availability and coordinate collection support.,ASHA
E0001848,P001676,0.6181553697803815,HIGH,medicine collection required; diagnostic test required; follow-up review required; complex care requirements,Medicine not collected,Verify medicine availability and coordinate collection support.,ASHA
E0004309,P003926,0.6179352727556808,HIGH,long distance to facility; medicine collection required; diagnostic test required; follow-up review required,Medicine not collected,Verify medicine availability and coordinate collection support.,ASHA
E0001820,P001654,0.6176912638902111,HIGH,long distance to facility; medicine collection required; follow-up review required; elderly living alone,Medicine not collected,Verify medicine availability and coordinate collection support.,ASHA
E0000721,P000644,0.617538033562757,HIGH,long distance to facility; medicine collection required; follow-up review required; complex care requirements,Medicine not collected,Verify medicine availability and coordinate collection support.,ASHA
E0003965,P003088,0.6174394521379587,HIGH,long distance to facility; medicine collection required; diagnostic test required; follow-up review required,Medicine not collected,Verify medicine availability and coordinate collection support.,ASHA
E0000024,P000019,0.6166937054813394,HIGH,long distance to facility; medicine collection required; follow-up review required; complex care requirements,Medicine not collected,Verify medicine availability and coordinate collection support.,ASHA
E0000589,P000421,0.6160671016446021,HIGH,long distance to facility; medicine collection required; follow-up review required; complex care requirements,Medicine not collected,Verify medicine availability and coordinate collection support.,ASHA
E0002562,P002312,0.6157895936784987,HIGH,long distance to facility; medicine collection required; follow-up review required; complex care requirements,Medicine not collected,Verify medicine availability and coordinate collection support.,ASHA
E0002366,P002144,0.6157770733476555,HIGH,long distance to facility; medicine collection required; follow-up review required; complex care requirements,Medicine not collected,Verify medicine availability and coordinate collection support.,ASHA
E0002819,P002547,0.6155785488065465,HIGH,long distance to facility; medicine collection required; diagnostic test required; follow-up review required,Medicine not collected,Verify medicine availability and coordinate collection support.,ASHA
E0001532,P001400,0.6148996409056936,HIGH,long distance to facility; medicine collection required; follow-up review required; low digital access,Medicine not collected,Verify medicine availability and coordinate collection support.,ASHA
E0005050,P004581,0.6145084799987877,HIGH,long distance to facility; medicine collection required; follow-up review required; complex care requirements,Medicine not collected,Verify medicine availability and coordinate collection support.,ASHA
E0001315,P001205,0.6121309735485359,HIGH,long distance to facility; medicine collection required; follow-up review required; complex care requirements,Medicine not collected,Verify medicine availability and coordinate collection support.,ASHA
E0002558,P002308,0.6104215183673841,HIGH,long distance to facility; medicine collection required; follow-up review required; low digital access,Medicine not collected,Verify medicine availability and coordinate collection support.,ASHA
E0001591,P001447,0.610269509397933,HIGH,medicine collection required; diagnostic test required; follow-up review required; complex care requirements,Medicine not collected,Verify medicine availability and coordinate collection support.,ASHA
E0001197,P004070,0.609816934708634,HIGH,long distance to facility; medicine collection required; follow-up review required; complex care requirements,Medicine not collected,Verify medicine availability and coordinate collection support.,ASHA
E0000172,P000151,0.6094812579523533,HIGH,long distance to facility; medicine collection required; follow-up review required; complex care requirements,Medicine not collected,Verify medicine availability and coordinate collection support.,ASHA
E0004720,P004289,0.6093976144569221,HIGH,medicine collection required; diagnostic test required; follow-up review required; complex care requirements,Medicine not collected,Verify medicine availability and coordinate collection support.,ASHA
E0004872,P004427,0.609333577011363,HIGH,long distance to facility; medicine collection required; follow-up review required; complex care requirements,Medicine not collected,Verify medicine availability and coordinate collection support.,ASHA
E0004073,P003715,0.6089899014348026,HIGH,long distance to facility; medicine collection required; follow-up review required; complex care requirements,Medicine not collected,Verify medicine availability and coordinate collection support.,ASHA
E0003970,P002405,0.6089655015824762,HIGH,long distance to facility; medicine collection required; follow-up review required; complex care requirements,Medicine not collected,Verify medicine availability and coordinate collection support.,ASHA
E0000421,P000369,0.6088435121287304,HIGH,long distance to facility; medicine collection required; follow-up review required; complex care requirements,Medicine not collected,Verify medicine availability and coordinate collection support.,ASHA
E0004605,P004191,0.6079107036303607,HIGH,long distance to facility; medicine collection required; follow-up review required; complex care requirements,Medicine not collected,Verify medicine availability and coordinate collection support.,ASHA
E0001477,P001353,0.607890150906638,HIGH,long distance to facility; medicine collection required; follow-up review required; low digital access,Medicine not collected,Verify medicine availability and coordinate collection support.,ASHA
E0005205,P004727,0.6061398550491153,HIGH,long distance to facility; medicine collection required; follow-up review required; complex care requirements,Medicine not collected,Verify medicine availability and coordinate collection support.,ASHA
E0003551,P003219,0.6060963659051177,HIGH,medicine collection required; diagnostic test required; follow-up review required; complex care requirements,Medicine not collected,Verify medicine availability and coordinate collection support.,ASHA
E0003602,P003265,0.6051180000495601,HIGH,medicine collection required; diagnostic test required; follow-up review required; complex care requirements,Medicine not collected,Verify medicine availability and coordinate collection support.,ASHA
E0005337,P004841,0.6049052391083737,HIGH,medicine collection required; diagnostic test required; follow-up review required; complex care requirements,Medicine not collected,Verify medicine availability and coordinate collection support.,ASHA
E0001653,P001505,0.6038148862550644,HIGH,medicine collection required; diagnostic test required; follow-up review required; complex care requirements,Medicine not collected,Verify medicine availability and coordinate collection support.,ASHA
E0005348,P004848,0.6037669417663549,HIGH,long distance to facility; medicine collection required; follow-up review required; complex care requirements,Medicine not collected,Verify medicine availability and coordinate collection support.,ASHA
E0000133,P000115,0.6025353515294197,HIGH,medicine collection required; diagnostic test required; follow-up review required; complex care requirements,Medicine not collected,Verify medicine availability and coordinate collection support.,ASHA
E0000073,P000061,0.6020476083231915,HIGH,medicine collection required; diagnostic test required; follow-up review required; complex care requirements,Medicine not collected,Verify medicine availability and coordinate collection support.,ASHA
E0004503,P004101,0.60202753062935,HIGH,long distance to facility; medicine collection required; follow-up review required; complex care requirements,Medicine not collected,Verify medicine availability and coordinate collection support.,ASHA
E0001347,P001232,0.6019808158213766,HIGH,long distance to facility; medicine collection required; diagnostic test required; complex care requirements,Medicine not collected,Verify medicine availability and coordinate collection support.,ASHA
E0004822,P004383,0.6019310218120626,HIGH,medicine collection required; diagnostic test required; follow-up review required; complex care requirements,Medicine not collected,Verify medicine availability and coordinate collection support.,ASHA
E0004067,P003708,0.6016321983686356,HIGH,medicine collection required; diagnostic test required; follow-up review required; complex care requirements,Medicine not collected,Verify medicine availability and coordinate collection support.,ASHA
E0005314,P004819,0.6012650724507919,HIGH,medicine collection required; diagnostic test required; follow-up review required; complex care requirements,Medicine not collected,Verify medicine availability and coordinate collection support.,ASHA
E0002583,P002335,0.6012145615921674,HIGH,long distance to facility; medicine collection required; follow-up review required; low digital access,Medicine not collected,Verify medicine availability and coordinate collection support.,ASHA
E0000896,P000815,0.6007833996596624,HIGH,medicine collection required; diagnostic test required; follow-up review required; complex care requirements,Medicine not collected,Verify medicine availability and coordinate collection support.,ASHA
E0000312,P000280,0.6007415376488028,HIGH,long distance to facility; medicine collection required; follow-up review required; complex care requirements,Medicine not collected,Verify medicine availability and coordinate collection support.,ASHA
E0003604,P003266,0.6001971836764541,HIGH,medicine collection required; diagnostic test required; follow-up review required; complex care requirements,Medicine not collected,Verify medicine availability and coordinate collection support.,ASHA
E0000149,P000128,0.5997047234987438,MEDIUM,long distance to facility; medicine collection required; follow-up review required; complex care requirements,Medicine not collected,Verify medicine availability and coordinate collection support.,ASHA
E0004624,P004204,0.5996143772302052,MEDIUM,long distance to facility; medicine collection required; follow-up review required; complex care requirements,Medicine not collected,Verify medicine availability and coordinate collection support.,ASHA
E0001400,P001277,0.5993038789430066,MEDIUM,medicine collection required; diagnostic test required; follow-up review required; elderly living alone,Medicine not collected,Verify medicine availability and coordinate collection support.,ASHA
E0002989,P002703,0.5991106738495041,MEDIUM,long distance to facility; medicine collection required; follow-up review required; low digital access,Medicine not collected,Verify medicine availability and coordinate collection support.,ASHA
E0000220,P000192,0.5990656225856367,MEDIUM,medicine collection required; diagnostic test required; follow-up review required; complex care requirements,Medicine not collected,Verify medicine availability and coordinate collection support.,ASHA
E0002949,P002661,0.5988740193649148,MEDIUM,long distance to facility; medicine collection required; diagnostic test required; complex care requirements,Medicine not collected,Verify medicine availability and coordinate collection support.,ASHA
E0000051,P000041,0.5986182076059758,MEDIUM,medicine collection required; diagnostic test required; follow-up review required; complex care requirements,Medicine not collected,Verify medicine availability and coordinate collection support.,ASHA
E0000453,P000398,0.5982569739213252,MEDIUM,long distance to facility; medicine collection required; follow-up review required; complex care requirements,Medicine not collected,Verify medicine availability and coordinate collection support.,ASHA
E0001891,P000078,0.5980702768117677,MEDIUM,medicine collection required; diagnostic test required; follow-up review required; complex care requirements,Medicine not collected,Verify medicine availability and coordinate collection support.,ASHA
E0000402,P000355,0.5968772998567733,MEDIUM,long distance to facility; medicine collection required; follow-up review required; complex care requirements,Medicine not collected,Verify medicine availability and coordinate collection support.,ASHA
E0003763,P003424,0.5966892869121163,MEDIUM,long distance to facility; medicine collection required; follow-up review required; complex care requirements,Medicine not collected,Verify medicine availability and coordinate collection support.,ASHA
E0005070,P004595,0.5963010112404127,MEDIUM,long distance to facility; medicine collection required; follow-up review required; complex care requirements,Medicine not collected,Verify medicine availability and coordinate collection support.,ASHA
E0003385,P003068,0.596293061834835,MEDIUM,long distance to facility; medicine collection required; follow-up review required; complex care requirements,Medicine not collected,Verify medicine availability and coordinate collection support.,ASHA
E0003398,P003080,0.5961303129146309,MEDIUM,long distance to facility; medicine collection required; follow-up review required; complex care requirements,Medicine not collected,Verify medicine availability and coordinate collection support.,ASHA
E0005002,P004534,0.5960740711277819,MEDIUM,long distance to facility; medicine collection required; follow-up review required; complex care requirements,Medicine not collected,Verify medicine availability and coordinate collection support.,ASHA
E0004011,P001092,0.5953436772723939,MEDIUM,long distance to facility; medicine collection required; follow-up review required; low digital access,Medicine not collected,Verify medicine availability and coordinate collection support.,ASHA
E0003851,P003506,0.5949505347825491,MEDIUM,long distance to facility; medicine collection required; follow-up review required; complex care requirements,Medicine not collected,Verify medicine availability and coordinate collection support.,ASHA
E0004844,P004402,0.5930828223089435,MEDIUM,long distance to facility; medicine collection required; follow-up review required; low digital access,Medicine not collected,Verify medicine availability and coordinate collection support.,ASHA
E0000454,P000398,0.5924866007856623,MEDIUM,long distance to facility; medicine collection required; follow-up review required; complex care requirements,Medicine not collected,Verify medicine availability and coordinate collection support.,ASHA
E0001463,P001342,0.5922787099948064,MEDIUM,long distance to facility; medicine collection required; follow-up review required; complex care requirements,Medicine not collected,Verify medicine availability and coordinate collection support.,ASHA
E0001108,P001020,0.5921792340215843,MEDIUM,long distance to facility; medicine collection required; follow-up review required; complex care requirements,Medicine not collected,Verify medicine availability and coordinate collection support.,ASHA
E0002140,P001935,0.5918727551601208,MEDIUM,long distance to facility; medicine collection required; diagnostic test required; low digital access,Medicine not collected,Verify medicine availability and coordinate collection support.,ASHA
E0002198,P001985,0.5910474906112078,MEDIUM,long distance to facility; medicine collection required; follow-up review required; elderly living alone,Medicine not collected,Verify medicine availability and coordinate collection support.,ASHA
E0001933,P001757,0.590699062367557,MEDIUM,long distance to facility; medicine collection required; follow-up review required; complex care requirements,Medicine not collected,Verify medicine availability and coordinate collection support.,ASHA
E0000602,P000530,0.5906866982527936,MEDIUM,long distance to facility; medicine collection required; diagnostic test required; complex care requirements,Medicine not collected,Verify medicine availability and coordinate collection support.,ASHA
E0004152,P003778,0.5903259767313362,MEDIUM,medicine collection required; diagnostic test required; follow-up review required; complex care requirements,Medicine not collected,Verify medicine availability and coordinate collection support.,ASHA
E0002919,P002637,0.5901629088896793,MEDIUM,long distance to facility; medicine collection required; follow-up review required; complex care requirements,Medicine not collected,Verify medicine availability and coordinate collection support.,ASHA
E0004045,P003685,0.5900211651185924,MEDIUM,long distance to facility; medicine collection required; follow-up review required; complex care requirements,Medicine not collected,Verify medicine availability and coordinate collection support.,ASHA
E0002079,P001885,0.589571926796799,MEDIUM,long distance to facility; medicine collection required; diagnostic test required; low digital access,Medicine not collected,Verify medicine availability and coordinate collection support.,ASHA
E0003989,P003636,0.5892295399091171,MEDIUM,long distance to facility; medicine collection required; follow-up review required; low digital access,Medicine not collected,Verify medicine availability and coordinate collection support.,ASHA
E0003636,P003300,0.5891102820577278,MEDIUM,long distance to facility; medicine collection required; diagnostic test required; complex care requirements,Medicine not collected,Verify medicine availability and coordinate collection support.,ASHA
E0003537,P003205,0.588439989720749,MEDIUM,long distance to facility; medicine collection required; follow-up review required; complex care requirements,Medicine not collected,Verify medicine availability and coordinate collection support.,ASHA
E0001665,P001512,0.5879855183053925,MEDIUM,long distance to facility; medicine collection required; follow-up review required; complex care requirements,Medicine not collected,Verify medicine availability and coordinate collection support.,ASHA
E0004400,P004002,0.5874367938347211,MEDIUM,long distance to facility; medicine collection required; follow-up review required; low digital access,Medicine not collected,Verify medicine availability and coordinate collection support.,ASHA
E0001686,P001535,0.5874313870689367,MEDIUM,medicine collection required; diagnostic test required; follow-up review required; complex care requirements,Medicine not collected,Verify medicine availability and coordinate collection support.,ASHA
E0000808,P000728,0.5870497138998793,MEDIUM,long distance to facility; medicine collection required; follow-up review required; complex care requirements,Medicine not collected,Verify medicine availability and coordinate collection support.,ASHA
E0004235,P003859,0.58682254114342,MEDIUM,long distance to facility; medicine collection required; diagnostic test required; complex care requirements,Medicine not collected,Verify medicine availability and coordinate collection support.,ASHA
E0004517,P004113,0.5867131565322496,MEDIUM,long distance to facility; medicine collection required; diagnostic test required; low digital access,Medicine not collected,Verify medicine availability and coordinate collection support.,ASHA
E0003949,P003600,0.5866605939666018,MEDIUM,long distance to facility; medicine collection required; follow-up review required; complex care requirements,Medicine not collected,Verify medicine availability and coordinate collection support.,ASHA
E0005404,P001759,0.5866423879557376,MEDIUM,long distance to facility; medicine collection required; follow-up review required; complex care requirements,Medicine not collected,Verify medicine availability and coordinate collection support.,ASHA
E0003114,P002814,0.5858600335298594,MEDIUM,long distance to facility; medicine collection required; follow-up review required; complex care requirements,Medicine not collected,Verify medicine availability and coordinate collection support.,ASHA
E0001262,P001157,0.585815769681711,MEDIUM,long distance to facility; medicine collection required; follow-up review required; complex care requirements,Medicine not collected,Verify medicine availability and coordinate collection support.,ASHA
E0001340,P001225,0.5856437358165132,MEDIUM,long distance to facility; medicine collection required; diagnostic test required; complex care requirements,Medicine not collected,Verify medicine availability and coordinate collection support.,ASHA
E0001233,P001128,0.5853007297741353,MEDIUM,long distance to facility; medicine collection required; follow-up review required; complex care requirements,Medicine not collected,Verify medicine availability and coordinate collection support.,ASHA
E0003607,P003268,0.5851671646440955,MEDIUM,medicine collection required; diagnostic test required; follow-up review required; complex care requirements,Medicine not collected,Verify medicine availability and coordinate collection support.,ASHA
E0001413,P001289,0.5850431666985434,MEDIUM,long distance to facility; medicine collection required; follow-up review required; low digital access,Medicine not collected,Verify medicine availability and coordinate collection support.,ASHA
E0002980,P002692,0.5849472050968618,MEDIUM,long distance to facility; medicine collection required; follow-up review required; complex care requirements,Medicine not collected,Verify medicine availability and coordinate collection support.,ASHA
E0004121,P003753,0.5846848889897582,MEDIUM,long distance to facility; medicine collection required; diagnostic test required; complex care requirements,Medicine not collected,Verify medicine availability and coordinate collection support.,ASHA
E0000971,P000890,0.5836511815816269,MEDIUM,long distance to facility; diagnostic test required; follow-up review required; complex care requirements,Review not attended,Schedule reminder and coordinate follow-up review.,CHO
E0002709,P002447,0.5834276932933218,MEDIUM,medicine collection required; diagnostic test required; follow-up review required; complex care requirements,Medicine not collected,Verify medicine availability and coordinate collection support.,ASHA
E0001944,P001769,0.5832290060591541,MEDIUM,medicine collection required; diagnostic test required; follow-up review required; complex care requirements,Medicine not collected,Verify medicine availability and coordinate collection support.,ASHA
E0001366,P001245,0.5826627379432422,MEDIUM,long distance to facility; medicine collection required; diagnostic test required; complex care requirements,Medicine not collected,Verify medicine availability and coordinate collection support.,ASHA
E0002200,P001987,0.5818526650691046,MEDIUM,long distance to facility; medicine collection required; follow-up review required; elderly living alone,Medicine not collected,Verify medicine availability and coordinate collection support.,ASHA
E0001064,P000980,0.5818503935740859,MEDIUM,long distance to facility; medicine collection required; low digital access,Medicine not collected,Verify medicine availability and coordinate collection support.,ASHA
E0002951,P002662,0.5812900273869805,MEDIUM,long distance to facility; medicine collection required; follow-up review required; complex care requirements,Medicine not collected,Verify medicine availability and coordinate collection support.,ASHA
E0002138,P001934,0.5812896169633033,MEDIUM,long distance to facility; medicine collection required; follow-up review required; elderly living alone,Medicine not collected,Verify medicine availability and coordinate collection support.,ASHA
E0003532,P003198,0.5811010156089911,MEDIUM,long distance to facility; medicine collection required; follow-up review required; complex care requirements,Medicine not collected,Verify medicine availability and coordinate collection support.,ASHA
E0003659,P003320,0.5809749894216958,MEDIUM,long distance to facility; medicine collection required; follow-up review required; complex care requirements,Medicine not collected,Verify medicine availability and coordinate collection support.,ASHA
E0005467,P004959,0.58040979768495,MEDIUM,long distance to facility; medicine collection required; low digital access,Medicine not collected,Verify medicine availability and coordinate collection support.,ASHA
E0000229,P000202,0.5801661322251916,MEDIUM,medicine collection required; diagnostic test required; follow-up review required; complex care requirements,Medicine not collected,Verify medicine availability and coordinate collection support.,ASHA
E0001609,P001466,0.5801261314696028,MEDIUM,long distance to facility; medicine collection required; follow-up review required; elderly living alone,Medicine not collected,Verify medicine availability and coordinate collection support.,ASHA
E0000580,P000505,0.5794070781324687,MEDIUM,medicine collection required; diagnostic test required; follow-up review required; complex care requirements,Medicine not collected,Verify medicine availability and coordinate collection support.,ASHA
E0000987,P000907,0.5785703573019078,MEDIUM,long distance to facility; medicine collection required; follow-up review required; complex care requirements,Medicine not collected,Verify medicine availability and coordinate collection support.,ASHA
E0002086,P001894,0.5782340980213575,MEDIUM,long distance to facility; medicine collection required; diagnostic test required; complex care requirements,Medicine not collected,Verify medicine availability and coordinate collection support.,ASHA
E0002886,P002601,0.5781992859415016,MEDIUM,long distance to facility; medicine collection required; follow-up review required; complex care requirements,Medicine not collected,Verify medicine availability and coordinate collection support.,ASHA
E0001908,P001732,0.5778711413648008,MEDIUM,long distance to facility; medicine collection required; follow-up review required; complex care requirements,Medicine not collected,Verify medicine availability and coordinate collection support.,ASHA
E0001889,P001713,0.5778667675134329,MEDIUM,long distance to facility; medicine collection required; follow-up review required; complex care requirements,Medicine not collected,Verify medicine availability and coordinate collection support.,ASHA
E0005438,P004934,0.5770036047480281,MEDIUM,long distance to facility; medicine collection required; follow-up review required; complex care requirements,Medicine not collected,Verify medicine availability and coordinate collection support.,ASHA
E0002533,P000258,0.5765363920322722,MEDIUM,long distance to facility; diagnostic test required; follow-up review required; complex care requirements,Review not attended,Schedule reminder and coordinate follow-up review.,CHO
E0003444,P000885,0.5761284257257078,MEDIUM,long distance to facility; diagnostic test required; follow-up review required; complex care requirements,Review not attended,Schedule reminder and coordinate follow-up review.,CHO
E0004573,P001151,0.5760248425047576,MEDIUM,long distance to facility; medicine collection required; diagnostic test required; complex care requirements,Medicine not collected,Verify medicine availability and coordinate collection support.,ASHA
E0000412,P000363,0.5747753261933575,MEDIUM,long distance to facility; medicine collection required; follow-up review required; complex care requirements,Medicine not collected,Verify medicine availability and coordinate collection support.,ASHA
E0003111,P002812,0.5747620320381507,MEDIUM,medicine collection required; diagnostic test required; follow-up review required; complex care requirements,Medicine not collected,Verify medicine availability and coordinate collection support.,ASHA
E0004693,P004265,0.5747209894360027,MEDIUM,long distance to facility; medicine collection required; elderly living alone,Medicine not collected,Verify medicine availability and coordinate collection support.,ASHA
E0004737,P004307,0.5746877682067291,MEDIUM,long distance to facility; medicine collection required; diagnostic test required; complex care requirements,Medicine not collected,Verify medicine availability and coordinate collection support.,ASHA
E0002421,P001808,0.5738928926204753,MEDIUM,long distance to facility; medicine collection required; follow-up review required; complex care requirements,Medicine not collected,Verify medicine availability and coordinate collection support.,ASHA
E0001852,P001680,0.573103869649233,MEDIUM,long distance to facility; medicine collection required; follow-up review required; low digital access,Medicine not collected,Verify medicine availability and coordinate collection support.,ASHA
E0000405,P000357,0.5726583279510935,MEDIUM,medicine collection required; diagnostic test required; follow-up review required; complex care requirements,Medicine not collected,Verify medicine availability and coordinate collection support.,ASHA
E0001143,P001048,0.5726578168143638,MEDIUM,long distance to facility; medicine collection required; follow-up review required; complex care requirements,Medicine not collected,Verify medicine availability and coordinate collection support.,ASHA
E0003505,P003173,0.5719946835493384,MEDIUM,long distance to facility; diagnostic test required; follow-up review required; low digital access,Review not attended,Schedule reminder and coordinate follow-up review.,CHO
E0002744,P002478,0.5714377055721739,MEDIUM,long distance to facility; medicine collection required; follow-up review required; complex care requirements,Medicine not collected,Verify medicine availability and coordinate collection support.,ASHA
E0004227,P002569,0.5708561098933327,MEDIUM,long distance to facility; diagnostic test required; follow-up review required; complex care requirements,Review not attended,Schedule reminder and coordinate follow-up review.,CHO
E0001648,P001501,0.5704855828460628,MEDIUM,medicine collection required; diagnostic test required; follow-up review required; complex care requirements,Medicine not collected,Verify medicine availability and coordinate collection support.,ASHA
E0003975,P003624,0.5703018070411827,MEDIUM,long distance to facility; medicine collection required; follow-up review required; complex care requirements,Medicine not collected,Verify medicine availability and coordinate collection support.,ASHA
E0004544,P004139,0.5700555124155634,MEDIUM,long distance to facility; medicine collection required; diagnostic test required; complex care requirements,Medicine not collected,Verify medicine availability and coordinate collection support.,ASHA
E0004835,P004395,0.5691585128177563,MEDIUM,medicine collection required; diagnostic test required; follow-up review required; complex care requirements,Medicine not collected,Verify medicine availability and coordinate collection support.,ASHA
E0000652,P000582,0.5688651318843246,MEDIUM,long distance to facility; medicine collection required; follow-up review required; complex care requirements,Medicine not collected,Verify medicine availability and coordinate collection support.,ASHA
E0004773,P004341,0.5686125297730146,MEDIUM,long distance to facility; medicine collection required; follow-up review required; complex care requirements,Medicine not collected,Verify medicine availability and coordinate collection support.,ASHA
E0002493,P002259,0.5684170142092505,MEDIUM,long distance to facility; medicine collection required; diagnostic test required; complex care requirements,Medicine not collected,Verify medicine availability and coordinate collection support.,ASHA
E0004718,P001490,0.5683091937071358,MEDIUM,long distance to facility; medicine collection required; follow-up review required; low digital access,Medicine not collected,Verify medicine availability and coordinate collection support.,ASHA
E0002637,P001934,0.5670187155095391,MEDIUM,long distance to facility; medicine collection required; follow-up review required; elderly living alone,Medicine not collected,Verify medicine availability and coordinate collection support.,ASHA
E0000303,P000272,0.5669256449730614,MEDIUM,long distance to facility; medicine collection required; follow-up review required; low digital access,Medicine not collected,Verify medicine availability and coordinate collection support.,ASHA
E0005259,P004775,0.565743587944866,MEDIUM,long distance to facility; medicine collection required; follow-up review required; complex care requirements,Medicine not collected,Verify medicine availability and coordinate collection support.,ASHA
E0004118,P003750,0.5654653453539361,MEDIUM,long distance to facility; medicine collection required; follow-up review required; complex care requirements,Medicine not collected,Verify medicine availability and coordinate collection support.,ASHA
E0000227,P000200,0.564666304810946,MEDIUM,medicine collection required; diagnostic test required; follow-up review required; complex care requirements,Medicine not collected,Verify medicine availability and coordinate collection support.,ASHA
E0001687,P001536,0.5644680339034083,MEDIUM,long distance to facility; medicine collection required; follow-up review required; complex care requirements,Medicine not collected,Verify medicine availability and coordinate collection support.,ASHA
E0000009,P000008,0.5637817312350635,MEDIUM,long distance to facility; medicine collection required; follow-up review required; complex care requirements,Medicine not collected,Verify medicine availability and coordinate collection support.,ASHA
E0000534,P000469,0.5636783338961722,MEDIUM,long distance to facility; medicine collection required; follow-up review required; complex care requirements,Medicine not collected,Verify medicine availability and coordinate collection support.,ASHA
E0004293,P003912,0.5623396170592708,MEDIUM,medicine collection required; diagnostic test required; follow-up review required; complex care requirements,Medicine not collected,Verify medicine availability and coordinate collection support.,ASHA
E0003305,P002993,0.5622559441563986,MEDIUM,long distance to facility; medicine collection required; follow-up review required; low digital access,Medicine not collected,Verify medicine availability and coordinate collection support.,ASHA
E0000389,P000342,0.561984125937585,MEDIUM,long distance to facility; medicine collection required; follow-up review required; complex care requirements,Medicine not collected,Verify medicine availability and coordinate collection support.,ASHA
E0003721,P003380,0.5613574182421713,MEDIUM,long distance to facility; medicine collection required; follow-up review required; complex care requirements,Medicine not collected,Verify medicine availability and coordinate collection support.,ASHA
E0003325,P003011,0.5609570105802303,MEDIUM,long distance to facility; medicine collection required; diagnostic test required; complex care requirements,Medicine not collected,Verify medicine availability and coordinate collection support.,ASHA
E0005364,P004868,0.560489352484797,MEDIUM,long distance to facility; medicine collection required; follow-up review required; complex care requirements,Medicine not collected,Verify medicine availability and coordinate collection support.,ASHA
E0004028,P003671,0.5591233418601922,MEDIUM,long distance to facility; medicine collection required; follow-up review required; complex care requirements,Medicine not collected,Verify medicine availability and coordinate collection support.,ASHA
E0001047,P000964,0.5589759988425266,MEDIUM,long distance to facility; medicine collection required; diagnostic test required; elderly living alone,Medicine not collected,Verify medicine availability and coordinate collection support.,ASHA
E0000914,P000836,0.5587756312608567,MEDIUM,long distance to facility; medicine collection required; diagnostic test required; complex care requirements,Medicine not collected,Verify medicine availability and coordinate collection support.,ASHA
E0001474,P001351,0.5585725802064403,MEDIUM,long distance to facility; medicine collection required; diagnostic test required; complex care requirements,Medicine not collected,Verify medicine availability and coordinate collection support.,ASHA
E0005035,P004564,0.5578966609629555,MEDIUM,long distance to facility; medicine collection required,Medicine not collected,Verify medicine availability and coordinate collection support.,ASHA
E0001742,P001586,0.5574202258625938,MEDIUM,long distance to facility; medicine collection required; diagnostic test required; complex care requirements,Medicine not collected,Verify medicine availability and coordinate collection support.,ASHA
E0002900,P002616,0.5568254267623404,MEDIUM,long distance to facility; medicine collection required; follow-up review required; complex care requirements,Medicine not collected,Verify medicine availability and coordinate collection support.,ASHA
E0001006,P000926,0.5566466298607978,MEDIUM,long distance to facility; medicine collection required,Medicine not collected,Verify medicine availability and coordinate collection support.,ASHA
E0003392,P003075,0.5560972155696055,MEDIUM,long distance to facility; medicine collection required; diagnostic test required; complex care requirements,Medicine not collected,Verify medicine availability and coordinate collection support.,ASHA
E0000702,P000627,0.5560651742258119,MEDIUM,long distance to facility; medicine collection required; follow-up review required; complex care requirements,Medicine not collected,Verify medicine availability and coordinate collection support.,ASHA
E0004305,P003922,0.5554178638005257,MEDIUM,long distance to facility; medicine collection required,Medicine not collected,Verify medicine availability and coordinate collection support.,ASHA
E0000634,P000565,0.5552866795506463,MEDIUM,long distance to facility; medicine collection required; follow-up review required; complex care requirements,Medicine not collected,Verify medicine availability and coordinate collection support.,ASHA
E0001638,P001491,0.5551958122266217,MEDIUM,long distance to facility; medicine collection required; follow-up review required; complex care requirements,Medicine not collected,Verify medicine availability and coordinate collection support.,ASHA
E0001212,P001111,0.5549669638214505,MEDIUM,medicine collection required; diagnostic test required; follow-up review required; complex care requirements,Medicine not collected,Verify medicine availability and coordinate collection support.,ASHA
E0000443,P000391,0.5547202875274289,MEDIUM,long distance to facility; medicine collection required; follow-up review required; complex care requirements,Medicine not collected,Verify medicine availability and coordinate collection support.,ASHA
E0005276,P004789,0.554666509003301,MEDIUM,long distance to facility; medicine collection required; follow-up review required; complex care requirements,Medicine not collected,Verify medicine availability and coordinate collection support.,ASHA
E0000862,P000780,0.5545816553625088,MEDIUM,medicine collection required; diagnostic test required; follow-up review required; complex care requirements,Medicine not collected,Verify medicine availability and coordinate collection support.,ASHA
E0003847,P003502,0.5540313888482093,MEDIUM,long distance to facility; diagnostic test required; follow-up review required; complex care requirements,Review not attended,Schedule reminder and coordinate follow-up review.,CHO
E0003107,P002809,0.5535709697230021,MEDIUM,long distance to facility; medicine collection required; diagnostic test required; complex care requirements,Medicine not collected,Verify medicine availability and coordinate collection support.,ASHA
E0000498,P000441,0.5535427966740637,MEDIUM,long distance to facility; medicine collection required; follow-up review required; complex care requirements,Medicine not collected,Verify medicine availability and coordinate collection support.,ASHA
E0003986,P003634,0.5532596798520174,MEDIUM,long distance to facility; medicine collection required; follow-up review required; complex care requirements,Medicine not collected,Verify medicine availability and coordinate collection support.,ASHA
E0002136,P001933,0.5531789187330646,MEDIUM,long distance to facility; medicine collection required; follow-up review required; complex care requirements,Medicine not collected,Verify medicine availability and coordinate collection support.,ASHA
E0001928,P001751,0.5527525022554631,MEDIUM,long distance to facility; medicine collection required; follow-up review required; complex care requirements,Medicine not collected,Verify medicine availability and coordinate collection support.,ASHA
E0002282,P002064,0.5522759625572126,MEDIUM,medicine collection required; diagnostic test required; follow-up review required; complex care requirements,Medicine not collected,Verify medicine availability and coordinate collection support.,ASHA
E0003366,P003053,0.5521839746702263,MEDIUM,medicine collection required; diagnostic test required; follow-up review required; complex care requirements,Medicine not collected,Verify medicine availability and coordinate collection support.,ASHA
E0001068,P000984,0.5517027772326273,MEDIUM,medicine collection required; diagnostic test required; follow-up review required; complex care requirements,Medicine not collected,Verify medicine availability and coordinate collection support.,ASHA
E0001014,P000935,0.5511998126008594,MEDIUM,long distance to facility; medicine collection required; follow-up review required; complex care requirements,Medicine not collected,Verify medicine availability and coordinate collection support.,ASHA
E0004269,P003892,0.5510483897782747,MEDIUM,long distance to facility; medicine collection required; follow-up review required; complex care requirements,Medicine not collected,Verify medicine availability and coordinate collection support.,ASHA
E0000430,P000379,0.5508310354482042,MEDIUM,long distance to facility; medicine collection required; diagnostic test required; low digital access,Medicine not collected,Verify medicine availability and coordinate collection support.,ASHA
E0001224,P001121,0.5505190243566357,MEDIUM,long distance to facility; medicine collection required; follow-up review required; complex care requirements,Medicine not collected,Verify medicine availability and coordinate collection support.,ASHA
E0003642,P003308,0.5502248063574476,MEDIUM,long distance to facility; medicine collection required; follow-up review required; complex care requirements,Medicine not collected,Verify medicine availability and coordinate collection support.,ASHA
E0003276,P002964,0.5501016307691665,MEDIUM,medicine collection required; diagnostic test required; follow-up review required; complex care requirements,Medicine not collected,Verify medicine availability and coordinate collection support.,ASHA
E0005407,P004905,0.5500086276585321,MEDIUM,long distance to facility; medicine collection required; follow-up review required; complex care requirements,Medicine not collected,Verify medicine availability and coordinate collection support.,ASHA
E0002783,P002516,0.5499360610714868,MEDIUM,long distance to facility; medicine collection required; follow-up review required; complex care requirements,Medicine not collected,Verify medicine availability and coordinate collection support.,ASHA
E0000200,P000176,0.5498415090549265,MEDIUM,long distance to facility; medicine collection required,Medicine not collected,Verify medicine availability and coordinate collection support.,ASHA
E0001454,P001332,0.5498025492308208,MEDIUM,long distance to facility; medicine collection required; diagnostic test required; complex care requirements,Medicine not collected,Verify medicine availability and coordinate collection support.,ASHA
E0003401,P003083,0.5496810930335734,MEDIUM,medicine collection required; diagnostic test required; follow-up review required; low digital access,Medicine not collected,Verify medicine availability and coordinate collection support.,ASHA
E0000923,P000844,0.5490470107194778,MEDIUM,long distance to facility; medicine collection required; follow-up review required; elderly living alone,Medicine not collected,Verify medicine availability and coordinate collection support.,ASHA
E0004261,P003882,0.5482669633521986,MEDIUM,long distance to facility; medicine collection required; follow-up review required; complex care requirements,Medicine not collected,Verify medicine availability and coordinate collection support.,ASHA
E0005078,P004602,0.5481185225246465,MEDIUM,long distance to facility; medicine collection required; follow-up review required; complex care requirements,Medicine not collected,Verify medicine availability and coordinate collection support.,ASHA
E0005427,P004924,0.5470253329843598,MEDIUM,long distance to facility; medicine collection required; follow-up review required; complex care requirements,Medicine not collected,Verify medicine availability and coordinate collection support.,ASHA
E0002305,P002086,0.5462744117805937,MEDIUM,long distance to facility; medicine collection required; follow-up review required; complex care requirements,Medicine not collected,Verify medicine availability and coordinate collection support.,ASHA
E0004654,P004232,0.5461610405568267,MEDIUM,long distance to facility; medicine collection required; follow-up review required; elderly living alone,Medicine not collected,Verify medicine availability and coordinate collection support.,ASHA
E0004476,P004072,0.5450302549749421,MEDIUM,long distance to facility; medicine collection required; follow-up review required; complex care requirements,Medicine not collected,Verify medicine availability and coordinate collection support.,ASHA
E0003361,P003047,0.5442739299410894,MEDIUM,long distance to facility; medicine collection required; diagnostic test required; complex care requirements,Medicine not collected,Verify medicine availability and coordinate collection support.,ASHA
E0004595,P004184,0.5442319787839778,MEDIUM,long distance to facility; medicine collection required; elderly living alone,Medicine not collected,Verify medicine availability and coordinate collection support.,ASHA
E0003228,P002922,0.5430000857975894,MEDIUM,long distance to facility; medicine collection required,Medicine not collected,Verify medicine availability and coordinate collection support.,ASHA
E0003907,P003561,0.5429983618787172,MEDIUM,long distance to facility; medicine collection required; follow-up review required; complex care requirements,Medicine not collected,Verify medicine availability and coordinate collection support.,ASHA
E0003560,P003225,0.5426922489614228,MEDIUM,medicine collection required; diagnostic test required; follow-up review required; low digital access,Medicine not collected,Verify medicine availability and coordinate collection support.,ASHA
E0001691,P001539,0.5425917668377876,MEDIUM,long distance to facility; medicine collection required; diagnostic test required; complex care requirements,Medicine not collected,Verify medicine availability and coordinate collection support.,ASHA
E0002243,P002028,0.5424430436468574,MEDIUM,long distance to facility; medicine collection required; follow-up review required; complex care requirements,Medicine not collected,Verify medicine availability and coordinate collection support.,ASHA
E0000672,P000600,0.5423224733245253,MEDIUM,long distance to facility; medicine collection required; follow-up review required; complex care requirements,Medicine not collected,Verify medicine availability and coordinate collection support.,ASHA
E0003873,P003527,0.5422203870907365,MEDIUM,long distance to facility; medicine collection required; diagnostic test required; complex care requirements,Medicine not collected,Verify medicine availability and coordinate collection support.,ASHA
E0003377,P003062,0.5417166245387661,MEDIUM,long distance to facility; medicine collection required,Medicine not collected,Verify medicine availability and coordinate collection support.,ASHA
E0000423,P000371,0.541011136366566,MEDIUM,long distance to facility; medicine collection required,Medicine not collected,Verify medicine availability and coordinate collection support.,ASHA
E0001856,P000342,0.5408846349648029,MEDIUM,long distance to facility; medicine collection required; diagnostic test required; complex care requirements,Medicine not collected,Verify medicine availability and coordinate collection support.,ASHA
E0005478,P004969,0.5407331755850896,MEDIUM,long distance to facility; medicine collection required; diagnostic test required; complex care requirements,Medicine not collected,Verify medicine availability and coordinate collection support.,ASHA
E0003647,P003313,0.5401208183936884,MEDIUM,long distance to facility; medicine collection required; low digital access,Medicine not collected,Verify medicine availability and coordinate collection support.,ASHA
E0000681,P000610,0.5400305091306982,MEDIUM,long distance to facility; medicine collection required; follow-up review required; complex care requirements,Medicine not collected,Verify medicine availability and coordinate collection support.,ASHA
E0003958,P001768,0.5386462243854878,MEDIUM,long distance to facility; medicine collection required; follow-up review required; complex care requirements,Medicine not collected,Verify medicine availability and coordinate collection support.,ASHA
E0004150,P003777,0.5384756196350573,MEDIUM,long distance to facility; medicine collection required; follow-up review required; complex care requirements,Medicine not collected,Verify medicine availability and coordinate collection support.,ASHA
E0004807,P004370,0.5376482402969538,MEDIUM,long distance to facility; medicine collection required; diagnostic test required; complex care requirements,Medicine not collected,Verify medicine availability and coordinate collection support.,ASHA
E0002699,P002435,0.537629136540207,MEDIUM,long distance to facility; medicine collection required; follow-up review required; low digital access,Medicine not collected,Verify medicine availability and coordinate collection support.,ASHA
E0000257,P000223,0.5375263280029949,MEDIUM,long distance to facility; medicine collection required; follow-up review required; complex care requirements,Medicine not collected,Verify medicine availability and coordinate collection support.,ASHA
E0003074,P002780,0.5370246623024317,MEDIUM,long distance to facility; medicine collection required; follow-up review required; complex care requirements,Medicine not collected,Verify medicine availability and coordinate collection support.,ASHA
E0005048,P004578,0.5363256681008282,MEDIUM,long distance to facility; medicine collection required; diagnostic test required; complex care requirements,Medicine not collected,Verify medicine availability and coordinate collection support.,ASHA
E0005059,P004586,0.5361154222132605,MEDIUM,long distance to facility; medicine collection required; follow-up review required; low digital access,Medicine not collected,Verify medicine availability and coordinate collection support.,ASHA
E0003693,P003347,0.5359681948242375,MEDIUM,long distance to facility; medicine collection required; diagnostic test required; low digital access,Medicine not collected,Verify medicine availability and coordinate collection support.,ASHA
E0005005,P004538,0.5353603381924812,MEDIUM,long distance to facility; medicine collection required; diagnostic test required; complex care requirements,Medicine not collected,Verify medicine availability and coordinate collection support.,ASHA
E0000174,P000154,0.5345215401199597,MEDIUM,long distance to facility; diagnostic test required; follow-up review required; complex care requirements,Review not attended,Schedule reminder and coordinate follow-up review.,CHO
E0001945,P001769,0.5340865855089042,MEDIUM,long distance to facility; medicine collection required; follow-up review required; complex care requirements,Medicine not collected,Verify medicine availability and coordinate collection support.,ASHA
E0001088,P001006,0.534075512476544,MEDIUM,long distance to facility; diagnostic test required; follow-up review required; complex care requirements,Review not attended,Schedule reminder and coordinate follow-up review.,CHO
E0000970,P000889,0.5327312803191236,MEDIUM,long distance to facility; medicine collection required; diagnostic test required; complex care requirements,Medicine not collected,Verify medicine availability and coordinate collection support.,ASHA
E0003003,P002713,0.5322579782326048,MEDIUM,long distance to facility; medicine collection required; follow-up review required; complex care requirements,Medicine not collected,Verify medicine availability and coordinate collection support.,ASHA
E0005220,P004740,0.5321359435442395,MEDIUM,long distance to facility; medicine collection required; follow-up review required; complex care requirements,Medicine not collected,Verify medicine availability and coordinate collection support.,ASHA
E0002869,P002586,0.5321005246688807,MEDIUM,long distance to facility; medicine collection required; low digital access,Medicine not collected,Verify medicine availability and coordinate collection support.,ASHA
E0001502,P001373,0.531943031924469,MEDIUM,long distance to facility; medicine collection required; follow-up review required; complex care requirements,Medicine not collected,Verify medicine availability and coordinate collection support.,ASHA
E0004033,P003674,0.5314465841818918,MEDIUM,long distance to facility; medicine collection required; diagnostic test required; complex care requirements,Medicine not collected,Verify medicine availability and coordinate collection support.,ASHA
E0000438,P000386,0.5306674677647232,MEDIUM,long distance to facility; medicine collection required; diagnostic test required; complex care requirements,Medicine not collected,Verify medicine availability and coordinate collection support.,ASHA
E0004836,P004396,0.5306012389109226,MEDIUM,long distance to facility; medicine collection required; follow-up review required; complex care requirements,Medicine not collected,Verify medicine availability and coordinate collection support.,ASHA
E0001633,P001486,0.5305713471775529,MEDIUM,medicine collection required; diagnostic test required; follow-up review required; complex care requirements,Medicine not collected,Verify medicine availability and coordinate collection support.,ASHA
E0004903,P004453,0.5304589106182469,MEDIUM,long distance to facility; medicine collection required; low digital access; previous teleconsultation history,Medicine not collected,Verify medicine availability and coordinate collection support.,ASHA
E0000244,P000214,0.5290970706965156,MEDIUM,long distance to facility; medicine collection required; follow-up review required; complex care requirements,Medicine not collected,Verify medicine availability and coordinate collection support.,ASHA
E0002313,P002096,0.5290356490202313,MEDIUM,long distance to facility; medicine collection required; follow-up review required; complex care requirements,Medicine not collected,Verify medicine availability and coordinate collection support.,ASHA
E0004304,P003921,0.5282909921690505,MEDIUM,long distance to facility; medicine collection required; follow-up review required; low digital access,Medicine not collected,Verify medicine availability and coordinate collection support.,ASHA
E0003876,P003529,0.5280462687101719,MEDIUM,long distance to facility; medicine collection required; follow-up review required; complex care requirements,Medicine not collected,Verify medicine availability and coordinate collection support.,ASHA
E0000848,P000768,0.527789094600021,MEDIUM,medicine collection required; diagnostic test required; follow-up review required; complex care requirements,Medicine not collected,Verify medicine availability and coordinate collection support.,ASHA
E0004951,P004490,0.527309362678479,MEDIUM,long distance to facility; medicine collection required; diagnostic test required; low digital access,Medicine not collected,Verify medicine availability and coordinate collection support.,ASHA
E0004089,P003728,0.5268485229031369,MEDIUM,long distance to facility; medicine collection required; diagnostic test required; complex care requirements,Medicine not collected,Verify medicine availability and coordinate collection support.,ASHA
E0004613,P004198,0.5267963532343496,MEDIUM,long distance to facility; medicine collection required; follow-up review required; complex care requirements,Medicine not collected,Verify medicine availability and coordinate collection support.,ASHA
E0001708,P001555,0.5260932678233065,MEDIUM,long distance to facility; medicine collection required; follow-up review required; complex care requirements,Medicine not collected,Verify medicine availability and coordinate collection support.,ASHA
E0004017,P003662,0.5258120280680187,MEDIUM,long distance to facility; medicine collection required; previous teleconsultation history,Medicine not collected,Verify medicine availability and coordinate collection support.,ASHA
E0005026,P004557,0.5254300950170852,MEDIUM,long distance to facility; medicine collection required; follow-up review required; complex care requirements,Medicine not collected,Verify medicine availability and coordinate collection support.,ASHA
E0003769,P003430,0.5242078573318102,MEDIUM,long distance to facility; medicine collection required; follow-up review required; complex care requirements,Medicine not collected,Verify medicine availability and coordinate collection support.,ASHA
E0001565,P001425,0.5235001843536612,MEDIUM,long distance to facility; medicine collection required; follow-up review required; complex care requirements,Medicine not collected,Verify medicine availability and coordinate collection support.,ASHA
E0005365,P004868,0.5233620826360416,MEDIUM,long distance to facility; medicine collection required; follow-up review required; complex care requirements,Medicine not collected,Verify medicine availability and coordinate collection support.,ASHA
E0001336,P001222,0.5227205560367753,MEDIUM,long distance to facility; medicine collection required; diagnostic test required; low digital access,Medicine not collected,Verify medicine availability and coordinate collection support.,ASHA
E0005146,P004667,0.522156288610041,MEDIUM,long distance to facility; medicine collection required; follow-up review required; complex care requirements,Medicine not collected,Verify medicine availability and coordinate collection support.,ASHA
E0001751,P001594,0.5220304747672524,MEDIUM,long distance to facility; medicine collection required; follow-up review required; complex care requirements,Medicine not collected,Verify medicine availability and coordinate collection support.,ASHA
E0003504,P003173,0.5219616236792249,MEDIUM,long distance to facility; medicine collection required; low digital access; previous teleconsultation history,Medicine not collected,Verify medicine availability and coordinate collection support.,ASHA
E0003473,P003147,0.521075211262851,MEDIUM,long distance to facility; medicine collection required; follow-up review required; complex care requirements,Medicine not collected,Verify medicine availability and coordinate collection support.,ASHA
E0001940,P001765,0.521029388724243,MEDIUM,long distance to facility; medicine collection required; follow-up review required; complex care requirements,Medicine not collected,Verify medicine availability and coordinate collection support.,ASHA
E0005222,P004742,0.520751001381675,MEDIUM,long distance to facility; medicine collection required; follow-up review required; complex care requirements,Medicine not collected,Verify medicine availability and coordinate collection support.,ASHA
E0001939,P001764,0.5207011175887907,MEDIUM,long distance to facility; medicine collection required; diagnostic test required; complex care requirements,Medicine not collected,Verify medicine availability and coordinate collection support.,ASHA
E0005391,P004892,0.5206739575357504,MEDIUM,long distance to facility; medicine collection required; follow-up review required; complex care requirements,Medicine not collected,Verify medicine availability and coordinate collection support.,ASHA
E0003852,P003507,0.5206609182482278,MEDIUM,long distance to facility; medicine collection required; follow-up review required; complex care requirements,Medicine not collected,Verify medicine availability and coordinate collection support.,ASHA
E0000231,P000203,0.520634458083598,MEDIUM,long distance to facility; medicine collection required; follow-up review required; complex care requirements,Medicine not collected,Verify medicine availability and coordinate collection support.,ASHA
E0003632,P003295,0.5197126771225143,MEDIUM,long distance to facility; medicine collection required; diagnostic test required; complex care requirements,Medicine not collected,Verify medicine availability and coordinate collection support.,ASHA
E0000814,P000733,0.5193617395336768,MEDIUM,long distance to facility; medicine collection required; diagnostic test required; complex care requirements,Medicine not collected,Verify medicine availability and coordinate collection support.,ASHA
E0000355,P000313,0.5190931097534759,MEDIUM,long distance to facility; medicine collection required; previous teleconsultation history,Medicine not collected,Verify medicine availability and coordinate collection support.,ASHA
E0004535,P003619,0.5190541531238633,MEDIUM,long distance to facility; medicine collection required; follow-up review required; low digital access,Medicine not collected,Verify medicine availability and coordinate collection support.,ASHA
E0004568,P004159,0.5188548597490894,MEDIUM,long distance to facility; diagnostic test required; follow-up review required; elderly living alone,Review not attended,Schedule reminder and coordinate follow-up review.,CHO
E0004457,P004058,0.5188154502767592,MEDIUM,long distance to facility; medicine collection required; follow-up review required; complex care requirements,Medicine not collected,Verify medicine availability and coordinate collection support.,ASHA
E0001667,P001513,0.5183129984253546,MEDIUM,long distance to facility; medicine collection required; diagnostic test required; complex care requirements,Medicine not collected,Verify medicine availability and coordinate collection support.,ASHA
E0002425,P002199,0.5181777987304093,MEDIUM,long distance to facility; medicine collection required; follow-up review required; complex care requirements,Medicine not collected,Verify medicine availability and coordinate collection support.,ASHA
E0002221,P002009,0.5179880496285463,MEDIUM,long distance to facility; medicine collection required; follow-up review required; complex care requirements,Medicine not collected,Verify medicine availability and coordinate collection support.,ASHA
E0001696,P001545,0.5179694149719462,MEDIUM,long distance to facility; medicine collection required,Medicine not collected,Verify medicine availability and coordinate collection support.,ASHA
E0005355,P004855,0.5178928168776252,MEDIUM,long distance to facility; medicine collection required; follow-up review required; low digital access,Medicine not collected,Verify medicine availability and coordinate collection support.,ASHA
E0000869,P000785,0.5170891464905016,MEDIUM,long distance to facility; medicine collection required; follow-up review required; complex care requirements,Medicine not collected,Verify medicine availability and coordinate collection support.,ASHA
E0001918,P001742,0.516903684581453,MEDIUM,long distance to facility; medicine collection required; follow-up review required; complex care requirements,Medicine not collected,Verify medicine availability and coordinate collection support.,ASHA
E0005363,P004867,0.5167827237872417,MEDIUM,long distance to facility; medicine collection required; follow-up review required; complex care requirements,Medicine not collected,Verify medicine availability and coordinate collection support.,ASHA
E0004533,P004127,0.516605709915329,MEDIUM,long distance to facility; medicine collection required; follow-up review required; complex care requirements,Medicine not collected,Verify medicine availability and coordinate collection support.,ASHA
E0000103,P000088,0.5149350368951118,MEDIUM,medicine collection required; diagnostic test required; follow-up review required; complex care requirements,Medicine not collected,Verify medicine availability and coordinate collection support.,ASHA
E0002419,P002194,0.5148106815316336,MEDIUM,long distance to facility; medicine collection required; diagnostic test required; complex care requirements,Medicine not collected,Verify medicine availability and coordinate collection support.,ASHA
E0005151,P004671,0.5131388394192016,MEDIUM,long distance to facility; medicine collection required; diagnostic test required; complex care requirements,Medicine not collected,Verify medicine availability and coordinate collection support.,ASHA
E0002109,P001912,0.5129574625105846,MEDIUM,long distance to facility; medicine collection required; follow-up review required; complex care requirements,Medicine not collected,Verify medicine availability and coordinate collection support.,ASHA
E0002353,P002131,0.5121348186776008,MEDIUM,long distance to facility; medicine collection required; follow-up review required; complex care requirements,Medicine not collected,Verify medicine availability and coordinate collection support.,ASHA
E0004398,P003847,0.5116892557956714,MEDIUM,long distance to facility; medicine collection required; elderly living alone,Medicine not collected,Verify medicine availability and coordinate collection support.,ASHA
E0003933,P003582,0.5116494246610361,MEDIUM,long distance to facility; medicine collection required; diagnostic test required; complex care requirements,Medicine not collected,Verify medicine availability and coordinate collection support.,ASHA
E0001468,P001346,0.5109597584911476,MEDIUM,long distance to facility; medicine collection required; diagnostic test required; complex care requirements,Medicine not collected,Verify medicine availability and coordinate collection support.,ASHA
E0001574,P001432,0.5106286456284613,MEDIUM,long distance to facility; medicine collection required; follow-up review required; low digital access,Medicine not collected,Verify medicine availability and coordinate collection support.,ASHA
E0002724,P002459,0.510530404749596,MEDIUM,long distance to facility; medicine collection required; diagnostic test required; complex care requirements,Medicine not collected,Verify medicine availability and coordinate collection support.,ASHA
E0004681,P004251,0.5102206404733204,MEDIUM,long distance to facility; medicine collection required; follow-up review required; complex care requirements,Medicine not collected,Verify medicine availability and coordinate collection support.,ASHA
E0000170,P000147,0.5097189027581988,MEDIUM,long distance to facility; medicine collection required; follow-up review required; low digital access,Medicine not collected,Verify medicine availability and coordinate collection support.,ASHA
E0003969,P003619,0.5093665759542484,MEDIUM,long distance to facility; medicine collection required; diagnostic test required; low digital access,Medicine not collected,Verify medicine availability and coordinate collection support.,ASHA
E0003471,P003145,0.5085972516142813,MEDIUM,long distance to facility; medicine collection required; follow-up review required; complex care requirements,Medicine not collected,Verify medicine availability and coordinate collection support.,ASHA
E0003189,P002880,0.5080750190088579,MEDIUM,long distance to facility; diagnostic test required; follow-up review required; elderly living alone,Review not attended,Schedule reminder and coordinate follow-up review.,CHO
E0003879,P003531,0.5080553842420757,MEDIUM,long distance to facility; medicine collection required; follow-up review required; complex care requirements,Medicine not collected,Verify medicine availability and coordinate collection support.,ASHA
E0001139,P001045,0.5075901805504646,MEDIUM,long distance to facility; medicine collection required; follow-up review required; low digital access,Medicine not collected,Verify medicine availability and coordinate collection support.,ASHA
E0003523,P003190,0.5065764329249458,MEDIUM,long distance to facility; medicine collection required; diagnostic test required; elderly living alone,Medicine not collected,Verify medicine availability and coordinate collection support.,ASHA
E0005274,P004788,0.5056745116958957,MEDIUM,long distance to facility; medicine collection required; follow-up review required; complex care requirements,Medicine not collected,Verify medicine availability and coordinate collection support.,ASHA
E0001967,P001795,0.5055474960047898,MEDIUM,long distance to facility; medicine collection required; follow-up review required; low digital access,Medicine not collected,Verify medicine availability and coordinate collection support.,ASHA
E0002362,P002141,0.5053868571206108,MEDIUM,long distance to facility; medicine collection required,Medicine not collected,Verify medicine availability and coordinate collection support.,ASHA
E0001179,P001082,0.5051289188066412,MEDIUM,long distance to facility; medicine collection required; follow-up review required; complex care requirements,Medicine not collected,Verify medicine availability and coordinate collection support.,ASHA
E0002747,P002481,0.5044040412384663,MEDIUM,long distance to facility; medicine collection required; previous teleconsultation history,Medicine not collected,Verify medicine availability and coordinate collection support.,ASHA
E0000532,P000468,0.5033007538522406,MEDIUM,medicine collection required; follow-up review required; elderly living alone; complex care requirements,Medicine not collected,Verify medicine availability and coordinate collection support.,ASHA
E0000909,P000831,0.5032447274957551,MEDIUM,long distance to facility; medicine collection required,Medicine not collected,Verify medicine availability and coordinate collection support.,ASHA
E0003777,P003437,0.5025989600751358,MEDIUM,long distance to facility; medicine collection required; follow-up review required; complex care requirements,Medicine not collected,Verify medicine availability and coordinate collection support.,ASHA
E0005415,P004913,0.5025526028509133,MEDIUM,long distance to facility; medicine collection required; follow-up review required; complex care requirements,Medicine not collected,Verify medicine availability and coordinate collection support.,ASHA
E0002101,P001907,0.5021608421504153,MEDIUM,long distance to facility; medicine collection required; follow-up review required; complex care requirements,Medicine not collected,Verify medicine availability and coordinate collection support.,ASHA
E0003886,P003535,0.5014986690304273,MEDIUM,long distance to facility; medicine collection required; follow-up review required; complex care requirements,Medicine not collected,Verify medicine availability and coordinate collection support.,ASHA
E0001124,P001032,0.5012193966277532,MEDIUM,medicine collection required; follow-up review required; elderly living alone; complex care requirements,Medicine not collected,Verify medicine availability and coordinate collection support.,ASHA
E0000911,P000833,0.5010017540736151,MEDIUM,long distance to facility; medicine collection required; diagnostic test required; low digital access,Medicine not collected,Verify medicine availability and coordinate collection support.,ASHA
E0002685,P002423,0.5006505057889548,MEDIUM,long distance to facility; medicine collection required; follow-up review required; low digital access,Medicine not collected,Verify medicine availability and coordinate collection support.,ASHA
E0001722,P001570,0.5006217024065819,MEDIUM,long distance to facility; diagnostic test required; follow-up review required; elderly living alone,Review not attended,Schedule reminder and coordinate follow-up review.,CHO
E0001278,P001177,0.4998251383196469,MEDIUM,long distance to facility; medicine collection required; follow-up review required; complex care requirements,Medicine not collected,Verify medicine availability and coordinate collection support.,ASHA
E0004226,P002569,0.4987234042406774,MEDIUM,long distance to facility; medicine collection required; follow-up review required; complex care requirements,Medicine not collected,Verify medicine availability and coordinate collection support.,ASHA
E0000674,P000602,0.4986686111072964,MEDIUM,long distance to facility; medicine collection required,Medicine not collected,Verify medicine availability and coordinate collection support.,ASHA
E0001142,P001047,0.4985091135532635,MEDIUM,long distance to facility; medicine collection required; follow-up review required; complex care requirements,Medicine not collected,Verify medicine availability and coordinate collection support.,ASHA
E0002959,P002670,0.4983211340539631,MEDIUM,long distance to facility; medicine collection required; follow-up review required; elderly living alone,Medicine not collected,Verify medicine availability and coordinate collection support.,ASHA
E0004469,P004067,0.497585092890275,MEDIUM,long distance to facility; medicine collection required; follow-up review required; elderly living alone,Medicine not collected,Verify medicine availability and coordinate collection support.,ASHA
E0000898,P000817,0.4972605738633431,MEDIUM,long distance to facility; medicine collection required; low digital access,Medicine not collected,Verify medicine availability and coordinate collection support.,ASHA
E0001968,P001796,0.4965160236953786,MEDIUM,long distance to facility; medicine collection required; follow-up review required; complex care requirements,Medicine not collected,Verify medicine availability and coordinate collection support.,ASHA
E0001355,P001237,0.4958500867202895,MEDIUM,long distance to facility; medicine collection required; diagnostic test required; elderly living alone,Medicine not collected,Verify medicine availability and coordinate collection support.,ASHA
E0003362,P003048,0.4957782349946424,MEDIUM,long distance to facility; medicine collection required; follow-up review required; complex care requirements,Medicine not collected,Verify medicine availability and coordinate collection support.,ASHA
E0002737,P002471,0.4953241502815337,MEDIUM,long distance to facility; medicine collection required; follow-up review required; complex care requirements,Medicine not collected,Verify medicine availability and coordinate collection support.,ASHA
E0003071,P002777,0.4950253657450212,MEDIUM,long distance to facility; medicine collection required; follow-up review required; complex care requirements,Medicine not collected,Verify medicine availability and coordinate collection support.,ASHA
E0000189,P000162,0.4946756919708363,MEDIUM,long distance to facility; medicine collection required; diagnostic test required; complex care requirements,Medicine not collected,Verify medicine availability and coordinate collection support.,ASHA
E0004680,P004250,0.4936817400029588,MEDIUM,long distance to facility; medicine collection required; follow-up review required; complex care requirements,Medicine not collected,Verify medicine availability and coordinate collection support.,ASHA
E0002731,P002467,0.4926310140772771,MEDIUM,long distance to facility; medicine collection required; diagnostic test required; complex care requirements,Medicine not collected,Verify medicine availability and coordinate collection support.,ASHA
E0000829,P000746,0.4923355952215654,MEDIUM,long distance to facility; diagnostic test required; follow-up review required; complex care requirements,Review not attended,Schedule reminder and coordinate follow-up review.,CHO
E0002669,P002412,0.4919454473912493,MEDIUM,long distance to facility; diagnostic test required; follow-up review required; low digital access,Review not attended,Schedule reminder and coordinate follow-up review.,CHO
E0000870,P000786,0.4918853699238367,MEDIUM,long distance to facility; medicine collection required; follow-up review required; low digital access,Medicine not collected,Verify medicine availability and coordinate collection support.,ASHA
E0003489,P003158,0.4916845284426254,MEDIUM,long distance to facility; follow-up review required; elderly living alone; previous teleconsultation history,Review not attended,Schedule reminder and coordinate follow-up review.,CHO
E0001365,P001245,0.4913347077559163,MEDIUM,long distance to facility; medicine collection required; follow-up review required; complex care requirements,Medicine not collected,Verify medicine availability and coordinate collection support.,ASHA
E0001788,P001626,0.4913022708714697,MEDIUM,long distance to facility; medicine collection required; diagnostic test required; complex care requirements,Medicine not collected,Verify medicine availability and coordinate collection support.,ASHA
E0003030,P002025,0.4906519817338889,MEDIUM,long distance to facility; medicine collection required; follow-up review required; low digital access,Medicine not collected,Verify medicine availability and coordinate collection support.,ASHA
E0001589,P001445,0.4890849170474641,MEDIUM,long distance to facility; medicine collection required; diagnostic test required; complex care requirements,Medicine not collected,Verify medicine availability and coordinate collection support.,ASHA
E0003605,P003266,0.4887824550401446,MEDIUM,long distance to facility; medicine collection required; follow-up review required; complex care requirements,Medicine not collected,Verify medicine availability and coordinate collection support.,ASHA
E0003059,P002763,0.4877878972314496,MEDIUM,long distance to facility; medicine collection required; follow-up review required; complex care requirements,Medicine not collected,Verify medicine availability and coordinate collection support.,ASHA
E0005203,P004724,0.487349659378256,MEDIUM,long distance to facility; medicine collection required; follow-up review required; complex care requirements,Medicine not collected,Verify medicine availability and coordinate collection support.,ASHA
E0003916,P003568,0.4865080764021629,MEDIUM,long distance to facility; medicine collection required; previous teleconsultation history,Medicine not collected,Verify medicine availability and coordinate collection support.,ASHA
E0004962,P004501,0.4854951070205874,MEDIUM,long distance to facility; diagnostic test required; follow-up review required; low digital access,Review not attended,Schedule reminder and coordinate follow-up review.,CHO
E0003096,P002798,0.4842146477822919,MEDIUM,long distance to facility; medicine collection required; follow-up review required; complex care requirements,Medicine not collected,Verify medicine availability and coordinate collection support.,ASHA
E0004521,P000773,0.4840762477595939,MEDIUM,long distance to facility; medicine collection required; follow-up review required; low digital access,Medicine not collected,Verify medicine availability and coordinate collection support.,ASHA
E0005250,P004767,0.4837994149296969,MEDIUM,medicine collection required; follow-up review required; elderly living alone; complex care requirements,Medicine not collected,Verify medicine availability and coordinate collection support.,ASHA
E0004712,P004281,0.4834704155042277,MEDIUM,long distance to facility; medicine collection required; follow-up review required; complex care requirements,Medicine not collected,Verify medicine availability and coordinate collection support.,ASHA
E0003705,P003361,0.4833968456271778,MEDIUM,long distance to facility; medicine collection required,Medicine not collected,Verify medicine availability and coordinate collection support.,ASHA
E0000991,P000911,0.4831986417164876,MEDIUM,long distance to facility; diagnostic test required; follow-up review required; complex care requirements,Review not attended,Schedule reminder and coordinate follow-up review.,CHO
E0004298,P003917,0.4829914111007244,MEDIUM,long distance to facility; medicine collection required,Medicine not collected,Verify medicine availability and coordinate collection support.,ASHA
E0002620,P002368,0.4821921380702108,MEDIUM,long distance to facility; medicine collection required; diagnostic test required; complex care requirements,Medicine not collected,Verify medicine availability and coordinate collection support.,ASHA
E0005420,P004918,0.4803407585534752,MEDIUM,long distance to facility; medicine collection required; diagnostic test required; complex care requirements,Medicine not collected,Verify medicine availability and coordinate collection support.,ASHA
E0002017,P001836,0.4800725287709602,MEDIUM,long distance to facility; medicine collection required; diagnostic test required; complex care requirements,Medicine not collected,Verify medicine availability and coordinate collection support.,ASHA
E0004882,P002849,0.4782807611139015,MEDIUM,long distance to facility; diagnostic test required; follow-up review required; complex care requirements,Review not attended,Schedule reminder and coordinate follow-up review.,CHO
E0003758,P003420,0.4773773095097693,MEDIUM,medicine collection required; follow-up review required; complex care requirements,Medicine not collected,Verify medicine availability and coordinate collection support.,ASHA
E0002802,P002535,0.4773142807372167,MEDIUM,long distance to facility; medicine collection required; follow-up review required; complex care requirements,Medicine not collected,Verify medicine availability and coordinate collection support.,ASHA
E0004494,P003483,0.4772044728156522,MEDIUM,long distance to facility; medicine collection required; previous teleconsultation history,Medicine not collected,Verify medicine availability and coordinate collection support.,ASHA
E0004766,P004332,0.4770334330104703,MEDIUM,long distance to facility; medicine collection required; follow-up review required; low digital access,Medicine not collected,Verify medicine availability and coordinate collection support.,ASHA
E0001655,P001506,0.4767298263177168,MEDIUM,long distance to facility; medicine collection required; follow-up review required; low digital access,Medicine not collected,Verify medicine availability and coordinate collection support.,ASHA
E0003321,P003007,0.4766227703864042,MEDIUM,long distance to facility; medicine collection required; follow-up review required; low digital access,Medicine not collected,Verify medicine availability and coordinate collection support.,ASHA
E0003126,P002821,0.4765910794415076,MEDIUM,long distance to facility; medicine collection required; follow-up review required; complex care requirements,Medicine not collected,Verify medicine availability and coordinate collection support.,ASHA
E0001594,P001449,0.4760713736500886,MEDIUM,long distance to facility; medicine collection required; follow-up review required; complex care requirements,Medicine not collected,Verify medicine availability and coordinate collection support.,ASHA
E0003463,P003138,0.4756631569325175,MEDIUM,long distance to facility; medicine collection required,Medicine not collected,Verify medicine availability and coordinate collection support.,ASHA
E0001220,P001119,0.4753472153131912,MEDIUM,long distance to facility; medicine collection required; follow-up review required; complex care requirements,Medicine not collected,Verify medicine availability and coordinate collection support.,ASHA
E0000081,P000068,0.4750410087920128,MEDIUM,long distance to facility; medicine collection required; follow-up review required; elderly living alone,Medicine not collected,Verify medicine availability and coordinate collection support.,ASHA
E0003130,P002823,0.4744676517850262,MEDIUM,long distance to facility; medicine collection required; diagnostic test required; complex care requirements,Medicine not collected,Verify medicine availability and coordinate collection support.,ASHA
E0003805,P003465,0.474304337608088,MEDIUM,long distance to facility; diagnostic test required; follow-up review required; complex care requirements,Review not attended,Schedule reminder and coordinate follow-up review.,CHO
E0003190,P002880,0.4735495244182413,MEDIUM,long distance to facility; medicine collection required; follow-up review required; elderly living alone,Medicine not collected,Verify medicine availability and coordinate collection support.,ASHA
E0005199,P004719,0.4732356662566731,MEDIUM,long distance to facility; medicine collection required; follow-up review required; complex care requirements,Medicine not collected,Verify medicine availability and coordinate collection support.,ASHA
E0004508,P004105,0.4729474842774164,MEDIUM,long distance to facility; medicine collection required; follow-up review required; complex care requirements,Medicine not collected,Verify medicine availability and coordinate collection support.,ASHA
E0003243,P002933,0.4729438712367563,MEDIUM,long distance to facility; medicine collection required; follow-up review required; complex care requirements,Medicine not collected,Verify medicine availability and coordinate collection support.,ASHA
E0001021,P000939,0.4727888579750556,MEDIUM,long distance to facility; medicine collection required; previous teleconsultation history,Medicine not collected,Verify medicine availability and coordinate collection support.,ASHA
E0004863,P004418,0.472433650266536,MEDIUM,long distance to facility; medicine collection required; follow-up review required; complex care requirements,Medicine not collected,Verify medicine availability and coordinate collection support.,ASHA
E0003295,P002984,0.4714017281282235,MEDIUM,long distance to facility; medicine collection required; follow-up review required; complex care requirements,Medicine not collected,Verify medicine availability and coordinate collection support.,ASHA
E0003212,P002907,0.4709770104742382,MEDIUM,long distance to facility; diagnostic test required; follow-up review required; complex care requirements,Review not attended,Schedule reminder and coordinate follow-up review.,CHO
E0000316,P000282,0.4705189681120777,MEDIUM,long distance to facility; medicine collection required; follow-up review required; complex care requirements,Medicine not collected,Verify medicine availability and coordinate collection support.,ASHA
E0001776,P001615,0.4698590005745091,MEDIUM,medicine collection required; follow-up review required; complex care requirements,Medicine not collected,Verify medicine availability and coordinate collection support.,ASHA
E0004895,P004445,0.4695529818770433,MEDIUM,long distance to facility; medicine collection required; diagnostic test required; complex care requirements,Medicine not collected,Verify medicine availability and coordinate collection support.,ASHA
E0005464,P004956,0.4691532188532054,MEDIUM,medicine collection required; follow-up review required; elderly living alone; complex care requirements,Medicine not collected,Verify medicine availability and coordinate collection support.,ASHA
E0000743,P000667,0.4682695250120126,MEDIUM,long distance to facility; medicine collection required; low digital access,Medicine not collected,Verify medicine availability and coordinate collection support.,ASHA
E0000045,P000035,0.4671791809398795,MEDIUM,long distance to facility; diagnostic test required; follow-up review required; complex care requirements,Review not attended,Schedule reminder and coordinate follow-up review.,CHO
E0004955,P004493,0.4670809823056025,MEDIUM,long distance to facility; medicine collection required; follow-up review required; complex care requirements,Medicine not collected,Verify medicine availability and coordinate collection support.,ASHA
E0005457,P004951,0.4669427485682721,MEDIUM,long distance to facility; medicine collection required; previous teleconsultation history,Medicine not collected,Verify medicine availability and coordinate collection support.,ASHA
E0003746,P003405,0.4664107910338642,MEDIUM,medicine collection required; follow-up review required; complex care requirements,Medicine not collected,Verify medicine availability and coordinate collection support.,ASHA
E0002074,P001881,0.4659590475500959,MEDIUM,long distance to facility; diagnostic test required; follow-up review required; complex care requirements,Review not attended,Schedule reminder and coordinate follow-up review.,CHO
E0000156,P000135,0.4658200101930831,MEDIUM,long distance to facility; diagnostic test required; follow-up review required; elderly living alone,Review not attended,Schedule reminder and coordinate follow-up review.,CHO
E0001373,P001252,0.4656702752556349,MEDIUM,long distance to facility; medicine collection required,Medicine not collected,Verify medicine availability and coordinate collection support.,ASHA
E0002028,P001844,0.4654627222149168,MEDIUM,long distance to facility; medicine collection required; follow-up review required; complex care requirements,Medicine not collected,Verify medicine availability and coordinate collection support.,ASHA
E0002713,P002451,0.4641048971539525,MEDIUM,long distance to facility; diagnostic test required; follow-up review required; complex care requirements,Review not attended,Schedule reminder and coordinate follow-up review.,CHO
E0000538,P000473,0.4633579379034324,MEDIUM,long distance to facility; medicine collection required; follow-up review required; complex care requirements,Medicine not collected,Verify medicine availability and coordinate collection support.,ASHA
E0002066,P001874,0.4633477226666036,MEDIUM,long distance to facility; medicine collection required,Medicine not collected,Verify medicine availability and coordinate collection support.,ASHA
E0004375,P003978,0.4632777667263481,MEDIUM,long distance to facility; medicine collection required; diagnostic test required; complex care requirements,Medicine not collected,Verify medicine availability and coordinate collection support.,ASHA
E0004386,P000865,0.4630613616086058,MEDIUM,long distance to facility; diagnostic test required; follow-up review required; complex care requirements,Review not attended,Schedule reminder and coordinate follow-up review.,CHO
E0000640,P000572,0.4629787309591504,MEDIUM,long distance to facility; medicine collection required; follow-up review required; complex care requirements,Medicine not collected,Verify medicine availability and coordinate collection support.,ASHA
E0002391,P002169,0.4623550779506607,MEDIUM,long distance to facility; medicine collection required; diagnostic test required; complex care requirements,Medicine not collected,Verify medicine availability and coordinate collection support.,ASHA
E0003518,P000786,0.4612977888180732,MEDIUM,long distance to facility; medicine collection required; diagnostic test required; low digital access,Medicine not collected,Verify medicine availability and coordinate collection support.,ASHA
E0000120,P000101,0.4611990022215584,MEDIUM,long distance to facility; follow-up review required; previous teleconsultation history,Review not attended,Schedule reminder and coordinate follow-up review.,CHO
E0002602,P002350,0.4611286527576128,MEDIUM,long distance to facility; medicine collection required; follow-up review required; complex care requirements,Medicine not collected,Verify medicine availability and coordinate collection support.,ASHA
E0002026,P001843,0.4607549983764883,MEDIUM,long distance to facility; medicine collection required; follow-up review required; complex care requirements,Medicine not collected,Verify medicine availability and coordinate collection support.,ASHA
E0005079,P004603,0.4602759102893753,MEDIUM,medicine collection required; follow-up review required; elderly living alone; complex care requirements,Medicine not collected,Verify medicine availability and coordinate collection support.,ASHA
E0003340,P003027,0.4598360299084263,MEDIUM,long distance to facility; medicine collection required; follow-up review required; complex care requirements,Medicine not collected,Verify medicine availability and coordinate collection support.,ASHA
E0001631,P001484,0.4596618116168947,MEDIUM,long distance to facility; diagnostic test required; follow-up review required; low digital access,Review not attended,Schedule reminder and coordinate follow-up review.,CHO
E0005023,P004555,0.4587723034577066,MEDIUM,long distance to facility; medicine collection required; low digital access,Medicine not collected,Verify medicine availability and coordinate collection support.,ASHA
E0004631,P004210,0.4583569628240573,MEDIUM,medicine collection required; follow-up review required; complex care requirements,Medicine not collected,Verify medicine availability and coordinate collection support.,ASHA
E0002201,P001989,0.4579789197098758,MEDIUM,long distance to facility; medicine collection required; low digital access,Medicine not collected,Verify medicine availability and coordinate collection support.,ASHA
E0000107,P000093,0.4579267177284237,MEDIUM,long distance to facility; follow-up review required,Review not attended,Schedule reminder and coordinate follow-up review.,CHO
E0003304,P002992,0.4577799168867236,MEDIUM,long distance to facility; medicine collection required; diagnostic test required; complex care requirements,Medicine not collected,Verify medicine availability and coordinate collection support.,ASHA
E0001555,P001419,0.4577705148705199,MEDIUM,long distance to facility; medicine collection required; follow-up review required; complex care requirements,Medicine not collected,Verify medicine availability and coordinate collection support.,ASHA
E0000741,P000665,0.4575721928746005,MEDIUM,medicine collection required; follow-up review required; elderly living alone; complex care requirements,Medicine not collected,Verify medicine availability and coordinate collection support.,ASHA
E0004717,P004287,0.4572636035975937,MEDIUM,long distance to facility; medicine collection required,Medicine not collected,Verify medicine availability and coordinate collection support.,ASHA
E0000475,P000418,0.4572194111383548,MEDIUM,long distance to facility; medicine collection required; follow-up review required; complex care requirements,Medicine not collected,Verify medicine availability and coordinate collection support.,ASHA
E0001166,P001071,0.4564089252519752,MEDIUM,long distance to facility; medicine collection required; diagnostic test required; complex care requirements,Medicine not collected,Verify medicine availability and coordinate collection support.,ASHA
E0003468,P003143,0.4563169722480369,MEDIUM,long distance to facility; medicine collection required; follow-up review required; complex care requirements,Medicine not collected,Verify medicine availability and coordinate collection support.,ASHA
E0004213,P003839,0.455821715822133,MEDIUM,long distance to facility; follow-up review required,Review not attended,Schedule reminder and coordinate follow-up review.,CHO
E0001324,P001211,0.4549920399705749,MEDIUM,long distance to facility; medicine collection required; elderly living alone; previous teleconsultation history,Medicine not collected,Verify medicine availability and coordinate collection support.,ASHA
E0002829,P002555,0.4547547280027855,MEDIUM,medicine collection required; diagnostic test required; low digital access; complex care requirements,Medicine not collected,Verify medicine availability and coordinate collection support.,ASHA
E0002552,P002303,0.4541959561186882,MEDIUM,long distance to facility; medicine collection required; diagnostic test required; complex care requirements,Medicine not collected,Verify medicine availability and coordinate collection support.,ASHA
E0003812,P003474,0.4539057420768105,MEDIUM,medicine collection required; follow-up review required; complex care requirements,Medicine not collected,Verify medicine availability and coordinate collection support.,ASHA
E0004054,P003695,0.4528123049470748,MEDIUM,long distance to facility; medicine collection required; follow-up review required; complex care requirements,Medicine not collected,Verify medicine availability and coordinate collection support.,ASHA
E0003108,P002810,0.4526663392872599,MEDIUM,long distance to facility; medicine collection required,Medicine not collected,Verify medicine availability and coordinate collection support.,ASHA
E0003031,P002738,0.451997562848403,MEDIUM,medicine collection required; follow-up review required; complex care requirements,Medicine not collected,Verify medicine availability and coordinate collection support.,ASHA
E0004467,P004066,0.451656165724197,MEDIUM,long distance to facility; diagnostic test required; follow-up review required; complex care requirements,Review not attended,Schedule reminder and coordinate follow-up review.,CHO
E0005459,P004953,0.451318927998758,MEDIUM,long distance to facility; diagnostic test required; follow-up review required; elderly living alone,Review not attended,Schedule reminder and coordinate follow-up review.,CHO
E0003088,P002792,0.451228529236169,MEDIUM,long distance to facility; medicine collection required; diagnostic test required; complex care requirements,Medicine not collected,Verify medicine availability and coordinate collection support.,ASHA
E0000304,P000273,0.4508336380430043,MEDIUM,long distance to facility; follow-up review required; previous teleconsultation history,Review not attended,Schedule reminder and coordinate follow-up review.,CHO
E0000792,P000713,0.4505089487470362,MEDIUM,long distance to facility; medicine collection required,Medicine not collected,Verify medicine availability and coordinate collection support.,ASHA
E0003860,P003517,0.4503289681046513,MEDIUM,long distance to facility; medicine collection required; low digital access,Medicine not collected,Verify medicine availability and coordinate collection support.,ASHA
E0000795,P000716,0.4502261927022724,MEDIUM,medicine collection required; follow-up review required; complex care requirements,Medicine not collected,Verify medicine availability and coordinate collection support.,ASHA
E0004908,P004456,0.4500493257636591,MEDIUM,long distance to facility; medicine collection required; follow-up review required; complex care requirements,Medicine not collected,Verify medicine availability and coordinate collection support.,ASHA
E0003662,P003323,0.4496780334262092,MEDIUM,long distance to facility; medicine collection required; diagnostic test required; low digital access,Medicine not collected,Verify medicine availability and coordinate collection support.,ASHA
E0005336,P004839,0.4494659868260263,MEDIUM,medicine collection required; follow-up review required; complex care requirements,Medicine not collected,Verify medicine availability and coordinate collection support.,ASHA
E0005252,P004769,0.4486991145208102,MEDIUM,medicine collection required; follow-up review required; complex care requirements,Medicine not collected,Verify medicine availability and coordinate collection support.,ASHA
E0003882,P003533,0.4486642467267591,MEDIUM,long distance to facility; medicine collection required; diagnostic test required; complex care requirements,Medicine not collected,Verify medicine availability and coordinate collection support.,ASHA
E0003378,P003063,0.448432230228638,MEDIUM,long distance to facility; medicine collection required; follow-up review required; complex care requirements,Medicine not collected,Verify medicine availability and coordinate collection support.,ASHA
E0001611,P001468,0.448409754389843,MEDIUM,long distance to facility; medicine collection required; follow-up review required; complex care requirements,Medicine not collected,Verify medicine availability and coordinate collection support.,ASHA
E0003896,P003548,0.448407855123892,MEDIUM,long distance to facility; medicine collection required; follow-up review required; complex care requirements,Medicine not collected,Verify medicine availability and coordinate collection support.,ASHA
E0004294,P003914,0.4478238516706443,MEDIUM,medicine collection required; follow-up review required; complex care requirements,Medicine not collected,Verify medicine availability and coordinate collection support.,ASHA
E0003673,P003329,0.4476181694362357,MEDIUM,long distance to facility; diagnostic test required; follow-up review required; complex care requirements,Review not attended,Schedule reminder and coordinate follow-up review.,CHO
E0004715,P004285,0.4472461181823891,MEDIUM,long distance to facility; medicine collection required; follow-up review required; complex care requirements,Medicine not collected,Verify medicine availability and coordinate collection support.,ASHA
E0004041,P003682,0.4455553329791996,MEDIUM,long distance to facility; medicine collection required,Medicine not collected,Verify medicine availability and coordinate collection support.,ASHA
E0001318,P001207,0.4449549196561762,MEDIUM,medicine collection required; follow-up review required; complex care requirements,Medicine not collected,Verify medicine availability and coordinate collection support.,ASHA
E0000627,P000560,0.4448227835703505,MEDIUM,long distance to facility; medicine collection required; diagnostic test required; complex care requirements,Medicine not collected,Verify medicine availability and coordinate collection support.,ASHA
E0004036,P003677,0.4445801187983206,MEDIUM,long distance to facility; follow-up review required; low digital access,Review not attended,Schedule reminder and coordinate follow-up review.,CHO
E0003430,P003111,0.4445568585288668,MEDIUM,long distance to facility; medicine collection required,Medicine not collected,Verify medicine availability and coordinate collection support.,ASHA
E0004512,P004109,0.4445209426690649,MEDIUM,long distance to facility; follow-up review required,Review not attended,Schedule reminder and coordinate follow-up review.,CHO
E0002467,P002236,0.4444999190835944,MEDIUM,long distance to facility; diagnostic test required; follow-up review required; complex care requirements,Review not attended,Schedule reminder and coordinate follow-up review.,CHO
E0004983,P004520,0.4440514426557916,MEDIUM,long distance to facility; medicine collection required; follow-up review required; complex care requirements,Medicine not collected,Verify medicine availability and coordinate collection support.,ASHA
E0004996,P004529,0.443526988028585,MEDIUM,long distance to facility; medicine collection required; follow-up review required; complex care requirements,Medicine not collected,Verify medicine availability and coordinate collection support.,ASHA
E0001494,P001366,0.4432748726847992,MEDIUM,long distance to facility; medicine collection required,Medicine not collected,Verify medicine availability and coordinate collection support.,ASHA
E0003944,P003597,0.4431543328559683,MEDIUM,long distance to facility; medicine collection required; previous teleconsultation history,Medicine not collected,Verify medicine availability and coordinate collection support.,ASHA
E0004668,P003779,0.4429652459452606,MEDIUM,long distance to facility; medicine collection required; previous teleconsultation history,Medicine not collected,Verify medicine availability and coordinate collection support.,ASHA
E0001649,P001502,0.442628135907788,MEDIUM,long distance to facility; medicine collection required; low digital access,Medicine not collected,Verify medicine availability and coordinate collection support.,ASHA
E0004662,P004237,0.4425297916070683,MEDIUM,long distance to facility; medicine collection required; diagnostic test required; complex care requirements,Medicine not collected,Verify medicine availability and coordinate collection support.,ASHA
E0000034,P000027,0.4416806454854848,MEDIUM,long distance to facility; medicine collection required; follow-up review required; complex care requirements,Medicine not collected,Verify medicine availability and coordinate collection support.,ASHA
E0005476,P004967,0.4416165928740887,MEDIUM,long distance to facility; follow-up review required,Review not attended,Schedule reminder and coordinate follow-up review.,CHO
E0002692,P002428,0.441566974307345,MEDIUM,long distance to facility; medicine collection required; diagnostic test required; complex care requirements,Medicine not collected,Verify medicine availability and coordinate collection support.,ASHA
E0002373,P002153,0.4415029749676991,MEDIUM,long distance to facility; diagnostic test required; follow-up review required; complex care requirements,Review not attended,Schedule reminder and coordinate follow-up review.,CHO
E0003435,P003115,0.4414778304594405,MEDIUM,long distance to facility; medicine collection required; previous teleconsultation history,Medicine not collected,Verify medicine availability and coordinate collection support.,ASHA
E0002708,P002446,0.4407703262588031,MEDIUM,long distance to facility; follow-up review required; previous teleconsultation history,Review not attended,Schedule reminder and coordinate follow-up review.,CHO
E0000944,P000863,0.4407402885034914,MEDIUM,medicine collection required; follow-up review required; complex care requirements,Medicine not collected,Verify medicine availability and coordinate collection support.,ASHA
E0003491,P003161,0.4404544407140979,MEDIUM,medicine collection required; follow-up review required; elderly living alone; complex care requirements,Medicine not collected,Verify medicine availability and coordinate collection support.,ASHA
E0000824,P000743,0.4404244308344743,MEDIUM,long distance to facility; follow-up review required,Review not attended,Schedule reminder and coordinate follow-up review.,CHO
E0004463,P004062,0.4397225223765108,MEDIUM,medicine collection required; follow-up review required; low digital access; complex care requirements,Medicine not collected,Verify medicine availability and coordinate collection support.,ASHA
E0003191,P002881,0.4394423260766329,MEDIUM,medicine collection required; follow-up review required; complex care requirements,Medicine not collected,Verify medicine availability and coordinate collection support.,ASHA
E0005097,P004622,0.4391551883926018,MEDIUM,medicine collection required; follow-up review required; complex care requirements,Medicine not collected,Verify medicine availability and coordinate collection support.,ASHA
E0002177,P001970,0.4391412015432399,MEDIUM,medicine collection required; follow-up review required; complex care requirements,Medicine not collected,Verify medicine availability and coordinate collection support.,ASHA
E0005200,P003699,0.4390267388412283,MEDIUM,long distance to facility; medicine collection required,Medicine not collected,Verify medicine availability and coordinate collection support.,ASHA
E0000996,P000916,0.4383708325031094,MEDIUM,long distance to facility; follow-up review required,Review not attended,Schedule reminder and coordinate follow-up review.,CHO
E0002235,P002021,0.438079117813859,MEDIUM,long distance to facility; medicine collection required; elderly living alone; previous teleconsultation history,Medicine not collected,Verify medicine availability and coordinate collection support.,ASHA
E0005137,P004660,0.4377241254242564,MEDIUM,medicine collection required; follow-up review required; elderly living alone; complex care requirements,Medicine not collected,Verify medicine availability and coordinate collection support.,ASHA
E0001337,P001223,0.4376246445288164,MEDIUM,medicine collection required; follow-up review required; complex care requirements,Medicine not collected,Verify medicine availability and coordinate collection support.,ASHA
E0003492,P002044,0.4375666799743508,MEDIUM,long distance to facility; medicine collection required; follow-up review required; complex care requirements,Medicine not collected,Verify medicine availability and coordinate collection support.,ASHA
E0003842,P003498,0.4368530242130911,MEDIUM,long distance to facility; medicine collection required; follow-up review required; complex care requirements,Medicine not collected,Verify medicine availability and coordinate collection support.,ASHA
E0004300,P003656,0.4346799646481327,MEDIUM,long distance to facility; medicine collection required; follow-up review required; complex care requirements,Medicine not collected,Verify medicine availability and coordinate collection support.,ASHA
E0005130,P004652,0.434651644477291,MEDIUM,long distance to facility; diagnostic test required; follow-up review required; complex care requirements,Review not attended,Schedule reminder and coordinate follow-up review.,CHO
E0003211,P002905,0.434043638346143,MEDIUM,long distance to facility; medicine collection required; low digital access; previous teleconsultation history,Medicine not collected,Verify medicine availability and coordinate collection support.,ASHA
E0004916,P002151,0.4336319789197969,MEDIUM,long distance to facility; medicine collection required; follow-up review required; complex care requirements,Medicine not collected,Verify medicine availability and coordinate collection support.,ASHA
E0004531,P001969,0.4336028458689613,MEDIUM,long distance to facility; medicine collection required; previous teleconsultation history,Medicine not collected,Verify medicine availability and coordinate collection support.,ASHA
E0002750,P002482,0.433424715049166,MEDIUM,long distance to facility; follow-up review required; previous teleconsultation history,Review not attended,Schedule reminder and coordinate follow-up review.,CHO
E0003855,P003509,0.433370043339725,MEDIUM,long distance to facility; medicine collection required; follow-up review required; complex care requirements,Medicine not collected,Verify medicine availability and coordinate collection support.,ASHA
E0000347,P000307,0.4317542932436731,MEDIUM,long distance to facility; medicine collection required; follow-up review required; complex care requirements,Medicine not collected,Verify medicine availability and coordinate collection support.,ASHA
E0000535,P000470,0.4303830821022696,MEDIUM,medicine collection required; follow-up review required; complex care requirements,Medicine not collected,Verify medicine availability and coordinate collection support.,ASHA
E0002160,P001952,0.4303630389683992,MEDIUM,long distance to facility; medicine collection required; follow-up review required; complex care requirements,Medicine not collected,Verify medicine availability and coordinate collection support.,ASHA
E0001249,P001145,0.4302028863180688,MEDIUM,long distance to facility; follow-up review required,Review not attended,Schedule reminder and coordinate follow-up review.,CHO
E0004120,P003752,0.4297714702724595,MEDIUM,long distance to facility; medicine collection required; follow-up review required; complex care requirements,Medicine not collected,Verify medicine availability and coordinate collection support.,ASHA
E0004948,P000504,0.4296219282759128,MEDIUM,long distance to facility; medicine collection required; low digital access; previous teleconsultation history,Medicine not collected,Verify medicine availability and coordinate collection support.,ASHA
E0000124,P000105,0.4293412071218159,MEDIUM,medicine collection required; follow-up review required; complex care requirements,Medicine not collected,Verify medicine availability and coordinate collection support.,ASHA
E0000839,P000759,0.4291985403887525,MEDIUM,medicine collection required; follow-up review required; complex care requirements,Medicine not collected,Verify medicine availability and coordinate collection support.,ASHA
E0002512,P002274,0.4290483933778782,MEDIUM,long distance to facility; medicine collection required; previous teleconsultation history,Medicine not collected,Verify medicine availability and coordinate collection support.,ASHA
E0003154,P002843,0.4288723886578708,MEDIUM,long distance to facility; diagnostic test required; follow-up review required; complex care requirements,Review not attended,Schedule reminder and coordinate follow-up review.,CHO
E0004076,P003718,0.4288372022908042,MEDIUM,long distance to facility; medicine collection required; diagnostic test required; complex care requirements,Medicine not collected,Verify medicine availability and coordinate collection support.,ASHA
E0001298,P001192,0.4284463918623516,MEDIUM,long distance to facility; diagnostic test required; follow-up review required; complex care requirements,Review not attended,Schedule reminder and coordinate follow-up review.,CHO
E0003579,P003242,0.4283302364031139,MEDIUM,long distance to facility; follow-up review required; previous teleconsultation history,Review not attended,Schedule reminder and coordinate follow-up review.,CHO
E0005095,P004620,0.4282809459794166,MEDIUM,medicine collection required; follow-up review required; complex care requirements,Medicine not collected,Verify medicine availability and coordinate collection support.,ASHA
E0000519,P000453,0.4280132790468648,MEDIUM,long distance to facility; medicine collection required; previous teleconsultation history,Medicine not collected,Verify medicine availability and coordinate collection support.,ASHA
E0003741,P003400,0.427700730955693,MEDIUM,medicine collection required; follow-up review required; complex care requirements,Medicine not collected,Verify medicine availability and coordinate collection support.,ASHA
E0001200,P001100,0.4261795381453523,MEDIUM,long distance to facility; medicine collection required,Medicine not collected,Verify medicine availability and coordinate collection support.,ASHA
E0001185,P001087,0.4260070964936728,MEDIUM,medicine collection required; follow-up review required; complex care requirements,Medicine not collected,Verify medicine availability and coordinate collection support.,ASHA
E0003101,P002803,0.4254563083294873,MEDIUM,medicine collection required; follow-up review required; low digital access; complex care requirements,Medicine not collected,Verify medicine availability and coordinate collection support.,ASHA
E0001700,P001548,0.4239925864246593,MEDIUM,medicine collection required; follow-up review required; complex care requirements,Medicine not collected,Verify medicine availability and coordinate collection support.,ASHA
E0004412,P004015,0.4237858993022657,MEDIUM,long distance to facility; medicine collection required; diagnostic test required; complex care requirements,Medicine not collected,Verify medicine availability and coordinate collection support.,ASHA
E0001090,P001007,0.4237541031420005,MEDIUM,long distance to facility; medicine collection required; follow-up review required; complex care requirements,Medicine not collected,Verify medicine availability and coordinate collection support.,ASHA
E0000806,P000726,0.4231268318019175,MEDIUM,medicine collection required; follow-up review required; low digital access; complex care requirements,Medicine not collected,Verify medicine availability and coordinate collection support.,ASHA
E0000844,P000765,0.4226993232297013,MEDIUM,medicine collection required; follow-up review required; complex care requirements,Medicine not collected,Verify medicine availability and coordinate collection support.,ASHA
E0002614,P002362,0.4225271453269418,MEDIUM,medicine collection required; follow-up review required; complex care requirements; previous teleconsultation history,Medicine not collected,Verify medicine availability and coordinate collection support.,ASHA
E0001183,P001085,0.4224187974147199,MEDIUM,long distance to facility; diagnostic test required; follow-up review required; low digital access,Review not attended,Schedule reminder and coordinate follow-up review.,CHO
E0002850,P002570,0.4223510350669462,MEDIUM,long distance to facility; diagnostic test required; follow-up review required; complex care requirements,Review not attended,Schedule reminder and coordinate follow-up review.,CHO
E0002710,P002448,0.422032390243813,MEDIUM,medicine collection required; follow-up review required; complex care requirements,Medicine not collected,Verify medicine availability and coordinate collection support.,ASHA
E0000678,P000606,0.4215599869447248,MEDIUM,medicine collection required; follow-up review required; elderly living alone; complex care requirements,Medicine not collected,Verify medicine availability and coordinate collection support.,ASHA
E0003442,P003121,0.4214700562484332,MEDIUM,medicine collection required; follow-up review required; complex care requirements,Medicine not collected,Verify medicine availability and coordinate collection support.,ASHA
E0004686,P004257,0.4213629289115452,MEDIUM,long distance to facility; medicine collection required,Medicine not collected,Verify medicine availability and coordinate collection support.,ASHA
E0001693,P001541,0.4212987087065268,MEDIUM,long distance to facility; diagnostic test required; follow-up review required; low digital access,Review not attended,Schedule reminder and coordinate follow-up review.,CHO
E0003034,P000149,0.4212224983543797,MEDIUM,long distance to facility; medicine collection required; low digital access; previous teleconsultation history,Medicine not collected,Verify medicine availability and coordinate collection support.,ASHA
E0004664,P004238,0.4206757746251081,MEDIUM,long distance to facility; medicine collection required; previous teleconsultation history,Medicine not collected,Verify medicine availability and coordinate collection support.,ASHA
E0000125,P000107,0.420435677143199,MEDIUM,long distance to facility; medicine collection required,Medicine not collected,Verify medicine availability and coordinate collection support.,ASHA
E0004004,P002946,0.4201855589846083,MEDIUM,medicine collection required; follow-up review required; complex care requirements; previous teleconsultation history,Medicine not collected,Verify medicine availability and coordinate collection support.,ASHA
E0001685,P001535,0.4199242359245692,MEDIUM,long distance to facility; medicine collection required; diagnostic test required; complex care requirements,Medicine not collected,Verify medicine availability and coordinate collection support.,ASHA
E0002379,P002157,0.4198565871408286,MEDIUM,long distance to facility; diagnostic test required; follow-up review required; complex care requirements,Review not attended,Schedule reminder and coordinate follow-up review.,CHO
E0004740,P004311,0.4198472742623332,MEDIUM,medicine collection required; follow-up review required; complex care requirements,Medicine not collected,Verify medicine availability and coordinate collection support.,ASHA
E0002837,P001463,0.4198241286907278,MEDIUM,long distance to facility; medicine collection required; previous teleconsultation history,Medicine not collected,Verify medicine availability and coordinate collection support.,ASHA
E0004374,P003977,0.419721244249545,MEDIUM,long distance to facility; follow-up review required,Review not attended,Schedule reminder and coordinate follow-up review.,CHO
E0003502,P003172,0.4192880066218768,MEDIUM,long distance to facility; follow-up review required,Review not attended,Schedule reminder and coordinate follow-up review.,CHO
E0000773,P000694,0.4192620193458506,MEDIUM,long distance to facility; diagnostic test required; follow-up review required; complex care requirements,Review not attended,Schedule reminder and coordinate follow-up review.,CHO
E0004074,P003717,0.4188512686971239,MEDIUM,medicine collection required; follow-up review required; complex care requirements,Medicine not collected,Verify medicine availability and coordinate collection support.,ASHA
E0004042,P003683,0.4175217858393481,MEDIUM,medicine collection required; follow-up review required; complex care requirements,Medicine not collected,Verify medicine availability and coordinate collection support.,ASHA
E0004956,P004494,0.4175197340073311,MEDIUM,medicine collection required; follow-up review required; complex care requirements,Medicine not collected,Verify medicine availability and coordinate collection support.,ASHA
E0004685,P004256,0.417399038091956,MEDIUM,long distance to facility; medicine collection required; diagnostic test required; complex care requirements,Medicine not collected,Verify medicine availability and coordinate collection support.,ASHA
E0002321,P002103,0.4173347344218547,MEDIUM,long distance to facility; medicine collection required; diagnostic test required; complex care requirements,Medicine not collected,Verify medicine availability and coordinate collection support.,ASHA
E0004816,P004377,0.4171211536932538,MEDIUM,long distance to facility; medicine collection required; previous teleconsultation history,Medicine not collected,Verify medicine availability and coordinate collection support.,ASHA
E0002432,P002205,0.4169991739393741,MEDIUM,long distance to facility; medicine collection required; follow-up review required; complex care requirements,Medicine not collected,Verify medicine availability and coordinate collection support.,ASHA
E0005106,P001855,0.4160964156733671,MEDIUM,medicine collection required; follow-up review required; complex care requirements; previous teleconsultation history,Medicine not collected,Verify medicine availability and coordinate collection support.,ASHA
E0000514,P000451,0.4160922821607155,MEDIUM,long distance to facility; diagnostic test required; follow-up review required; complex care requirements,Review not attended,Schedule reminder and coordinate follow-up review.,CHO
E0005071,P004596,0.4160296675713276,MEDIUM,medicine collection required; follow-up review required; complex care requirements,Medicine not collected,Verify medicine availability and coordinate collection support.,ASHA
E0003145,P002834,0.4159096428338419,MEDIUM,medicine collection required; follow-up review required; complex care requirements; previous teleconsultation history,Medicine not collected,Verify medicine availability and coordinate collection support.,ASHA
E0003048,P002751,0.4150866719590548,MEDIUM,long distance to facility; medicine collection required; diagnostic test required; complex care requirements,Medicine not collected,Verify medicine availability and coordinate collection support.,ASHA
E0001312,P001201,0.4150296868475837,MEDIUM,medicine collection required; follow-up review required; complex care requirements,Medicine not collected,Verify medicine availability and coordinate collection support.,ASHA
E0002155,P001947,0.4149702645498959,MEDIUM,medicine collection required; diagnostic test required; elderly living alone; complex care requirements,Medicine not collected,Verify medicine availability and coordinate collection support.,ASHA
E0004390,P003991,0.4148432484881909,MEDIUM,long distance to facility; medicine collection required; previous teleconsultation history,Medicine not collected,Verify medicine availability and coordinate collection support.,ASHA
E0002926,P002643,0.4145416911904637,MEDIUM,long distance to facility; medicine collection required; follow-up review required; complex care requirements,Medicine not collected,Verify medicine availability and coordinate collection support.,ASHA
E0000450,P000396,0.4134247362804988,MEDIUM,long distance to facility; follow-up review required; previous teleconsultation history,Review not attended,Schedule reminder and coordinate follow-up review.,CHO
E0000404,P000357,0.4129242849604567,MEDIUM,medicine collection required; follow-up review required; complex care requirements,Medicine not collected,Verify medicine availability and coordinate collection support.,ASHA
E0001115,P001024,0.4128272118886263,MEDIUM,long distance to facility; medicine collection required; diagnostic test required; complex care requirements,Medicine not collected,Verify medicine availability and coordinate collection support.,ASHA
E0003983,P003631,0.4127312165641555,MEDIUM,medicine collection required; follow-up review required; complex care requirements,Medicine not collected,Verify medicine availability and coordinate collection support.,ASHA
E0005499,P004987,0.412447489602988,MEDIUM,long distance to facility; medicine collection required; previous teleconsultation history,Medicine not collected,Verify medicine availability and coordinate collection support.,ASHA
E0003663,P003323,0.4124014599711014,MEDIUM,long distance to facility; medicine collection required; diagnostic test required; low digital access,Medicine not collected,Verify medicine availability and coordinate collection support.,ASHA
E0003753,P003411,0.4110466561233878,MEDIUM,long distance to facility; diagnostic test required; follow-up review required; complex care requirements,Review not attended,Schedule reminder and coordinate follow-up review.,CHO
E0004471,P004069,0.4107235177018019,MEDIUM,long distance to facility; diagnostic test required; follow-up review required; complex care requirements,Review not attended,Schedule reminder and coordinate follow-up review.,CHO
E0004754,P004323,0.4105928617027266,MEDIUM,long distance to facility; medicine collection required; previous teleconsultation history,Medicine not collected,Verify medicine availability and coordinate collection support.,ASHA
E0000845,P000765,0.4104645734318572,MEDIUM,medicine collection required; follow-up review required; complex care requirements; previous teleconsultation history,Medicine not collected,Verify medicine availability and coordinate collection support.,ASHA
E0005061,P004589,0.4104227205973695,MEDIUM,long distance to facility; diagnostic test required; follow-up review required; elderly living alone,Review not attended,Schedule reminder and coordinate follow-up review.,CHO
E0002447,P002215,0.4102049634968696,MEDIUM,long distance to facility; medicine collection required; low digital access; previous teleconsultation history,Medicine not collected,Verify medicine availability and coordinate collection support.,ASHA
E0000022,P000018,0.4102013314345534,MEDIUM,long distance to facility; diagnostic test required; follow-up review required; complex care requirements,Review not attended,Schedule reminder and coordinate follow-up review.,CHO
E0000947,P000866,0.4098739589187821,MEDIUM,long distance to facility; follow-up review required; elderly living alone,Review not attended,Schedule reminder and coordinate follow-up review.,CHO
E0003806,P003466,0.4092868621908282,MEDIUM,long distance to facility; medicine collection required; low digital access,Medicine not collected,Verify medicine availability and coordinate collection support.,ASHA
E0001375,P000929,0.4087198058587154,MEDIUM,medicine collection required; follow-up review required; complex care requirements; previous teleconsultation history,Medicine not collected,Verify medicine availability and coordinate collection support.,ASHA
E0002977,P002688,0.4077738857357172,MEDIUM,medicine collection required; follow-up review required; complex care requirements,Medicine not collected,Verify medicine availability and coordinate collection support.,ASHA
E0005497,P004986,0.4065620693983404,MEDIUM,long distance to facility; medicine collection required; diagnostic test required; complex care requirements,Medicine not collected,Verify medicine availability and coordinate collection support.,ASHA
E0002176,P001969,0.4063754166986607,MEDIUM,long distance to facility; follow-up review required; previous teleconsultation history,Review not attended,Schedule reminder and coordinate follow-up review.,CHO
E0002416,P002191,0.4054648232236121,MEDIUM,long distance to facility; medicine collection required; low digital access; previous teleconsultation history,Medicine not collected,Verify medicine availability and coordinate collection support.,ASHA
E0003033,P002740,0.4050828319824581,MEDIUM,medicine collection required; diagnostic test required; complex care requirements,Medicine not collected,Verify medicine availability and coordinate collection support.,ASHA
E0004940,P004483,0.4048282063357026,MEDIUM,medicine collection required; follow-up review required; complex care requirements; previous teleconsultation history,Medicine not collected,Verify medicine availability and coordinate collection support.,ASHA
E0005335,P004838,0.4041704253811999,MEDIUM,medicine collection required; follow-up review required; complex care requirements; previous teleconsultation history,Medicine not collected,Verify medicine availability and coordinate collection support.,ASHA
E0001293,P001187,0.4038119976422887,MEDIUM,long distance to facility; medicine collection required,Medicine not collected,Verify medicine availability and coordinate collection support.,ASHA
E0000973,P000894,0.4032632552314625,MEDIUM,medicine collection required; follow-up review required; complex care requirements,Medicine not collected,Verify medicine availability and coordinate collection support.,ASHA
E0003829,P003489,0.403033687874071,MEDIUM,medicine collection required; diagnostic test required; elderly living alone; complex care requirements,Medicine not collected,Verify medicine availability and coordinate collection support.,ASHA
E0004731,P003897,0.4026319397030666,MEDIUM,long distance to facility; medicine collection required; follow-up review required; complex care requirements,Medicine not collected,Verify medicine availability and coordinate collection support.,ASHA
E0005080,P004604,0.4022327382295532,MEDIUM,long distance to facility; diagnostic test required; follow-up review required; complex care requirements,Review not attended,Schedule reminder and coordinate follow-up review.,CHO
E0000419,P000368,0.4018727385212429,MEDIUM,long distance to facility; medicine collection required; previous teleconsultation history,Medicine not collected,Verify medicine availability and coordinate collection support.,ASHA
E0002789,P002523,0.4015200215864515,MEDIUM,long distance to facility; diagnostic test required; follow-up review required; low digital access,Review not attended,Schedule reminder and coordinate follow-up review.,CHO
E0000002,P000004,0.4011777047227974,MEDIUM,long distance to facility; follow-up review required; previous teleconsultation history,Review not attended,Schedule reminder and coordinate follow-up review.,CHO
E0004571,P004162,0.4011087030463269,MEDIUM,long distance to facility; medicine collection required; diagnostic test required; complex care requirements,Medicine not collected,Verify medicine availability and coordinate collection support.,ASHA
E0003542,P003209,0.4007741723953988,MEDIUM,long distance to facility; medicine collection required; previous teleconsultation history,Medicine not collected,Verify medicine availability and coordinate collection support.,ASHA
E0002928,P002644,0.3999779648823808,MEDIUM,medicine collection required; follow-up review required; complex care requirements; previous teleconsultation history,Medicine not collected,Verify medicine availability and coordinate collection support.,ASHA
E0001726,P001573,0.3974781754254601,MEDIUM,long distance to facility; medicine collection required; previous teleconsultation history,Medicine not collected,Verify medicine availability and coordinate collection support.,ASHA
E0002779,P002512,0.3974721980213631,MEDIUM,long distance to facility; diagnostic test required; follow-up review required; complex care requirements,Review not attended,Schedule reminder and coordinate follow-up review.,CHO
E0003630,P003292,0.3969463786045022,MEDIUM,medicine collection required; diagnostic test required; complex care requirements,Medicine not collected,Verify medicine availability and coordinate collection support.,ASHA
E0004938,P004482,0.3966604516423312,MEDIUM,long distance to facility; medicine collection required; previous teleconsultation history,Medicine not collected,Verify medicine availability and coordinate collection support.,ASHA
E0000437,P000385,0.3963183506593587,MEDIUM,medicine collection required; follow-up review required; complex care requirements; previous teleconsultation history,Medicine not collected,Verify medicine availability and coordinate collection support.,ASHA
E0002279,P002061,0.3962449127726065,MEDIUM,long distance to facility; medicine collection required; previous teleconsultation history,Medicine not collected,Verify medicine availability and coordinate collection support.,ASHA
E0003996,P003641,0.3961167019558937,MEDIUM,long distance to facility; medicine collection required,Medicine not collected,Verify medicine availability and coordinate collection support.,ASHA
E0004349,P003956,0.3961105266798069,MEDIUM,medicine collection required; follow-up review required; complex care requirements,Medicine not collected,Verify medicine availability and coordinate collection support.,ASHA
E0005366,P004869,0.3960276509291868,MEDIUM,long distance to facility; medicine collection required,Medicine not collected,Verify medicine availability and coordinate collection support.,ASHA
E0002700,P002436,0.3952426644367511,MEDIUM,long distance to facility; medicine collection required; low digital access,Medicine not collected,Verify medicine availability and coordinate collection support.,ASHA
E0002579,P002332,0.394751535266413,MEDIUM,long distance to facility; follow-up review required; previous teleconsultation history,Review not attended,Schedule reminder and coordinate follow-up review.,CHO
E0003717,P003374,0.3946769523797643,MEDIUM,long distance to facility; follow-up review required; low digital access,Review not attended,Schedule reminder and coordinate follow-up review.,CHO
E0003067,P002772,0.3946537752315702,MEDIUM,medicine collection required; follow-up review required; complex care requirements,Medicine not collected,Verify medicine availability and coordinate collection support.,ASHA
E0005258,P004774,0.3944343301231566,MEDIUM,long distance to facility; medicine collection required; previous teleconsultation history,Medicine not collected,Verify medicine availability and coordinate collection support.,ASHA
E0004629,P004208,0.393985221205707,MEDIUM,medicine collection required; follow-up review required; complex care requirements; previous teleconsultation history,Medicine not collected,Verify medicine availability and coordinate collection support.,ASHA
E0002241,P002026,0.3938257493148044,MEDIUM,long distance to facility; medicine collection required,Medicine not collected,Verify medicine availability and coordinate collection support.,ASHA
E0000311,P000279,0.3927731528655029,MEDIUM,medicine collection required; follow-up review required; low digital access; complex care requirements,Medicine not collected,Verify medicine availability and coordinate collection support.,ASHA
E0003179,P002868,0.3924874096243049,MEDIUM,long distance to facility; medicine collection required; previous teleconsultation history,Medicine not collected,Verify medicine availability and coordinate collection support.,ASHA
E0000368,P000324,0.3921907114339373,MEDIUM,long distance to facility; medicine collection required,Medicine not collected,Verify medicine availability and coordinate collection support.,ASHA
E0003256,P002945,0.392166894354341,MEDIUM,long distance to facility; medicine collection required; follow-up review required; complex care requirements,Medicine not collected,Verify medicine availability and coordinate collection support.,ASHA
E0000055,P000045,0.3911301387700122,MEDIUM,long distance to facility; follow-up review required; elderly living alone,Review not attended,Schedule reminder and coordinate follow-up review.,CHO
E0001791,P001629,0.3909911397662403,MEDIUM,medicine collection required; follow-up review required; complex care requirements,Medicine not collected,Verify medicine availability and coordinate collection support.,ASHA
E0005300,P004809,0.3905408016919793,MEDIUM,long distance to facility; diagnostic test required; follow-up review required; complex care requirements,Review not attended,Schedule reminder and coordinate follow-up review.,CHO
E0002231,P002018,0.389848799219738,MEDIUM,long distance to facility; medicine collection required,Medicine not collected,Verify medicine availability and coordinate collection support.,ASHA
E0001931,P001755,0.3897725255473546,MEDIUM,long distance to facility; diagnostic test required; follow-up review required; complex care requirements,Review not attended,Schedule reminder and coordinate follow-up review.,CHO
E0001382,P001260,0.3897397416796109,MEDIUM,long distance to facility; diagnostic test required; follow-up review required; complex care requirements,Review not attended,Schedule reminder and coordinate follow-up review.,CHO
E0004616,P004199,0.3892892176124586,MEDIUM,medicine collection required; follow-up review required; complex care requirements; previous teleconsultation history,Medicine not collected,Verify medicine availability and coordinate collection support.,ASHA
E0002311,P002094,0.3890762493780558,MEDIUM,long distance to facility; diagnostic test required; follow-up review required; complex care requirements,Review not attended,Schedule reminder and coordinate follow-up review.,CHO
E0004460,P004060,0.3890350856467995,MEDIUM,medicine collection required; follow-up review required; complex care requirements; previous teleconsultation history,Medicine not collected,Verify medicine availability and coordinate collection support.,ASHA
E0001153,P001058,0.3884310247647041,MEDIUM,medicine collection required; diagnostic test required; complex care requirements; previous teleconsultation history,Medicine not collected,Verify medicine availability and coordinate collection support.,ASHA
E0001757,P001598,0.3875883752433548,MEDIUM,medicine collection required; diagnostic test required; complex care requirements,Medicine not collected,Verify medicine availability and coordinate collection support.,ASHA
E0004411,P004015,0.3874973590924732,MEDIUM,long distance to facility; follow-up review required; previous teleconsultation history,Review not attended,Schedule reminder and coordinate follow-up review.,CHO
E0005197,P004717,0.3869775598033754,MEDIUM,medicine collection required; follow-up review required; complex care requirements,Medicine not collected,Verify medicine availability and coordinate collection support.,ASHA
E0003871,P003525,0.3868027772668065,MEDIUM,medicine collection required; follow-up review required; complex care requirements; previous teleconsultation history,Medicine not collected,Verify medicine availability and coordinate collection support.,ASHA
E0003009,P002719,0.3864993633720662,MEDIUM,long distance to facility; diagnostic test required; follow-up review required; complex care requirements,Review not attended,Schedule reminder and coordinate follow-up review.,CHO
E0003008,P001087,0.3864772215897682,MEDIUM,medicine collection required; follow-up review required; complex care requirements; previous teleconsultation history,Medicine not collected,Verify medicine availability and coordinate collection support.,ASHA
E0004408,P004011,0.3859101100142811,MEDIUM,long distance to facility; diagnostic test required; follow-up review required; complex care requirements,Review not attended,Schedule reminder and coordinate follow-up review.,CHO
E0004341,P002644,0.3857117644754517,MEDIUM,long distance to facility; diagnostic test required; follow-up review required; complex care requirements,Review not attended,Schedule reminder and coordinate follow-up review.,CHO
E0004230,P003856,0.3853944321012583,MEDIUM,long distance to facility; diagnostic test required; follow-up review required; complex care requirements,Review not attended,Schedule reminder and coordinate follow-up review.,CHO
E0000717,P000642,0.3852254427122105,MEDIUM,medicine collection required; follow-up review required; low digital access; complex care requirements,Medicine not collected,Verify medicine availability and coordinate collection support.,ASHA
E0002304,P002086,0.3845075613445191,MEDIUM,long distance to facility; diagnostic test required; follow-up review required; complex care requirements,Review not attended,Schedule reminder and coordinate follow-up review.,CHO
E0002910,P000928,0.3838125600765786,MEDIUM,medicine collection required; follow-up review required; complex care requirements; previous teleconsultation history,Medicine not collected,Verify medicine availability and coordinate collection support.,ASHA
E0002105,P001910,0.381852650444808,MEDIUM,medicine collection required; follow-up review required; complex care requirements; previous teleconsultation history,Medicine not collected,Verify medicine availability and coordinate collection support.,ASHA
E0002734,P002469,0.3815442526111314,MEDIUM,medicine collection required; follow-up review required; complex care requirements; previous teleconsultation history,Medicine not collected,Verify medicine availability and coordinate collection support.,ASHA
E0004907,P004455,0.3813991746885838,MEDIUM,medicine collection required; follow-up review required; complex care requirements; previous teleconsultation history,Medicine not collected,Verify medicine availability and coordinate collection support.,ASHA
E0004636,P004215,0.3810666499496525,MEDIUM,long distance to facility; medicine collection required,Medicine not collected,Verify medicine availability and coordinate collection support.,ASHA
E0000185,P000160,0.3807690756723269,MEDIUM,long distance to facility; medicine collection required; low digital access; previous teleconsultation history,Medicine not collected,Verify medicine availability and coordinate collection support.,ASHA
E0003771,P003432,0.3801262265410132,MEDIUM,medicine collection required; follow-up review required; complex care requirements,Medicine not collected,Verify medicine availability and coordinate collection support.,ASHA
E0002751,P002483,0.3800360687440098,MEDIUM,long distance to facility; medicine collection required,Medicine not collected,Verify medicine availability and coordinate collection support.,ASHA
E0004700,P004270,0.3789755507494471,MEDIUM,long distance to facility; diagnostic test required; follow-up review required; complex care requirements,Review not attended,Schedule reminder and coordinate follow-up review.,CHO
E0003285,P002974,0.3789024824684399,MEDIUM,medicine collection required; diagnostic test required; low digital access; complex care requirements,Medicine not collected,Verify medicine availability and coordinate collection support.,ASHA
E0005505,P004992,0.37812855360379,MEDIUM,medicine collection required; follow-up review required; complex care requirements,Medicine not collected,Verify medicine availability and coordinate collection support.,ASHA
E0004248,P003871,0.3773372445161833,MEDIUM,medicine collection required; follow-up review required; low digital access; complex care requirements,Medicine not collected,Verify medicine availability and coordinate collection support.,ASHA
E0004169,P003794,0.376739945915157,MEDIUM,medicine collection required; diagnostic test required; complex care requirements,Medicine not collected,Verify medicine availability and coordinate collection support.,ASHA
E0001058,P000974,0.3753261566217827,MEDIUM,medicine collection required; follow-up review required; complex care requirements,Medicine not collected,Verify medicine availability and coordinate collection support.,ASHA
E0002472,P002241,0.3749978182331239,MEDIUM,medicine collection required; follow-up review required; complex care requirements; previous teleconsultation history,Medicine not collected,Verify medicine availability and coordinate collection support.,ASHA
E0004969,P000639,0.374931291049594,MEDIUM,long distance to facility; medicine collection required; low digital access; previous teleconsultation history,Medicine not collected,Verify medicine availability and coordinate collection support.,ASHA
E0000653,P000583,0.3746359411756904,MEDIUM,long distance to facility; diagnostic test required; follow-up review required; elderly living alone,Review not attended,Schedule reminder and coordinate follow-up review.,CHO
E0004995,P004529,0.3745394451267533,MEDIUM,medicine collection required; follow-up review required; complex care requirements,Medicine not collected,Verify medicine availability and coordinate collection support.,ASHA
E0001797,P001636,0.3734900357917082,MEDIUM,long distance to facility; follow-up review required,Review not attended,Schedule reminder and coordinate follow-up review.,CHO
E0001973,P001799,0.3732331248742609,MEDIUM,long distance to facility; follow-up review required; low digital access; previous teleconsultation history,Review not attended,Schedule reminder and coordinate follow-up review.,CHO
E0003077,P002783,0.3727548942110408,MEDIUM,medicine collection required; diagnostic test required; complex care requirements; previous teleconsultation history,Medicine not collected,Verify medicine availability and coordinate collection support.,ASHA
E0004001,P003646,0.3724664167669865,MEDIUM,long distance to facility; medicine collection required,Medicine not collected,Verify medicine availability and coordinate collection support.,ASHA
E0001123,P001031,0.3723094860873075,MEDIUM,long distance to facility; diagnostic test required; follow-up review required; complex care requirements,Review not attended,Schedule reminder and coordinate follow-up review.,CHO
E0003281,P001618,0.3722958507899842,MEDIUM,medicine collection required; follow-up review required; complex care requirements; previous teleconsultation history,Medicine not collected,Verify medicine availability and coordinate collection support.,ASHA
E0000341,P000302,0.3709627068151283,MEDIUM,long distance to facility; medicine collection required; previous teleconsultation history,Medicine not collected,Verify medicine availability and coordinate collection support.,ASHA
E0001645,P001499,0.3702296428507309,MEDIUM,medicine collection required; follow-up review required; complex care requirements,Medicine not collected,Verify medicine availability and coordinate collection support.,ASHA
E0003229,P002922,0.3698149148946189,MEDIUM,medicine collection required; follow-up review required; complex care requirements; previous teleconsultation history,Medicine not collected,Verify medicine availability and coordinate collection support.,ASHA
E0000925,P000845,0.3696706286053539,MEDIUM,medicine collection required; diagnostic test required; complex care requirements; previous teleconsultation history,Medicine not collected,Verify medicine availability and coordinate collection support.,ASHA
E0003974,P003623,0.3694997985275255,MEDIUM,medicine collection required; follow-up review required; complex care requirements; previous teleconsultation history,Medicine not collected,Verify medicine availability and coordinate collection support.,ASHA
E0003000,P002710,0.3691245233162102,MEDIUM,medicine collection required; diagnostic test required; complex care requirements,Medicine not collected,Verify medicine availability and coordinate collection support.,ASHA
E0004602,P004189,0.3687373826259152,MEDIUM,long distance to facility; medicine collection required,Medicine not collected,Verify medicine availability and coordinate collection support.,ASHA
E0005169,P001619,0.3679639372429296,MEDIUM,medicine collection required; follow-up review required; complex care requirements,Medicine not collected,Verify medicine availability and coordinate collection support.,ASHA
E0005025,P004556,0.3666480332684718,MEDIUM,medicine collection required; diagnostic test required; complex care requirements; previous teleconsultation history,Medicine not collected,Verify medicine availability and coordinate collection support.,ASHA
E0001208,P001108,0.3654739020613801,MEDIUM,long distance to facility; follow-up review required,Review not attended,Schedule reminder and coordinate follow-up review.,CHO
E0000442,P000390,0.364623481396891,MEDIUM,long distance to facility; medicine collection required; low digital access,Medicine not collected,Verify medicine availability and coordinate collection support.,ASHA
E0003972,P002187,0.3644739798938379,MEDIUM,medicine collection required; diagnostic test required; complex care requirements; previous teleconsultation history,Medicine not collected,Verify medicine availability and coordinate collection support.,ASHA
E0000518,P000453,0.3642569363944697,MEDIUM,long distance to facility; medicine collection required; previous teleconsultation history,Medicine not collected,Verify medicine availability and coordinate collection support.,ASHA
E0003161,P002851,0.3642488788493144,MEDIUM,long distance to facility; medicine collection required; elderly living alone; previous teleconsultation history,Medicine not collected,Verify medicine availability and coordinate collection support.,ASHA
E0004142,P003771,0.3637110470164333,MEDIUM,long distance to facility; medicine collection required,Medicine not collected,Verify medicine availability and coordinate collection support.,ASHA
E0003037,P002743,0.3633406244124673,MEDIUM,medicine collection required; diagnostic test required; complex care requirements; previous teleconsultation history,Medicine not collected,Verify medicine availability and coordinate collection support.,ASHA
E0000826,P000745,0.3632067899909665,MEDIUM,medicine collection required; diagnostic test required; elderly living alone; complex care requirements,Medicine not collected,Verify medicine availability and coordinate collection support.,ASHA
E0005412,P004911,0.3622547509843039,MEDIUM,long distance to facility; medicine collection required,Medicine not collected,Verify medicine availability and coordinate collection support.,ASHA
E0004446,P004047,0.3621990089648745,MEDIUM,medicine collection required; follow-up review required; complex care requirements,Medicine not collected,Verify medicine availability and coordinate collection support.,ASHA
E0001267,P001164,0.36219758592486,MEDIUM,long distance to facility; medicine collection required,Medicine not collected,Verify medicine availability and coordinate collection support.,ASHA
E0002600,P002349,0.3620680462762221,MEDIUM,long distance to facility; medicine collection required; previous teleconsultation history,Medicine not collected,Verify medicine availability and coordinate collection support.,ASHA
E0001447,P001326,0.3620279507169806,MEDIUM,long distance to facility; diagnostic test required; follow-up review required; complex care requirements,Review not attended,Schedule reminder and coordinate follow-up review.,CHO
E0005207,P004730,0.3613189078796613,MEDIUM,long distance to facility; diagnostic test required; follow-up review required; low digital access,Review not attended,Schedule reminder and coordinate follow-up review.,CHO
E0000317,P000283,0.3612700695184427,MEDIUM,medicine collection required; diagnostic test required; complex care requirements,Medicine not collected,Verify medicine availability and coordinate collection support.,ASHA
E0002190,P000833,0.3611776308554404,MEDIUM,long distance to facility; medicine collection required; low digital access; previous teleconsultation history,Medicine not collected,Verify medicine availability and coordinate collection support.,ASHA
E0000661,P000591,0.3606504695390391,MEDIUM,long distance to facility; medicine collection required,Medicine not collected,Verify medicine availability and coordinate collection support.,ASHA
E0000861,P000779,0.360632883720315,MEDIUM,long distance to facility; medicine collection required; previous teleconsultation history,Medicine not collected,Verify medicine availability and coordinate collection support.,ASHA
E0000821,P000740,0.3605307419005761,MEDIUM,medicine collection required; follow-up review required; complex care requirements; previous teleconsultation history,Medicine not collected,Verify medicine availability and coordinate collection support.,ASHA
E0002030,P001845,0.3597845705436305,MEDIUM,medicine collection required; follow-up review required; complex care requirements; previous teleconsultation history,Medicine not collected,Verify medicine availability and coordinate collection support.,ASHA
E0003403,P001522,0.35964355875288,MEDIUM,long distance to facility; medicine collection required; low digital access,Medicine not collected,Verify medicine availability and coordinate collection support.,ASHA
E0003548,P003214,0.3594014997388797,MEDIUM,medicine collection required; follow-up review required; complex care requirements; previous teleconsultation history,Medicine not collected,Verify medicine availability and coordinate collection support.,ASHA
E0004991,P004526,0.3588299181320133,MEDIUM,long distance to facility; diagnostic test required; follow-up review required; complex care requirements,Review not attended,Schedule reminder and coordinate follow-up review.,CHO
E0003418,P003099,0.3582453124871732,MEDIUM,long distance to facility; diagnostic test required; follow-up review required; complex care requirements,Review not attended,Schedule reminder and coordinate follow-up review.,CHO
E0002507,P002271,0.3577686596602697,MEDIUM,long distance to facility; medicine collection required; previous teleconsultation history,Medicine not collected,Verify medicine availability and coordinate collection support.,ASHA
E0000003,P000004,0.357277911398319,MEDIUM,long distance to facility; follow-up review required; previous teleconsultation history,Review not attended,Schedule reminder and coordinate follow-up review.,CHO
E0000088,P000074,0.3571186871587103,MEDIUM,long distance to facility; diagnostic test required; follow-up review required; elderly living alone,Review not attended,Schedule reminder and coordinate follow-up review.,CHO
E0005390,P002692,0.3567137382382893,MEDIUM,long distance to facility; medicine collection required,Medicine not collected,Verify medicine availability and coordinate collection support.,ASHA
E0000545,P000480,0.3562854314281781,MEDIUM,medicine collection required; follow-up review required; low digital access; complex care requirements,Medicine not collected,Verify medicine availability and coordinate collection support.,ASHA
E0003825,P003487,0.3558945864647099,MEDIUM,long distance to facility; diagnostic test required; follow-up review required; complex care requirements,Review not attended,Schedule reminder and coordinate follow-up review.,CHO
E0001635,P001488,0.3555891217501251,MEDIUM,long distance to facility; diagnostic test required,Test not completed,Confirm test availability and coordinate completion.,CHO
E0001272,P001169,0.3550540984792055,MEDIUM,long distance to facility; follow-up review required,Review not attended,Schedule reminder and coordinate follow-up review.,CHO
E0000021,P000017,0.3550516904371478,MEDIUM,long distance to facility; medicine collection required,Medicine not collected,Verify medicine availability and coordinate collection support.,ASHA
E0000106,P000091,0.354732798540303,MEDIUM,long distance to facility; medicine collection required; elderly living alone,Medicine not collected,Verify medicine availability and coordinate collection support.,ASHA
E0005001,P004533,0.3547258758904757,MEDIUM,medicine collection required; follow-up review required; complex care requirements,Medicine not collected,Verify medicine availability and coordinate collection support.,ASHA
E0000023,P000019,0.354186599394051,MEDIUM,long distance to facility; follow-up review required,Review not attended,Schedule reminder and coordinate follow-up review.,CHO
E0004561,P004154,0.3540600115264128,MEDIUM,long distance to facility; diagnostic test required; follow-up review required; complex care requirements,Review not attended,Schedule reminder and coordinate follow-up review.,CHO
E0000098,P000084,0.3538868877204941,MEDIUM,long distance to facility; medicine collection required; previous teleconsultation history,Medicine not collected,Verify medicine availability and coordinate collection support.,ASHA
E0004059,P003702,0.3535171467411463,MEDIUM,long distance to facility; medicine collection required,Medicine not collected,Verify medicine availability and coordinate collection support.,ASHA
E0004697,P004268,0.353089401531487,MEDIUM,long distance to facility; follow-up review required,Review not attended,Schedule reminder and coordinate follow-up review.,CHO
E0002144,P001939,0.3517535887298046,MEDIUM,long distance to facility; medicine collection required,Medicine not collected,Verify medicine availability and coordinate collection support.,ASHA
E0002071,P001880,0.3506117535385883,MEDIUM,medicine collection required; diagnostic test required; complex care requirements,Medicine not collected,Verify medicine availability and coordinate collection support.,ASHA
E0005377,P004881,0.3499353142878369,MEDIUM,long distance to facility; medicine collection required; previous teleconsultation history,Medicine not collected,Verify medicine availability and coordinate collection support.,ASHA
E0002559,P002309,0.3498325021671976,MEDIUM,medicine collection required; follow-up review required; complex care requirements,Medicine not collected,Verify medicine availability and coordinate collection support.,ASHA
E0003360,P003045,0.3498020300498071,MEDIUM,long distance to facility; diagnostic test required; follow-up review required; complex care requirements,Review not attended,Schedule reminder and coordinate follow-up review.,CHO
E0003345,P003032,0.3496340562420471,MEDIUM,long distance to facility; medicine collection required,Medicine not collected,Verify medicine availability and coordinate collection support.,ASHA
E0004340,P003949,0.3496219468172475,MEDIUM,long distance to facility; follow-up review required,Review not attended,Schedule reminder and coordinate follow-up review.,CHO
E0000611,P000541,0.3492897624587613,MEDIUM,long distance to facility; follow-up review required; low digital access; previous teleconsultation history,Review not attended,Schedule reminder and coordinate follow-up review.,CHO
E0002691,P002427,0.3483854728125233,MEDIUM,long distance to facility; medicine collection required,Medicine not collected,Verify medicine availability and coordinate collection support.,ASHA
E0000177,P000155,0.3483231781650027,MEDIUM,long distance to facility; medicine collection required; previous teleconsultation history,Medicine not collected,Verify medicine availability and coordinate collection support.,ASHA
E0001015,P000935,0.3481912330619918,MEDIUM,long distance to facility; medicine collection required; previous teleconsultation history,Medicine not collected,Verify medicine availability and coordinate collection support.,ASHA
E0004125,P002960,0.3480856050713312,MEDIUM,long distance to facility; medicine collection required; previous teleconsultation history,Medicine not collected,Verify medicine availability and coordinate collection support.,ASHA
E0005408,P004906,0.3477932937728324,MEDIUM,medicine collection required; diagnostic test required; complex care requirements,Medicine not collected,Verify medicine availability and coordinate collection support.,ASHA
E0001576,P001433,0.3474646501972083,MEDIUM,medicine collection required; follow-up review required; complex care requirements; previous teleconsultation history,Medicine not collected,Verify medicine availability and coordinate collection support.,ASHA
E0004826,P004386,0.3468495938357762,MEDIUM,long distance to facility; follow-up review required,Review not attended,Schedule reminder and coordinate follow-up review.,CHO
E0003070,P002775,0.3460402581904002,MEDIUM,long distance to facility; diagnostic test required; follow-up review required; complex care requirements,Review not attended,Schedule reminder and coordinate follow-up review.,CHO
E0005237,P004755,0.3457840560320948,MEDIUM,medicine collection required; diagnostic test required; complex care requirements; previous teleconsultation history,Medicine not collected,Verify medicine availability and coordinate collection support.,ASHA
E0000461,P000405,0.3439067343293495,MEDIUM,long distance to facility; follow-up review required,Review not attended,Schedule reminder and coordinate follow-up review.,CHO
E0002158,P001951,0.3438610514104283,MEDIUM,medicine collection required; diagnostic test required; complex care requirements; previous teleconsultation history,Medicine not collected,Verify medicine availability and coordinate collection support.,ASHA
E0001194,P001094,0.3416439375567223,MEDIUM,medicine collection required; diagnostic test required; complex care requirements,Medicine not collected,Verify medicine availability and coordinate collection support.,ASHA
E0001832,P001664,0.3415764095980928,MEDIUM,medicine collection required; follow-up review required; complex care requirements; previous teleconsultation history,Medicine not collected,Verify medicine availability and coordinate collection support.,ASHA
E0001386,P001262,0.3414915799963743,MEDIUM,long distance to facility; medicine collection required; previous teleconsultation history,Medicine not collected,Verify medicine availability and coordinate collection support.,ASHA
E0003854,P003509,0.3410723490218482,MEDIUM,long distance to facility; diagnostic test required; follow-up review required; complex care requirements,Review not attended,Schedule reminder and coordinate follow-up review.,CHO
E0003510,P003177,0.3410675184908854,MEDIUM,long distance to facility; diagnostic test required; follow-up review required; complex care requirements,Review not attended,Schedule reminder and coordinate follow-up review.,CHO
E0002245,P002031,0.3406097874694959,MEDIUM,long distance to facility; medicine collection required,Medicine not collected,Verify medicine availability and coordinate collection support.,ASHA
E0002209,P001997,0.3405447900974935,MEDIUM,long distance to facility; medicine collection required,Medicine not collected,Verify medicine availability and coordinate collection support.,ASHA
E0004576,P004168,0.340114900384971,MEDIUM,long distance to facility; medicine collection required,Medicine not collected,Verify medicine availability and coordinate collection support.,ASHA
E0005305,P004813,0.3400278193234474,MEDIUM,long distance to facility; diagnostic test required; follow-up review required; complex care requirements,Review not attended,Schedule reminder and coordinate follow-up review.,CHO
E0002631,P002380,0.3391631173878544,MEDIUM,long distance to facility; medicine collection required,Medicine not collected,Verify medicine availability and coordinate collection support.,ASHA
E0003298,P002986,0.338807091779382,MEDIUM,long distance to facility; medicine collection required,Medicine not collected,Verify medicine availability and coordinate collection support.,ASHA
E0002216,P002005,0.3385909970891906,MEDIUM,long distance to facility; medicine collection required,Medicine not collected,Verify medicine availability and coordinate collection support.,ASHA
E0002639,P002386,0.3385086324723459,MEDIUM,long distance to facility; medicine collection required; elderly living alone,Medicine not collected,Verify medicine availability and coordinate collection support.,ASHA
E0002415,P002191,0.3380306013003191,MEDIUM,long distance to facility; follow-up review required; low digital access,Review not attended,Schedule reminder and coordinate follow-up review.,CHO
E0001377,P001257,0.3374637236969335,MEDIUM,long distance to facility; medicine collection required,Medicine not collected,Verify medicine availability and coordinate collection support.,ASHA
E0001544,P001409,0.3372193080839875,MEDIUM,long distance to facility; medicine collection required; previous teleconsultation history,Medicine not collected,Verify medicine availability and coordinate collection support.,ASHA
E0000230,P000203,0.336007839145179,MEDIUM,long distance to facility; medicine collection required,Medicine not collected,Verify medicine availability and coordinate collection support.,ASHA
E0001500,P001371,0.335527531497264,MEDIUM,medicine collection required; follow-up review required; complex care requirements; previous teleconsultation history,Medicine not collected,Verify medicine availability and coordinate collection support.,ASHA
E0000730,P000655,0.3344511368236081,MEDIUM,long distance to facility; follow-up review required,Review not attended,Schedule reminder and coordinate follow-up review.,CHO
E0001291,P001185,0.3336331125484006,MEDIUM,long distance to facility; medicine collection required; previous teleconsultation history,Medicine not collected,Verify medicine availability and coordinate collection support.,ASHA
E0001294,P001187,0.3331245453500416,MEDIUM,medicine collection required; diagnostic test required; complex care requirements; previous teleconsultation history,Medicine not collected,Verify medicine availability and coordinate collection support.,ASHA
E0001207,P001107,0.3329848287649359,MEDIUM,long distance to facility; follow-up review required,Review not attended,Schedule reminder and coordinate follow-up review.,CHO
E0001451,P001329,0.332353777003007,MEDIUM,medicine collection required; diagnostic test required; complex care requirements; previous teleconsultation history,Medicine not collected,Verify medicine availability and coordinate collection support.,ASHA
E0002113,P001915,0.3317490918576417,MEDIUM,long distance to facility; medicine collection required,Medicine not collected,Verify medicine availability and coordinate collection support.,ASHA
E0005072,P004596,0.3312284408989069,MEDIUM,medicine collection required; diagnostic test required; complex care requirements; previous teleconsultation history,Medicine not collected,Verify medicine availability and coordinate collection support.,ASHA
E0000833,P000754,0.3309835852863607,MEDIUM,long distance to facility; medicine collection required,Medicine not collected,Verify medicine availability and coordinate collection support.,ASHA
E0003586,P003249,0.3294816582461157,MEDIUM,long distance to facility; diagnostic test required; follow-up review required; complex care requirements,Review not attended,Schedule reminder and coordinate follow-up review.,CHO
E0005124,P004647,0.3283176081470698,MEDIUM,long distance to facility; follow-up review required; elderly living alone,Review not attended,Schedule reminder and coordinate follow-up review.,CHO
E0004834,P004395,0.3271371570320314,MEDIUM,medicine collection required; diagnostic test required; complex care requirements; previous teleconsultation history,Medicine not collected,Verify medicine availability and coordinate collection support.,ASHA
E0001018,P000937,0.3267668767465326,MEDIUM,long distance to facility; medicine collection required; previous teleconsultation history,Medicine not collected,Verify medicine availability and coordinate collection support.,ASHA
E0000917,P000839,0.3264434720758838,MEDIUM,long distance to facility; medicine collection required; previous teleconsultation history,Medicine not collected,Verify medicine availability and coordinate collection support.,ASHA
E0000141,P000121,0.3262033928220401,MEDIUM,diagnostic test required; follow-up review required; low digital access; complex care requirements,Review not attended,Schedule reminder and coordinate follow-up review.,CHO
E0005114,P004638,0.3236602821606124,MEDIUM,long distance to facility; medicine collection required; previous teleconsultation history,Medicine not collected,Verify medicine availability and coordinate collection support.,ASHA
E0005152,P004672,0.3234648848014925,MEDIUM,long distance to facility; medicine collection required,Medicine not collected,Verify medicine availability and coordinate collection support.,ASHA
E0002825,P002552,0.3234577066576426,MEDIUM,long distance to facility; medicine collection required; elderly living alone; previous teleconsultation history,Medicine not collected,Verify medicine availability and coordinate collection support.,ASHA
E0005432,P004014,0.3233772644675822,MEDIUM,long distance to facility; medicine collection required; previous teleconsultation history,Medicine not collected,Verify medicine availability and coordinate collection support.,ASHA
E0005453,P004948,0.32325243105524,MEDIUM,diagnostic test required; follow-up review required; low digital access; complex care requirements,Review not attended,Schedule reminder and coordinate follow-up review.,CHO
E0004216,P003841,0.3220742488280692,MEDIUM,medicine collection required; diagnostic test required; complex care requirements; previous teleconsultation history,Medicine not collected,Verify medicine availability and coordinate collection support.,ASHA
E0003438,P003118,0.3218806487198611,MEDIUM,long distance to facility; medicine collection required,Medicine not collected,Verify medicine availability and coordinate collection support.,ASHA
E0005472,P004963,0.3209883931160907,MEDIUM,long distance to facility; medicine collection required,Medicine not collected,Verify medicine availability and coordinate collection support.,ASHA
E0004247,P003871,0.3206406300317034,MEDIUM,diagnostic test required; follow-up review required; low digital access; complex care requirements,Review not attended,Schedule reminder and coordinate follow-up review.,CHO
E0004985,P004521,0.3204338151693746,MEDIUM,medicine collection required; diagnostic test required; complex care requirements; previous teleconsultation history,Medicine not collected,Verify medicine availability and coordinate collection support.,ASHA
E0002381,P002159,0.3189658505764509,MEDIUM,long distance to facility; follow-up review required,Review not attended,Schedule reminder and coordinate follow-up review.,CHO
E0003568,P003231,0.3176265867929274,MEDIUM,long distance to facility; medicine collection required; low digital access,Medicine not collected,Verify medicine availability and coordinate collection support.,ASHA
E0001982,P001808,0.3174561002567072,MEDIUM,long distance to facility; follow-up review required,Review not attended,Schedule reminder and coordinate follow-up review.,CHO
E0004087,P003727,0.3170131157575796,MEDIUM,long distance to facility; diagnostic test required; low digital access,Test not completed,Confirm test availability and coordinate completion.,CHO
E0003912,P003566,0.3168909836650949,MEDIUM,long distance to facility; diagnostic test required,Test not completed,Confirm test availability and coordinate completion.,CHO
E0001125,P001032,0.3166202376769471,MEDIUM,diagnostic test required; follow-up review required; elderly living alone; complex care requirements,Review not attended,Schedule reminder and coordinate follow-up review.,CHO
E0000340,P000302,0.3159663894727589,MEDIUM,diagnostic test required; follow-up review required; complex care requirements,Review not attended,Schedule reminder and coordinate follow-up review.,CHO
E0004263,P003884,0.3156640357740358,MEDIUM,long distance to facility; medicine collection required; previous teleconsultation history,Medicine not collected,Verify medicine availability and coordinate collection support.,ASHA
E0003755,P003413,0.3155200061475682,MEDIUM,long distance to facility; follow-up review required,Review not attended,Schedule reminder and coordinate follow-up review.,CHO
E0004466,P002777,0.3143151050073843,MEDIUM,long distance to facility; medicine collection required,Medicine not collected,Verify medicine availability and coordinate collection support.,ASHA
E0002272,P002055,0.3136790122948085,MEDIUM,long distance to facility; medicine collection required; previous teleconsultation history,Medicine not collected,Verify medicine availability and coordinate collection support.,ASHA
E0000019,P000014,0.3125288084434906,MEDIUM,long distance to facility; diagnostic test required; follow-up review required; low digital access,Review not attended,Schedule reminder and coordinate follow-up review.,CHO
E0002771,P002505,0.311210616935023,MEDIUM,long distance to facility; medicine collection required; low digital access,Medicine not collected,Verify medicine availability and coordinate collection support.,ASHA
E0003307,P002994,0.3111931672938359,MEDIUM,long distance to facility; medicine collection required; previous teleconsultation history,Medicine not collected,Verify medicine availability and coordinate collection support.,ASHA
E0000871,P000788,0.3100203779562555,MEDIUM,long distance to facility; medicine collection required,Medicine not collected,Verify medicine availability and coordinate collection support.,ASHA
E0005487,P004977,0.3083880477189653,MEDIUM,long distance to facility; medicine collection required,Medicine not collected,Verify medicine availability and coordinate collection support.,ASHA
E0005108,P001296,0.3081981330876744,MEDIUM,long distance to facility; follow-up review required; previous teleconsultation history,Review not attended,Schedule reminder and coordinate follow-up review.,CHO
E0002097,P001904,0.3078911471231065,MEDIUM,long distance to facility; medicine collection required; previous teleconsultation history,Medicine not collected,Verify medicine availability and coordinate collection support.,ASHA
E0004426,P004026,0.3071691593630232,MEDIUM,long distance to facility; medicine collection required,Medicine not collected,Verify medicine availability and coordinate collection support.,ASHA
E0000216,P000188,0.3071038727117636,MEDIUM,long distance to facility; diagnostic test required; follow-up review required; complex care requirements,Review not attended,Schedule reminder and coordinate follow-up review.,CHO
E0004272,P003895,0.3043424064130436,MEDIUM,long distance to facility; follow-up review required; previous teleconsultation history,Review not attended,Schedule reminder and coordinate follow-up review.,CHO
E0004339,P003948,0.3038991416669465,MEDIUM,long distance to facility; diagnostic test required; low digital access; previous teleconsultation history,Test not completed,Confirm test availability and coordinate completion.,CHO
E0001999,P002467,0.3035196382666239,MEDIUM,long distance to facility; follow-up review required,Review not attended,Schedule reminder and coordinate follow-up review.,CHO
E0001299,P001192,0.303354231685815,MEDIUM,long distance to facility; follow-up review required; previous teleconsultation history,Review not attended,Schedule reminder and coordinate follow-up review.,CHO
E0004747,P004318,0.3031193961780957,MEDIUM,long distance to facility; follow-up review required,Review not attended,Schedule reminder and coordinate follow-up review.,CHO
E0000605,P000534,0.3026730331504639,MEDIUM,long distance to facility; follow-up review required,Review not attended,Schedule reminder and coordinate follow-up review.,CHO
E0004194,P000316,0.3024298120168279,MEDIUM,long distance to facility; follow-up review required; previous teleconsultation history,Review not attended,Schedule reminder and coordinate follow-up review.,CHO
E0002081,P001887,0.3000600481948306,MEDIUM,long distance to facility; follow-up review required; previous teleconsultation history,Review not attended,Schedule reminder and coordinate follow-up review.,CHO
E0000199,P000174,0.2995118312062442,LOW,long distance to facility; follow-up review required; low digital access; previous teleconsultation history,Review not attended,Schedule reminder and coordinate follow-up review.,CHO
E0003144,P002834,0.2990609495389822,LOW,long distance to facility; follow-up review required,Review not attended,Schedule reminder and coordinate follow-up review.,CHO
E0003982,P003630,0.2979305847387509,LOW,long distance to facility; medicine collection required; low digital access,Medicine not collected,Verify medicine availability and coordinate collection support.,ASHA
E0005176,P004697,0.2969535632339667,LOW,long distance to facility; medicine collection required,Medicine not collected,Verify medicine availability and coordinate collection support.,ASHA
E0004630,P004209,0.296054303886159,LOW,long distance to facility; follow-up review required; low digital access,Review not attended,Schedule reminder and coordinate follow-up review.,CHO
E0000900,P000820,0.2956156933728254,LOW,long distance to facility; follow-up review required,Review not attended,Schedule reminder and coordinate follow-up review.,CHO
E0001173,P001078,0.2950155788254663,LOW,long distance to facility; medicine collection required,Medicine not collected,Verify medicine availability and coordinate collection support.,ASHA
E0001075,P000991,0.2948620002818891,LOW,long distance to facility; diagnostic test required,Test not completed,Confirm test availability and coordinate completion.,CHO
E0000982,P000901,0.2947479947478745,LOW,long distance to facility; follow-up review required,Review not attended,Schedule reminder and coordinate follow-up review.,CHO
E0004443,P003325,0.2941966461165446,LOW,long distance to facility; medicine collection required; previous teleconsultation history,Medicine not collected,Verify medicine availability and coordinate collection support.,ASHA
E0002212,P001999,0.2934726566882688,LOW,long distance to facility; medicine collection required; low digital access; previous teleconsultation history,Medicine not collected,Verify medicine availability and coordinate collection support.,ASHA
E0001226,P001123,0.2933376580847549,LOW,long distance to facility; follow-up review required,Review not attended,Schedule reminder and coordinate follow-up review.,CHO
E0004577,P004168,0.2931102812547907,LOW,medicine collection required; follow-up review required; complex care requirements; previous teleconsultation history,Medicine not collected,Verify medicine availability and coordinate collection support.,ASHA
E0000894,P000812,0.2926852538740059,LOW,long distance to facility; follow-up review required; previous teleconsultation history,Review not attended,Schedule reminder and coordinate follow-up review.,CHO
E0000201,P000177,0.2892351800413271,LOW,long distance to facility; medicine collection required,Medicine not collected,Verify medicine availability and coordinate collection support.,ASHA
E0005044,P004575,0.2888559737141206,LOW,long distance to facility; diagnostic test required,Test not completed,Confirm test availability and coordinate completion.,CHO
E0004986,P004522,0.2885152077317209,LOW,long distance to facility; medicine collection required,Medicine not collected,Verify medicine availability and coordinate collection support.,ASHA
E0001810,P001644,0.2873292518803828,LOW,long distance to facility; medicine collection required; previous teleconsultation history,Medicine not collected,Verify medicine availability and coordinate collection support.,ASHA
E0004200,P003825,0.286080511580864,LOW,long distance to facility; medicine collection required,Medicine not collected,Verify medicine availability and coordinate collection support.,ASHA
E0003192,P002881,0.285156462001398,LOW,diagnostic test required; follow-up review required; complex care requirements; previous teleconsultation history,Review not attended,Schedule reminder and coordinate follow-up review.,CHO
E0004090,P003150,0.2850739956734843,LOW,long distance to facility; medicine collection required; low digital access; previous teleconsultation history,Medicine not collected,Verify medicine availability and coordinate collection support.,ASHA
E0004769,P004335,0.2839269976003366,LOW,medicine collection required; elderly living alone,Medicine not collected,Verify medicine availability and coordinate collection support.,ASHA
E0000364,P000320,0.2838506568981272,LOW,long distance to facility; medicine collection required; previous teleconsultation history,Medicine not collected,Verify medicine availability and coordinate collection support.,ASHA
E0004580,P004170,0.2831797985092621,LOW,long distance to facility; medicine collection required; elderly living alone,Medicine not collected,Verify medicine availability and coordinate collection support.,ASHA
E0003222,P002917,0.2824265379508368,LOW,medicine collection required; low digital access; previous teleconsultation history,Medicine not collected,Verify medicine availability and coordinate collection support.,ASHA
E0004315,P000085,0.2818228240401557,LOW,medicine collection required; low digital access; previous teleconsultation history,Medicine not collected,Verify medicine availability and coordinate collection support.,ASHA
E0002319,P002101,0.2801243577729844,LOW,long distance to facility; follow-up review required,Review not attended,Schedule reminder and coordinate follow-up review.,CHO
E0001202,P001101,0.2798042461759484,LOW,long distance to facility; follow-up review required; previous teleconsultation history,Review not attended,Schedule reminder and coordinate follow-up review.,CHO
E0003884,P003534,0.279679460732142,LOW,long distance to facility; follow-up review required; previous teleconsultation history,Review not attended,Schedule reminder and coordinate follow-up review.,CHO
E0000078,P000065,0.2794540288452342,LOW,long distance to facility; follow-up review required; previous teleconsultation history,Review not attended,Schedule reminder and coordinate follow-up review.,CHO
E0001596,P001450,0.2779806530395288,LOW,long distance to facility; follow-up review required; previous teleconsultation history,Review not attended,Schedule reminder and coordinate follow-up review.,CHO
E0004439,P000210,0.2778245747605026,LOW,long distance to facility; medicine collection required; elderly living alone; previous teleconsultation history,Medicine not collected,Verify medicine availability and coordinate collection support.,ASHA
E0000659,P000589,0.2758485258808343,LOW,medicine collection required,Medicine not collected,Verify medicine availability and coordinate collection support.,ASHA
E0003117,P002816,0.2756943909685861,LOW,long distance to facility; diagnostic test required,Test not completed,Confirm test availability and coordinate completion.,CHO
E0000271,P000240,0.2751841012422782,LOW,diagnostic test required; follow-up review required; low digital access; complex care requirements,Review not attended,Schedule reminder and coordinate follow-up review.,CHO
E0003318,P003005,0.2747664650881674,LOW,long distance to facility; medicine collection required,Medicine not collected,Verify medicine availability and coordinate collection support.,ASHA
E0005013,P004547,0.2732196920990548,LOW,diagnostic test required; follow-up review required; complex care requirements,Review not attended,Schedule reminder and coordinate follow-up review.,CHO
E0005280,P003467,0.2729389613248127,LOW,long distance to facility; diagnostic test required; previous teleconsultation history,Test not completed,Confirm test availability and coordinate completion.,CHO
E0003309,P002996,0.2728237996274242,LOW,diagnostic test required; follow-up review required; complex care requirements,Review not attended,Schedule reminder and coordinate follow-up review.,CHO
E0000997,P000916,0.2724858906943745,LOW,long distance to facility; follow-up review required; previous teleconsultation history,Review not attended,Schedule reminder and coordinate follow-up review.,CHO
E0004228,P003853,0.2722731280090485,LOW,medicine collection required,Medicine not collected,Verify medicine availability and coordinate collection support.,ASHA
E0005239,P004756,0.2718277886162468,LOW,long distance to facility; follow-up review required; previous teleconsultation history,Review not attended,Schedule reminder and coordinate follow-up review.,CHO
E0003217,P002913,0.2715662859521217,LOW,long distance to facility; follow-up review required; previous teleconsultation history,Review not attended,Schedule reminder and coordinate follow-up review.,CHO
E0004541,P004135,0.2692090763635646,LOW,long distance to facility; diagnostic test required; previous teleconsultation history,Test not completed,Confirm test availability and coordinate completion.,CHO
E0000087,P000074,0.2689911258422701,LOW,medicine collection required; elderly living alone; previous teleconsultation history,Medicine not collected,Verify medicine availability and coordinate collection support.,ASHA
E0002878,P002594,0.2682204610443098,LOW,long distance to facility; diagnostic test required; previous teleconsultation history,Test not completed,Confirm test availability and coordinate completion.,CHO
E0001847,P001675,0.2674199487998234,LOW,long distance to facility; follow-up review required,Review not attended,Schedule reminder and coordinate follow-up review.,CHO
E0002003,P001825,0.2672382866739894,LOW,long distance to facility; medicine collection required,Medicine not collected,Verify medicine availability and coordinate collection support.,ASHA
E0002553,P002304,0.2670204975520287,LOW,long distance to facility; follow-up review required,Review not attended,Schedule reminder and coordinate follow-up review.,CHO
E0000983,P000902,0.26679102044153,LOW,long distance to facility; medicine collection required,Medicine not collected,Verify medicine availability and coordinate collection support.,ASHA
E0001827,P001659,0.2667303146597159,LOW,long distance to facility; medicine collection required; previous teleconsultation history,Medicine not collected,Verify medicine availability and coordinate collection support.,ASHA
E0001857,P000342,0.2662322744821784,LOW,long distance to facility; follow-up review required; previous teleconsultation history,Review not attended,Schedule reminder and coordinate follow-up review.,CHO
E0000691,P000618,0.2659155648339431,LOW,long distance to facility; follow-up review required; previous teleconsultation history,Review not attended,Schedule reminder and coordinate follow-up review.,CHO
E0002013,P001832,0.2648616937390652,LOW,long distance to facility; medicine collection required; previous teleconsultation history,Medicine not collected,Verify medicine availability and coordinate collection support.,ASHA
E0004321,P003936,0.2638207812022464,LOW,medicine collection required,Medicine not collected,Verify medicine availability and coordinate collection support.,ASHA
E0003142,P002832,0.263509207641385,LOW,medicine collection required; low digital access; previous teleconsultation history,Medicine not collected,Verify medicine availability and coordinate collection support.,ASHA
E0004562,P004155,0.2629699770521732,LOW,long distance to facility; medicine collection required,Medicine not collected,Verify medicine availability and coordinate collection support.,ASHA
E0001839,P001668,0.26093588399287,LOW,long distance to facility; follow-up review required; previous teleconsultation history,Review not attended,Schedule reminder and coordinate follow-up review.,CHO
E0001577,P001433,0.2593832109445054,LOW,diagnostic test required; follow-up review required; complex care requirements; previous teleconsultation history,Review not attended,Schedule reminder and coordinate follow-up review.,CHO
E0000656,P000586,0.2586878697345789,LOW,medicine collection required,Medicine not collected,Verify medicine availability and coordinate collection support.,ASHA
E0004818,P004378,0.2586191157087952,LOW,long distance to facility; follow-up review required; previous teleconsultation history,Review not attended,Schedule reminder and coordinate follow-up review.,CHO
E0004199,P003824,0.2578983401520015,LOW,long distance to facility; follow-up review required,Review not attended,Schedule reminder and coordinate follow-up review.,CHO
E0002788,P002522,0.2577060900617291,LOW,medicine collection required,Medicine not collected,Verify medicine availability and coordinate collection support.,ASHA
E0002139,P001934,0.2572518922887872,LOW,medicine collection required; elderly living alone; previous teleconsultation history,Medicine not collected,Verify medicine availability and coordinate collection support.,ASHA
E0002454,P002223,0.2571287972735562,LOW,long distance to facility; medicine collection required; previous teleconsultation history,Medicine not collected,Verify medicine availability and coordinate collection support.,ASHA
E0001359,P001240,0.2557317572025689,LOW,long distance to facility; follow-up review required; previous teleconsultation history,Review not attended,Schedule reminder and coordinate follow-up review.,CHO
E0003672,P003328,0.2553811353702463,LOW,diagnostic test required; follow-up review required; complex care requirements; previous teleconsultation history,Review not attended,Schedule reminder and coordinate follow-up review.,CHO
E0004796,P001043,0.2544478562113975,LOW,long distance to facility; medicine collection required; previous teleconsultation history,Medicine not collected,Verify medicine availability and coordinate collection support.,ASHA
E0003479,P003151,0.2535667047048092,LOW,diagnostic test required; follow-up review required; low digital access; complex care requirements,Review not attended,Schedule reminder and coordinate follow-up review.,CHO
E0001957,P001783,0.2535565826461667,LOW,medicine collection required; low digital access,Medicine not collected,Verify medicine availability and coordinate collection support.,ASHA
E0000489,P000432,0.2531156362640123,LOW,diagnostic test required; follow-up review required; complex care requirements; previous teleconsultation history,Review not attended,Schedule reminder and coordinate follow-up review.,CHO
E0000902,P000823,0.2527366596001051,LOW,long distance to facility; follow-up review required,Review not attended,Schedule reminder and coordinate follow-up review.,CHO
E0003076,P002783,0.2524641211590949,LOW,medicine collection required,Medicine not collected,Verify medicine availability and coordinate collection support.,ASHA
E0000621,P000551,0.252289680596814,LOW,medicine collection required; low digital access,Medicine not collected,Verify medicine availability and coordinate collection support.,ASHA
E0001690,P001539,0.2520121086886151,LOW,long distance to facility; follow-up review required,Review not attended,Schedule reminder and coordinate follow-up review.,CHO
E0002187,P001978,0.2518951456725434,LOW,medicine collection required,Medicine not collected,Verify medicine availability and coordinate collection support.,ASHA
E0004993,P004527,0.2517647373815871,LOW,long distance to facility; diagnostic test required; previous teleconsultation history,Test not completed,Confirm test availability and coordinate completion.,CHO
E0000270,P000240,0.2514451334508151,LOW,medicine collection required; low digital access,Medicine not collected,Verify medicine availability and coordinate collection support.,ASHA
E0000805,P000725,0.2502218569602225,LOW,diagnostic test required; follow-up review required; complex care requirements,Review not attended,Schedule reminder and coordinate follow-up review.,CHO
E0002462,P002231,0.2498707331772519,LOW,long distance to facility; follow-up review required; previous teleconsultation history,Review not attended,Schedule reminder and coordinate follow-up review.,CHO
E0005208,P004730,0.2492756077070194,LOW,medicine collection required; low digital access; previous teleconsultation history,Medicine not collected,Verify medicine availability and coordinate collection support.,ASHA
E0004355,P003962,0.2491880176129686,LOW,long distance to facility; follow-up review required,Review not attended,Schedule reminder and coordinate follow-up review.,CHO
E0000029,P000022,0.2488371617500108,LOW,medicine collection required; low digital access; previous teleconsultation history,Medicine not collected,Verify medicine availability and coordinate collection support.,ASHA
E0003592,P003255,0.2488166803104351,LOW,long distance to facility; follow-up review required,Review not attended,Schedule reminder and coordinate follow-up review.,CHO
E0000327,P000292,0.2480360074164553,LOW,medicine collection required; previous teleconsultation history,Medicine not collected,Verify medicine availability and coordinate collection support.,ASHA
E0003044,P000255,0.2480343870184679,LOW,diagnostic test required; follow-up review required; complex care requirements; previous teleconsultation history,Review not attended,Schedule reminder and coordinate follow-up review.,CHO
E0005031,P004561,0.2471333036255967,LOW,medicine collection required,Medicine not collected,Verify medicine availability and coordinate collection support.,ASHA
E0001140,P001045,0.2462946341202163,LOW,medicine collection required; low digital access; previous teleconsultation history,Medicine not collected,Verify medicine availability and coordinate collection support.,ASHA
E0001582,P001439,0.2462099598940128,LOW,long distance to facility; diagnostic test required,Test not completed,Confirm test availability and coordinate completion.,CHO
E0005141,P004664,0.2453702895894139,LOW,long distance to facility; follow-up review required; low digital access,Review not attended,Schedule reminder and coordinate follow-up review.,CHO
E0001894,P001717,0.2451935265871269,LOW,long distance to facility; diagnostic test required,Test not completed,Confirm test availability and coordinate completion.,CHO
E0004979,P004516,0.2447326489967472,LOW,long distance to facility; follow-up review required; previous teleconsultation history,Review not attended,Schedule reminder and coordinate follow-up review.,CHO
E0003798,P001148,0.2439554192837305,LOW,long distance to facility; low digital access; previous teleconsultation history,Care journey monitoring,Conduct proactive follow-up and confirm care completion.,ASHA
E0004174,P003799,0.2424992250203397,LOW,diagnostic test required; follow-up review required; complex care requirements; previous teleconsultation history,Review not attended,Schedule reminder and coordinate follow-up review.,CHO
E0000890,P000808,0.2408454787476445,LOW,long distance to facility; follow-up review required,Review not attended,Schedule reminder and coordinate follow-up review.,CHO
E0001050,P000966,0.2399496158385491,LOW,medicine collection required,Medicine not collected,Verify medicine availability and coordinate collection support.,ASHA
E0000644,P000574,0.2375112846054837,LOW,long distance to facility; medicine collection required; previous teleconsultation history,Medicine not collected,Verify medicine availability and coordinate collection support.,ASHA
E0003165,P000219,0.2368428852082612,LOW,long distance to facility; follow-up review required; previous teleconsultation history,Review not attended,Schedule reminder and coordinate follow-up review.,CHO
E0001983,P001809,0.2356745692114192,LOW,long distance to facility,Care journey monitoring,Conduct proactive follow-up and confirm care completion.,ASHA
E0002589,P002340,0.2341705232726697,LOW,long distance to facility; diagnostic test required,Test not completed,Confirm test availability and coordinate completion.,CHO
E0005037,P004567,0.2327650161761696,LOW,medicine collection required,Medicine not collected,Verify medicine availability and coordinate collection support.,ASHA
E0000685,P000614,0.2309249264650628,LOW,medicine collection required,Medicine not collected,Verify medicine availability and coordinate collection support.,ASHA
E0003658,P001210,0.2306290360374238,LOW,long distance to facility; diagnostic test required; previous teleconsultation history,Test not completed,Confirm test availability and coordinate completion.,CHO
E0003964,P003611,0.2302784531688716,LOW,diagnostic test required; follow-up review required; complex care requirements,Review not attended,Schedule reminder and coordinate follow-up review.,CHO
E0000851,P000770,0.2296242992143998,LOW,medicine collection required; previous teleconsultation history,Medicine not collected,Verify medicine availability and coordinate collection support.,ASHA
E0002337,P002117,0.22946674168401,LOW,long distance to facility; follow-up review required,Review not attended,Schedule reminder and coordinate follow-up review.,CHO
E0005447,P004942,0.2294626059784794,LOW,long distance to facility; follow-up review required; low digital access,Review not attended,Schedule reminder and coordinate follow-up review.,CHO
E0000267,P000236,0.2294032545227849,LOW,long distance to facility; follow-up review required; previous teleconsultation history,Review not attended,Schedule reminder and coordinate follow-up review.,CHO
E0005027,P004558,0.22920392415587,LOW,medicine collection required,Medicine not collected,Verify medicine availability and coordinate collection support.,ASHA
E0004990,P004525,0.2285834375345319,LOW,medicine collection required; previous teleconsultation history,Medicine not collected,Verify medicine availability and coordinate collection support.,ASHA
E0003174,P002861,0.2282349415191046,LOW,medicine collection required; previous teleconsultation history,Medicine not collected,Verify medicine availability and coordinate collection support.,ASHA
E0005015,P004549,0.2282041616603471,LOW,long distance to facility; diagnostic test required; elderly living alone,Test not completed,Confirm test availability and coordinate completion.,CHO
E0003299,P002987,0.2275255498484939,LOW,long distance to facility; follow-up review required,Review not attended,Schedule reminder and coordinate follow-up review.,CHO
E0004348,P003955,0.2273826220292493,LOW,long distance to facility; follow-up review required; previous teleconsultation history,Review not attended,Schedule reminder and coordinate follow-up review.,CHO
E0002817,P002546,0.2267708402979054,LOW,long distance to facility; follow-up review required,Review not attended,Schedule reminder and coordinate follow-up review.,CHO
E0000928,P000848,0.2262799006730912,LOW,long distance to facility; diagnostic test required,Test not completed,Confirm test availability and coordinate completion.,CHO
E0003352,P003038,0.2250624850173146,LOW,medicine collection required; previous teleconsultation history,Medicine not collected,Verify medicine availability and coordinate collection support.,ASHA
E0001830,P001662,0.2233556272424843,LOW,long distance to facility; medicine collection required; previous teleconsultation history,Medicine not collected,Verify medicine availability and coordinate collection support.,ASHA
E0003752,P003410,0.2211615142301626,LOW,long distance to facility; follow-up review required; previous teleconsultation history,Review not attended,Schedule reminder and coordinate follow-up review.,CHO
E0001550,P001413,0.2210880814523744,LOW,long distance to facility; follow-up review required; previous teleconsultation history,Review not attended,Schedule reminder and coordinate follow-up review.,CHO
E0004787,P004353,0.2197289374754621,LOW,long distance to facility; diagnostic test required,Test not completed,Confirm test availability and coordinate completion.,CHO
E0000187,P000161,0.2191377373938051,LOW,long distance to facility; follow-up review required; previous teleconsultation history,Review not attended,Schedule reminder and coordinate follow-up review.,CHO
E0003250,P002940,0.2186182197304821,LOW,long distance to facility; diagnostic test required; previous teleconsultation history,Test not completed,Confirm test availability and coordinate completion.,CHO
E0001411,P001288,0.218306580833016,LOW,diagnostic test required; follow-up review required; complex care requirements; previous teleconsultation history,Review not attended,Schedule reminder and coordinate follow-up review.,CHO
E0001763,P001606,0.2174695316678437,LOW,long distance to facility,Care journey monitoring,Conduct proactive follow-up and confirm care completion.,ASHA
E0000131,P000113,0.2166222697897295,LOW,medicine collection required; previous teleconsultation history,Medicine not collected,Verify medicine availability and coordinate collection support.,ASHA
E0003761,P002906,0.2158447786256789,LOW,long distance to facility; diagnostic test required,Test not completed,Confirm test availability and coordinate completion.,CHO
E0002023,P001841,0.2157209106848644,LOW,medicine collection required; previous teleconsultation history,Medicine not collected,Verify medicine availability and coordinate collection support.,ASHA
E0002796,P002528,0.2151767256792122,LOW,long distance to facility; diagnostic test required; previous teleconsultation history,Test not completed,Confirm test availability and coordinate completion.,CHO
E0002972,P002684,0.21304062460333,LOW,medicine collection required,Medicine not collected,Verify medicine availability and coordinate collection support.,ASHA
E0001984,P001810,0.2106851703059752,LOW,long distance to facility,Care journey monitoring,Conduct proactive follow-up and confirm care completion.,ASHA
E0005230,P004749,0.2093261533835896,LOW,follow-up review required; elderly living alone; previous teleconsultation history,Review not attended,Schedule reminder and coordinate follow-up review.,CHO
E0001222,P001120,0.208241897949392,LOW,medicine collection required; previous teleconsultation history,Medicine not collected,Verify medicine availability and coordinate collection support.,ASHA
E0002486,P002253,0.2077305374576091,LOW,long distance to facility; diagnostic test required,Test not completed,Confirm test availability and coordinate completion.,CHO
E0002921,P002638,0.2074950101079659,LOW,long distance to facility; follow-up review required; previous teleconsultation history,Review not attended,Schedule reminder and coordinate follow-up review.,CHO
E0004853,P004410,0.207274973747276,LOW,long distance to facility; follow-up review required; low digital access; previous teleconsultation history,Review not attended,Schedule reminder and coordinate follow-up review.,CHO
E0002400,P002178,0.2070418962491114,LOW,long distance to facility; follow-up review required,Review not attended,Schedule reminder and coordinate follow-up review.,CHO
E0004019,P003664,0.2065548245299205,LOW,long distance to facility; diagnostic test required,Test not completed,Confirm test availability and coordinate completion.,CHO
E0000866,P000783,0.2061407788919003,LOW,long distance to facility; follow-up review required,Review not attended,Schedule reminder and coordinate follow-up review.,CHO
E0001562,P001424,0.2047614148707654,LOW,long distance to facility,Care journey monitoring,Conduct proactive follow-up and confirm care completion.,ASHA
E0003849,P003503,0.2046113471178721,LOW,medicine collection required; previous teleconsultation history,Medicine not collected,Verify medicine availability and coordinate collection support.,ASHA
E0002893,P002609,0.2014198091137858,LOW,long distance to facility; diagnostic test required; elderly living alone,Test not completed,Confirm test availability and coordinate completion.,CHO
E0001335,P001221,0.2011006575144834,LOW,medicine collection required; previous teleconsultation history,Medicine not collected,Verify medicine availability and coordinate collection support.,ASHA
E0002402,P002180,0.200980683463995,LOW,medicine collection required,Medicine not collected,Verify medicine availability and coordinate collection support.,ASHA
E0004171,P003796,0.2006047807752796,LOW,long distance to facility; follow-up review required,Review not attended,Schedule reminder and coordinate follow-up review.,CHO
E0000873,P000790,0.2003521930964537,LOW,long distance to facility; follow-up review required,Review not attended,Schedule reminder and coordinate follow-up review.,CHO
E0004392,P003993,0.199410495474129,LOW,long distance to facility; follow-up review required,Review not attended,Schedule reminder and coordinate follow-up review.,CHO
E0002405,P002183,0.1992425020649319,LOW,medicine collection required,Medicine not collected,Verify medicine availability and coordinate collection support.,ASHA
E0005042,P004573,0.1988622802910626,LOW,long distance to facility; follow-up review required,Review not attended,Schedule reminder and coordinate follow-up review.,CHO
E0002764,P002496,0.1988514689869819,LOW,long distance to facility; follow-up review required,Review not attended,Schedule reminder and coordinate follow-up review.,CHO
E0001772,P001612,0.1970930728427663,LOW,long distance to facility; follow-up review required; previous teleconsultation history,Review not attended,Schedule reminder and coordinate follow-up review.,CHO
E0004207,P003832,0.1968849652047464,LOW,follow-up review required; elderly living alone,Review not attended,Schedule reminder and coordinate follow-up review.,CHO
E0005439,P004935,0.1963879660161335,LOW,long distance to facility; follow-up review required,Review not attended,Schedule reminder and coordinate follow-up review.,CHO
E0005297,P004807,0.1960162145850909,LOW,follow-up review required,Review not attended,Schedule reminder and coordinate follow-up review.,CHO
E0001394,P001270,0.194750701661663,LOW,long distance to facility,Care journey monitoring,Conduct proactive follow-up and confirm care completion.,ASHA
E0003374,P003060,0.1945361721649016,LOW,long distance to facility; follow-up review required; previous teleconsultation history,Review not attended,Schedule reminder and coordinate follow-up review.,CHO
E0000105,P000090,0.1944778374865923,LOW,long distance to facility; follow-up review required; previous teleconsultation history,Review not attended,Schedule reminder and coordinate follow-up review.,CHO
E0001692,P001540,0.1943112615298822,LOW,follow-up review required,Review not attended,Schedule reminder and coordinate follow-up review.,CHO
E0001614,P001470,0.1926707005664982,LOW,long distance to facility; previous teleconsultation history,Care journey monitoring,Conduct proactive follow-up and confirm care completion.,ASHA
E0003109,P002811,0.1925775983468854,LOW,long distance to facility; follow-up review required,Review not attended,Schedule reminder and coordinate follow-up review.,CHO
E0002797,P002530,0.1924464088552124,LOW,long distance to facility; diagnostic test required,Test not completed,Confirm test availability and coordinate completion.,CHO
E0002403,P002180,0.1923851961685021,LOW,medicine collection required; previous teleconsultation history,Medicine not collected,Verify medicine availability and coordinate collection support.,ASHA
E0005306,P004813,0.1914468144051117,LOW,long distance to facility; medicine collection required; previous teleconsultation history,Medicine not collected,Verify medicine availability and coordinate collection support.,ASHA
E0004762,P004329,0.1904421434086947,LOW,medicine collection required; previous teleconsultation history,Medicine not collected,Verify medicine availability and coordinate collection support.,ASHA
E0004447,P004047,0.1900909006969752,LOW,long distance to facility; previous teleconsultation history,Care journey monitoring,Conduct proactive follow-up and confirm care completion.,ASHA
E0004151,P003778,0.189557366980765,LOW,follow-up review required,Review not attended,Schedule reminder and coordinate follow-up review.,CHO
E0000411,P000362,0.1879066824169677,LOW,long distance to facility; diagnostic test required,Test not completed,Confirm test availability and coordinate completion.,CHO
E0002052,P001862,0.1873842948212644,LOW,long distance to facility; follow-up review required; previous teleconsultation history,Review not attended,Schedule reminder and coordinate follow-up review.,CHO
E0002516,P000207,0.1866076226589772,LOW,follow-up review required; previous teleconsultation history,Review not attended,Schedule reminder and coordinate follow-up review.,CHO
E0005469,P004960,0.1840231636845153,LOW,follow-up review required; previous teleconsultation history,Review not attended,Schedule reminder and coordinate follow-up review.,CHO
E0001134,P001040,0.1840155768914242,LOW,medicine collection required; previous teleconsultation history,Medicine not collected,Verify medicine availability and coordinate collection support.,ASHA
E0004301,P003919,0.1832833773861147,LOW,follow-up review required,Review not attended,Schedule reminder and coordinate follow-up review.,CHO
E0001934,P001759,0.1828081313600871,LOW,long distance to facility; follow-up review required; previous teleconsultation history,Review not attended,Schedule reminder and coordinate follow-up review.,CHO
E0001008,P000928,0.181317810401803,LOW,follow-up review required; previous teleconsultation history,Review not attended,Schedule reminder and coordinate follow-up review.,CHO
E0000464,P000409,0.1811278132618565,LOW,follow-up review required,Review not attended,Schedule reminder and coordinate follow-up review.,CHO
E0000197,P000173,0.1807304871374936,LOW,long distance to facility; follow-up review required; previous teleconsultation history,Review not attended,Schedule reminder and coordinate follow-up review.,CHO
E0004020,P003664,0.180491124244718,LOW,long distance to facility; follow-up review required; previous teleconsultation history,Review not attended,Schedule reminder and coordinate follow-up review.,CHO
E0004296,P003915,0.1800987946555652,LOW,long distance to facility; follow-up review required; previous teleconsultation history,Review not attended,Schedule reminder and coordinate follow-up review.,CHO
E0005204,P004726,0.1799172198732735,LOW,long distance to facility; follow-up review required,Review not attended,Schedule reminder and coordinate follow-up review.,CHO
E0005171,P004692,0.1797800025864487,LOW,long distance to facility; follow-up review required,Review not attended,Schedule reminder and coordinate follow-up review.,CHO
E0005110,P004634,0.1784160482297802,LOW,follow-up review required; previous teleconsultation history,Review not attended,Schedule reminder and coordinate follow-up review.,CHO
E0000436,P000385,0.1779304257181702,LOW,follow-up review required,Review not attended,Schedule reminder and coordinate follow-up review.,CHO
E0003629,P003291,0.1768807422786703,LOW,follow-up review required; previous teleconsultation history,Review not attended,Schedule reminder and coordinate follow-up review.,CHO
E0005039,P002355,0.1767858513125987,LOW,follow-up review required; previous teleconsultation history,Review not attended,Schedule reminder and coordinate follow-up review.,CHO
E0005270,P004786,0.1766498543164883,LOW,long distance to facility; elderly living alone,Care journey monitoring,Conduct proactive follow-up and confirm care completion.,ASHA
E0005465,P004957,0.175505861828612,LOW,follow-up review required,Review not attended,Schedule reminder and coordinate follow-up review.,CHO
E0001987,P001580,0.1752393699266447,LOW,follow-up review required; previous teleconsultation history,Review not attended,Schedule reminder and coordinate follow-up review.,CHO
E0004319,P003468,0.1751342703207261,LOW,long distance to facility; previous teleconsultation history,Care journey monitoring,Conduct proactive follow-up and confirm care completion.,ASHA
E0004923,P004469,0.1743895783007742,LOW,long distance to facility,Care journey monitoring,Conduct proactive follow-up and confirm care completion.,ASHA
E0002996,P002708,0.1743735412227825,LOW,medicine collection required; previous teleconsultation history,Medicine not collected,Verify medicine availability and coordinate collection support.,ASHA
E0004260,P003881,0.1739616945172418,LOW,diagnostic test required; elderly living alone,Test not completed,Confirm test availability and coordinate completion.,CHO
E0004170,P003795,0.173874089963771,LOW,long distance to facility; diagnostic test required; previous teleconsultation history,Test not completed,Confirm test availability and coordinate completion.,CHO
E0003112,P002812,0.172341200230525,LOW,long distance to facility; follow-up review required; previous teleconsultation history,Review not attended,Schedule reminder and coordinate follow-up review.,CHO
E0002684,P002422,0.1722035559182138,LOW,medicine collection required; previous teleconsultation history,Medicine not collected,Verify medicine availability and coordinate collection support.,ASHA
E0000962,P000879,0.1719748985989316,LOW,long distance to facility; diagnostic test required; previous teleconsultation history,Test not completed,Confirm test availability and coordinate completion.,CHO
E0004875,P004429,0.1699381731786092,LOW,follow-up review required; previous teleconsultation history,Review not attended,Schedule reminder and coordinate follow-up review.,CHO
E0000048,P000038,0.1696074951358339,LOW,long distance to facility; low digital access; previous teleconsultation history,Care journey monitoring,Conduct proactive follow-up and confirm care completion.,ASHA
E0002339,P002119,0.1671346283350754,LOW,long distance to facility,Care journey monitoring,Conduct proactive follow-up and confirm care completion.,ASHA
E0003011,P002720,0.1671089426013039,LOW,follow-up review required,Review not attended,Schedule reminder and coordinate follow-up review.,CHO
E0004672,P004244,0.1659124269202322,LOW,long distance to facility; diagnostic test required; previous teleconsultation history,Test not completed,Confirm test availability and coordinate completion.,CHO
E0000513,P000450,0.1657667381632573,LOW,diagnostic test required; low digital access,Test not completed,Confirm test availability and coordinate completion.,CHO
E0001198,P001098,0.1649806541493314,LOW,long distance to facility,Care journey monitoring,Conduct proactive follow-up and confirm care completion.,ASHA
E0003553,P003220,0.1644564838972273,LOW,follow-up review required; previous teleconsultation history,Review not attended,Schedule reminder and coordinate follow-up review.,CHO
E0003252,P002941,0.1628035054525138,LOW,follow-up review required; previous teleconsultation history,Review not attended,Schedule reminder and coordinate follow-up review.,CHO
E0000331,P000294,0.1624677185381794,LOW,follow-up review required; previous teleconsultation history,Review not attended,Schedule reminder and coordinate follow-up review.,CHO
E0002429,P002202,0.1617128745106388,LOW,diagnostic test required,Test not completed,Confirm test availability and coordinate completion.,CHO
E0000410,P000361,0.16102716564603,LOW,follow-up review required; elderly living alone; previous teleconsultation history,Review not attended,Schedule reminder and coordinate follow-up review.,CHO
E0001167,P001072,0.1593809415794559,LOW,follow-up review required,Review not attended,Schedule reminder and coordinate follow-up review.,CHO
E0001704,P001552,0.1577108604543685,LOW,long distance to facility,Care journey monitoring,Conduct proactive follow-up and confirm care completion.,ASHA
E0002905,P002622,0.1575875263284805,LOW,follow-up review required; previous teleconsultation history,Review not attended,Schedule reminder and coordinate follow-up review.,CHO
E0004645,P004223,0.1570178967571305,LOW,long distance to facility; previous teleconsultation history,Care journey monitoring,Conduct proactive follow-up and confirm care completion.,ASHA
E0004050,P003690,0.1557301056938657,LOW,follow-up review required; low digital access,Review not attended,Schedule reminder and coordinate follow-up review.,CHO
E0003233,P002924,0.1557296495361716,LOW,follow-up review required; elderly living alone; previous teleconsultation history,Review not attended,Schedule reminder and coordinate follow-up review.,CHO
E0003372,P003059,0.1541325464143775,LOW,long distance to facility; diagnostic test required,Test not completed,Confirm test availability and coordinate completion.,CHO
E0001010,P000930,0.1539156641693046,LOW,long distance to facility; low digital access,Care journey monitoring,Conduct proactive follow-up and confirm care completion.,ASHA
E0002179,P001972,0.1530287192414362,LOW,follow-up review required,Review not attended,Schedule reminder and coordinate follow-up review.,CHO
E0002328,P002108,0.1525769007231941,LOW,long distance to facility; previous teleconsultation history,Care journey monitoring,Conduct proactive follow-up and confirm care completion.,ASHA
E0004241,P003864,0.1518334701199477,LOW,long distance to facility; previous teleconsultation history,Care journey monitoring,Conduct proactive follow-up and confirm care completion.,ASHA
E0001169,P001074,0.1511156715029844,LOW,long distance to facility; diagnostic test required; previous teleconsultation history,Test not completed,Confirm test availability and coordinate completion.,CHO
E0000835,P000756,0.150942215811804,LOW,diagnostic test required,Test not completed,Confirm test availability and coordinate completion.,CHO
E0003481,P003152,0.1493897253921891,LOW,follow-up review required; previous teleconsultation history,Review not attended,Schedule reminder and coordinate follow-up review.,CHO
E0000129,P000110,0.147654876874234,LOW,long distance to facility; previous teleconsultation history,Care journey monitoring,Conduct proactive follow-up and confirm care completion.,ASHA
E0003220,P002915,0.1472492861049772,LOW,follow-up review required; previous teleconsultation history,Review not attended,Schedule reminder and coordinate follow-up review.,CHO
E0000092,P000079,0.144442259233951,LOW,diagnostic test required; low digital access,Test not completed,Confirm test availability and coordinate completion.,CHO
E0002823,P002551,0.1434867890204842,LOW,long distance to facility,Care journey monitoring,Conduct proactive follow-up and confirm care completion.,ASHA
E0004288,P003909,0.141467306320026,LOW,follow-up review required; previous teleconsultation history,Review not attended,Schedule reminder and coordinate follow-up review.,CHO
E0003151,P002840,0.1404704618176205,LOW,follow-up review required,Review not attended,Schedule reminder and coordinate follow-up review.,CHO
E0004139,P002801,0.1375817616913504,LOW,diagnostic test required; previous teleconsultation history,Test not completed,Confirm test availability and coordinate completion.,CHO
E0004905,P004454,0.1354776392388596,LOW,long distance to facility; previous teleconsultation history,Care journey monitoring,Conduct proactive follow-up and confirm care completion.,ASHA
E0002322,P002103,0.1349376611996327,LOW,follow-up review required; previous teleconsultation history,Review not attended,Schedule reminder and coordinate follow-up review.,CHO
E0001368,P001247,0.1345060461618517,LOW,follow-up review required,Review not attended,Schedule reminder and coordinate follow-up review.,CHO
E0004096,P003732,0.133679178293811,LOW,long distance to facility; low digital access; previous teleconsultation history,Care journey monitoring,Conduct proactive follow-up and confirm care completion.,ASHA
E0000838,P000758,0.1329027759931381,LOW,long distance to facility; previous teleconsultation history,Care journey monitoring,Conduct proactive follow-up and confirm care completion.,ASHA
E0004509,P004106,0.1326364117452493,LOW,diagnostic test required,Test not completed,Confirm test availability and coordinate completion.,CHO
E0001268,P001164,0.1307435542225148,LOW,long distance to facility; previous teleconsultation history,Care journey monitoring,Conduct proactive follow-up and confirm care completion.,ASHA
E0002634,P002381,0.1295297820293887,LOW,long distance to facility; previous teleconsultation history,Care journey monitoring,Conduct proactive follow-up and confirm care completion.,ASHA
E0004981,P004518,0.1290705787715351,LOW,long distance to facility,Care journey monitoring,Conduct proactive follow-up and confirm care completion.,ASHA
E0003832,P003491,0.1283759376185244,LOW,long distance to facility,Care journey monitoring,Conduct proactive follow-up and confirm care completion.,ASHA
E0004600,P004187,0.1279674380273481,LOW,follow-up review required; previous teleconsultation history,Review not attended,Schedule reminder and coordinate follow-up review.,CHO
E0002931,P002648,0.1277310856552219,LOW,long distance to facility,Care journey monitoring,Conduct proactive follow-up and confirm care completion.,ASHA
E0002687,P002424,0.1244755313152649,LOW,long distance to facility; previous teleconsultation history,Care journey monitoring,Conduct proactive follow-up and confirm care completion.,ASHA
E0005354,P004855,0.1207291530333998,LOW,long distance to facility; low digital access,Care journey monitoring,Conduct proactive follow-up and confirm care completion.,ASHA
E0002987,P002702,0.1204006894279544,LOW,long distance to facility,Care journey monitoring,Conduct proactive follow-up and confirm care completion.,ASHA
E0003382,P003066,0.1195096027049428,LOW,long distance to facility; low digital access,Care journey monitoring,Conduct proactive follow-up and confirm care completion.,ASHA
E0005191,P004711,0.1152819649075302,LOW,long distance to facility; previous teleconsultation history,Care journey monitoring,Conduct proactive follow-up and confirm care completion.,ASHA
E0002880,P002595,0.1150379092618632,LOW,diagnostic test required; previous teleconsultation history,Test not completed,Confirm test availability and coordinate completion.,CHO
E0002981,P002693,0.1130225430495103,LOW,long distance to facility,Care journey monitoring,Conduct proactive follow-up and confirm care completion.,ASHA
E0003867,P003522,0.1121862707400263,LOW,long distance to facility; previous teleconsultation history,Care journey monitoring,Conduct proactive follow-up and confirm care completion.,ASHA
E0000176,P000155,0.1113875123485082,LOW,long distance to facility; previous teleconsultation history,Care journey monitoring,Conduct proactive follow-up and confirm care completion.,ASHA
E0002554,P002304,0.1058081213954416,LOW,long distance to facility; previous teleconsultation history,Care journey monitoring,Conduct proactive follow-up and confirm care completion.,ASHA
E0002627,P002376,0.1048527100934675,LOW,long distance to facility,Care journey monitoring,Conduct proactive follow-up and confirm care completion.,ASHA
E0003567,P003230,0.0995587398574542,LOW,long distance to facility; previous teleconsultation history,Care journey monitoring,Conduct proactive follow-up and confirm care completion.,ASHA
E0004331,P002398,0.0987942300768518,LOW,long distance to facility; low digital access; previous teleconsultation history,Care journey monitoring,Conduct proactive follow-up and confirm care completion.,ASHA
E0002517,P000493,0.0947329295379858,LOW,long distance to facility; previous teleconsultation history,Care journey monitoring,Conduct proactive follow-up and confirm care completion.,ASHA
E0002168,P001962,0.0941129973777717,LOW,long distance to facility,Care journey monitoring,Conduct proactive follow-up and confirm care completion.,ASHA
E0005362,P004865,0.0898679276123551,LOW,long distance to facility,Care journey monitoring,Conduct proactive follow-up and confirm care completion.,ASHA
E0003959,P001768,0.0888609475460851,LOW,long distance to facility; previous teleconsultation history,Care journey monitoring,Conduct proactive follow-up and confirm care completion.,ASHA
E0004579,P004169,0.08883119211863,LOW,long distance to facility; previous teleconsultation history,Care journey monitoring,Conduct proactive follow-up and confirm care completion.,ASHA
E0004706,P004278,0.0874805395583901,LOW,long distance to facility,Care journey monitoring,Conduct proactive follow-up and confirm care completion.,ASHA
E0004927,P004472,0.0843745115926999,LOW,long distance to facility,Care journey monitoring,Conduct proactive follow-up and confirm care completion.,ASHA
E0002284,P002066,0.082715690947874,LOW,long distance to facility,Care journey monitoring,Conduct proactive follow-up and confirm care completion.,ASHA
E0002222,P002010,0.0763748297513252,LOW,low digital access; previous teleconsultation history,Care journey monitoring,Conduct proactive follow-up and confirm care completion.,ASHA
E0002948,P002660,0.0755020135675094,LOW,previous teleconsultation history,Care journey monitoring,Conduct proactive follow-up and confirm care completion.,ASHA
E0003012,P002721,0.0750712336099456,LOW,long distance to facility,Care journey monitoring,Conduct proactive follow-up and confirm care completion.,ASHA
E0003815,P003477,0.0737244223118066,LOW,elevated predicted follow-up risk,Care journey monitoring,Conduct proactive follow-up and confirm care completion.,ASHA
E0000190,P000163,0.0712412376497835,LOW,elevated predicted follow-up risk,Care journey monitoring,Conduct proactive follow-up and confirm care completion.,ASHA
E0003043,P002747,0.0706151027086286,LOW,previous teleconsultation history,Care journey monitoring,Conduct proactive follow-up and confirm care completion.,ASHA
E0004111,P003741,0.0701769538643205,LOW,elevated predicted follow-up risk,Care journey monitoring,Conduct proactive follow-up and confirm care completion.,ASHA
E0000951,P000870,0.0688784882650333,LOW,elevated predicted follow-up risk,Care journey monitoring,Conduct proactive follow-up and confirm care completion.,ASHA
E0002084,P001890,0.0686755911260044,LOW,elevated predicted follow-up risk,Care journey monitoring,Conduct proactive follow-up and confirm care completion.,ASHA
E0005315,P004820,0.0665969437113021,LOW,elevated predicted follow-up risk,Care journey monitoring,Conduct proactive follow-up and confirm care completion.,ASHA
E0004877,P004431,0.0568104358059741,LOW,previous teleconsultation history,Care journey monitoring,Conduct proactive follow-up and confirm care completion.,ASHA
E0001345,P001230,0.049100816376374,LOW,previous teleconsultation history,Care journey monitoring,Conduct proactive follow-up and confirm care completion.,ASHA
