feature,importance,importance_percent
care_requirements_count,0.12426697685123737,12.43
review_required,0.09745150844364056,9.75
medicine_required,0.08628622237705505,8.63
distance_km,0.08113130489254533,8.11
complex_care_episode,0.07054415282213315,7.05
long_distance,0.053395233409074774,5.34
previous_care_requirements,0.05101987148889571,5.1
duration_min,0.04598455185059475,4.6
review_due_days,0.044652270594448124,4.47
low_digital_access,0.04205360892086759,4.21
has_previous_teleconsult,0.041660861533598055,4.17
test_required,0.0364753721651651,3.65
elderly_living_alone,0.03476134629929842,3.48
consult_month,0.033276417986284244,3.33
is_weekend,0.030808592361903878,3.08
days_since_first_recorded_consult,0.026998565991274346,2.7
poor_connectivity,0.02458502604522839,2.46
consultation_frequency,0.02417086270411505,2.42
age,0.022668658188097,2.27
previous_teleconsultations,0.015514798882944507,1.55
consult_dayofweek,0.012293796191598623,1.23
teleconsult_id_TC0000004,0.0,0.0
teleconsult_id_TC0000005,0.0,0.0
teleconsult_id_TC0005516,0.0,0.0
teleconsult_id_TC0000007,0.0,0.0
teleconsult_id_TC0000008,0.0,0.0
teleconsult_id_TC0000010,0.0,0.0
teleconsult_id_TC0000011,0.0,0.0
teleconsult_id_TC0000012,0.0,0.0
teleconsult_id_TC0000013,0.0,0.0
teleconsult_id_TC0000015,0.0,0.0
teleconsult_id_TC0000016,0.0,0.0
teleconsult_id_TC0000017,0.0,0.0
teleconsult_id_TC0000020,0.0,0.0
teleconsult_id_TC0000025,0.0,0.0
teleconsult_id_TC0000026,0.0,0.0
teleconsult_id_TC0000027,0.0,0.0
teleconsult_id_TC0000028,0.0,0.0
teleconsult_id_TC0000030,0.0,0.0
teleconsult_id_TC0000031,0.0,0.0
teleconsult_id_TC0000032,0.0,0.0
teleconsult_id_TC0000035,0.0,0.0
teleconsult_id_TC0000036,0.0,0.0
teleconsult_id_TC0000037,0.0,0.0
teleconsult_id_TC0000038,0.0,0.0
teleconsult_id_TC0000039,0.0,0.0
teleconsult_id_TC0000040,0.0,0.0
teleconsult_id_TC0000041,0.0,0.0
teleconsult_id_TC0000042,0.0,0.0
teleconsult_id_TC0000043,0.0,0.0
teleconsult_id_TC0000044,0.0,0.0
teleconsult_id_TC0000046,0.0,0.0
teleconsult_id_TC0000047,0.0,0.0
teleconsult_id_TC0000049,0.0,0.0
teleconsult_id_TC0000050,0.0,0.0
teleconsult_id_TC0000052,0.0,0.0
teleconsult_id_TC0000053,0.0,0.0
teleconsult_id_TC0000054,0.0,0.0
teleconsult_id_TC0000056,0.0,0.0
teleconsult_id_TC0000057,0.0,0.0
teleconsult_id_TC0000058,0.0,0.0
teleconsult_id_TC0000059,0.0,0.0
teleconsult_id_TC0000061,0.0,0.0
teleconsult_id_TC0000062,0.0,0.0
teleconsult_id_TC0000063,0.0,0.0
teleconsult_id_TC0000064,0.0,0.0
teleconsult_id_TC0000065,0.0,0.0
teleconsult_id_TC0000066,0.0,0.0
teleconsult_id_TC0000067,0.0,0.0
teleconsult_id_TC0000068,0.0,0.0
teleconsult_id_TC0000069,0.0,0.0
teleconsult_id_TC0000070,0.0,0.0
teleconsult_id_TC0000071,0.0,0.0
teleconsult_id_TC0000072,0.0,0.0
teleconsult_id_TC0000074,0.0,0.0
teleconsult_id_TC0000075,0.0,0.0
teleconsult_id_TC0000079,0.0,0.0
teleconsult_id_TC0000080,0.0,0.0
teleconsult_id_TC0000082,0.0,0.0
teleconsult_id_TC0000084,0.0,0.0
teleconsult_id_TC0000085,0.0,0.0
teleconsult_id_TC0000086,0.0,0.0
teleconsult_id_TC0000090,0.0,0.0
teleconsult_id_TC0000091,0.0,0.0
teleconsult_id_TC0000093,0.0,0.0
teleconsult_id_TC0000094,0.0,0.0
teleconsult_id_TC0000096,0.0,0.0
teleconsult_id_TC0000097,0.0,0.0
teleconsult_id_TC0000099,0.0,0.0
teleconsult_id_TC0000100,0.0,0.0
teleconsult_id_TC0000101,0.0,0.0
teleconsult_id_TC0000102,0.0,0.0
teleconsult_id_TC0000104,0.0,0.0
teleconsult_id_TC0000109,0.0,0.0
teleconsult_id_TC0000110,0.0,0.0
teleconsult_id_TC0000111,0.0,0.0
teleconsult_id_TC0000112,0.0,0.0
teleconsult_id_TC0000114,0.0,0.0
teleconsult_id_TC0000115,0.0,0.0
teleconsult_id_TC0000116,0.0,0.0
teleconsult_id_TC0000117,0.0,0.0
teleconsult_id_TC0000118,0.0,0.0
teleconsult_id_TC0000119,0.0,0.0
teleconsult_id_TC0000122,0.0,0.0
teleconsult_id_TC0000123,0.0,0.0
teleconsult_id_TC0000126,0.0,0.0
teleconsult_id_TC0000127,0.0,0.0
teleconsult_id_TC0000128,0.0,0.0
teleconsult_id_TC0000130,0.0,0.0
teleconsult_id_TC0000134,0.0,0.0
teleconsult_id_TC0000135,0.0,0.0
teleconsult_id_TC0000137,0.0,0.0
teleconsult_id_TC0000138,0.0,0.0
teleconsult_id_TC0000139,0.0,0.0
teleconsult_id_TC0000140,0.0,0.0
teleconsult_id_TC0000142,0.0,0.0
teleconsult_id_TC0000143,0.0,0.0
teleconsult_id_TC0000144,0.0,0.0
teleconsult_id_TC0000145,0.0,0.0
teleconsult_id_TC0000146,0.0,0.0
teleconsult_id_TC0000147,0.0,0.0
teleconsult_id_TC0000150,0.0,0.0
teleconsult_id_TC0000151,0.0,0.0
teleconsult_id_TC0000152,0.0,0.0
teleconsult_id_TC0000153,0.0,0.0
teleconsult_id_TC0000154,0.0,0.0
teleconsult_id_TC0000155,0.0,0.0
teleconsult_id_TC0000157,0.0,0.0
teleconsult_id_TC0000158,0.0,0.0
teleconsult_id_TC0000159,0.0,0.0
teleconsult_id_TC0000160,0.0,0.0
teleconsult_id_TC0000161,0.0,0.0
teleconsult_id_TC0000162,0.0,0.0
teleconsult_id_TC0000163,0.0,0.0
teleconsult_id_TC0000164,0.0,0.0
teleconsult_id_TC0000167,0.0,0.0
teleconsult_id_TC0000168,0.0,0.0
teleconsult_id_TC0000169,0.0,0.0
teleconsult_id_TC0000173,0.0,0.0
teleconsult_id_TC0000175,0.0,0.0
teleconsult_id_TC0000178,0.0,0.0
teleconsult_id_TC0000180,0.0,0.0
teleconsult_id_TC0000181,0.0,0.0
teleconsult_id_TC0000183,0.0,0.0
teleconsult_id_TC0000184,0.0,0.0
teleconsult_id_TC0000186,0.0,0.0
teleconsult_id_TC0000188,0.0,0.0
teleconsult_id_TC0000191,0.0,0.0
teleconsult_id_TC0000192,0.0,0.0
teleconsult_id_TC0000193,0.0,0.0
teleconsult_id_TC0000194,0.0,0.0
teleconsult_id_TC0000195,0.0,0.0
teleconsult_id_TC0000196,0.0,0.0
teleconsult_id_TC0000198,0.0,0.0
teleconsult_id_TC0000202,0.0,0.0
teleconsult_id_TC0000203,0.0,0.0
teleconsult_id_TC0000204,0.0,0.0
teleconsult_id_TC0000205,0.0,0.0
teleconsult_id_TC0000206,0.0,0.0
teleconsult_id_TC0000207,0.0,0.0
teleconsult_id_TC0000208,0.0,0.0
teleconsult_id_TC0000209,0.0,0.0
teleconsult_id_TC0000210,0.0,0.0
teleconsult_id_TC0000211,0.0,0.0
teleconsult_id_TC0000212,0.0,0.0
teleconsult_id_TC0000213,0.0,0.0
teleconsult_id_TC0000214,0.0,0.0
teleconsult_id_TC0000215,0.0,0.0
teleconsult_id_TC0000217,0.0,0.0
teleconsult_id_TC0000218,0.0,0.0
teleconsult_id_TC0000219,0.0,0.0
teleconsult_id_TC0000221,0.0,0.0
teleconsult_id_TC0000222,0.0,0.0
teleconsult_id_TC0000223,0.0,0.0
teleconsult_id_TC0000224,0.0,0.0
teleconsult_id_TC0000225,0.0,0.0
teleconsult_id_TC0000226,0.0,0.0
teleconsult_id_TC0000228,0.0,0.0
teleconsult_id_TC0000232,0.0,0.0
teleconsult_id_TC0000233,0.0,0.0
teleconsult_id_TC0000234,0.0,0.0
teleconsult_id_TC0000235,0.0,0.0
teleconsult_id_TC0000236,0.0,0.0
teleconsult_id_TC0000237,0.0,0.0
teleconsult_id_TC0000238,0.0,0.0
teleconsult_id_TC0000240,0.0,0.0
teleconsult_id_TC0000241,0.0,0.0
teleconsult_id_TC0000242,0.0,0.0
teleconsult_id_TC0000243,0.0,0.0
teleconsult_id_TC0000245,0.0,0.0
teleconsult_id_TC0000246,0.0,0.0
teleconsult_id_TC0000247,0.0,0.0
teleconsult_id_TC0000248,0.0,0.0
teleconsult_id_TC0000249,0.0,0.0
teleconsult_id_TC0000250,0.0,0.0
teleconsult_id_TC0000251,0.0,0.0
teleconsult_id_TC0000252,0.0,0.0
teleconsult_id_TC0000253,0.0,0.0
teleconsult_id_TC0000254,0.0,0.0
teleconsult_id_TC0000255,0.0,0.0
teleconsult_id_TC0000256,0.0,0.0
teleconsult_id_TC0000258,0.0,0.0
teleconsult_id_TC0000259,0.0,0.0
teleconsult_id_TC0000260,0.0,0.0
teleconsult_id_TC0000261,0.0,0.0
teleconsult_id_TC0000262,0.0,0.0
teleconsult_id_TC0000264,0.0,0.0
teleconsult_id_TC0000265,0.0,0.0
teleconsult_id_TC0000266,0.0,0.0
teleconsult_id_TC0000268,0.0,0.0
teleconsult_id_TC0000269,0.0,0.0
teleconsult_id_TC0000272,0.0,0.0
teleconsult_id_TC0000273,0.0,0.0
teleconsult_id_TC0000274,0.0,0.0
teleconsult_id_TC0000275,0.0,0.0
teleconsult_id_TC0000276,0.0,0.0
teleconsult_id_TC0000277,0.0,0.0
teleconsult_id_TC0000278,0.0,0.0
teleconsult_id_TC0000279,0.0,0.0
teleconsult_id_TC0000281,0.0,0.0
teleconsult_id_TC0000282,0.0,0.0
teleconsult_id_TC0000283,0.0,0.0
teleconsult_id_TC0000284,0.0,0.0
teleconsult_id_TC0000285,0.0,0.0
teleconsult_id_TC0000286,0.0,0.0
teleconsult_id_TC0000288,0.0,0.0
teleconsult_id_TC0000289,0.0,0.0
teleconsult_id_TC0000290,0.0,0.0
teleconsult_id_TC0000291,0.0,0.0
teleconsult_id_TC0000292,0.0,0.0
teleconsult_id_TC0000293,0.0,0.0
teleconsult_id_TC0000294,0.0,0.0
teleconsult_id_TC0000295,0.0,0.0
teleconsult_id_TC0000296,0.0,0.0
teleconsult_id_TC0000297,0.0,0.0
teleconsult_id_TC0000298,0.0,0.0
teleconsult_id_TC0000299,0.0,0.0
teleconsult_id_TC0000300,0.0,0.0
teleconsult_id_TC0000301,0.0,0.0
teleconsult_id_TC0000305,0.0,0.0
teleconsult_id_TC0000306,0.0,0.0
teleconsult_id_TC0000307,0.0,0.0
teleconsult_id_TC0000308,0.0,0.0
teleconsult_id_TC0000309,0.0,0.0
teleconsult_id_TC0000310,0.0,0.0
teleconsult_id_TC0000313,0.0,0.0
teleconsult_id_TC0000314,0.0,0.0
teleconsult_id_TC0000315,0.0,0.0
teleconsult_id_TC0000319,0.0,0.0
teleconsult_id_TC0000320,0.0,0.0
teleconsult_id_TC0000321,0.0,0.0
teleconsult_id_TC0000322,0.0,0.0
teleconsult_id_TC0000323,0.0,0.0
teleconsult_id_TC0000324,0.0,0.0
teleconsult_id_TC0000325,0.0,0.0
teleconsult_id_TC0000326,0.0,0.0
teleconsult_id_TC0000328,0.0,0.0
teleconsult_id_TC0000329,0.0,0.0
teleconsult_id_TC0000330,0.0,0.0
teleconsult_id_TC0000332,0.0,0.0
teleconsult_id_TC0000333,0.0,0.0
teleconsult_id_TC0000334,0.0,0.0
teleconsult_id_TC0000335,0.0,0.0
teleconsult_id_TC0000336,0.0,0.0
teleconsult_id_TC0000337,0.0,0.0
teleconsult_id_TC0000338,0.0,0.0
teleconsult_id_TC0000339,0.0,0.0
teleconsult_id_TC0000342,0.0,0.0
teleconsult_id_TC0000343,0.0,0.0
teleconsult_id_TC0000344,0.0,0.0
teleconsult_id_TC0000345,0.0,0.0
teleconsult_id_TC0000346,0.0,0.0
teleconsult_id_TC0000348,0.0,0.0
teleconsult_id_TC0000349,0.0,0.0
teleconsult_id_TC0000350,0.0,0.0
teleconsult_id_TC0000352,0.0,0.0
teleconsult_id_TC0000354,0.0,0.0
teleconsult_id_TC0000356,0.0,0.0
teleconsult_id_TC0000357,0.0,0.0
teleconsult_id_TC0000358,0.0,0.0
teleconsult_id_TC0000359,0.0,0.0
teleconsult_id_TC0000360,0.0,0.0
teleconsult_id_TC0000361,0.0,0.0
teleconsult_id_TC0000362,0.0,0.0
teleconsult_id_TC0000363,0.0,0.0
teleconsult_id_TC0000366,0.0,0.0
teleconsult_id_TC0000367,0.0,0.0
teleconsult_id_TC0000369,0.0,0.0
teleconsult_id_TC0000370,0.0,0.0
teleconsult_id_TC0000371,0.0,0.0
teleconsult_id_TC0000372,0.0,0.0
teleconsult_id_TC0000373,0.0,0.0
teleconsult_id_TC0000374,0.0,0.0
teleconsult_id_TC0000375,0.0,0.0
teleconsult_id_TC0000376,0.0,0.0
teleconsult_id_TC0000377,0.0,0.0
teleconsult_id_TC0000378,0.0,0.0
teleconsult_id_TC0000379,0.0,0.0
teleconsult_id_TC0000380,0.0,0.0
teleconsult_id_TC0000381,0.0,0.0
teleconsult_id_TC0000382,0.0,0.0
teleconsult_id_TC0000383,0.0,0.0
teleconsult_id_TC0000384,0.0,0.0
teleconsult_id_TC0000385,0.0,0.0
teleconsult_id_TC0000386,0.0,0.0
teleconsult_id_TC0000387,0.0,0.0
teleconsult_id_TC0000388,0.0,0.0
teleconsult_id_TC0000390,0.0,0.0
teleconsult_id_TC0000391,0.0,0.0
teleconsult_id_TC0000392,0.0,0.0
teleconsult_id_TC0000394,0.0,0.0
teleconsult_id_TC0000396,0.0,0.0
teleconsult_id_TC0000398,0.0,0.0
teleconsult_id_TC0000399,0.0,0.0
teleconsult_id_TC0000400,0.0,0.0
teleconsult_id_TC0000401,0.0,0.0
teleconsult_id_TC0000403,0.0,0.0
teleconsult_id_TC0000406,0.0,0.0
teleconsult_id_TC0000407,0.0,0.0
teleconsult_id_TC0000408,0.0,0.0
teleconsult_id_TC0000409,0.0,0.0
teleconsult_id_TC0000413,0.0,0.0
teleconsult_id_TC0000414,0.0,0.0
teleconsult_id_TC0000415,0.0,0.0
teleconsult_id_TC0000416,0.0,0.0
teleconsult_id_TC0000417,0.0,0.0
teleconsult_id_TC0000418,0.0,0.0
teleconsult_id_TC0000420,0.0,0.0
teleconsult_id_TC0000424,0.0,0.0
teleconsult_id_TC0000425,0.0,0.0
teleconsult_id_TC0000426,0.0,0.0
teleconsult_id_TC0000427,0.0,0.0
teleconsult_id_TC0000428,0.0,0.0
teleconsult_id_TC0000429,0.0,0.0
teleconsult_id_TC0000432,0.0,0.0
teleconsult_id_TC0000433,0.0,0.0
teleconsult_id_TC0000434,0.0,0.0
teleconsult_id_TC0000435,0.0,0.0
teleconsult_id_TC0000439,0.0,0.0
teleconsult_id_TC0000440,0.0,0.0
teleconsult_id_TC0000444,0.0,0.0
teleconsult_id_TC0000445,0.0,0.0
teleconsult_id_TC0000446,0.0,0.0
teleconsult_id_TC0000447,0.0,0.0
teleconsult_id_TC0000449,0.0,0.0
teleconsult_id_TC0000451,0.0,0.0
teleconsult_id_TC0000452,0.0,0.0
teleconsult_id_TC0000455,0.0,0.0
teleconsult_id_TC0000456,0.0,0.0
teleconsult_id_TC0000457,0.0,0.0
teleconsult_id_TC0000458,0.0,0.0
teleconsult_id_TC0000460,0.0,0.0
teleconsult_id_TC0000462,0.0,0.0
teleconsult_id_TC0000463,0.0,0.0
teleconsult_id_TC0000465,0.0,0.0
teleconsult_id_TC0000466,0.0,0.0
teleconsult_id_TC0000468,0.0,0.0
teleconsult_id_TC0000469,0.0,0.0
teleconsult_id_TC0000471,0.0,0.0
teleconsult_id_TC0000472,0.0,0.0
teleconsult_id_TC0000474,0.0,0.0
teleconsult_id_TC0000476,0.0,0.0
teleconsult_id_TC0000477,0.0,0.0
teleconsult_id_TC0000478,0.0,0.0
teleconsult_id_TC0000479,0.0,0.0
teleconsult_id_TC0000480,0.0,0.0
teleconsult_id_TC0000481,0.0,0.0
teleconsult_id_TC0000482,0.0,0.0
teleconsult_id_TC0000483,0.0,0.0
teleconsult_id_TC0000484,0.0,0.0
teleconsult_id_TC0000485,0.0,0.0
teleconsult_id_TC0000486,0.0,0.0
teleconsult_id_TC0000487,0.0,0.0
teleconsult_id_TC0000488,0.0,0.0
teleconsult_id_TC0000490,0.0,0.0
teleconsult_id_TC0000491,0.0,0.0
teleconsult_id_TC0000492,0.0,0.0
teleconsult_id_TC0000493,0.0,0.0
teleconsult_id_TC0000494,0.0,0.0
teleconsult_id_TC0000495,0.0,0.0
teleconsult_id_TC0000496,0.0,0.0
teleconsult_id_TC0000497,0.0,0.0
teleconsult_id_TC0000499,0.0,0.0
teleconsult_id_TC0000500,0.0,0.0
teleconsult_id_TC0000501,0.0,0.0
teleconsult_id_TC0000502,0.0,0.0
teleconsult_id_TC0000503,0.0,0.0
teleconsult_id_TC0000504,0.0,0.0
teleconsult_id_TC0000505,0.0,0.0
teleconsult_id_TC0000506,0.0,0.0
teleconsult_id_TC0000507,0.0,0.0
teleconsult_id_TC0000508,0.0,0.0
teleconsult_id_TC0000509,0.0,0.0
teleconsult_id_TC0000510,0.0,0.0
teleconsult_id_TC0000511,0.0,0.0
teleconsult_id_TC0000512,0.0,0.0
teleconsult_id_TC0000516,0.0,0.0
teleconsult_id_TC0000517,0.0,0.0
teleconsult_id_TC0000520,0.0,0.0
teleconsult_id_TC0000521,0.0,0.0
teleconsult_id_TC0000522,0.0,0.0
teleconsult_id_TC0000524,0.0,0.0
teleconsult_id_TC0000525,0.0,0.0
teleconsult_id_TC0000526,0.0,0.0
teleconsult_id_TC0000527,0.0,0.0
teleconsult_id_TC0000528,0.0,0.0
teleconsult_id_TC0000529,0.0,0.0
teleconsult_id_TC0000530,0.0,0.0
teleconsult_id_TC0000531,0.0,0.0
teleconsult_id_TC0000533,0.0,0.0
teleconsult_id_TC0000536,0.0,0.0
teleconsult_id_TC0000537,0.0,0.0
teleconsult_id_TC0000540,0.0,0.0
teleconsult_id_TC0000541,0.0,0.0
teleconsult_id_TC0000542,0.0,0.0
teleconsult_id_TC0000543,0.0,0.0
teleconsult_id_TC0000544,0.0,0.0
teleconsult_id_TC0000546,0.0,0.0
teleconsult_id_TC0000547,0.0,0.0
teleconsult_id_TC0000548,0.0,0.0
teleconsult_id_TC0000549,0.0,0.0
teleconsult_id_TC0000550,0.0,0.0
teleconsult_id_TC0000551,0.0,0.0
teleconsult_id_TC0000552,0.0,0.0
teleconsult_id_TC0000553,0.0,0.0
teleconsult_id_TC0000554,0.0,0.0
teleconsult_id_TC0000556,0.0,0.0
teleconsult_id_TC0000557,0.0,0.0
teleconsult_id_TC0000558,0.0,0.0
teleconsult_id_TC0000559,0.0,0.0
teleconsult_id_TC0000560,0.0,0.0
teleconsult_id_TC0000562,0.0,0.0
teleconsult_id_TC0000563,0.0,0.0
teleconsult_id_TC0000564,0.0,0.0
teleconsult_id_TC0000565,0.0,0.0
teleconsult_id_TC0000566,0.0,0.0
teleconsult_id_TC0000567,0.0,0.0
teleconsult_id_TC0000568,0.0,0.0
teleconsult_id_TC0000569,0.0,0.0
teleconsult_id_TC0000570,0.0,0.0
teleconsult_id_TC0000571,0.0,0.0
teleconsult_id_TC0000572,0.0,0.0
teleconsult_id_TC0000573,0.0,0.0
teleconsult_id_TC0000574,0.0,0.0
teleconsult_id_TC0000575,0.0,0.0
teleconsult_id_TC0000576,0.0,0.0
teleconsult_id_TC0000577,0.0,0.0
teleconsult_id_TC0000579,0.0,0.0
teleconsult_id_TC0000581,0.0,0.0
teleconsult_id_TC0000582,0.0,0.0
teleconsult_id_TC0000584,0.0,0.0
teleconsult_id_TC0000585,0.0,0.0
teleconsult_id_TC0000586,0.0,0.0
teleconsult_id_TC0000588,0.0,0.0
teleconsult_id_TC0000590,0.0,0.0
teleconsult_id_TC0000591,0.0,0.0
teleconsult_id_TC0000592,0.0,0.0
teleconsult_id_TC0000593,0.0,0.0
teleconsult_id_TC0000594,0.0,0.0
teleconsult_id_TC0000595,0.0,0.0
teleconsult_id_TC0000596,0.0,0.0
teleconsult_id_TC0000597,0.0,0.0
teleconsult_id_TC0000598,0.0,0.0
teleconsult_id_TC0000600,0.0,0.0
teleconsult_id_TC0000601,0.0,0.0
teleconsult_id_TC0000603,0.0,0.0
teleconsult_id_TC0000604,0.0,0.0
teleconsult_id_TC0000606,0.0,0.0
teleconsult_id_TC0000607,0.0,0.0
teleconsult_id_TC0000608,0.0,0.0
teleconsult_id_TC0000609,0.0,0.0
teleconsult_id_TC0000610,0.0,0.0
teleconsult_id_TC0000612,0.0,0.0
teleconsult_id_TC0000613,0.0,0.0
teleconsult_id_TC0000614,0.0,0.0
teleconsult_id_TC0000615,0.0,0.0
teleconsult_id_TC0000616,0.0,0.0
teleconsult_id_TC0000617,0.0,0.0
teleconsult_id_TC0000618,0.0,0.0
teleconsult_id_TC0000619,0.0,0.0
teleconsult_id_TC0000620,0.0,0.0
teleconsult_id_TC0000622,0.0,0.0
teleconsult_id_TC0000623,0.0,0.0
teleconsult_id_TC0000624,0.0,0.0
teleconsult_id_TC0000625,0.0,0.0
teleconsult_id_TC0000626,0.0,0.0
teleconsult_id_TC0000628,0.0,0.0
teleconsult_id_TC0000629,0.0,0.0
teleconsult_id_TC0000630,0.0,0.0
teleconsult_id_TC0000631,0.0,0.0
teleconsult_id_TC0000632,0.0,0.0
teleconsult_id_TC0000633,0.0,0.0
teleconsult_id_TC0000635,0.0,0.0
teleconsult_id_TC0000636,0.0,0.0
teleconsult_id_TC0000637,0.0,0.0
teleconsult_id_TC0000638,0.0,0.0
teleconsult_id_TC0000639,0.0,0.0
teleconsult_id_TC0000641,0.0,0.0
teleconsult_id_TC0000642,0.0,0.0
teleconsult_id_TC0000643,0.0,0.0
teleconsult_id_TC0000645,0.0,0.0
teleconsult_id_TC0000646,0.0,0.0
teleconsult_id_TC0000647,0.0,0.0
teleconsult_id_TC0000648,0.0,0.0
teleconsult_id_TC0000649,0.0,0.0
teleconsult_id_TC0000650,0.0,0.0
teleconsult_id_TC0000651,0.0,0.0
teleconsult_id_TC0000654,0.0,0.0
teleconsult_id_TC0000655,0.0,0.0
teleconsult_id_TC0000657,0.0,0.0
teleconsult_id_TC0000658,0.0,0.0
teleconsult_id_TC0000660,0.0,0.0
teleconsult_id_TC0000662,0.0,0.0
teleconsult_id_TC0000663,0.0,0.0
teleconsult_id_TC0000664,0.0,0.0
teleconsult_id_TC0000665,0.0,0.0
teleconsult_id_TC0000666,0.0,0.0
teleconsult_id_TC0000667,0.0,0.0
teleconsult_id_TC0000668,0.0,0.0
teleconsult_id_TC0000669,0.0,0.0
teleconsult_id_TC0000671,0.0,0.0
teleconsult_id_TC0000673,0.0,0.0
teleconsult_id_TC0000675,0.0,0.0
teleconsult_id_TC0000676,0.0,0.0
teleconsult_id_TC0000677,0.0,0.0
teleconsult_id_TC0000679,0.0,0.0
teleconsult_id_TC0000680,0.0,0.0
teleconsult_id_TC0000682,0.0,0.0
teleconsult_id_TC0000683,0.0,0.0
teleconsult_id_TC0000684,0.0,0.0
teleconsult_id_TC0000686,0.0,0.0
teleconsult_id_TC0000687,0.0,0.0
teleconsult_id_TC0000688,0.0,0.0
teleconsult_id_TC0000689,0.0,0.0
teleconsult_id_TC0000690,0.0,0.0
teleconsult_id_TC0000692,0.0,0.0
teleconsult_id_TC0000693,0.0,0.0
teleconsult_id_TC0000694,0.0,0.0
teleconsult_id_TC0000695,0.0,0.0
teleconsult_id_TC0000696,0.0,0.0
teleconsult_id_TC0000697,0.0,0.0
teleconsult_id_TC0000698,0.0,0.0
teleconsult_id_TC0000699,0.0,0.0
teleconsult_id_TC0000700,0.0,0.0
teleconsult_id_TC0000701,0.0,0.0
teleconsult_id_TC0000703,0.0,0.0
teleconsult_id_TC0000704,0.0,0.0
teleconsult_id_TC0000706,0.0,0.0
teleconsult_id_TC0000707,0.0,0.0
teleconsult_id_TC0000708,0.0,0.0
teleconsult_id_TC0000709,0.0,0.0
teleconsult_id_TC0000710,0.0,0.0
teleconsult_id_TC0000711,0.0,0.0
teleconsult_id_TC0000712,0.0,0.0
teleconsult_id_TC0000713,0.0,0.0
teleconsult_id_TC0000714,0.0,0.0
teleconsult_id_TC0000715,0.0,0.0
teleconsult_id_TC0000716,0.0,0.0
teleconsult_id_TC0000718,0.0,0.0
teleconsult_id_TC0000719,0.0,0.0
teleconsult_id_TC0000720,0.0,0.0
teleconsult_id_TC0000722,0.0,0.0
teleconsult_id_TC0000723,0.0,0.0
teleconsult_id_TC0000724,0.0,0.0
teleconsult_id_TC0000725,0.0,0.0
teleconsult_id_TC0000726,0.0,0.0
teleconsult_id_TC0000727,0.0,0.0
teleconsult_id_TC0000729,0.0,0.0
teleconsult_id_TC0000731,0.0,0.0
teleconsult_id_TC0000732,0.0,0.0
teleconsult_id_TC0000733,0.0,0.0
teleconsult_id_TC0000734,0.0,0.0
teleconsult_id_TC0000735,0.0,0.0
teleconsult_id_TC0000736,0.0,0.0
teleconsult_id_TC0000737,0.0,0.0
teleconsult_id_TC0000738,0.0,0.0
teleconsult_id_TC0000739,0.0,0.0
teleconsult_id_TC0000740,0.0,0.0
teleconsult_id_TC0000742,0.0,0.0
teleconsult_id_TC0000744,0.0,0.0
teleconsult_id_TC0000745,0.0,0.0
teleconsult_id_TC0000746,0.0,0.0
teleconsult_id_TC0000747,0.0,0.0
teleconsult_id_TC0000748,0.0,0.0
teleconsult_id_TC0000749,0.0,0.0
teleconsult_id_TC0000750,0.0,0.0
teleconsult_id_TC0000751,0.0,0.0
teleconsult_id_TC0000752,0.0,0.0
teleconsult_id_TC0000753,0.0,0.0
teleconsult_id_TC0000754,0.0,0.0
teleconsult_id_TC0000755,0.0,0.0
teleconsult_id_TC0000756,0.0,0.0
teleconsult_id_TC0000757,0.0,0.0
teleconsult_id_TC0000758,0.0,0.0
teleconsult_id_TC0000759,0.0,0.0
teleconsult_id_TC0000760,0.0,0.0
teleconsult_id_TC0000761,0.0,0.0
teleconsult_id_TC0000762,0.0,0.0
teleconsult_id_TC0000763,0.0,0.0
teleconsult_id_TC0000764,0.0,0.0
teleconsult_id_TC0000765,0.0,0.0
teleconsult_id_TC0000766,0.0,0.0
teleconsult_id_TC0000768,0.0,0.0
teleconsult_id_TC0000769,0.0,0.0
teleconsult_id_TC0000770,0.0,0.0
teleconsult_id_TC0000771,0.0,0.0
teleconsult_id_TC0000772,0.0,0.0
teleconsult_id_TC0000774,0.0,0.0
teleconsult_id_TC0000775,0.0,0.0
teleconsult_id_TC0000776,0.0,0.0
teleconsult_id_TC0000777,0.0,0.0
teleconsult_id_TC0000778,0.0,0.0
teleconsult_id_TC0000779,0.0,0.0
teleconsult_id_TC0000780,0.0,0.0
teleconsult_id_TC0000781,0.0,0.0
teleconsult_id_TC0000782,0.0,0.0
teleconsult_id_TC0000783,0.0,0.0
teleconsult_id_TC0000784,0.0,0.0
teleconsult_id_TC0000785,0.0,0.0
teleconsult_id_TC0000786,0.0,0.0
teleconsult_id_TC0000787,0.0,0.0
teleconsult_id_TC0000788,0.0,0.0
teleconsult_id_TC0000789,0.0,0.0
teleconsult_id_TC0000790,0.0,0.0
teleconsult_id_TC0000791,0.0,0.0
teleconsult_id_TC0000793,0.0,0.0
teleconsult_id_TC0000794,0.0,0.0
teleconsult_id_TC0000796,0.0,0.0
teleconsult_id_TC0000797,0.0,0.0
teleconsult_id_TC0000798,0.0,0.0
teleconsult_id_TC0000799,0.0,0.0
teleconsult_id_TC0000800,0.0,0.0
teleconsult_id_TC0000801,0.0,0.0
teleconsult_id_TC0000802,0.0,0.0
teleconsult_id_TC0000803,0.0,0.0
teleconsult_id_TC0000804,0.0,0.0
teleconsult_id_TC0000809,0.0,0.0
teleconsult_id_TC0000810,0.0,0.0
teleconsult_id_TC0000811,0.0,0.0
teleconsult_id_TC0000812,0.0,0.0
teleconsult_id_TC0000815,0.0,0.0
teleconsult_id_TC0000816,0.0,0.0
teleconsult_id_TC0000817,0.0,0.0
teleconsult_id_TC0000818,0.0,0.0
teleconsult_id_TC0000819,0.0,0.0
teleconsult_id_TC0000820,0.0,0.0
teleconsult_id_TC0000822,0.0,0.0
teleconsult_id_TC0000823,0.0,0.0
teleconsult_id_TC0000825,0.0,0.0
teleconsult_id_TC0000827,0.0,0.0
teleconsult_id_TC0000828,0.0,0.0
teleconsult_id_TC0000830,0.0,0.0
teleconsult_id_TC0000831,0.0,0.0
teleconsult_id_TC0000832,0.0,0.0
teleconsult_id_TC0000834,0.0,0.0
teleconsult_id_TC0000836,0.0,0.0
teleconsult_id_TC0000837,0.0,0.0
teleconsult_id_TC0000840,0.0,0.0
teleconsult_id_TC0000841,0.0,0.0
teleconsult_id_TC0000842,0.0,0.0
teleconsult_id_TC0000843,0.0,0.0
teleconsult_id_TC0000846,0.0,0.0
teleconsult_id_TC0000847,0.0,0.0
teleconsult_id_TC0000849,0.0,0.0
teleconsult_id_TC0000850,0.0,0.0
teleconsult_id_TC0000852,0.0,0.0
teleconsult_id_TC0000853,0.0,0.0
teleconsult_id_TC0000854,0.0,0.0
teleconsult_id_TC0000856,0.0,0.0
teleconsult_id_TC0000857,0.0,0.0
teleconsult_id_TC0000858,0.0,0.0
teleconsult_id_TC0000859,0.0,0.0
teleconsult_id_TC0000860,0.0,0.0
teleconsult_id_TC0000863,0.0,0.0
teleconsult_id_TC0000864,0.0,0.0
teleconsult_id_TC0000865,0.0,0.0
teleconsult_id_TC0000867,0.0,0.0
teleconsult_id_TC0000868,0.0,0.0
teleconsult_id_TC0000872,0.0,0.0
teleconsult_id_TC0000874,0.0,0.0
teleconsult_id_TC0000875,0.0,0.0
teleconsult_id_TC0000876,0.0,0.0
teleconsult_id_TC0000877,0.0,0.0
teleconsult_id_TC0000878,0.0,0.0
teleconsult_id_TC0000880,0.0,0.0
teleconsult_id_TC0000882,0.0,0.0
teleconsult_id_TC0000883,0.0,0.0
teleconsult_id_TC0000884,0.0,0.0
teleconsult_id_TC0000885,0.0,0.0
teleconsult_id_TC0000886,0.0,0.0
teleconsult_id_TC0000887,0.0,0.0
teleconsult_id_TC0000888,0.0,0.0
teleconsult_id_TC0000889,0.0,0.0
teleconsult_id_TC0000891,0.0,0.0
teleconsult_id_TC0000892,0.0,0.0
teleconsult_id_TC0000893,0.0,0.0
teleconsult_id_TC0000895,0.0,0.0
teleconsult_id_TC0000897,0.0,0.0
teleconsult_id_TC0000899,0.0,0.0
teleconsult_id_TC0000901,0.0,0.0
teleconsult_id_TC0000903,0.0,0.0
teleconsult_id_TC0000904,0.0,0.0
teleconsult_id_TC0000905,0.0,0.0
teleconsult_id_TC0000906,0.0,0.0
teleconsult_id_TC0000907,0.0,0.0
teleconsult_id_TC0000908,0.0,0.0
teleconsult_id_TC0000910,0.0,0.0
teleconsult_id_TC0000912,0.0,0.0
teleconsult_id_TC0000913,0.0,0.0
teleconsult_id_TC0000915,0.0,0.0
teleconsult_id_TC0000916,0.0,0.0
teleconsult_id_TC0000918,0.0,0.0
teleconsult_id_TC0000919,0.0,0.0
teleconsult_id_TC0000920,0.0,0.0
teleconsult_id_TC0000921,0.0,0.0
teleconsult_id_TC0000922,0.0,0.0
teleconsult_id_TC0000924,0.0,0.0
teleconsult_id_TC0000926,0.0,0.0
teleconsult_id_TC0000927,0.0,0.0
teleconsult_id_TC0000930,0.0,0.0
teleconsult_id_TC0000931,0.0,0.0
teleconsult_id_TC0000932,0.0,0.0
teleconsult_id_TC0000933,0.0,0.0
teleconsult_id_TC0000934,0.0,0.0
teleconsult_id_TC0000935,0.0,0.0
teleconsult_id_TC0000936,0.0,0.0
teleconsult_id_TC0000937,0.0,0.0
teleconsult_id_TC0000938,0.0,0.0
teleconsult_id_TC0000939,0.0,0.0
teleconsult_id_TC0000940,0.0,0.0
teleconsult_id_TC0000942,0.0,0.0
teleconsult_id_TC0000943,0.0,0.0
teleconsult_id_TC0000945,0.0,0.0
teleconsult_id_TC0000946,0.0,0.0
teleconsult_id_TC0000948,0.0,0.0
teleconsult_id_TC0000949,0.0,0.0
teleconsult_id_TC0000950,0.0,0.0
teleconsult_id_TC0000952,0.0,0.0
teleconsult_id_TC0000953,0.0,0.0
teleconsult_id_TC0000954,0.0,0.0
teleconsult_id_TC0000955,0.0,0.0
teleconsult_id_TC0000956,0.0,0.0
teleconsult_id_TC0000957,0.0,0.0
teleconsult_id_TC0000958,0.0,0.0
teleconsult_id_TC0000959,0.0,0.0
teleconsult_id_TC0000960,0.0,0.0
teleconsult_id_TC0000963,0.0,0.0
teleconsult_id_TC0000964,0.0,0.0
teleconsult_id_TC0000965,0.0,0.0
teleconsult_id_TC0000966,0.0,0.0
teleconsult_id_TC0000967,0.0,0.0
teleconsult_id_TC0000968,0.0,0.0
teleconsult_id_TC0000969,0.0,0.0
teleconsult_id_TC0000972,0.0,0.0
teleconsult_id_TC0000974,0.0,0.0
teleconsult_id_TC0000975,0.0,0.0
teleconsult_id_TC0000976,0.0,0.0
teleconsult_id_TC0000977,0.0,0.0
teleconsult_id_TC0000978,0.0,0.0
teleconsult_id_TC0000979,0.0,0.0
teleconsult_id_TC0000981,0.0,0.0
teleconsult_id_TC0000984,0.0,0.0
teleconsult_id_TC0000985,0.0,0.0
teleconsult_id_TC0000986,0.0,0.0
teleconsult_id_TC0000988,0.0,0.0
teleconsult_id_TC0000989,0.0,0.0
teleconsult_id_TC0000990,0.0,0.0
teleconsult_id_TC0000992,0.0,0.0
teleconsult_id_TC0000993,0.0,0.0
teleconsult_id_TC0000994,0.0,0.0
teleconsult_id_TC0000995,0.0,0.0
teleconsult_id_TC0000998,0.0,0.0
teleconsult_id_TC0000999,0.0,0.0
teleconsult_id_TC0001000,0.0,0.0
teleconsult_id_TC0001001,0.0,0.0
teleconsult_id_TC0001002,0.0,0.0
teleconsult_id_TC0001004,0.0,0.0
teleconsult_id_TC0001005,0.0,0.0
teleconsult_id_TC0001007,0.0,0.0
teleconsult_id_TC0001009,0.0,0.0
teleconsult_id_TC0001011,0.0,0.0
teleconsult_id_TC0001013,0.0,0.0
teleconsult_id_TC0001016,0.0,0.0
teleconsult_id_TC0001017,0.0,0.0
teleconsult_id_TC0001019,0.0,0.0
teleconsult_id_TC0001020,0.0,0.0
teleconsult_id_TC0001022,0.0,0.0
teleconsult_id_TC0001023,0.0,0.0
teleconsult_id_TC0001024,0.0,0.0
teleconsult_id_TC0001025,0.0,0.0
teleconsult_id_TC0001027,0.0,0.0
teleconsult_id_TC0001028,0.0,0.0
teleconsult_id_TC0001029,0.0,0.0
teleconsult_id_TC0001030,0.0,0.0
teleconsult_id_TC0001031,0.0,0.0
teleconsult_id_TC0001032,0.0,0.0
teleconsult_id_TC0001033,0.0,0.0
teleconsult_id_TC0001034,0.0,0.0
teleconsult_id_TC0001035,0.0,0.0
teleconsult_id_TC0001036,0.0,0.0
teleconsult_id_TC0001037,0.0,0.0
teleconsult_id_TC0001038,0.0,0.0
teleconsult_id_TC0001039,0.0,0.0
teleconsult_id_TC0001040,0.0,0.0
teleconsult_id_TC0001041,0.0,0.0
teleconsult_id_TC0001042,0.0,0.0
teleconsult_id_TC0001044,0.0,0.0
teleconsult_id_TC0001046,0.0,0.0
teleconsult_id_TC0001048,0.0,0.0
teleconsult_id_TC0001049,0.0,0.0
teleconsult_id_TC0001051,0.0,0.0
teleconsult_id_TC0001052,0.0,0.0
teleconsult_id_TC0001053,0.0,0.0
teleconsult_id_TC0001054,0.0,0.0
teleconsult_id_TC0001055,0.0,0.0
teleconsult_id_TC0001056,0.0,0.0
teleconsult_id_TC0001057,0.0,0.0
teleconsult_id_TC0001059,0.0,0.0
teleconsult_id_TC0001060,0.0,0.0
teleconsult_id_TC0001061,0.0,0.0
teleconsult_id_TC0001062,0.0,0.0
teleconsult_id_TC0001063,0.0,0.0
teleconsult_id_TC0001065,0.0,0.0
teleconsult_id_TC0001066,0.0,0.0
teleconsult_id_TC0001067,0.0,0.0
teleconsult_id_TC0001069,0.0,0.0
teleconsult_id_TC0001070,0.0,0.0
teleconsult_id_TC0001071,0.0,0.0
teleconsult_id_TC0001072,0.0,0.0
teleconsult_id_TC0001073,0.0,0.0
teleconsult_id_TC0001074,0.0,0.0
teleconsult_id_TC0001076,0.0,0.0
teleconsult_id_TC0001077,0.0,0.0
teleconsult_id_TC0001078,0.0,0.0
teleconsult_id_TC0001079,0.0,0.0
teleconsult_id_TC0001080,0.0,0.0
teleconsult_id_TC0001081,0.0,0.0
teleconsult_id_TC0001082,0.0,0.0
teleconsult_id_TC0001083,0.0,0.0
teleconsult_id_TC0001085,0.0,0.0
teleconsult_id_TC0001086,0.0,0.0
teleconsult_id_TC0001087,0.0,0.0
teleconsult_id_TC0001089,0.0,0.0
teleconsult_id_TC0001091,0.0,0.0
teleconsult_id_TC0001093,0.0,0.0
teleconsult_id_TC0001094,0.0,0.0
teleconsult_id_TC0001095,0.0,0.0
teleconsult_id_TC0001096,0.0,0.0
teleconsult_id_TC0001097,0.0,0.0
teleconsult_id_TC0001098,0.0,0.0
teleconsult_id_TC0001099,0.0,0.0
teleconsult_id_TC0001100,0.0,0.0
teleconsult_id_TC0001101,0.0,0.0
teleconsult_id_TC0001102,0.0,0.0
teleconsult_id_TC0001103,0.0,0.0
teleconsult_id_TC0001104,0.0,0.0
teleconsult_id_TC0001105,0.0,0.0
teleconsult_id_TC0001106,0.0,0.0
teleconsult_id_TC0001107,0.0,0.0
teleconsult_id_TC0001109,0.0,0.0
teleconsult_id_TC0001110,0.0,0.0
teleconsult_id_TC0001111,0.0,0.0
teleconsult_id_TC0001112,0.0,0.0
teleconsult_id_TC0001113,0.0,0.0
teleconsult_id_TC0001114,0.0,0.0
teleconsult_id_TC0001116,0.0,0.0
teleconsult_id_TC0001117,0.0,0.0
teleconsult_id_TC0001118,0.0,0.0
teleconsult_id_TC0001119,0.0,0.0
teleconsult_id_TC0001120,0.0,0.0
teleconsult_id_TC0001121,0.0,0.0
teleconsult_id_TC0001122,0.0,0.0
teleconsult_id_TC0001126,0.0,0.0
teleconsult_id_TC0001127,0.0,0.0
teleconsult_id_TC0001128,0.0,0.0
teleconsult_id_TC0001129,0.0,0.0
teleconsult_id_TC0001130,0.0,0.0
teleconsult_id_TC0001131,0.0,0.0
teleconsult_id_TC0001132,0.0,0.0
teleconsult_id_TC0001133,0.0,0.0
teleconsult_id_TC0001135,0.0,0.0
teleconsult_id_TC0001136,0.0,0.0
teleconsult_id_TC0001137,0.0,0.0
teleconsult_id_TC0001138,0.0,0.0
teleconsult_id_TC0001141,0.0,0.0
teleconsult_id_TC0001144,0.0,0.0
teleconsult_id_TC0001145,0.0,0.0
teleconsult_id_TC0001146,0.0,0.0
teleconsult_id_TC0001147,0.0,0.0
teleconsult_id_TC0001148,0.0,0.0
teleconsult_id_TC0001150,0.0,0.0
teleconsult_id_TC0001152,0.0,0.0
teleconsult_id_TC0001154,0.0,0.0
teleconsult_id_TC0001155,0.0,0.0
teleconsult_id_TC0001156,0.0,0.0
teleconsult_id_TC0001157,0.0,0.0
teleconsult_id_TC0001158,0.0,0.0
teleconsult_id_TC0001159,0.0,0.0
teleconsult_id_TC0001160,0.0,0.0
teleconsult_id_TC0001161,0.0,0.0
teleconsult_id_TC0001162,0.0,0.0
teleconsult_id_TC0001163,0.0,0.0
teleconsult_id_TC0001164,0.0,0.0
teleconsult_id_TC0001165,0.0,0.0
teleconsult_id_TC0001168,0.0,0.0
teleconsult_id_TC0001170,0.0,0.0
teleconsult_id_TC0001171,0.0,0.0
teleconsult_id_TC0001172,0.0,0.0
teleconsult_id_TC0001174,0.0,0.0
teleconsult_id_TC0001175,0.0,0.0
teleconsult_id_TC0001176,0.0,0.0
teleconsult_id_TC0001177,0.0,0.0
teleconsult_id_TC0001178,0.0,0.0
teleconsult_id_TC0001180,0.0,0.0
teleconsult_id_TC0001181,0.0,0.0
teleconsult_id_TC0001182,0.0,0.0
teleconsult_id_TC0001184,0.0,0.0
teleconsult_id_TC0001186,0.0,0.0
teleconsult_id_TC0001187,0.0,0.0
teleconsult_id_TC0001188,0.0,0.0
teleconsult_id_TC0001189,0.0,0.0
teleconsult_id_TC0001190,0.0,0.0
teleconsult_id_TC0001191,0.0,0.0
teleconsult_id_TC0001192,0.0,0.0
teleconsult_id_TC0001193,0.0,0.0
teleconsult_id_TC0001195,0.0,0.0
teleconsult_id_TC0001196,0.0,0.0
teleconsult_id_TC0001199,0.0,0.0
teleconsult_id_TC0001201,0.0,0.0
teleconsult_id_TC0001203,0.0,0.0
teleconsult_id_TC0001205,0.0,0.0
teleconsult_id_TC0001206,0.0,0.0
teleconsult_id_TC0001209,0.0,0.0
teleconsult_id_TC0001210,0.0,0.0
teleconsult_id_TC0001211,0.0,0.0
teleconsult_id_TC0001213,0.0,0.0
teleconsult_id_TC0001214,0.0,0.0
teleconsult_id_TC0001215,0.0,0.0
teleconsult_id_TC0001216,0.0,0.0
teleconsult_id_TC0001217,0.0,0.0
teleconsult_id_TC0001218,0.0,0.0
teleconsult_id_TC0001219,0.0,0.0
teleconsult_id_TC0001221,0.0,0.0
teleconsult_id_TC0001223,0.0,0.0
teleconsult_id_TC0001225,0.0,0.0
teleconsult_id_TC0001227,0.0,0.0
teleconsult_id_TC0001228,0.0,0.0
teleconsult_id_TC0001229,0.0,0.0
teleconsult_id_TC0001230,0.0,0.0
teleconsult_id_TC0001231,0.0,0.0
teleconsult_id_TC0001232,0.0,0.0
teleconsult_id_TC0001234,0.0,0.0
teleconsult_id_TC0001235,0.0,0.0
teleconsult_id_TC0001236,0.0,0.0
teleconsult_id_TC0001237,0.0,0.0
teleconsult_id_TC0001238,0.0,0.0
teleconsult_id_TC0001239,0.0,0.0
teleconsult_id_TC0001240,0.0,0.0
teleconsult_id_TC0001241,0.0,0.0
teleconsult_id_TC0001242,0.0,0.0
teleconsult_id_TC0001243,0.0,0.0
teleconsult_id_TC0001244,0.0,0.0
teleconsult_id_TC0001245,0.0,0.0
teleconsult_id_TC0001246,0.0,0.0
teleconsult_id_TC0001247,0.0,0.0
teleconsult_id_TC0001248,0.0,0.0
teleconsult_id_TC0001250,0.0,0.0
teleconsult_id_TC0001251,0.0,0.0
teleconsult_id_TC0001252,0.0,0.0
teleconsult_id_TC0001253,0.0,0.0
teleconsult_id_TC0001254,0.0,0.0
teleconsult_id_TC0001255,0.0,0.0
teleconsult_id_TC0001256,0.0,0.0
teleconsult_id_TC0001257,0.0,0.0
teleconsult_id_TC0001258,0.0,0.0
teleconsult_id_TC0001259,0.0,0.0
teleconsult_id_TC0001260,0.0,0.0
teleconsult_id_TC0001261,0.0,0.0
teleconsult_id_TC0001263,0.0,0.0
teleconsult_id_TC0001265,0.0,0.0
teleconsult_id_TC0001266,0.0,0.0
teleconsult_id_TC0001269,0.0,0.0
teleconsult_id_TC0001270,0.0,0.0
teleconsult_id_TC0001271,0.0,0.0
teleconsult_id_TC0001273,0.0,0.0
teleconsult_id_TC0001274,0.0,0.0
teleconsult_id_TC0001275,0.0,0.0
teleconsult_id_TC0001276,0.0,0.0
teleconsult_id_TC0001277,0.0,0.0
teleconsult_id_TC0001279,0.0,0.0
teleconsult_id_TC0001280,0.0,0.0
teleconsult_id_TC0001281,0.0,0.0
teleconsult_id_TC0001282,0.0,0.0
teleconsult_id_TC0001283,0.0,0.0
teleconsult_id_TC0001284,0.0,0.0
teleconsult_id_TC0001285,0.0,0.0
teleconsult_id_TC0001286,0.0,0.0
teleconsult_id_TC0001287,0.0,0.0
teleconsult_id_TC0001288,0.0,0.0
teleconsult_id_TC0001289,0.0,0.0
teleconsult_id_TC0001290,0.0,0.0
teleconsult_id_TC0001292,0.0,0.0
teleconsult_id_TC0001295,0.0,0.0
teleconsult_id_TC0001296,0.0,0.0
teleconsult_id_TC0001297,0.0,0.0
teleconsult_id_TC0001300,0.0,0.0
teleconsult_id_TC0001301,0.0,0.0
teleconsult_id_TC0001302,0.0,0.0
teleconsult_id_TC0001303,0.0,0.0
teleconsult_id_TC0001304,0.0,0.0
teleconsult_id_TC0001305,0.0,0.0
teleconsult_id_TC0001306,0.0,0.0
teleconsult_id_TC0001307,0.0,0.0
teleconsult_id_TC0001308,0.0,0.0
teleconsult_id_TC0001309,0.0,0.0
teleconsult_id_TC0001310,0.0,0.0
teleconsult_id_TC0001311,0.0,0.0
teleconsult_id_TC0001313,0.0,0.0
teleconsult_id_TC0001316,0.0,0.0
teleconsult_id_TC0001317,0.0,0.0
teleconsult_id_TC0001319,0.0,0.0
teleconsult_id_TC0001320,0.0,0.0
teleconsult_id_TC0001321,0.0,0.0
teleconsult_id_TC0001322,0.0,0.0
teleconsult_id_TC0001323,0.0,0.0
teleconsult_id_TC0001325,0.0,0.0
teleconsult_id_TC0001326,0.0,0.0
teleconsult_id_TC0001327,0.0,0.0
teleconsult_id_TC0001329,0.0,0.0
teleconsult_id_TC0001330,0.0,0.0
teleconsult_id_TC0001331,0.0,0.0
teleconsult_id_TC0001332,0.0,0.0
teleconsult_id_TC0001333,0.0,0.0
teleconsult_id_TC0001334,0.0,0.0
teleconsult_id_TC0001338,0.0,0.0
teleconsult_id_TC0001339,0.0,0.0
teleconsult_id_TC0001341,0.0,0.0
teleconsult_id_TC0001342,0.0,0.0
teleconsult_id_TC0001343,0.0,0.0
teleconsult_id_TC0001344,0.0,0.0
teleconsult_id_TC0001346,0.0,0.0
teleconsult_id_TC0001348,0.0,0.0
teleconsult_id_TC0001349,0.0,0.0
teleconsult_id_TC0001350,0.0,0.0
teleconsult_id_TC0001351,0.0,0.0
teleconsult_id_TC0001352,0.0,0.0
teleconsult_id_TC0001353,0.0,0.0
teleconsult_id_TC0001354,0.0,0.0
teleconsult_id_TC0001356,0.0,0.0
teleconsult_id_TC0001357,0.0,0.0
teleconsult_id_TC0001358,0.0,0.0
teleconsult_id_TC0001360,0.0,0.0
teleconsult_id_TC0001361,0.0,0.0
teleconsult_id_TC0001362,0.0,0.0
teleconsult_id_TC0001364,0.0,0.0
teleconsult_id_TC0001367,0.0,0.0
teleconsult_id_TC0001369,0.0,0.0
teleconsult_id_TC0001370,0.0,0.0
teleconsult_id_TC0001371,0.0,0.0
teleconsult_id_TC0001372,0.0,0.0
teleconsult_id_TC0001374,0.0,0.0
teleconsult_id_TC0001376,0.0,0.0
teleconsult_id_TC0001378,0.0,0.0
teleconsult_id_TC0001379,0.0,0.0
teleconsult_id_TC0001380,0.0,0.0
teleconsult_id_TC0001381,0.0,0.0
teleconsult_id_TC0001383,0.0,0.0
teleconsult_id_TC0001384,0.0,0.0
teleconsult_id_TC0001385,0.0,0.0
teleconsult_id_TC0001387,0.0,0.0
teleconsult_id_TC0001388,0.0,0.0
teleconsult_id_TC0001389,0.0,0.0
teleconsult_id_TC0001390,0.0,0.0
teleconsult_id_TC0001391,0.0,0.0
teleconsult_id_TC0001392,0.0,0.0
teleconsult_id_TC0001393,0.0,0.0
teleconsult_id_TC0001395,0.0,0.0
teleconsult_id_TC0001396,0.0,0.0
teleconsult_id_TC0001397,0.0,0.0
teleconsult_id_TC0001398,0.0,0.0
teleconsult_id_TC0001399,0.0,0.0
teleconsult_id_TC0001402,0.0,0.0
teleconsult_id_TC0001403,0.0,0.0
teleconsult_id_TC0001404,0.0,0.0
teleconsult_id_TC0001405,0.0,0.0
teleconsult_id_TC0001407,0.0,0.0
teleconsult_id_TC0001409,0.0,0.0
teleconsult_id_TC0001410,0.0,0.0
teleconsult_id_TC0001412,0.0,0.0
teleconsult_id_TC0001414,0.0,0.0
teleconsult_id_TC0001415,0.0,0.0
teleconsult_id_TC0001416,0.0,0.0
teleconsult_id_TC0001417,0.0,0.0
teleconsult_id_TC0001418,0.0,0.0
teleconsult_id_TC0001419,0.0,0.0
teleconsult_id_TC0001420,0.0,0.0
teleconsult_id_TC0001421,0.0,0.0
teleconsult_id_TC0001422,0.0,0.0
teleconsult_id_TC0001423,0.0,0.0
teleconsult_id_TC0001424,0.0,0.0
teleconsult_id_TC0001425,0.0,0.0
teleconsult_id_TC0001426,0.0,0.0
teleconsult_id_TC0001427,0.0,0.0
teleconsult_id_TC0001428,0.0,0.0
teleconsult_id_TC0001429,0.0,0.0
teleconsult_id_TC0001430,0.0,0.0
teleconsult_id_TC0001431,0.0,0.0
teleconsult_id_TC0001432,0.0,0.0
teleconsult_id_TC0001433,0.0,0.0
teleconsult_id_TC0001435,0.0,0.0
teleconsult_id_TC0001437,0.0,0.0
teleconsult_id_TC0001438,0.0,0.0
teleconsult_id_TC0001439,0.0,0.0
teleconsult_id_TC0001440,0.0,0.0
teleconsult_id_TC0001441,0.0,0.0
teleconsult_id_TC0001442,0.0,0.0
teleconsult_id_TC0001443,0.0,0.0
teleconsult_id_TC0001446,0.0,0.0
teleconsult_id_TC0001449,0.0,0.0
teleconsult_id_TC0001450,0.0,0.0
teleconsult_id_TC0001452,0.0,0.0
teleconsult_id_TC0001455,0.0,0.0
teleconsult_id_TC0001456,0.0,0.0
teleconsult_id_TC0001457,0.0,0.0
teleconsult_id_TC0001458,0.0,0.0
teleconsult_id_TC0001459,0.0,0.0
teleconsult_id_TC0001460,0.0,0.0
teleconsult_id_TC0001461,0.0,0.0
teleconsult_id_TC0001462,0.0,0.0
teleconsult_id_TC0001464,0.0,0.0
teleconsult_id_TC0001465,0.0,0.0
teleconsult_id_TC0001466,0.0,0.0
teleconsult_id_TC0001467,0.0,0.0
teleconsult_id_TC0001469,0.0,0.0
teleconsult_id_TC0001470,0.0,0.0
teleconsult_id_TC0001471,0.0,0.0
teleconsult_id_TC0001472,0.0,0.0
teleconsult_id_TC0001473,0.0,0.0
teleconsult_id_TC0001475,0.0,0.0
teleconsult_id_TC0001476,0.0,0.0
teleconsult_id_TC0001478,0.0,0.0
teleconsult_id_TC0001479,0.0,0.0
teleconsult_id_TC0001480,0.0,0.0
teleconsult_id_TC0001482,0.0,0.0
teleconsult_id_TC0001483,0.0,0.0
teleconsult_id_TC0001484,0.0,0.0
teleconsult_id_TC0001485,0.0,0.0
teleconsult_id_TC0001486,0.0,0.0
teleconsult_id_TC0001487,0.0,0.0
teleconsult_id_TC0001488,0.0,0.0
teleconsult_id_TC0001489,0.0,0.0
teleconsult_id_TC0001490,0.0,0.0
teleconsult_id_TC0001491,0.0,0.0
teleconsult_id_TC0001492,0.0,0.0
teleconsult_id_TC0001493,0.0,0.0
teleconsult_id_TC0001495,0.0,0.0
teleconsult_id_TC0001496,0.0,0.0
teleconsult_id_TC0001497,0.0,0.0
teleconsult_id_TC0001498,0.0,0.0
teleconsult_id_TC0001499,0.0,0.0
teleconsult_id_TC0001501,0.0,0.0
teleconsult_id_TC0001503,0.0,0.0
teleconsult_id_TC0001504,0.0,0.0
teleconsult_id_TC0001505,0.0,0.0
teleconsult_id_TC0001506,0.0,0.0
teleconsult_id_TC0001507,0.0,0.0
teleconsult_id_TC0001508,0.0,0.0
teleconsult_id_TC0001509,0.0,0.0
teleconsult_id_TC0001510,0.0,0.0
teleconsult_id_TC0001511,0.0,0.0
teleconsult_id_TC0001512,0.0,0.0
teleconsult_id_TC0001513,0.0,0.0
teleconsult_id_TC0001514,0.0,0.0
teleconsult_id_TC0001515,0.0,0.0
teleconsult_id_TC0001516,0.0,0.0
teleconsult_id_TC0001517,0.0,0.0
teleconsult_id_TC0001518,0.0,0.0
teleconsult_id_TC0001519,0.0,0.0
teleconsult_id_TC0001520,0.0,0.0
teleconsult_id_TC0001521,0.0,0.0
teleconsult_id_TC0001523,0.0,0.0
teleconsult_id_TC0001524,0.0,0.0
teleconsult_id_TC0001525,0.0,0.0
teleconsult_id_TC0001526,0.0,0.0
teleconsult_id_TC0001527,0.0,0.0
teleconsult_id_TC0001528,0.0,0.0
teleconsult_id_TC0001529,0.0,0.0
teleconsult_id_TC0001531,0.0,0.0
teleconsult_id_TC0001535,0.0,0.0
teleconsult_id_TC0001536,0.0,0.0
teleconsult_id_TC0001537,0.0,0.0
teleconsult_id_TC0001538,0.0,0.0
teleconsult_id_TC0001539,0.0,0.0
teleconsult_id_TC0001540,0.0,0.0
teleconsult_id_TC0001541,0.0,0.0
teleconsult_id_TC0001542,0.0,0.0
teleconsult_id_TC0001543,0.0,0.0
teleconsult_id_TC0001545,0.0,0.0
teleconsult_id_TC0001546,0.0,0.0
teleconsult_id_TC0001547,0.0,0.0
teleconsult_id_TC0001548,0.0,0.0
teleconsult_id_TC0001549,0.0,0.0
teleconsult_id_TC0001551,0.0,0.0
teleconsult_id_TC0001552,0.0,0.0
teleconsult_id_TC0001553,0.0,0.0
teleconsult_id_TC0001554,0.0,0.0
teleconsult_id_TC0001556,0.0,0.0
teleconsult_id_TC0001557,0.0,0.0
teleconsult_id_TC0001558,0.0,0.0
teleconsult_id_TC0001559,0.0,0.0
teleconsult_id_TC0001560,0.0,0.0
teleconsult_id_TC0001561,0.0,0.0
teleconsult_id_TC0001563,0.0,0.0
teleconsult_id_TC0001566,0.0,0.0
teleconsult_id_TC0001567,0.0,0.0
teleconsult_id_TC0001568,0.0,0.0
teleconsult_id_TC0001569,0.0,0.0
teleconsult_id_TC0001571,0.0,0.0
teleconsult_id_TC0001572,0.0,0.0
teleconsult_id_TC0001573,0.0,0.0
teleconsult_id_TC0001575,0.0,0.0
teleconsult_id_TC0001578,0.0,0.0
teleconsult_id_TC0001579,0.0,0.0
teleconsult_id_TC0001580,0.0,0.0
teleconsult_id_TC0001581,0.0,0.0
teleconsult_id_TC0001583,0.0,0.0
teleconsult_id_TC0001584,0.0,0.0
teleconsult_id_TC0001585,0.0,0.0
teleconsult_id_TC0001586,0.0,0.0
teleconsult_id_TC0001587,0.0,0.0
teleconsult_id_TC0001588,0.0,0.0
teleconsult_id_TC0001590,0.0,0.0
teleconsult_id_TC0001593,0.0,0.0
teleconsult_id_TC0001595,0.0,0.0
teleconsult_id_TC0001597,0.0,0.0
teleconsult_id_TC0001598,0.0,0.0
teleconsult_id_TC0001599,0.0,0.0
teleconsult_id_TC0001600,0.0,0.0
teleconsult_id_TC0001601,0.0,0.0
teleconsult_id_TC0001602,0.0,0.0
teleconsult_id_TC0001603,0.0,0.0
teleconsult_id_TC0001604,0.0,0.0
teleconsult_id_TC0001605,0.0,0.0
teleconsult_id_TC0001606,0.0,0.0
teleconsult_id_TC0001607,0.0,0.0
teleconsult_id_TC0001608,0.0,0.0
teleconsult_id_TC0001610,0.0,0.0
teleconsult_id_TC0001612,0.0,0.0
teleconsult_id_TC0001613,0.0,0.0
teleconsult_id_TC0001615,0.0,0.0
teleconsult_id_TC0001616,0.0,0.0
teleconsult_id_TC0001617,0.0,0.0
teleconsult_id_TC0001618,0.0,0.0
teleconsult_id_TC0001619,0.0,0.0
teleconsult_id_TC0001620,0.0,0.0
teleconsult_id_TC0001621,0.0,0.0
teleconsult_id_TC0001622,0.0,0.0
teleconsult_id_TC0001623,0.0,0.0
teleconsult_id_TC0001624,0.0,0.0
teleconsult_id_TC0001625,0.0,0.0
teleconsult_id_TC0001626,0.0,0.0
teleconsult_id_TC0001628,0.0,0.0
teleconsult_id_TC0001629,0.0,0.0
teleconsult_id_TC0001630,0.0,0.0
teleconsult_id_TC0001632,0.0,0.0
teleconsult_id_TC0001636,0.0,0.0
teleconsult_id_TC0001637,0.0,0.0
teleconsult_id_TC0001639,0.0,0.0
teleconsult_id_TC0001640,0.0,0.0
teleconsult_id_TC0001641,0.0,0.0
teleconsult_id_TC0001642,0.0,0.0
teleconsult_id_TC0001643,0.0,0.0
teleconsult_id_TC0001646,0.0,0.0
teleconsult_id_TC0001647,0.0,0.0
teleconsult_id_TC0001650,0.0,0.0
teleconsult_id_TC0001651,0.0,0.0
teleconsult_id_TC0001652,0.0,0.0
teleconsult_id_TC0001654,0.0,0.0
teleconsult_id_TC0001656,0.0,0.0
teleconsult_id_TC0001657,0.0,0.0
teleconsult_id_TC0001658,0.0,0.0
teleconsult_id_TC0001659,0.0,0.0
teleconsult_id_TC0001660,0.0,0.0
teleconsult_id_TC0001661,0.0,0.0
teleconsult_id_TC0001662,0.0,0.0
teleconsult_id_TC0001663,0.0,0.0
teleconsult_id_TC0001664,0.0,0.0
teleconsult_id_TC0001666,0.0,0.0
teleconsult_id_TC0001668,0.0,0.0
teleconsult_id_TC0001669,0.0,0.0
teleconsult_id_TC0001671,0.0,0.0
teleconsult_id_TC0001672,0.0,0.0
teleconsult_id_TC0001673,0.0,0.0
teleconsult_id_TC0001674,0.0,0.0
teleconsult_id_TC0001675,0.0,0.0
teleconsult_id_TC0001676,0.0,0.0
teleconsult_id_TC0001677,0.0,0.0
teleconsult_id_TC0001678,0.0,0.0
teleconsult_id_TC0001679,0.0,0.0
teleconsult_id_TC0001680,0.0,0.0
teleconsult_id_TC0001681,0.0,0.0
teleconsult_id_TC0001682,0.0,0.0
teleconsult_id_TC0001683,0.0,0.0
teleconsult_id_TC0001684,0.0,0.0
teleconsult_id_TC0001688,0.0,0.0
teleconsult_id_TC0001689,0.0,0.0
teleconsult_id_TC0001694,0.0,0.0
teleconsult_id_TC0001695,0.0,0.0
teleconsult_id_TC0001697,0.0,0.0
teleconsult_id_TC0001698,0.0,0.0
teleconsult_id_TC0001699,0.0,0.0
teleconsult_id_TC0001701,0.0,0.0
teleconsult_id_TC0001702,0.0,0.0
teleconsult_id_TC0001703,0.0,0.0
teleconsult_id_TC0001705,0.0,0.0
teleconsult_id_TC0001706,0.0,0.0
teleconsult_id_TC0001707,0.0,0.0
teleconsult_id_TC0001709,0.0,0.0
teleconsult_id_TC0001710,0.0,0.0
teleconsult_id_TC0001711,0.0,0.0
teleconsult_id_TC0001712,0.0,0.0
teleconsult_id_TC0001713,0.0,0.0
teleconsult_id_TC0001714,0.0,0.0
teleconsult_id_TC0001715,0.0,0.0
teleconsult_id_TC0001716,0.0,0.0
teleconsult_id_TC0001717,0.0,0.0
teleconsult_id_TC0001718,0.0,0.0
teleconsult_id_TC0001719,0.0,0.0
teleconsult_id_TC0001720,0.0,0.0
teleconsult_id_TC0001721,0.0,0.0
teleconsult_id_TC0001723,0.0,0.0
teleconsult_id_TC0001724,0.0,0.0
teleconsult_id_TC0001725,0.0,0.0
teleconsult_id_TC0001727,0.0,0.0
teleconsult_id_TC0001728,0.0,0.0
teleconsult_id_TC0001729,0.0,0.0
teleconsult_id_TC0001731,0.0,0.0
teleconsult_id_TC0001732,0.0,0.0
teleconsult_id_TC0001733,0.0,0.0
teleconsult_id_TC0001734,0.0,0.0
teleconsult_id_TC0001735,0.0,0.0
teleconsult_id_TC0001736,0.0,0.0
teleconsult_id_TC0001737,0.0,0.0
teleconsult_id_TC0001738,0.0,0.0
teleconsult_id_TC0001739,0.0,0.0
teleconsult_id_TC0001740,0.0,0.0
teleconsult_id_TC0001743,0.0,0.0
teleconsult_id_TC0001744,0.0,0.0
teleconsult_id_TC0001745,0.0,0.0
teleconsult_id_TC0001746,0.0,0.0
teleconsult_id_TC0001747,0.0,0.0
teleconsult_id_TC0001748,0.0,0.0
teleconsult_id_TC0001749,0.0,0.0
teleconsult_id_TC0001750,0.0,0.0
teleconsult_id_TC0001752,0.0,0.0
teleconsult_id_TC0001753,0.0,0.0
teleconsult_id_TC0001755,0.0,0.0
teleconsult_id_TC0001756,0.0,0.0
teleconsult_id_TC0001758,0.0,0.0
teleconsult_id_TC0001759,0.0,0.0
teleconsult_id_TC0001762,0.0,0.0
teleconsult_id_TC0001764,0.0,0.0
teleconsult_id_TC0001765,0.0,0.0
teleconsult_id_TC0001766,0.0,0.0
teleconsult_id_TC0001767,0.0,0.0
teleconsult_id_TC0001768,0.0,0.0
teleconsult_id_TC0001769,0.0,0.0
teleconsult_id_TC0001770,0.0,0.0
teleconsult_id_TC0001771,0.0,0.0
teleconsult_id_TC0001773,0.0,0.0
teleconsult_id_TC0001774,0.0,0.0
teleconsult_id_TC0001775,0.0,0.0
teleconsult_id_TC0001777,0.0,0.0
teleconsult_id_TC0001778,0.0,0.0
teleconsult_id_TC0001779,0.0,0.0
teleconsult_id_TC0001780,0.0,0.0
teleconsult_id_TC0001781,0.0,0.0
teleconsult_id_TC0001782,0.0,0.0
teleconsult_id_TC0001783,0.0,0.0
teleconsult_id_TC0001785,0.0,0.0
teleconsult_id_TC0001786,0.0,0.0
teleconsult_id_TC0001787,0.0,0.0
teleconsult_id_TC0001789,0.0,0.0
teleconsult_id_TC0001790,0.0,0.0
teleconsult_id_TC0001793,0.0,0.0
teleconsult_id_TC0001794,0.0,0.0
teleconsult_id_TC0001795,0.0,0.0
teleconsult_id_TC0001796,0.0,0.0
teleconsult_id_TC0001798,0.0,0.0
teleconsult_id_TC0001799,0.0,0.0
teleconsult_id_TC0001800,0.0,0.0
teleconsult_id_TC0001801,0.0,0.0
teleconsult_id_TC0001802,0.0,0.0
teleconsult_id_TC0001803,0.0,0.0
teleconsult_id_TC0001804,0.0,0.0
teleconsult_id_TC0001805,0.0,0.0
teleconsult_id_TC0001806,0.0,0.0
teleconsult_id_TC0001807,0.0,0.0
teleconsult_id_TC0001811,0.0,0.0
teleconsult_id_TC0001813,0.0,0.0
teleconsult_id_TC0001814,0.0,0.0
teleconsult_id_TC0001815,0.0,0.0
teleconsult_id_TC0001816,0.0,0.0
teleconsult_id_TC0001817,0.0,0.0
teleconsult_id_TC0001818,0.0,0.0
teleconsult_id_TC0001819,0.0,0.0
teleconsult_id_TC0001821,0.0,0.0
teleconsult_id_TC0001822,0.0,0.0
teleconsult_id_TC0001823,0.0,0.0
teleconsult_id_TC0001824,0.0,0.0
teleconsult_id_TC0001826,0.0,0.0
teleconsult_id_TC0001828,0.0,0.0
teleconsult_id_TC0001829,0.0,0.0
teleconsult_id_TC0001831,0.0,0.0
teleconsult_id_TC0001833,0.0,0.0
teleconsult_id_TC0001835,0.0,0.0
teleconsult_id_TC0001836,0.0,0.0
teleconsult_id_TC0001837,0.0,0.0
teleconsult_id_TC0001838,0.0,0.0
teleconsult_id_TC0001840,0.0,0.0
teleconsult_id_TC0001841,0.0,0.0
teleconsult_id_TC0001843,0.0,0.0
teleconsult_id_TC0001844,0.0,0.0
teleconsult_id_TC0001845,0.0,0.0
teleconsult_id_TC0001846,0.0,0.0
teleconsult_id_TC0001849,0.0,0.0
teleconsult_id_TC0001850,0.0,0.0
teleconsult_id_TC0001851,0.0,0.0
teleconsult_id_TC0001853,0.0,0.0
teleconsult_id_TC0001854,0.0,0.0
teleconsult_id_TC0001855,0.0,0.0
teleconsult_id_TC0001858,0.0,0.0
teleconsult_id_TC0001859,0.0,0.0
teleconsult_id_TC0001860,0.0,0.0
teleconsult_id_TC0001861,0.0,0.0
teleconsult_id_TC0001862,0.0,0.0
teleconsult_id_TC0001863,0.0,0.0
teleconsult_id_TC0001864,0.0,0.0
teleconsult_id_TC0001865,0.0,0.0
teleconsult_id_TC0001866,0.0,0.0
teleconsult_id_TC0001867,0.0,0.0
teleconsult_id_TC0001869,0.0,0.0
teleconsult_id_TC0001870,0.0,0.0
teleconsult_id_TC0001871,0.0,0.0
teleconsult_id_TC0001872,0.0,0.0
teleconsult_id_TC0001874,0.0,0.0
teleconsult_id_TC0001875,0.0,0.0
teleconsult_id_TC0001876,0.0,0.0
teleconsult_id_TC0001878,0.0,0.0
teleconsult_id_TC0001879,0.0,0.0
teleconsult_id_TC0001880,0.0,0.0
teleconsult_id_TC0001881,0.0,0.0
teleconsult_id_TC0001882,0.0,0.0
teleconsult_id_TC0001883,0.0,0.0
teleconsult_id_TC0001884,0.0,0.0
teleconsult_id_TC0001885,0.0,0.0
teleconsult_id_TC0001886,0.0,0.0
teleconsult_id_TC0001887,0.0,0.0
teleconsult_id_TC0001888,0.0,0.0
teleconsult_id_TC0001890,0.0,0.0
teleconsult_id_TC0001892,0.0,0.0
teleconsult_id_TC0001893,0.0,0.0
teleconsult_id_TC0001895,0.0,0.0
teleconsult_id_TC0001896,0.0,0.0
teleconsult_id_TC0001897,0.0,0.0
teleconsult_id_TC0001899,0.0,0.0
teleconsult_id_TC0001900,0.0,0.0
teleconsult_id_TC0001901,0.0,0.0
teleconsult_id_TC0001902,0.0,0.0
teleconsult_id_TC0001903,0.0,0.0
teleconsult_id_TC0001904,0.0,0.0
teleconsult_id_TC0001905,0.0,0.0
teleconsult_id_TC0001907,0.0,0.0
teleconsult_id_TC0001910,0.0,0.0
teleconsult_id_TC0001911,0.0,0.0
teleconsult_id_TC0001912,0.0,0.0
teleconsult_id_TC0001913,0.0,0.0
teleconsult_id_TC0001914,0.0,0.0
teleconsult_id_TC0001915,0.0,0.0
teleconsult_id_TC0001916,0.0,0.0
teleconsult_id_TC0001917,0.0,0.0
teleconsult_id_TC0001919,0.0,0.0
teleconsult_id_TC0001920,0.0,0.0
teleconsult_id_TC0001921,0.0,0.0
teleconsult_id_TC0001923,0.0,0.0
teleconsult_id_TC0001924,0.0,0.0
teleconsult_id_TC0001925,0.0,0.0
teleconsult_id_TC0001926,0.0,0.0
teleconsult_id_TC0001927,0.0,0.0
teleconsult_id_TC0001929,0.0,0.0
teleconsult_id_TC0001930,0.0,0.0
teleconsult_id_TC0001932,0.0,0.0
teleconsult_id_TC0001935,0.0,0.0
teleconsult_id_TC0001936,0.0,0.0
teleconsult_id_TC0001937,0.0,0.0
teleconsult_id_TC0001938,0.0,0.0
teleconsult_id_TC0001941,0.0,0.0
teleconsult_id_TC0001942,0.0,0.0
teleconsult_id_TC0001943,0.0,0.0
teleconsult_id_TC0001946,0.0,0.0
teleconsult_id_TC0001947,0.0,0.0
teleconsult_id_TC0001948,0.0,0.0
teleconsult_id_TC0001949,0.0,0.0
teleconsult_id_TC0001950,0.0,0.0
teleconsult_id_TC0001951,0.0,0.0
teleconsult_id_TC0001952,0.0,0.0
teleconsult_id_TC0001953,0.0,0.0
teleconsult_id_TC0001954,0.0,0.0
teleconsult_id_TC0001955,0.0,0.0
teleconsult_id_TC0001956,0.0,0.0
teleconsult_id_TC0001959,0.0,0.0
teleconsult_id_TC0001960,0.0,0.0
teleconsult_id_TC0001961,0.0,0.0
teleconsult_id_TC0001962,0.0,0.0
teleconsult_id_TC0001963,0.0,0.0
teleconsult_id_TC0001964,0.0,0.0
teleconsult_id_TC0001965,0.0,0.0
teleconsult_id_TC0001966,0.0,0.0
teleconsult_id_TC0001969,0.0,0.0
teleconsult_id_TC0001970,0.0,0.0
teleconsult_id_TC0001971,0.0,0.0
teleconsult_id_TC0001974,0.0,0.0
teleconsult_id_TC0001975,0.0,0.0
teleconsult_id_TC0001976,0.0,0.0
teleconsult_id_TC0001977,0.0,0.0
teleconsult_id_TC0001978,0.0,0.0
teleconsult_id_TC0001979,0.0,0.0
teleconsult_id_TC0001980,0.0,0.0
teleconsult_id_TC0001981,0.0,0.0
teleconsult_id_TC0001985,0.0,0.0
teleconsult_id_TC0001986,0.0,0.0
teleconsult_id_TC0001988,0.0,0.0
teleconsult_id_TC0001989,0.0,0.0
teleconsult_id_TC0001990,0.0,0.0
teleconsult_id_TC0001991,0.0,0.0
teleconsult_id_TC0001992,0.0,0.0
teleconsult_id_TC0001993,0.0,0.0
teleconsult_id_TC0001994,0.0,0.0
teleconsult_id_TC0001995,0.0,0.0
teleconsult_id_TC0001996,0.0,0.0
teleconsult_id_TC0001997,0.0,0.0
teleconsult_id_TC0001998,0.0,0.0
teleconsult_id_TC0002000,0.0,0.0
teleconsult_id_TC0002001,0.0,0.0
teleconsult_id_TC0002002,0.0,0.0
teleconsult_id_TC0002004,0.0,0.0
teleconsult_id_TC0002005,0.0,0.0
teleconsult_id_TC0002006,0.0,0.0
teleconsult_id_TC0002007,0.0,0.0
teleconsult_id_TC0002008,0.0,0.0
teleconsult_id_TC0002010,0.0,0.0
teleconsult_id_TC0002011,0.0,0.0
teleconsult_id_TC0002012,0.0,0.0
teleconsult_id_TC0002014,0.0,0.0
teleconsult_id_TC0002015,0.0,0.0
teleconsult_id_TC0002016,0.0,0.0
teleconsult_id_TC0002018,0.0,0.0
teleconsult_id_TC0002019,0.0,0.0
teleconsult_id_TC0002020,0.0,0.0
teleconsult_id_TC0002021,0.0,0.0
teleconsult_id_TC0002022,0.0,0.0
teleconsult_id_TC0002024,0.0,0.0
teleconsult_id_TC0002025,0.0,0.0
teleconsult_id_TC0002027,0.0,0.0
teleconsult_id_TC0002029,0.0,0.0
teleconsult_id_TC0002031,0.0,0.0
teleconsult_id_TC0002032,0.0,0.0
teleconsult_id_TC0002033,0.0,0.0
teleconsult_id_TC0002034,0.0,0.0
teleconsult_id_TC0002035,0.0,0.0
teleconsult_id_TC0002036,0.0,0.0
teleconsult_id_TC0002037,0.0,0.0
teleconsult_id_TC0002038,0.0,0.0
teleconsult_id_TC0002039,0.0,0.0
teleconsult_id_TC0002040,0.0,0.0
teleconsult_id_TC0002042,0.0,0.0
teleconsult_id_TC0002043,0.0,0.0
teleconsult_id_TC0002044,0.0,0.0
teleconsult_id_TC0002046,0.0,0.0
teleconsult_id_TC0002047,0.0,0.0
teleconsult_id_TC0002048,0.0,0.0
teleconsult_id_TC0002049,0.0,0.0
teleconsult_id_TC0002050,0.0,0.0
teleconsult_id_TC0002051,0.0,0.0
teleconsult_id_TC0002054,0.0,0.0
teleconsult_id_TC0002055,0.0,0.0
teleconsult_id_TC0002056,0.0,0.0
teleconsult_id_TC0002058,0.0,0.0
teleconsult_id_TC0002059,0.0,0.0
teleconsult_id_TC0002060,0.0,0.0
teleconsult_id_TC0002061,0.0,0.0
teleconsult_id_TC0002062,0.0,0.0
teleconsult_id_TC0002063,0.0,0.0
teleconsult_id_TC0002064,0.0,0.0
teleconsult_id_TC0002065,0.0,0.0
teleconsult_id_TC0002067,0.0,0.0
teleconsult_id_TC0002068,0.0,0.0
teleconsult_id_TC0002069,0.0,0.0
teleconsult_id_TC0002070,0.0,0.0
teleconsult_id_TC0002072,0.0,0.0
teleconsult_id_TC0002073,0.0,0.0
teleconsult_id_TC0002075,0.0,0.0
teleconsult_id_TC0002076,0.0,0.0
teleconsult_id_TC0002077,0.0,0.0
teleconsult_id_TC0002078,0.0,0.0
teleconsult_id_TC0002080,0.0,0.0
teleconsult_id_TC0002082,0.0,0.0
teleconsult_id_TC0002087,0.0,0.0
teleconsult_id_TC0002088,0.0,0.0
teleconsult_id_TC0002089,0.0,0.0
teleconsult_id_TC0002090,0.0,0.0
teleconsult_id_TC0002092,0.0,0.0
teleconsult_id_TC0002093,0.0,0.0
teleconsult_id_TC0002094,0.0,0.0
teleconsult_id_TC0002095,0.0,0.0
teleconsult_id_TC0002096,0.0,0.0
teleconsult_id_TC0002098,0.0,0.0
teleconsult_id_TC0002099,0.0,0.0
teleconsult_id_TC0002102,0.0,0.0
teleconsult_id_TC0002103,0.0,0.0
teleconsult_id_TC0002104,0.0,0.0
teleconsult_id_TC0002106,0.0,0.0
teleconsult_id_TC0002107,0.0,0.0
teleconsult_id_TC0002108,0.0,0.0
teleconsult_id_TC0002110,0.0,0.0
teleconsult_id_TC0002114,0.0,0.0
teleconsult_id_TC0002115,0.0,0.0
teleconsult_id_TC0002116,0.0,0.0
teleconsult_id_TC0002117,0.0,0.0
teleconsult_id_TC0002118,0.0,0.0
teleconsult_id_TC0002119,0.0,0.0
teleconsult_id_TC0002120,0.0,0.0
teleconsult_id_TC0002121,0.0,0.0
teleconsult_id_TC0002122,0.0,0.0
teleconsult_id_TC0002123,0.0,0.0
teleconsult_id_TC0002124,0.0,0.0
teleconsult_id_TC0002125,0.0,0.0
teleconsult_id_TC0002126,0.0,0.0
teleconsult_id_TC0002127,0.0,0.0
teleconsult_id_TC0002129,0.0,0.0
teleconsult_id_TC0002131,0.0,0.0
teleconsult_id_TC0002132,0.0,0.0
teleconsult_id_TC0002133,0.0,0.0
teleconsult_id_TC0002134,0.0,0.0
teleconsult_id_TC0002135,0.0,0.0
teleconsult_id_TC0002137,0.0,0.0
teleconsult_id_TC0002142,0.0,0.0
teleconsult_id_TC0002143,0.0,0.0
teleconsult_id_TC0002145,0.0,0.0
teleconsult_id_TC0002146,0.0,0.0
teleconsult_id_TC0002147,0.0,0.0
teleconsult_id_TC0002148,0.0,0.0
teleconsult_id_TC0002150,0.0,0.0
teleconsult_id_TC0002151,0.0,0.0
teleconsult_id_TC0002152,0.0,0.0
teleconsult_id_TC0002153,0.0,0.0
teleconsult_id_TC0002154,0.0,0.0
teleconsult_id_TC0002156,0.0,0.0
teleconsult_id_TC0002157,0.0,0.0
teleconsult_id_TC0002159,0.0,0.0
teleconsult_id_TC0002161,0.0,0.0
teleconsult_id_TC0002162,0.0,0.0
teleconsult_id_TC0002163,0.0,0.0
teleconsult_id_TC0002164,0.0,0.0
teleconsult_id_TC0002165,0.0,0.0
teleconsult_id_TC0002166,0.0,0.0
teleconsult_id_TC0002167,0.0,0.0
teleconsult_id_TC0002169,0.0,0.0
teleconsult_id_TC0002170,0.0,0.0
teleconsult_id_TC0002171,0.0,0.0
teleconsult_id_TC0002172,0.0,0.0
teleconsult_id_TC0002173,0.0,0.0
teleconsult_id_TC0002175,0.0,0.0
teleconsult_id_TC0002178,0.0,0.0
teleconsult_id_TC0002181,0.0,0.0
teleconsult_id_TC0002182,0.0,0.0
teleconsult_id_TC0002183,0.0,0.0
teleconsult_id_TC0002184,0.0,0.0
teleconsult_id_TC0002185,0.0,0.0
teleconsult_id_TC0002186,0.0,0.0
teleconsult_id_TC0002188,0.0,0.0
teleconsult_id_TC0002191,0.0,0.0
teleconsult_id_TC0002193,0.0,0.0
teleconsult_id_TC0002194,0.0,0.0
teleconsult_id_TC0002195,0.0,0.0
teleconsult_id_TC0002196,0.0,0.0
teleconsult_id_TC0002197,0.0,0.0
teleconsult_id_TC0002199,0.0,0.0
teleconsult_id_TC0002202,0.0,0.0
teleconsult_id_TC0002203,0.0,0.0
teleconsult_id_TC0002204,0.0,0.0
teleconsult_id_TC0002205,0.0,0.0
teleconsult_id_TC0002206,0.0,0.0
teleconsult_id_TC0002207,0.0,0.0
teleconsult_id_TC0002208,0.0,0.0
teleconsult_id_TC0002210,0.0,0.0
teleconsult_id_TC0002211,0.0,0.0
teleconsult_id_TC0002213,0.0,0.0
teleconsult_id_TC0002214,0.0,0.0
teleconsult_id_TC0002215,0.0,0.0
teleconsult_id_TC0002217,0.0,0.0
teleconsult_id_TC0002218,0.0,0.0
teleconsult_id_TC0002219,0.0,0.0
teleconsult_id_TC0002220,0.0,0.0
teleconsult_id_TC0002223,0.0,0.0
teleconsult_id_TC0002224,0.0,0.0
teleconsult_id_TC0002225,0.0,0.0
teleconsult_id_TC0002226,0.0,0.0
teleconsult_id_TC0002227,0.0,0.0
teleconsult_id_TC0002228,0.0,0.0
teleconsult_id_TC0002229,0.0,0.0
teleconsult_id_TC0002230,0.0,0.0
teleconsult_id_TC0002232,0.0,0.0
teleconsult_id_TC0002233,0.0,0.0
teleconsult_id_TC0002234,0.0,0.0
teleconsult_id_TC0002236,0.0,0.0
teleconsult_id_TC0002237,0.0,0.0
teleconsult_id_TC0002238,0.0,0.0
teleconsult_id_TC0002240,0.0,0.0
teleconsult_id_TC0002242,0.0,0.0
teleconsult_id_TC0002244,0.0,0.0
teleconsult_id_TC0002246,0.0,0.0
teleconsult_id_TC0002247,0.0,0.0
teleconsult_id_TC0002248,0.0,0.0
teleconsult_id_TC0002249,0.0,0.0
teleconsult_id_TC0002251,0.0,0.0
teleconsult_id_TC0002252,0.0,0.0
teleconsult_id_TC0002253,0.0,0.0
teleconsult_id_TC0002254,0.0,0.0
teleconsult_id_TC0002256,0.0,0.0
teleconsult_id_TC0002257,0.0,0.0
teleconsult_id_TC0002258,0.0,0.0
teleconsult_id_TC0002259,0.0,0.0
teleconsult_id_TC0002261,0.0,0.0
teleconsult_id_TC0002262,0.0,0.0
teleconsult_id_TC0002263,0.0,0.0
teleconsult_id_TC0002265,0.0,0.0
teleconsult_id_TC0002266,0.0,0.0
teleconsult_id_TC0002267,0.0,0.0
teleconsult_id_TC0002268,0.0,0.0
teleconsult_id_TC0002269,0.0,0.0
teleconsult_id_TC0002270,0.0,0.0
teleconsult_id_TC0002271,0.0,0.0
teleconsult_id_TC0002273,0.0,0.0
teleconsult_id_TC0002274,0.0,0.0
teleconsult_id_TC0002275,0.0,0.0
teleconsult_id_TC0002277,0.0,0.0
teleconsult_id_TC0002278,0.0,0.0
teleconsult_id_TC0002280,0.0,0.0
teleconsult_id_TC0002281,0.0,0.0
teleconsult_id_TC0002283,0.0,0.0
teleconsult_id_TC0002285,0.0,0.0
teleconsult_id_TC0002286,0.0,0.0
teleconsult_id_TC0002287,0.0,0.0
teleconsult_id_TC0002288,0.0,0.0
teleconsult_id_TC0002289,0.0,0.0
teleconsult_id_TC0002290,0.0,0.0
teleconsult_id_TC0002291,0.0,0.0
teleconsult_id_TC0002292,0.0,0.0
teleconsult_id_TC0002293,0.0,0.0
teleconsult_id_TC0002294,0.0,0.0
teleconsult_id_TC0002296,0.0,0.0
teleconsult_id_TC0002297,0.0,0.0
teleconsult_id_TC0002298,0.0,0.0
teleconsult_id_TC0002299,0.0,0.0
teleconsult_id_TC0002300,0.0,0.0
teleconsult_id_TC0002301,0.0,0.0
teleconsult_id_TC0002302,0.0,0.0
teleconsult_id_TC0002303,0.0,0.0
teleconsult_id_TC0002306,0.0,0.0
teleconsult_id_TC0002307,0.0,0.0
teleconsult_id_TC0002308,0.0,0.0
teleconsult_id_TC0002309,0.0,0.0
teleconsult_id_TC0002310,0.0,0.0
teleconsult_id_TC0002312,0.0,0.0
teleconsult_id_TC0002314,0.0,0.0
teleconsult_id_TC0002315,0.0,0.0
teleconsult_id_TC0002316,0.0,0.0
teleconsult_id_TC0002317,0.0,0.0
teleconsult_id_TC0002318,0.0,0.0
teleconsult_id_TC0002320,0.0,0.0
teleconsult_id_TC0002323,0.0,0.0
teleconsult_id_TC0002324,0.0,0.0
teleconsult_id_TC0002325,0.0,0.0
teleconsult_id_TC0002326,0.0,0.0
teleconsult_id_TC0002327,0.0,0.0
teleconsult_id_TC0002329,0.0,0.0
teleconsult_id_TC0002330,0.0,0.0
teleconsult_id_TC0002331,0.0,0.0
teleconsult_id_TC0002332,0.0,0.0
teleconsult_id_TC0002333,0.0,0.0
teleconsult_id_TC0002335,0.0,0.0
teleconsult_id_TC0002336,0.0,0.0
teleconsult_id_TC0002338,0.0,0.0
teleconsult_id_TC0002340,0.0,0.0
teleconsult_id_TC0002341,0.0,0.0
teleconsult_id_TC0002342,0.0,0.0
teleconsult_id_TC0002343,0.0,0.0
teleconsult_id_TC0002345,0.0,0.0
teleconsult_id_TC0002346,0.0,0.0
teleconsult_id_TC0002347,0.0,0.0
teleconsult_id_TC0002348,0.0,0.0
teleconsult_id_TC0002349,0.0,0.0
teleconsult_id_TC0002350,0.0,0.0
teleconsult_id_TC0002351,0.0,0.0
teleconsult_id_TC0002352,0.0,0.0
teleconsult_id_TC0002354,0.0,0.0
teleconsult_id_TC0002355,0.0,0.0
teleconsult_id_TC0002356,0.0,0.0
teleconsult_id_TC0002357,0.0,0.0
teleconsult_id_TC0002358,0.0,0.0
teleconsult_id_TC0002359,0.0,0.0
teleconsult_id_TC0002360,0.0,0.0
teleconsult_id_TC0002361,0.0,0.0
teleconsult_id_TC0002363,0.0,0.0
teleconsult_id_TC0002364,0.0,0.0
teleconsult_id_TC0002365,0.0,0.0
teleconsult_id_TC0002367,0.0,0.0
teleconsult_id_TC0002368,0.0,0.0
teleconsult_id_TC0002369,0.0,0.0
teleconsult_id_TC0002371,0.0,0.0
teleconsult_id_TC0002372,0.0,0.0
teleconsult_id_TC0002375,0.0,0.0
teleconsult_id_TC0002376,0.0,0.0
teleconsult_id_TC0002377,0.0,0.0
teleconsult_id_TC0002378,0.0,0.0
teleconsult_id_TC0002382,0.0,0.0
teleconsult_id_TC0002383,0.0,0.0
teleconsult_id_TC0002384,0.0,0.0
teleconsult_id_TC0002385,0.0,0.0
teleconsult_id_TC0002386,0.0,0.0
teleconsult_id_TC0002387,0.0,0.0
teleconsult_id_TC0002388,0.0,0.0
teleconsult_id_TC0002389,0.0,0.0
teleconsult_id_TC0002390,0.0,0.0
teleconsult_id_TC0002392,0.0,0.0
teleconsult_id_TC0002393,0.0,0.0
teleconsult_id_TC0002394,0.0,0.0
teleconsult_id_TC0002395,0.0,0.0
teleconsult_id_TC0002396,0.0,0.0
teleconsult_id_TC0002397,0.0,0.0
teleconsult_id_TC0002398,0.0,0.0
teleconsult_id_TC0002399,0.0,0.0
teleconsult_id_TC0002401,0.0,0.0
teleconsult_id_TC0002404,0.0,0.0
teleconsult_id_TC0002406,0.0,0.0
teleconsult_id_TC0002407,0.0,0.0
teleconsult_id_TC0002408,0.0,0.0
teleconsult_id_TC0002409,0.0,0.0
teleconsult_id_TC0002410,0.0,0.0
teleconsult_id_TC0002411,0.0,0.0
teleconsult_id_TC0002412,0.0,0.0
teleconsult_id_TC0002413,0.0,0.0
teleconsult_id_TC0002414,0.0,0.0
teleconsult_id_TC0002417,0.0,0.0
teleconsult_id_TC0002418,0.0,0.0
teleconsult_id_TC0002420,0.0,0.0
teleconsult_id_TC0002422,0.0,0.0
teleconsult_id_TC0002423,0.0,0.0
teleconsult_id_TC0002424,0.0,0.0
teleconsult_id_TC0002426,0.0,0.0
teleconsult_id_TC0002427,0.0,0.0
teleconsult_id_TC0002428,0.0,0.0
teleconsult_id_TC0002430,0.0,0.0
teleconsult_id_TC0002431,0.0,0.0
teleconsult_id_TC0002433,0.0,0.0
teleconsult_id_TC0002434,0.0,0.0
teleconsult_id_TC0002435,0.0,0.0
teleconsult_id_TC0002436,0.0,0.0
teleconsult_id_TC0002437,0.0,0.0
teleconsult_id_TC0002438,0.0,0.0
teleconsult_id_TC0002439,0.0,0.0
teleconsult_id_TC0002440,0.0,0.0
teleconsult_id_TC0002441,0.0,0.0
teleconsult_id_TC0002442,0.0,0.0
teleconsult_id_TC0002443,0.0,0.0
teleconsult_id_TC0002444,0.0,0.0
teleconsult_id_TC0002445,0.0,0.0
teleconsult_id_TC0002446,0.0,0.0
teleconsult_id_TC0002448,0.0,0.0
teleconsult_id_TC0002449,0.0,0.0
teleconsult_id_TC0002450,0.0,0.0
teleconsult_id_TC0002451,0.0,0.0
teleconsult_id_TC0002452,0.0,0.0
teleconsult_id_TC0002453,0.0,0.0
teleconsult_id_TC0002455,0.0,0.0
teleconsult_id_TC0002456,0.0,0.0
teleconsult_id_TC0002457,0.0,0.0
teleconsult_id_TC0002458,0.0,0.0
teleconsult_id_TC0002459,0.0,0.0
teleconsult_id_TC0002460,0.0,0.0
teleconsult_id_TC0002461,0.0,0.0
teleconsult_id_TC0002463,0.0,0.0
teleconsult_id_TC0002464,0.0,0.0
teleconsult_id_TC0002465,0.0,0.0
teleconsult_id_TC0002466,0.0,0.0
teleconsult_id_TC0002468,0.0,0.0
teleconsult_id_TC0002469,0.0,0.0
teleconsult_id_TC0002470,0.0,0.0
teleconsult_id_TC0002471,0.0,0.0
teleconsult_id_TC0002473,0.0,0.0
teleconsult_id_TC0002474,0.0,0.0
teleconsult_id_TC0002475,0.0,0.0
teleconsult_id_TC0002477,0.0,0.0
teleconsult_id_TC0002478,0.0,0.0
teleconsult_id_TC0002479,0.0,0.0
teleconsult_id_TC0002480,0.0,0.0
teleconsult_id_TC0002481,0.0,0.0
teleconsult_id_TC0002483,0.0,0.0
teleconsult_id_TC0002484,0.0,0.0
teleconsult_id_TC0002487,0.0,0.0
teleconsult_id_TC0002488,0.0,0.0
teleconsult_id_TC0002489,0.0,0.0
teleconsult_id_TC0002490,0.0,0.0
teleconsult_id_TC0002491,0.0,0.0
teleconsult_id_TC0002492,0.0,0.0
teleconsult_id_TC0002494,0.0,0.0
teleconsult_id_TC0002495,0.0,0.0
teleconsult_id_TC0002496,0.0,0.0
teleconsult_id_TC0002497,0.0,0.0
teleconsult_id_TC0002498,0.0,0.0
teleconsult_id_TC0002499,0.0,0.0
teleconsult_id_TC0002500,0.0,0.0
teleconsult_id_TC0002501,0.0,0.0
teleconsult_id_TC0002502,0.0,0.0
teleconsult_id_TC0002503,0.0,0.0
teleconsult_id_TC0002504,0.0,0.0
teleconsult_id_TC0002505,0.0,0.0
teleconsult_id_TC0002506,0.0,0.0
teleconsult_id_TC0002508,0.0,0.0
teleconsult_id_TC0002509,0.0,0.0
teleconsult_id_TC0002510,0.0,0.0
teleconsult_id_TC0002511,0.0,0.0
teleconsult_id_TC0002513,0.0,0.0
teleconsult_id_TC0002514,0.0,0.0
teleconsult_id_TC0002515,0.0,0.0
teleconsult_id_TC0002518,0.0,0.0
teleconsult_id_TC0002519,0.0,0.0
teleconsult_id_TC0002520,0.0,0.0
teleconsult_id_TC0002521,0.0,0.0
teleconsult_id_TC0002522,0.0,0.0
teleconsult_id_TC0002523,0.0,0.0
teleconsult_id_TC0002524,0.0,0.0
teleconsult_id_TC0002526,0.0,0.0
teleconsult_id_TC0002527,0.0,0.0
teleconsult_id_TC0002528,0.0,0.0
teleconsult_id_TC0002529,0.0,0.0
teleconsult_id_TC0002530,0.0,0.0
teleconsult_id_TC0002531,0.0,0.0
teleconsult_id_TC0002532,0.0,0.0
teleconsult_id_TC0002534,0.0,0.0
teleconsult_id_TC0002535,0.0,0.0
teleconsult_id_TC0002536,0.0,0.0
teleconsult_id_TC0002537,0.0,0.0
teleconsult_id_TC0002538,0.0,0.0
teleconsult_id_TC0002539,0.0,0.0
teleconsult_id_TC0002540,0.0,0.0
teleconsult_id_TC0002541,0.0,0.0
teleconsult_id_TC0002542,0.0,0.0
teleconsult_id_TC0002543,0.0,0.0
teleconsult_id_TC0002544,0.0,0.0
teleconsult_id_TC0002545,0.0,0.0
teleconsult_id_TC0002546,0.0,0.0
teleconsult_id_TC0002547,0.0,0.0
teleconsult_id_TC0002548,0.0,0.0
teleconsult_id_TC0002549,0.0,0.0
teleconsult_id_TC0002550,0.0,0.0
teleconsult_id_TC0002551,0.0,0.0
teleconsult_id_TC0002555,0.0,0.0
teleconsult_id_TC0002556,0.0,0.0
teleconsult_id_TC0002557,0.0,0.0
teleconsult_id_TC0002560,0.0,0.0
teleconsult_id_TC0002561,0.0,0.0
teleconsult_id_TC0002563,0.0,0.0
teleconsult_id_TC0002564,0.0,0.0
teleconsult_id_TC0002565,0.0,0.0
teleconsult_id_TC0002566,0.0,0.0
teleconsult_id_TC0002567,0.0,0.0
teleconsult_id_TC0002568,0.0,0.0
teleconsult_id_TC0002569,0.0,0.0
teleconsult_id_TC0002570,0.0,0.0
teleconsult_id_TC0002571,0.0,0.0
teleconsult_id_TC0002572,0.0,0.0
teleconsult_id_TC0002573,0.0,0.0
teleconsult_id_TC0002574,0.0,0.0
teleconsult_id_TC0002575,0.0,0.0
teleconsult_id_TC0002576,0.0,0.0
teleconsult_id_TC0002577,0.0,0.0
teleconsult_id_TC0002578,0.0,0.0
teleconsult_id_TC0002580,0.0,0.0
teleconsult_id_TC0002581,0.0,0.0
teleconsult_id_TC0002584,0.0,0.0
teleconsult_id_TC0002585,0.0,0.0
teleconsult_id_TC0002586,0.0,0.0
teleconsult_id_TC0002587,0.0,0.0
teleconsult_id_TC0002588,0.0,0.0
teleconsult_id_TC0002590,0.0,0.0
teleconsult_id_TC0002591,0.0,0.0
teleconsult_id_TC0002592,0.0,0.0
teleconsult_id_TC0002593,0.0,0.0
teleconsult_id_TC0002594,0.0,0.0
teleconsult_id_TC0002595,0.0,0.0
teleconsult_id_TC0002596,0.0,0.0
teleconsult_id_TC0002597,0.0,0.0
teleconsult_id_TC0002598,0.0,0.0
teleconsult_id_TC0002599,0.0,0.0
teleconsult_id_TC0002601,0.0,0.0
teleconsult_id_TC0002604,0.0,0.0
teleconsult_id_TC0002605,0.0,0.0
teleconsult_id_TC0002606,0.0,0.0
teleconsult_id_TC0002607,0.0,0.0
teleconsult_id_TC0002608,0.0,0.0
teleconsult_id_TC0002609,0.0,0.0
teleconsult_id_TC0002610,0.0,0.0
teleconsult_id_TC0002612,0.0,0.0
teleconsult_id_TC0002613,0.0,0.0
teleconsult_id_TC0002615,0.0,0.0
teleconsult_id_TC0002616,0.0,0.0
teleconsult_id_TC0002617,0.0,0.0
teleconsult_id_TC0002618,0.0,0.0
teleconsult_id_TC0002621,0.0,0.0
teleconsult_id_TC0002622,0.0,0.0
teleconsult_id_TC0002623,0.0,0.0
teleconsult_id_TC0002624,0.0,0.0
teleconsult_id_TC0002625,0.0,0.0
teleconsult_id_TC0002626,0.0,0.0
teleconsult_id_TC0002628,0.0,0.0
teleconsult_id_TC0002630,0.0,0.0
teleconsult_id_TC0002632,0.0,0.0
teleconsult_id_TC0002633,0.0,0.0
teleconsult_id_TC0002635,0.0,0.0
teleconsult_id_TC0002636,0.0,0.0
teleconsult_id_TC0002638,0.0,0.0
teleconsult_id_TC0002640,0.0,0.0
teleconsult_id_TC0002641,0.0,0.0
teleconsult_id_TC0002642,0.0,0.0
teleconsult_id_TC0002643,0.0,0.0
teleconsult_id_TC0002644,0.0,0.0
teleconsult_id_TC0002645,0.0,0.0
teleconsult_id_TC0002646,0.0,0.0
teleconsult_id_TC0002647,0.0,0.0
teleconsult_id_TC0002648,0.0,0.0
teleconsult_id_TC0002649,0.0,0.0
teleconsult_id_TC0002650,0.0,0.0
teleconsult_id_TC0002651,0.0,0.0
teleconsult_id_TC0002653,0.0,0.0
teleconsult_id_TC0002654,0.0,0.0
teleconsult_id_TC0002655,0.0,0.0
teleconsult_id_TC0002657,0.0,0.0
teleconsult_id_TC0002658,0.0,0.0
teleconsult_id_TC0002659,0.0,0.0
teleconsult_id_TC0002660,0.0,0.0
teleconsult_id_TC0002661,0.0,0.0
teleconsult_id_TC0002662,0.0,0.0
teleconsult_id_TC0002663,0.0,0.0
teleconsult_id_TC0002664,0.0,0.0
teleconsult_id_TC0002665,0.0,0.0
teleconsult_id_TC0002666,0.0,0.0
teleconsult_id_TC0002667,0.0,0.0
teleconsult_id_TC0002668,0.0,0.0
teleconsult_id_TC0002670,0.0,0.0
teleconsult_id_TC0002671,0.0,0.0
teleconsult_id_TC0002672,0.0,0.0
teleconsult_id_TC0002673,0.0,0.0
teleconsult_id_TC0002674,0.0,0.0
teleconsult_id_TC0002675,0.0,0.0
teleconsult_id_TC0002676,0.0,0.0
teleconsult_id_TC0002677,0.0,0.0
teleconsult_id_TC0002678,0.0,0.0
teleconsult_id_TC0002679,0.0,0.0
teleconsult_id_TC0002680,0.0,0.0
teleconsult_id_TC0002681,0.0,0.0
teleconsult_id_TC0002682,0.0,0.0
teleconsult_id_TC0002683,0.0,0.0
teleconsult_id_TC0002686,0.0,0.0
teleconsult_id_TC0002688,0.0,0.0
teleconsult_id_TC0002689,0.0,0.0
teleconsult_id_TC0002690,0.0,0.0
teleconsult_id_TC0002693,0.0,0.0
teleconsult_id_TC0002694,0.0,0.0
teleconsult_id_TC0002695,0.0,0.0
teleconsult_id_TC0002696,0.0,0.0
teleconsult_id_TC0002697,0.0,0.0
teleconsult_id_TC0002698,0.0,0.0
teleconsult_id_TC0002701,0.0,0.0
teleconsult_id_TC0002702,0.0,0.0
teleconsult_id_TC0002703,0.0,0.0
teleconsult_id_TC0002704,0.0,0.0
teleconsult_id_TC0002705,0.0,0.0
teleconsult_id_TC0002706,0.0,0.0
teleconsult_id_TC0002707,0.0,0.0
teleconsult_id_TC0002711,0.0,0.0
teleconsult_id_TC0002712,0.0,0.0
teleconsult_id_TC0002715,0.0,0.0
teleconsult_id_TC0002716,0.0,0.0
teleconsult_id_TC0002717,0.0,0.0
teleconsult_id_TC0002718,0.0,0.0
teleconsult_id_TC0002719,0.0,0.0
teleconsult_id_TC0002720,0.0,0.0
teleconsult_id_TC0002721,0.0,0.0
teleconsult_id_TC0002722,0.0,0.0
teleconsult_id_TC0002723,0.0,0.0
teleconsult_id_TC0002725,0.0,0.0
teleconsult_id_TC0002726,0.0,0.0
teleconsult_id_TC0002727,0.0,0.0
teleconsult_id_TC0002728,0.0,0.0
teleconsult_id_TC0002729,0.0,0.0
teleconsult_id_TC0002730,0.0,0.0
teleconsult_id_TC0002732,0.0,0.0
teleconsult_id_TC0002733,0.0,0.0
teleconsult_id_TC0002735,0.0,0.0
teleconsult_id_TC0002736,0.0,0.0
teleconsult_id_TC0002738,0.0,0.0
teleconsult_id_TC0002739,0.0,0.0
teleconsult_id_TC0002740,0.0,0.0
teleconsult_id_TC0002741,0.0,0.0
teleconsult_id_TC0002742,0.0,0.0
teleconsult_id_TC0002743,0.0,0.0
teleconsult_id_TC0002745,0.0,0.0
teleconsult_id_TC0002746,0.0,0.0
teleconsult_id_TC0002748,0.0,0.0
teleconsult_id_TC0002749,0.0,0.0
teleconsult_id_TC0002752,0.0,0.0
teleconsult_id_TC0002753,0.0,0.0
teleconsult_id_TC0002754,0.0,0.0
teleconsult_id_TC0002756,0.0,0.0
teleconsult_id_TC0002757,0.0,0.0
teleconsult_id_TC0002758,0.0,0.0
teleconsult_id_TC0002759,0.0,0.0
teleconsult_id_TC0002762,0.0,0.0
teleconsult_id_TC0002763,0.0,0.0
teleconsult_id_TC0002765,0.0,0.0
teleconsult_id_TC0002766,0.0,0.0
teleconsult_id_TC0002767,0.0,0.0
teleconsult_id_TC0002769,0.0,0.0
teleconsult_id_TC0002770,0.0,0.0
teleconsult_id_TC0002772,0.0,0.0
teleconsult_id_TC0002773,0.0,0.0
teleconsult_id_TC0002774,0.0,0.0
teleconsult_id_TC0002775,0.0,0.0
teleconsult_id_TC0002777,0.0,0.0
teleconsult_id_TC0002778,0.0,0.0
teleconsult_id_TC0002780,0.0,0.0
teleconsult_id_TC0002781,0.0,0.0
teleconsult_id_TC0002782,0.0,0.0
teleconsult_id_TC0002784,0.0,0.0
teleconsult_id_TC0002786,0.0,0.0
teleconsult_id_TC0002787,0.0,0.0
teleconsult_id_TC0002790,0.0,0.0
teleconsult_id_TC0002791,0.0,0.0
teleconsult_id_TC0002792,0.0,0.0
teleconsult_id_TC0002793,0.0,0.0
teleconsult_id_TC0002794,0.0,0.0
teleconsult_id_TC0002795,0.0,0.0
teleconsult_id_TC0002798,0.0,0.0
teleconsult_id_TC0002799,0.0,0.0
teleconsult_id_TC0002800,0.0,0.0
teleconsult_id_TC0002801,0.0,0.0
teleconsult_id_TC0002803,0.0,0.0
teleconsult_id_TC0002804,0.0,0.0
teleconsult_id_TC0002805,0.0,0.0
teleconsult_id_TC0002806,0.0,0.0
teleconsult_id_TC0002807,0.0,0.0
teleconsult_id_TC0002808,0.0,0.0
teleconsult_id_TC0002809,0.0,0.0
teleconsult_id_TC0002810,0.0,0.0
teleconsult_id_TC0002811,0.0,0.0
teleconsult_id_TC0002812,0.0,0.0
teleconsult_id_TC0002813,0.0,0.0
teleconsult_id_TC0002814,0.0,0.0
teleconsult_id_TC0002815,0.0,0.0
teleconsult_id_TC0002816,0.0,0.0
teleconsult_id_TC0002818,0.0,0.0
teleconsult_id_TC0002820,0.0,0.0
teleconsult_id_TC0002821,0.0,0.0
teleconsult_id_TC0002822,0.0,0.0
teleconsult_id_TC0002824,0.0,0.0
teleconsult_id_TC0002826,0.0,0.0
teleconsult_id_TC0002827,0.0,0.0
teleconsult_id_TC0002830,0.0,0.0
teleconsult_id_TC0002831,0.0,0.0
teleconsult_id_TC0002832,0.0,0.0
teleconsult_id_TC0002833,0.0,0.0
teleconsult_id_TC0002834,0.0,0.0
teleconsult_id_TC0002835,0.0,0.0
teleconsult_id_TC0002836,0.0,0.0
teleconsult_id_TC0002838,0.0,0.0
teleconsult_id_TC0002839,0.0,0.0
teleconsult_id_TC0002840,0.0,0.0
teleconsult_id_TC0002841,0.0,0.0
teleconsult_id_TC0002842,0.0,0.0
teleconsult_id_TC0002843,0.0,0.0
teleconsult_id_TC0002844,0.0,0.0
teleconsult_id_TC0002846,0.0,0.0
teleconsult_id_TC0002847,0.0,0.0
teleconsult_id_TC0002848,0.0,0.0
teleconsult_id_TC0002849,0.0,0.0
teleconsult_id_TC0002851,0.0,0.0
teleconsult_id_TC0002852,0.0,0.0
teleconsult_id_TC0002853,0.0,0.0
teleconsult_id_TC0002854,0.0,0.0
teleconsult_id_TC0002855,0.0,0.0
teleconsult_id_TC0002856,0.0,0.0
teleconsult_id_TC0002857,0.0,0.0
teleconsult_id_TC0002859,0.0,0.0
teleconsult_id_TC0002860,0.0,0.0
teleconsult_id_TC0002861,0.0,0.0
teleconsult_id_TC0002862,0.0,0.0
teleconsult_id_TC0002863,0.0,0.0
teleconsult_id_TC0002864,0.0,0.0
teleconsult_id_TC0002865,0.0,0.0
teleconsult_id_TC0002866,0.0,0.0
teleconsult_id_TC0002867,0.0,0.0
teleconsult_id_TC0002868,0.0,0.0
teleconsult_id_TC0002870,0.0,0.0
teleconsult_id_TC0002871,0.0,0.0
teleconsult_id_TC0002872,0.0,0.0
teleconsult_id_TC0002873,0.0,0.0
teleconsult_id_TC0002874,0.0,0.0
teleconsult_id_TC0002875,0.0,0.0
teleconsult_id_TC0002876,0.0,0.0
teleconsult_id_TC0002877,0.0,0.0
teleconsult_id_TC0002879,0.0,0.0
teleconsult_id_TC0002881,0.0,0.0
teleconsult_id_TC0002882,0.0,0.0
teleconsult_id_TC0002883,0.0,0.0
teleconsult_id_TC0002887,0.0,0.0
teleconsult_id_TC0002888,0.0,0.0
teleconsult_id_TC0002889,0.0,0.0
teleconsult_id_TC0002890,0.0,0.0
teleconsult_id_TC0002891,0.0,0.0
teleconsult_id_TC0002892,0.0,0.0
teleconsult_id_TC0002894,0.0,0.0
teleconsult_id_TC0002895,0.0,0.0
teleconsult_id_TC0002896,0.0,0.0
teleconsult_id_TC0002898,0.0,0.0
teleconsult_id_TC0002899,0.0,0.0
teleconsult_id_TC0002902,0.0,0.0
teleconsult_id_TC0002903,0.0,0.0
teleconsult_id_TC0002904,0.0,0.0
teleconsult_id_TC0002906,0.0,0.0
teleconsult_id_TC0002907,0.0,0.0
teleconsult_id_TC0002908,0.0,0.0
teleconsult_id_TC0002909,0.0,0.0
teleconsult_id_TC0002911,0.0,0.0
teleconsult_id_TC0002912,0.0,0.0
teleconsult_id_TC0002913,0.0,0.0
teleconsult_id_TC0002914,0.0,0.0
teleconsult_id_TC0002915,0.0,0.0
teleconsult_id_TC0002916,0.0,0.0
teleconsult_id_TC0002917,0.0,0.0
teleconsult_id_TC0002918,0.0,0.0
teleconsult_id_TC0002920,0.0,0.0
teleconsult_id_TC0002922,0.0,0.0
teleconsult_id_TC0002923,0.0,0.0
teleconsult_id_TC0002924,0.0,0.0
teleconsult_id_TC0002925,0.0,0.0
teleconsult_id_TC0002927,0.0,0.0
teleconsult_id_TC0002929,0.0,0.0
teleconsult_id_TC0002930,0.0,0.0
teleconsult_id_TC0002932,0.0,0.0
teleconsult_id_TC0002933,0.0,0.0
teleconsult_id_TC0002934,0.0,0.0
teleconsult_id_TC0002935,0.0,0.0
teleconsult_id_TC0002936,0.0,0.0
teleconsult_id_TC0002937,0.0,0.0
teleconsult_id_TC0002938,0.0,0.0
teleconsult_id_TC0002939,0.0,0.0
teleconsult_id_TC0002940,0.0,0.0
teleconsult_id_TC0002941,0.0,0.0
teleconsult_id_TC0002942,0.0,0.0
teleconsult_id_TC0002943,0.0,0.0
teleconsult_id_TC0002944,0.0,0.0
teleconsult_id_TC0002945,0.0,0.0
teleconsult_id_TC0002946,0.0,0.0
teleconsult_id_TC0002947,0.0,0.0
teleconsult_id_TC0002950,0.0,0.0
teleconsult_id_TC0002952,0.0,0.0
teleconsult_id_TC0002953,0.0,0.0
teleconsult_id_TC0002955,0.0,0.0
teleconsult_id_TC0002956,0.0,0.0
teleconsult_id_TC0002957,0.0,0.0
teleconsult_id_TC0002958,0.0,0.0
teleconsult_id_TC0002960,0.0,0.0
teleconsult_id_TC0002961,0.0,0.0
teleconsult_id_TC0002962,0.0,0.0
teleconsult_id_TC0002963,0.0,0.0
teleconsult_id_TC0002964,0.0,0.0
teleconsult_id_TC0002965,0.0,0.0
teleconsult_id_TC0002966,0.0,0.0
teleconsult_id_TC0002967,0.0,0.0
teleconsult_id_TC0002968,0.0,0.0
teleconsult_id_TC0002969,0.0,0.0
teleconsult_id_TC0002970,0.0,0.0
teleconsult_id_TC0002971,0.0,0.0
teleconsult_id_TC0002973,0.0,0.0
teleconsult_id_TC0002974,0.0,0.0
teleconsult_id_TC0002975,0.0,0.0
teleconsult_id_TC0002976,0.0,0.0
teleconsult_id_TC0002978,0.0,0.0
teleconsult_id_TC0002979,0.0,0.0
teleconsult_id_TC0002982,0.0,0.0
teleconsult_id_TC0002983,0.0,0.0
teleconsult_id_TC0002984,0.0,0.0
teleconsult_id_TC0002985,0.0,0.0
teleconsult_id_TC0002986,0.0,0.0
teleconsult_id_TC0002990,0.0,0.0
teleconsult_id_TC0002991,0.0,0.0
teleconsult_id_TC0002992,0.0,0.0
teleconsult_id_TC0002993,0.0,0.0
teleconsult_id_TC0002994,0.0,0.0
teleconsult_id_TC0002995,0.0,0.0
teleconsult_id_TC0002997,0.0,0.0
teleconsult_id_TC0002998,0.0,0.0
teleconsult_id_TC0002999,0.0,0.0
teleconsult_id_TC0003001,0.0,0.0
teleconsult_id_TC0003002,0.0,0.0
teleconsult_id_TC0003004,0.0,0.0
teleconsult_id_TC0003005,0.0,0.0
teleconsult_id_TC0003007,0.0,0.0
teleconsult_id_TC0003013,0.0,0.0
teleconsult_id_TC0003014,0.0,0.0
teleconsult_id_TC0003015,0.0,0.0
teleconsult_id_TC0003016,0.0,0.0
teleconsult_id_TC0003017,0.0,0.0
teleconsult_id_TC0003018,0.0,0.0
teleconsult_id_TC0003019,0.0,0.0
teleconsult_id_TC0003020,0.0,0.0
teleconsult_id_TC0003021,0.0,0.0
teleconsult_id_TC0003022,0.0,0.0
teleconsult_id_TC0003023,0.0,0.0
teleconsult_id_TC0003024,0.0,0.0
teleconsult_id_TC0003025,0.0,0.0
teleconsult_id_TC0003026,0.0,0.0
teleconsult_id_TC0003027,0.0,0.0
teleconsult_id_TC0003028,0.0,0.0
teleconsult_id_TC0003029,0.0,0.0
teleconsult_id_TC0003032,0.0,0.0
teleconsult_id_TC0003035,0.0,0.0
teleconsult_id_TC0003036,0.0,0.0
teleconsult_id_TC0003038,0.0,0.0
teleconsult_id_TC0003039,0.0,0.0
teleconsult_id_TC0003041,0.0,0.0
teleconsult_id_TC0003042,0.0,0.0
teleconsult_id_TC0003045,0.0,0.0
teleconsult_id_TC0003046,0.0,0.0
teleconsult_id_TC0003047,0.0,0.0
teleconsult_id_TC0003049,0.0,0.0
teleconsult_id_TC0003050,0.0,0.0
teleconsult_id_TC0003051,0.0,0.0
teleconsult_id_TC0003052,0.0,0.0
teleconsult_id_TC0003053,0.0,0.0
teleconsult_id_TC0003054,0.0,0.0
teleconsult_id_TC0003055,0.0,0.0
teleconsult_id_TC0003056,0.0,0.0
teleconsult_id_TC0003057,0.0,0.0
teleconsult_id_TC0003058,0.0,0.0
teleconsult_id_TC0003060,0.0,0.0
teleconsult_id_TC0003061,0.0,0.0
teleconsult_id_TC0003062,0.0,0.0
teleconsult_id_TC0003063,0.0,0.0
teleconsult_id_TC0003065,0.0,0.0
teleconsult_id_TC0003066,0.0,0.0
teleconsult_id_TC0003068,0.0,0.0
teleconsult_id_TC0003069,0.0,0.0
teleconsult_id_TC0003072,0.0,0.0
teleconsult_id_TC0003073,0.0,0.0
teleconsult_id_TC0003075,0.0,0.0
teleconsult_id_TC0003078,0.0,0.0
teleconsult_id_TC0003079,0.0,0.0
teleconsult_id_TC0003080,0.0,0.0
teleconsult_id_TC0003081,0.0,0.0
teleconsult_id_TC0003082,0.0,0.0
teleconsult_id_TC0003083,0.0,0.0
teleconsult_id_TC0003084,0.0,0.0
teleconsult_id_TC0003085,0.0,0.0
teleconsult_id_TC0003086,0.0,0.0
teleconsult_id_TC0003087,0.0,0.0
teleconsult_id_TC0003089,0.0,0.0
teleconsult_id_TC0003090,0.0,0.0
teleconsult_id_TC0003091,0.0,0.0
teleconsult_id_TC0003092,0.0,0.0
teleconsult_id_TC0003093,0.0,0.0
teleconsult_id_TC0003094,0.0,0.0
teleconsult_id_TC0003095,0.0,0.0
teleconsult_id_TC0003097,0.0,0.0
teleconsult_id_TC0003098,0.0,0.0
teleconsult_id_TC0003100,0.0,0.0
teleconsult_id_TC0003102,0.0,0.0
teleconsult_id_TC0003104,0.0,0.0
teleconsult_id_TC0003105,0.0,0.0
teleconsult_id_TC0003106,0.0,0.0
teleconsult_id_TC0003110,0.0,0.0
teleconsult_id_TC0003113,0.0,0.0
teleconsult_id_TC0003115,0.0,0.0
teleconsult_id_TC0003118,0.0,0.0
teleconsult_id_TC0003119,0.0,0.0
teleconsult_id_TC0003120,0.0,0.0
teleconsult_id_TC0003121,0.0,0.0
teleconsult_id_TC0003122,0.0,0.0
teleconsult_id_TC0003123,0.0,0.0
teleconsult_id_TC0003124,0.0,0.0
teleconsult_id_TC0003125,0.0,0.0
teleconsult_id_TC0003127,0.0,0.0
teleconsult_id_TC0003128,0.0,0.0
teleconsult_id_TC0003129,0.0,0.0
teleconsult_id_TC0003131,0.0,0.0
teleconsult_id_TC0003132,0.0,0.0
teleconsult_id_TC0003134,0.0,0.0
teleconsult_id_TC0003136,0.0,0.0
teleconsult_id_TC0003137,0.0,0.0
teleconsult_id_TC0003138,0.0,0.0
teleconsult_id_TC0003139,0.0,0.0
teleconsult_id_TC0003141,0.0,0.0
teleconsult_id_TC0003143,0.0,0.0
teleconsult_id_TC0003146,0.0,0.0
teleconsult_id_TC0003147,0.0,0.0
teleconsult_id_TC0003149,0.0,0.0
teleconsult_id_TC0003152,0.0,0.0
teleconsult_id_TC0003153,0.0,0.0
teleconsult_id_TC0003155,0.0,0.0
teleconsult_id_TC0003156,0.0,0.0
teleconsult_id_TC0003157,0.0,0.0
teleconsult_id_TC0003158,0.0,0.0
teleconsult_id_TC0003159,0.0,0.0
teleconsult_id_TC0003160,0.0,0.0
teleconsult_id_TC0003162,0.0,0.0
teleconsult_id_TC0003163,0.0,0.0
teleconsult_id_TC0003164,0.0,0.0
teleconsult_id_TC0003166,0.0,0.0
teleconsult_id_TC0003167,0.0,0.0
teleconsult_id_TC0003168,0.0,0.0
teleconsult_id_TC0003169,0.0,0.0
teleconsult_id_TC0003170,0.0,0.0
teleconsult_id_TC0003171,0.0,0.0
teleconsult_id_TC0003172,0.0,0.0
teleconsult_id_TC0003173,0.0,0.0
teleconsult_id_TC0003175,0.0,0.0
teleconsult_id_TC0003177,0.0,0.0
teleconsult_id_TC0003178,0.0,0.0
teleconsult_id_TC0003180,0.0,0.0
teleconsult_id_TC0003181,0.0,0.0
teleconsult_id_TC0003182,0.0,0.0
teleconsult_id_TC0003183,0.0,0.0
teleconsult_id_TC0003184,0.0,0.0
teleconsult_id_TC0003188,0.0,0.0
teleconsult_id_TC0003193,0.0,0.0
teleconsult_id_TC0003194,0.0,0.0
teleconsult_id_TC0003195,0.0,0.0
teleconsult_id_TC0003196,0.0,0.0
teleconsult_id_TC0003198,0.0,0.0
teleconsult_id_TC0003199,0.0,0.0
teleconsult_id_TC0003200,0.0,0.0
teleconsult_id_TC0003201,0.0,0.0
teleconsult_id_TC0003202,0.0,0.0
teleconsult_id_TC0003203,0.0,0.0
teleconsult_id_TC0003204,0.0,0.0
teleconsult_id_TC0003205,0.0,0.0
teleconsult_id_TC0003206,0.0,0.0
teleconsult_id_TC0003207,0.0,0.0
teleconsult_id_TC0003208,0.0,0.0
teleconsult_id_TC0003209,0.0,0.0
teleconsult_id_TC0003210,0.0,0.0
teleconsult_id_TC0003213,0.0,0.0
teleconsult_id_TC0003215,0.0,0.0
teleconsult_id_TC0003216,0.0,0.0
teleconsult_id_TC0003218,0.0,0.0
teleconsult_id_TC0003219,0.0,0.0
teleconsult_id_TC0003221,0.0,0.0
teleconsult_id_TC0003223,0.0,0.0
teleconsult_id_TC0003224,0.0,0.0
teleconsult_id_TC0003225,0.0,0.0
teleconsult_id_TC0003227,0.0,0.0
teleconsult_id_TC0003230,0.0,0.0
teleconsult_id_TC0003231,0.0,0.0
teleconsult_id_TC0003232,0.0,0.0
teleconsult_id_TC0003234,0.0,0.0
teleconsult_id_TC0003235,0.0,0.0
teleconsult_id_TC0003236,0.0,0.0
teleconsult_id_TC0003237,0.0,0.0
teleconsult_id_TC0003238,0.0,0.0
teleconsult_id_TC0003240,0.0,0.0
teleconsult_id_TC0003241,0.0,0.0
teleconsult_id_TC0003242,0.0,0.0
teleconsult_id_TC0003244,0.0,0.0
teleconsult_id_TC0003245,0.0,0.0
teleconsult_id_TC0003247,0.0,0.0
teleconsult_id_TC0003249,0.0,0.0
teleconsult_id_TC0003251,0.0,0.0
teleconsult_id_TC0003253,0.0,0.0
teleconsult_id_TC0003254,0.0,0.0
teleconsult_id_TC0003255,0.0,0.0
teleconsult_id_TC0003257,0.0,0.0
teleconsult_id_TC0003258,0.0,0.0
teleconsult_id_TC0003259,0.0,0.0
teleconsult_id_TC0003261,0.0,0.0
teleconsult_id_TC0003262,0.0,0.0
teleconsult_id_TC0003263,0.0,0.0
teleconsult_id_TC0003264,0.0,0.0
teleconsult_id_TC0003265,0.0,0.0
teleconsult_id_TC0003266,0.0,0.0
teleconsult_id_TC0003267,0.0,0.0
teleconsult_id_TC0003268,0.0,0.0
teleconsult_id_TC0003269,0.0,0.0
teleconsult_id_TC0003270,0.0,0.0
teleconsult_id_TC0003271,0.0,0.0
teleconsult_id_TC0003272,0.0,0.0
teleconsult_id_TC0003273,0.0,0.0
teleconsult_id_TC0003274,0.0,0.0
teleconsult_id_TC0003275,0.0,0.0
teleconsult_id_TC0003277,0.0,0.0
teleconsult_id_TC0003278,0.0,0.0
teleconsult_id_TC0003279,0.0,0.0
teleconsult_id_TC0003280,0.0,0.0
teleconsult_id_TC0003282,0.0,0.0
teleconsult_id_TC0003283,0.0,0.0
teleconsult_id_TC0003284,0.0,0.0
teleconsult_id_TC0003286,0.0,0.0
teleconsult_id_TC0003288,0.0,0.0
teleconsult_id_TC0003289,0.0,0.0
teleconsult_id_TC0003290,0.0,0.0
teleconsult_id_TC0003291,0.0,0.0
teleconsult_id_TC0003292,0.0,0.0
teleconsult_id_TC0003293,0.0,0.0
teleconsult_id_TC0003294,0.0,0.0
teleconsult_id_TC0003296,0.0,0.0
teleconsult_id_TC0003297,0.0,0.0
teleconsult_id_TC0003300,0.0,0.0
teleconsult_id_TC0003301,0.0,0.0
teleconsult_id_TC0003302,0.0,0.0
teleconsult_id_TC0003303,0.0,0.0
teleconsult_id_TC0003306,0.0,0.0
teleconsult_id_TC0003308,0.0,0.0
teleconsult_id_TC0003310,0.0,0.0
teleconsult_id_TC0003311,0.0,0.0
teleconsult_id_TC0003312,0.0,0.0
teleconsult_id_TC0003314,0.0,0.0
teleconsult_id_TC0003315,0.0,0.0
teleconsult_id_TC0003316,0.0,0.0
teleconsult_id_TC0003317,0.0,0.0
teleconsult_id_TC0003319,0.0,0.0
teleconsult_id_TC0003320,0.0,0.0
teleconsult_id_TC0003322,0.0,0.0
teleconsult_id_TC0003323,0.0,0.0
teleconsult_id_TC0003324,0.0,0.0
teleconsult_id_TC0003326,0.0,0.0
teleconsult_id_TC0003328,0.0,0.0
teleconsult_id_TC0003329,0.0,0.0
teleconsult_id_TC0003330,0.0,0.0
teleconsult_id_TC0003331,0.0,0.0
teleconsult_id_TC0003332,0.0,0.0
teleconsult_id_TC0003333,0.0,0.0
teleconsult_id_TC0003334,0.0,0.0
teleconsult_id_TC0003336,0.0,0.0
teleconsult_id_TC0003337,0.0,0.0
teleconsult_id_TC0003338,0.0,0.0
teleconsult_id_TC0003339,0.0,0.0
teleconsult_id_TC0003341,0.0,0.0
teleconsult_id_TC0003342,0.0,0.0
teleconsult_id_TC0003343,0.0,0.0
teleconsult_id_TC0003344,0.0,0.0
teleconsult_id_TC0003346,0.0,0.0
teleconsult_id_TC0003347,0.0,0.0
teleconsult_id_TC0003348,0.0,0.0
teleconsult_id_TC0003349,0.0,0.0
teleconsult_id_TC0003350,0.0,0.0
teleconsult_id_TC0003351,0.0,0.0
teleconsult_id_TC0003353,0.0,0.0
teleconsult_id_TC0003354,0.0,0.0
teleconsult_id_TC0003355,0.0,0.0
teleconsult_id_TC0003356,0.0,0.0
teleconsult_id_TC0003357,0.0,0.0
teleconsult_id_TC0003358,0.0,0.0
teleconsult_id_TC0003359,0.0,0.0
teleconsult_id_TC0003363,0.0,0.0
teleconsult_id_TC0003364,0.0,0.0
teleconsult_id_TC0003369,0.0,0.0
teleconsult_id_TC0003370,0.0,0.0
teleconsult_id_TC0003371,0.0,0.0
teleconsult_id_TC0003373,0.0,0.0
teleconsult_id_TC0003375,0.0,0.0
teleconsult_id_TC0003376,0.0,0.0
teleconsult_id_TC0003379,0.0,0.0
teleconsult_id_TC0003380,0.0,0.0
teleconsult_id_TC0003383,0.0,0.0
teleconsult_id_TC0003384,0.0,0.0
teleconsult_id_TC0003386,0.0,0.0
teleconsult_id_TC0003387,0.0,0.0
teleconsult_id_TC0003388,0.0,0.0
teleconsult_id_TC0003389,0.0,0.0
teleconsult_id_TC0003390,0.0,0.0
teleconsult_id_TC0003391,0.0,0.0
teleconsult_id_TC0003393,0.0,0.0
teleconsult_id_TC0003394,0.0,0.0
teleconsult_id_TC0003395,0.0,0.0
teleconsult_id_TC0003396,0.0,0.0
teleconsult_id_TC0003397,0.0,0.0
teleconsult_id_TC0003399,0.0,0.0
teleconsult_id_TC0003400,0.0,0.0
teleconsult_id_TC0003402,0.0,0.0
teleconsult_id_TC0003404,0.0,0.0
teleconsult_id_TC0003405,0.0,0.0
teleconsult_id_TC0003406,0.0,0.0
teleconsult_id_TC0003407,0.0,0.0
teleconsult_id_TC0003408,0.0,0.0
teleconsult_id_TC0003409,0.0,0.0
teleconsult_id_TC0003411,0.0,0.0
teleconsult_id_TC0003412,0.0,0.0
teleconsult_id_TC0003413,0.0,0.0
teleconsult_id_TC0003414,0.0,0.0
teleconsult_id_TC0003415,0.0,0.0
teleconsult_id_TC0003416,0.0,0.0
teleconsult_id_TC0003417,0.0,0.0
teleconsult_id_TC0003419,0.0,0.0
teleconsult_id_TC0003420,0.0,0.0
teleconsult_id_TC0003421,0.0,0.0
teleconsult_id_TC0003422,0.0,0.0
teleconsult_id_TC0003423,0.0,0.0
teleconsult_id_TC0003424,0.0,0.0
teleconsult_id_TC0003425,0.0,0.0
teleconsult_id_TC0003426,0.0,0.0
teleconsult_id_TC0003427,0.0,0.0
teleconsult_id_TC0003428,0.0,0.0
teleconsult_id_TC0003429,0.0,0.0
teleconsult_id_TC0003432,0.0,0.0
teleconsult_id_TC0003433,0.0,0.0
teleconsult_id_TC0003434,0.0,0.0
teleconsult_id_TC0003436,0.0,0.0
teleconsult_id_TC0003437,0.0,0.0
teleconsult_id_TC0003439,0.0,0.0
teleconsult_id_TC0003440,0.0,0.0
teleconsult_id_TC0003443,0.0,0.0
teleconsult_id_TC0003445,0.0,0.0
teleconsult_id_TC0003447,0.0,0.0
teleconsult_id_TC0003448,0.0,0.0
teleconsult_id_TC0003449,0.0,0.0
teleconsult_id_TC0003450,0.0,0.0
teleconsult_id_TC0003451,0.0,0.0
teleconsult_id_TC0003452,0.0,0.0
teleconsult_id_TC0003454,0.0,0.0
teleconsult_id_TC0003455,0.0,0.0
teleconsult_id_TC0003456,0.0,0.0
teleconsult_id_TC0003457,0.0,0.0
teleconsult_id_TC0003458,0.0,0.0
teleconsult_id_TC0003459,0.0,0.0
teleconsult_id_TC0003460,0.0,0.0
teleconsult_id_TC0003461,0.0,0.0
teleconsult_id_TC0003462,0.0,0.0
teleconsult_id_TC0003464,0.0,0.0
teleconsult_id_TC0003465,0.0,0.0
teleconsult_id_TC0003466,0.0,0.0
teleconsult_id_TC0003467,0.0,0.0
teleconsult_id_TC0003469,0.0,0.0
teleconsult_id_TC0003470,0.0,0.0
teleconsult_id_TC0003472,0.0,0.0
teleconsult_id_TC0003474,0.0,0.0
teleconsult_id_TC0003475,0.0,0.0
teleconsult_id_TC0003476,0.0,0.0
teleconsult_id_TC0003477,0.0,0.0
teleconsult_id_TC0003478,0.0,0.0
teleconsult_id_TC0003480,0.0,0.0
teleconsult_id_TC0003482,0.0,0.0
teleconsult_id_TC0003483,0.0,0.0
teleconsult_id_TC0003484,0.0,0.0
teleconsult_id_TC0003485,0.0,0.0
teleconsult_id_TC0003486,0.0,0.0
teleconsult_id_TC0003487,0.0,0.0
teleconsult_id_TC0003488,0.0,0.0
teleconsult_id_TC0003490,0.0,0.0
teleconsult_id_TC0003494,0.0,0.0
teleconsult_id_TC0003495,0.0,0.0
teleconsult_id_TC0003496,0.0,0.0
teleconsult_id_TC0003497,0.0,0.0
teleconsult_id_TC0003498,0.0,0.0
teleconsult_id_TC0003499,0.0,0.0
teleconsult_id_TC0003500,0.0,0.0
teleconsult_id_TC0003501,0.0,0.0
teleconsult_id_TC0003503,0.0,0.0
teleconsult_id_TC0003506,0.0,0.0
teleconsult_id_TC0003507,0.0,0.0
teleconsult_id_TC0003508,0.0,0.0
teleconsult_id_TC0003509,0.0,0.0
teleconsult_id_TC0003511,0.0,0.0
teleconsult_id_TC0003512,0.0,0.0
teleconsult_id_TC0003513,0.0,0.0
teleconsult_id_TC0003514,0.0,0.0
teleconsult_id_TC0003515,0.0,0.0
teleconsult_id_TC0003516,0.0,0.0
teleconsult_id_TC0003517,0.0,0.0
teleconsult_id_TC0003519,0.0,0.0
teleconsult_id_TC0003520,0.0,0.0
teleconsult_id_TC0003521,0.0,0.0
teleconsult_id_TC0003522,0.0,0.0
teleconsult_id_TC0003525,0.0,0.0
teleconsult_id_TC0003526,0.0,0.0
teleconsult_id_TC0003527,0.0,0.0
teleconsult_id_TC0003528,0.0,0.0
teleconsult_id_TC0003529,0.0,0.0
teleconsult_id_TC0003530,0.0,0.0
teleconsult_id_TC0003531,0.0,0.0
teleconsult_id_TC0003533,0.0,0.0
teleconsult_id_TC0003534,0.0,0.0
teleconsult_id_TC0003535,0.0,0.0
teleconsult_id_TC0003536,0.0,0.0
teleconsult_id_TC0003538,0.0,0.0
teleconsult_id_TC0003539,0.0,0.0
teleconsult_id_TC0003540,0.0,0.0
teleconsult_id_TC0003541,0.0,0.0
teleconsult_id_TC0003543,0.0,0.0
teleconsult_id_TC0003544,0.0,0.0
teleconsult_id_TC0003546,0.0,0.0
teleconsult_id_TC0003547,0.0,0.0
teleconsult_id_TC0003549,0.0,0.0
teleconsult_id_TC0003550,0.0,0.0
teleconsult_id_TC0003554,0.0,0.0
teleconsult_id_TC0003555,0.0,0.0
teleconsult_id_TC0003556,0.0,0.0
teleconsult_id_TC0003557,0.0,0.0
teleconsult_id_TC0003558,0.0,0.0
teleconsult_id_TC0003559,0.0,0.0
teleconsult_id_TC0003561,0.0,0.0
teleconsult_id_TC0003562,0.0,0.0
teleconsult_id_TC0003563,0.0,0.0
teleconsult_id_TC0003564,0.0,0.0
teleconsult_id_TC0003565,0.0,0.0
teleconsult_id_TC0003566,0.0,0.0
teleconsult_id_TC0003570,0.0,0.0
teleconsult_id_TC0003571,0.0,0.0
teleconsult_id_TC0003573,0.0,0.0
teleconsult_id_TC0003574,0.0,0.0
teleconsult_id_TC0003575,0.0,0.0
teleconsult_id_TC0003576,0.0,0.0
teleconsult_id_TC0003577,0.0,0.0
teleconsult_id_TC0003578,0.0,0.0
teleconsult_id_TC0003580,0.0,0.0
teleconsult_id_TC0003581,0.0,0.0
teleconsult_id_TC0003582,0.0,0.0
teleconsult_id_TC0003583,0.0,0.0
teleconsult_id_TC0003585,0.0,0.0
teleconsult_id_TC0003587,0.0,0.0
teleconsult_id_TC0003588,0.0,0.0
teleconsult_id_TC0003589,0.0,0.0
teleconsult_id_TC0003590,0.0,0.0
teleconsult_id_TC0003591,0.0,0.0
teleconsult_id_TC0003593,0.0,0.0
teleconsult_id_TC0003594,0.0,0.0
teleconsult_id_TC0003595,0.0,0.0
teleconsult_id_TC0003596,0.0,0.0
teleconsult_id_TC0003597,0.0,0.0
teleconsult_id_TC0003598,0.0,0.0
teleconsult_id_TC0003599,0.0,0.0
teleconsult_id_TC0003600,0.0,0.0
teleconsult_id_TC0003601,0.0,0.0
teleconsult_id_TC0003603,0.0,0.0
teleconsult_id_TC0003606,0.0,0.0
teleconsult_id_TC0003608,0.0,0.0
teleconsult_id_TC0003609,0.0,0.0
teleconsult_id_TC0003610,0.0,0.0
teleconsult_id_TC0003611,0.0,0.0
teleconsult_id_TC0003612,0.0,0.0
teleconsult_id_TC0003613,0.0,0.0
teleconsult_id_TC0003615,0.0,0.0
teleconsult_id_TC0003616,0.0,0.0
teleconsult_id_TC0003617,0.0,0.0
teleconsult_id_TC0003618,0.0,0.0
teleconsult_id_TC0003619,0.0,0.0
teleconsult_id_TC0003621,0.0,0.0
teleconsult_id_TC0003622,0.0,0.0
teleconsult_id_TC0003623,0.0,0.0
teleconsult_id_TC0003624,0.0,0.0
teleconsult_id_TC0003625,0.0,0.0
teleconsult_id_TC0003626,0.0,0.0
teleconsult_id_TC0003627,0.0,0.0
teleconsult_id_TC0003628,0.0,0.0
teleconsult_id_TC0003631,0.0,0.0
teleconsult_id_TC0003633,0.0,0.0
teleconsult_id_TC0003634,0.0,0.0
teleconsult_id_TC0003635,0.0,0.0
teleconsult_id_TC0003637,0.0,0.0
teleconsult_id_TC0003638,0.0,0.0
teleconsult_id_TC0003639,0.0,0.0
teleconsult_id_TC0003640,0.0,0.0
teleconsult_id_TC0003641,0.0,0.0
teleconsult_id_TC0003643,0.0,0.0
teleconsult_id_TC0003644,0.0,0.0
teleconsult_id_TC0003645,0.0,0.0
teleconsult_id_TC0003646,0.0,0.0
teleconsult_id_TC0003648,0.0,0.0
teleconsult_id_TC0003649,0.0,0.0
teleconsult_id_TC0003650,0.0,0.0
teleconsult_id_TC0003651,0.0,0.0
teleconsult_id_TC0003652,0.0,0.0
teleconsult_id_TC0003653,0.0,0.0
teleconsult_id_TC0003654,0.0,0.0
teleconsult_id_TC0003655,0.0,0.0
teleconsult_id_TC0003656,0.0,0.0
teleconsult_id_TC0003660,0.0,0.0
teleconsult_id_TC0003661,0.0,0.0
teleconsult_id_TC0003664,0.0,0.0
teleconsult_id_TC0003665,0.0,0.0
teleconsult_id_TC0003666,0.0,0.0
teleconsult_id_TC0003667,0.0,0.0
teleconsult_id_TC0003668,0.0,0.0
teleconsult_id_TC0003669,0.0,0.0
teleconsult_id_TC0003670,0.0,0.0
teleconsult_id_TC0003671,0.0,0.0
teleconsult_id_TC0003674,0.0,0.0
teleconsult_id_TC0003675,0.0,0.0
teleconsult_id_TC0003676,0.0,0.0
teleconsult_id_TC0003678,0.0,0.0
teleconsult_id_TC0003679,0.0,0.0
teleconsult_id_TC0003680,0.0,0.0
teleconsult_id_TC0003681,0.0,0.0
teleconsult_id_TC0003682,0.0,0.0
teleconsult_id_TC0003683,0.0,0.0
teleconsult_id_TC0003684,0.0,0.0
teleconsult_id_TC0003685,0.0,0.0
teleconsult_id_TC0003686,0.0,0.0
teleconsult_id_TC0003687,0.0,0.0
teleconsult_id_TC0003688,0.0,0.0
teleconsult_id_TC0003689,0.0,0.0
teleconsult_id_TC0003690,0.0,0.0
teleconsult_id_TC0003691,0.0,0.0
teleconsult_id_TC0003694,0.0,0.0
teleconsult_id_TC0003695,0.0,0.0
teleconsult_id_TC0003696,0.0,0.0
teleconsult_id_TC0003697,0.0,0.0
teleconsult_id_TC0003698,0.0,0.0
teleconsult_id_TC0003699,0.0,0.0
teleconsult_id_TC0003700,0.0,0.0
teleconsult_id_TC0003701,0.0,0.0
teleconsult_id_TC0003702,0.0,0.0
teleconsult_id_TC0003704,0.0,0.0
teleconsult_id_TC0003706,0.0,0.0
teleconsult_id_TC0003707,0.0,0.0
teleconsult_id_TC0003708,0.0,0.0
teleconsult_id_TC0003709,0.0,0.0
teleconsult_id_TC0003710,0.0,0.0
teleconsult_id_TC0003711,0.0,0.0
teleconsult_id_TC0003712,0.0,0.0
teleconsult_id_TC0003713,0.0,0.0
teleconsult_id_TC0003714,0.0,0.0
teleconsult_id_TC0003715,0.0,0.0
teleconsult_id_TC0003716,0.0,0.0
teleconsult_id_TC0003718,0.0,0.0
teleconsult_id_TC0003719,0.0,0.0
teleconsult_id_TC0003720,0.0,0.0
teleconsult_id_TC0003722,0.0,0.0
teleconsult_id_TC0003723,0.0,0.0
teleconsult_id_TC0003724,0.0,0.0
teleconsult_id_TC0003725,0.0,0.0
teleconsult_id_TC0003726,0.0,0.0
teleconsult_id_TC0003727,0.0,0.0
teleconsult_id_TC0003728,0.0,0.0
teleconsult_id_TC0003729,0.0,0.0
teleconsult_id_TC0003730,0.0,0.0
teleconsult_id_TC0003731,0.0,0.0
teleconsult_id_TC0003732,0.0,0.0
teleconsult_id_TC0003733,0.0,0.0
teleconsult_id_TC0003734,0.0,0.0
teleconsult_id_TC0003735,0.0,0.0
teleconsult_id_TC0003736,0.0,0.0
teleconsult_id_TC0003737,0.0,0.0
teleconsult_id_TC0003738,0.0,0.0
teleconsult_id_TC0003739,0.0,0.0
teleconsult_id_TC0003740,0.0,0.0
teleconsult_id_TC0003742,0.0,0.0
teleconsult_id_TC0003743,0.0,0.0
teleconsult_id_TC0003744,0.0,0.0
teleconsult_id_TC0003745,0.0,0.0
teleconsult_id_TC0003747,0.0,0.0
teleconsult_id_TC0003749,0.0,0.0
teleconsult_id_TC0003750,0.0,0.0
teleconsult_id_TC0003751,0.0,0.0
teleconsult_id_TC0003754,0.0,0.0
teleconsult_id_TC0003756,0.0,0.0
teleconsult_id_TC0003757,0.0,0.0
teleconsult_id_TC0003759,0.0,0.0
teleconsult_id_TC0003760,0.0,0.0
teleconsult_id_TC0003762,0.0,0.0
teleconsult_id_TC0003764,0.0,0.0
teleconsult_id_TC0003765,0.0,0.0
teleconsult_id_TC0003766,0.0,0.0
teleconsult_id_TC0003767,0.0,0.0
teleconsult_id_TC0003768,0.0,0.0
teleconsult_id_TC0003770,0.0,0.0
teleconsult_id_TC0003772,0.0,0.0
teleconsult_id_TC0003773,0.0,0.0
teleconsult_id_TC0003776,0.0,0.0
teleconsult_id_TC0003778,0.0,0.0
teleconsult_id_TC0003779,0.0,0.0
teleconsult_id_TC0003781,0.0,0.0
teleconsult_id_TC0003782,0.0,0.0
teleconsult_id_TC0003783,0.0,0.0
teleconsult_id_TC0003784,0.0,0.0
teleconsult_id_TC0003786,0.0,0.0
teleconsult_id_TC0003787,0.0,0.0
teleconsult_id_TC0003789,0.0,0.0
teleconsult_id_TC0003790,0.0,0.0
teleconsult_id_TC0003792,0.0,0.0
teleconsult_id_TC0003793,0.0,0.0
teleconsult_id_TC0003794,0.0,0.0
teleconsult_id_TC0003795,0.0,0.0
teleconsult_id_TC0003796,0.0,0.0
teleconsult_id_TC0003799,0.0,0.0
teleconsult_id_TC0003800,0.0,0.0
teleconsult_id_TC0003801,0.0,0.0
teleconsult_id_TC0003802,0.0,0.0
teleconsult_id_TC0003803,0.0,0.0
teleconsult_id_TC0003804,0.0,0.0
teleconsult_id_TC0003808,0.0,0.0
teleconsult_id_TC0003809,0.0,0.0
teleconsult_id_TC0003810,0.0,0.0
teleconsult_id_TC0003811,0.0,0.0
teleconsult_id_TC0003813,0.0,0.0
teleconsult_id_TC0003814,0.0,0.0
teleconsult_id_TC0003816,0.0,0.0
teleconsult_id_TC0003817,0.0,0.0
teleconsult_id_TC0003818,0.0,0.0
teleconsult_id_TC0003820,0.0,0.0
teleconsult_id_TC0003821,0.0,0.0
teleconsult_id_TC0003822,0.0,0.0
teleconsult_id_TC0003823,0.0,0.0
teleconsult_id_TC0003826,0.0,0.0
teleconsult_id_TC0003827,0.0,0.0
teleconsult_id_TC0003828,0.0,0.0
teleconsult_id_TC0003830,0.0,0.0
teleconsult_id_TC0003831,0.0,0.0
teleconsult_id_TC0003833,0.0,0.0
teleconsult_id_TC0003834,0.0,0.0
teleconsult_id_TC0003835,0.0,0.0
teleconsult_id_TC0003836,0.0,0.0
teleconsult_id_TC0003837,0.0,0.0
teleconsult_id_TC0003838,0.0,0.0
teleconsult_id_TC0003839,0.0,0.0
teleconsult_id_TC0003840,0.0,0.0
teleconsult_id_TC0003841,0.0,0.0
teleconsult_id_TC0003843,0.0,0.0
teleconsult_id_TC0003844,0.0,0.0
teleconsult_id_TC0003845,0.0,0.0
teleconsult_id_TC0003846,0.0,0.0
teleconsult_id_TC0003848,0.0,0.0
teleconsult_id_TC0003850,0.0,0.0
teleconsult_id_TC0003853,0.0,0.0
teleconsult_id_TC0003856,0.0,0.0
teleconsult_id_TC0003859,0.0,0.0
teleconsult_id_TC0003861,0.0,0.0
teleconsult_id_TC0003862,0.0,0.0
teleconsult_id_TC0003863,0.0,0.0
teleconsult_id_TC0003864,0.0,0.0
teleconsult_id_TC0003865,0.0,0.0
teleconsult_id_TC0003866,0.0,0.0
teleconsult_id_TC0003868,0.0,0.0
teleconsult_id_TC0003869,0.0,0.0
teleconsult_id_TC0003870,0.0,0.0
teleconsult_id_TC0003872,0.0,0.0
teleconsult_id_TC0003874,0.0,0.0
teleconsult_id_TC0003875,0.0,0.0
teleconsult_id_TC0003878,0.0,0.0
teleconsult_id_TC0003880,0.0,0.0
teleconsult_id_TC0003881,0.0,0.0
teleconsult_id_TC0003883,0.0,0.0
teleconsult_id_TC0003887,0.0,0.0
teleconsult_id_TC0003888,0.0,0.0
teleconsult_id_TC0003889,0.0,0.0
teleconsult_id_TC0003890,0.0,0.0
teleconsult_id_TC0003891,0.0,0.0
teleconsult_id_TC0003892,0.0,0.0
teleconsult_id_TC0003893,0.0,0.0
teleconsult_id_TC0003894,0.0,0.0
teleconsult_id_TC0003895,0.0,0.0
teleconsult_id_TC0003897,0.0,0.0
teleconsult_id_TC0003898,0.0,0.0
teleconsult_id_TC0003899,0.0,0.0
teleconsult_id_TC0003900,0.0,0.0
teleconsult_id_TC0003901,0.0,0.0
teleconsult_id_TC0003902,0.0,0.0
teleconsult_id_TC0003903,0.0,0.0
teleconsult_id_TC0003904,0.0,0.0
teleconsult_id_TC0003905,0.0,0.0
teleconsult_id_TC0003906,0.0,0.0
teleconsult_id_TC0003909,0.0,0.0
teleconsult_id_TC0003910,0.0,0.0
teleconsult_id_TC0003911,0.0,0.0
teleconsult_id_TC0003913,0.0,0.0
teleconsult_id_TC0003914,0.0,0.0
teleconsult_id_TC0003915,0.0,0.0
teleconsult_id_TC0003917,0.0,0.0
teleconsult_id_TC0003918,0.0,0.0
teleconsult_id_TC0003919,0.0,0.0
teleconsult_id_TC0003920,0.0,0.0
teleconsult_id_TC0003921,0.0,0.0
teleconsult_id_TC0003922,0.0,0.0
teleconsult_id_TC0003923,0.0,0.0
teleconsult_id_TC0003924,0.0,0.0
teleconsult_id_TC0003925,0.0,0.0
teleconsult_id_TC0003926,0.0,0.0
teleconsult_id_TC0003927,0.0,0.0
teleconsult_id_TC0003928,0.0,0.0
teleconsult_id_TC0003929,0.0,0.0
teleconsult_id_TC0003931,0.0,0.0
teleconsult_id_TC0003932,0.0,0.0
teleconsult_id_TC0003934,0.0,0.0
teleconsult_id_TC0003935,0.0,0.0
teleconsult_id_TC0003936,0.0,0.0
teleconsult_id_TC0003937,0.0,0.0
teleconsult_id_TC0003938,0.0,0.0
teleconsult_id_TC0003939,0.0,0.0
teleconsult_id_TC0003940,0.0,0.0
teleconsult_id_TC0003941,0.0,0.0
teleconsult_id_TC0003943,0.0,0.0
teleconsult_id_TC0003945,0.0,0.0
teleconsult_id_TC0003946,0.0,0.0
teleconsult_id_TC0003947,0.0,0.0
teleconsult_id_TC0003948,0.0,0.0
teleconsult_id_TC0003950,0.0,0.0
teleconsult_id_TC0003951,0.0,0.0
teleconsult_id_TC0003952,0.0,0.0
teleconsult_id_TC0003953,0.0,0.0
teleconsult_id_TC0003954,0.0,0.0
teleconsult_id_TC0003955,0.0,0.0
teleconsult_id_TC0003956,0.0,0.0
teleconsult_id_TC0003957,0.0,0.0
teleconsult_id_TC0003960,0.0,0.0
teleconsult_id_TC0003961,0.0,0.0
teleconsult_id_TC0003962,0.0,0.0
teleconsult_id_TC0003963,0.0,0.0
teleconsult_id_TC0003966,0.0,0.0
teleconsult_id_TC0003967,0.0,0.0
teleconsult_id_TC0003968,0.0,0.0
teleconsult_id_TC0003973,0.0,0.0
teleconsult_id_TC0003976,0.0,0.0
teleconsult_id_TC0003977,0.0,0.0
teleconsult_id_TC0003978,0.0,0.0
teleconsult_id_TC0003979,0.0,0.0
teleconsult_id_TC0003980,0.0,0.0
teleconsult_id_TC0003981,0.0,0.0
teleconsult_id_TC0003985,0.0,0.0
teleconsult_id_TC0003987,0.0,0.0
teleconsult_id_TC0003988,0.0,0.0
teleconsult_id_TC0003990,0.0,0.0
teleconsult_id_TC0003991,0.0,0.0
teleconsult_id_TC0003992,0.0,0.0
teleconsult_id_TC0003993,0.0,0.0
teleconsult_id_TC0003994,0.0,0.0
teleconsult_id_TC0003995,0.0,0.0
teleconsult_id_TC0003997,0.0,0.0
teleconsult_id_TC0003998,0.0,0.0
teleconsult_id_TC0003999,0.0,0.0
teleconsult_id_TC0004000,0.0,0.0
teleconsult_id_TC0004002,0.0,0.0
teleconsult_id_TC0004003,0.0,0.0
teleconsult_id_TC0004005,0.0,0.0
teleconsult_id_TC0004007,0.0,0.0
teleconsult_id_TC0004008,0.0,0.0
teleconsult_id_TC0004009,0.0,0.0
teleconsult_id_TC0004010,0.0,0.0
teleconsult_id_TC0004013,0.0,0.0
teleconsult_id_TC0004014,0.0,0.0
teleconsult_id_TC0004016,0.0,0.0
teleconsult_id_TC0004018,0.0,0.0
teleconsult_id_TC0004021,0.0,0.0
teleconsult_id_TC0004022,0.0,0.0
teleconsult_id_TC0004023,0.0,0.0
teleconsult_id_TC0004024,0.0,0.0
teleconsult_id_TC0004025,0.0,0.0
teleconsult_id_TC0004026,0.0,0.0
teleconsult_id_TC0004027,0.0,0.0
teleconsult_id_TC0004029,0.0,0.0
teleconsult_id_TC0004030,0.0,0.0
teleconsult_id_TC0004031,0.0,0.0
teleconsult_id_TC0004032,0.0,0.0
teleconsult_id_TC0004034,0.0,0.0
teleconsult_id_TC0004035,0.0,0.0
teleconsult_id_TC0004037,0.0,0.0
teleconsult_id_TC0004038,0.0,0.0
teleconsult_id_TC0004039,0.0,0.0
teleconsult_id_TC0004040,0.0,0.0
teleconsult_id_TC0004043,0.0,0.0
teleconsult_id_TC0004046,0.0,0.0
teleconsult_id_TC0004047,0.0,0.0
teleconsult_id_TC0004048,0.0,0.0
teleconsult_id_TC0004049,0.0,0.0
teleconsult_id_TC0004051,0.0,0.0
teleconsult_id_TC0004052,0.0,0.0
teleconsult_id_TC0004053,0.0,0.0
teleconsult_id_TC0004055,0.0,0.0
teleconsult_id_TC0004056,0.0,0.0
teleconsult_id_TC0004057,0.0,0.0
teleconsult_id_TC0004058,0.0,0.0
teleconsult_id_TC0004060,0.0,0.0
teleconsult_id_TC0004062,0.0,0.0
teleconsult_id_TC0004063,0.0,0.0
teleconsult_id_TC0004064,0.0,0.0
teleconsult_id_TC0004065,0.0,0.0
teleconsult_id_TC0004066,0.0,0.0
teleconsult_id_TC0004068,0.0,0.0
teleconsult_id_TC0004069,0.0,0.0
teleconsult_id_TC0004070,0.0,0.0
teleconsult_id_TC0004071,0.0,0.0
teleconsult_id_TC0004072,0.0,0.0
teleconsult_id_TC0004075,0.0,0.0
teleconsult_id_TC0004077,0.0,0.0
teleconsult_id_TC0004078,0.0,0.0
teleconsult_id_TC0004080,0.0,0.0
teleconsult_id_TC0004082,0.0,0.0
teleconsult_id_TC0004083,0.0,0.0
teleconsult_id_TC0004084,0.0,0.0
teleconsult_id_TC0004085,0.0,0.0
teleconsult_id_TC0004088,0.0,0.0
teleconsult_id_TC0004091,0.0,0.0
teleconsult_id_TC0004092,0.0,0.0
teleconsult_id_TC0004093,0.0,0.0
teleconsult_id_TC0005477,0.0,0.0
teleconsult_id_TC0004097,0.0,0.0
teleconsult_id_TC0004098,0.0,0.0
teleconsult_id_TC0004099,0.0,0.0
teleconsult_id_TC0004100,0.0,0.0
teleconsult_id_TC0004101,0.0,0.0
teleconsult_id_TC0004102,0.0,0.0
teleconsult_id_TC0004103,0.0,0.0
teleconsult_id_TC0004104,0.0,0.0
teleconsult_id_TC0004105,0.0,0.0
teleconsult_id_TC0004106,0.0,0.0
teleconsult_id_TC0004107,0.0,0.0
teleconsult_id_TC0004108,0.0,0.0
teleconsult_id_TC0004109,0.0,0.0
teleconsult_id_TC0004110,0.0,0.0
teleconsult_id_TC0004112,0.0,0.0
teleconsult_id_TC0004113,0.0,0.0
teleconsult_id_TC0004114,0.0,0.0
teleconsult_id_TC0004116,0.0,0.0
teleconsult_id_TC0004117,0.0,0.0
teleconsult_id_TC0004119,0.0,0.0
teleconsult_id_TC0004122,0.0,0.0
teleconsult_id_TC0004123,0.0,0.0
teleconsult_id_TC0004124,0.0,0.0
teleconsult_id_TC0004126,0.0,0.0
teleconsult_id_TC0004127,0.0,0.0
teleconsult_id_TC0004129,0.0,0.0
teleconsult_id_TC0004130,0.0,0.0
teleconsult_id_TC0004131,0.0,0.0
teleconsult_id_TC0004132,0.0,0.0
teleconsult_id_TC0004133,0.0,0.0
teleconsult_id_TC0004134,0.0,0.0
teleconsult_id_TC0004136,0.0,0.0
teleconsult_id_TC0004137,0.0,0.0
teleconsult_id_TC0004138,0.0,0.0
teleconsult_id_TC0004140,0.0,0.0
teleconsult_id_TC0004141,0.0,0.0
teleconsult_id_TC0004144,0.0,0.0
teleconsult_id_TC0004145,0.0,0.0
teleconsult_id_TC0004146,0.0,0.0
teleconsult_id_TC0004147,0.0,0.0
teleconsult_id_TC0004148,0.0,0.0
teleconsult_id_TC0004149,0.0,0.0
teleconsult_id_TC0004153,0.0,0.0
teleconsult_id_TC0004154,0.0,0.0
teleconsult_id_TC0004155,0.0,0.0
teleconsult_id_TC0004157,0.0,0.0
teleconsult_id_TC0004158,0.0,0.0
teleconsult_id_TC0004159,0.0,0.0
teleconsult_id_TC0004160,0.0,0.0
teleconsult_id_TC0004161,0.0,0.0
teleconsult_id_TC0004162,0.0,0.0
teleconsult_id_TC0004163,0.0,0.0
teleconsult_id_TC0004164,0.0,0.0
teleconsult_id_TC0004165,0.0,0.0
teleconsult_id_TC0004166,0.0,0.0
teleconsult_id_TC0004167,0.0,0.0
teleconsult_id_TC0004172,0.0,0.0
teleconsult_id_TC0004173,0.0,0.0
teleconsult_id_TC0004175,0.0,0.0
teleconsult_id_TC0004176,0.0,0.0
teleconsult_id_TC0004177,0.0,0.0
teleconsult_id_TC0004178,0.0,0.0
teleconsult_id_TC0004179,0.0,0.0
teleconsult_id_TC0004180,0.0,0.0
teleconsult_id_TC0004181,0.0,0.0
teleconsult_id_TC0004183,0.0,0.0
teleconsult_id_TC0004184,0.0,0.0
teleconsult_id_TC0004185,0.0,0.0
teleconsult_id_TC0004186,0.0,0.0
teleconsult_id_TC0004187,0.0,0.0
teleconsult_id_TC0004188,0.0,0.0
teleconsult_id_TC0004189,0.0,0.0
teleconsult_id_TC0004190,0.0,0.0
teleconsult_id_TC0004192,0.0,0.0
teleconsult_id_TC0004193,0.0,0.0
teleconsult_id_TC0004195,0.0,0.0
teleconsult_id_TC0004196,0.0,0.0
teleconsult_id_TC0004197,0.0,0.0
teleconsult_id_TC0004198,0.0,0.0
teleconsult_id_TC0004201,0.0,0.0
teleconsult_id_TC0004202,0.0,0.0
teleconsult_id_TC0004203,0.0,0.0
teleconsult_id_TC0004204,0.0,0.0
teleconsult_id_TC0004205,0.0,0.0
teleconsult_id_TC0004206,0.0,0.0
teleconsult_id_TC0004208,0.0,0.0
teleconsult_id_TC0004209,0.0,0.0
teleconsult_id_TC0004210,0.0,0.0
teleconsult_id_TC0004211,0.0,0.0
teleconsult_id_TC0004212,0.0,0.0
teleconsult_id_TC0004215,0.0,0.0
teleconsult_id_TC0004217,0.0,0.0
teleconsult_id_TC0004218,0.0,0.0
teleconsult_id_TC0004219,0.0,0.0
teleconsult_id_TC0004220,0.0,0.0
teleconsult_id_TC0004221,0.0,0.0
teleconsult_id_TC0004222,0.0,0.0
teleconsult_id_TC0004223,0.0,0.0
teleconsult_id_TC0004224,0.0,0.0
teleconsult_id_TC0004225,0.0,0.0
teleconsult_id_TC0004229,0.0,0.0
teleconsult_id_TC0004231,0.0,0.0
teleconsult_id_TC0004232,0.0,0.0
teleconsult_id_TC0004233,0.0,0.0
teleconsult_id_TC0004234,0.0,0.0
teleconsult_id_TC0004236,0.0,0.0
teleconsult_id_TC0004237,0.0,0.0
teleconsult_id_TC0004238,0.0,0.0
teleconsult_id_TC0004240,0.0,0.0
teleconsult_id_TC0004243,0.0,0.0
teleconsult_id_TC0004244,0.0,0.0
teleconsult_id_TC0004245,0.0,0.0
teleconsult_id_TC0004246,0.0,0.0
teleconsult_id_TC0004249,0.0,0.0
teleconsult_id_TC0004250,0.0,0.0
teleconsult_id_TC0004251,0.0,0.0
teleconsult_id_TC0004252,0.0,0.0
teleconsult_id_TC0004253,0.0,0.0
teleconsult_id_TC0004254,0.0,0.0
teleconsult_id_TC0004255,0.0,0.0
teleconsult_id_TC0004256,0.0,0.0
teleconsult_id_TC0004257,0.0,0.0
teleconsult_id_TC0004258,0.0,0.0
teleconsult_id_TC0004259,0.0,0.0
teleconsult_id_TC0004262,0.0,0.0
teleconsult_id_TC0004264,0.0,0.0
teleconsult_id_TC0004265,0.0,0.0
teleconsult_id_TC0004266,0.0,0.0
teleconsult_id_TC0004267,0.0,0.0
teleconsult_id_TC0004268,0.0,0.0
teleconsult_id_TC0004270,0.0,0.0
teleconsult_id_TC0004271,0.0,0.0
teleconsult_id_TC0004273,0.0,0.0
teleconsult_id_TC0004274,0.0,0.0
teleconsult_id_TC0004275,0.0,0.0
teleconsult_id_TC0004276,0.0,0.0
teleconsult_id_TC0004278,0.0,0.0
teleconsult_id_TC0004279,0.0,0.0
teleconsult_id_TC0004280,0.0,0.0
teleconsult_id_TC0004283,0.0,0.0
teleconsult_id_TC0004284,0.0,0.0
teleconsult_id_TC0004285,0.0,0.0
teleconsult_id_TC0004286,0.0,0.0
teleconsult_id_TC0004287,0.0,0.0
teleconsult_id_TC0004289,0.0,0.0
teleconsult_id_TC0004290,0.0,0.0
teleconsult_id_TC0004291,0.0,0.0
teleconsult_id_TC0004292,0.0,0.0
teleconsult_id_TC0004295,0.0,0.0
teleconsult_id_TC0004299,0.0,0.0
teleconsult_id_TC0004302,0.0,0.0
teleconsult_id_TC0004303,0.0,0.0
teleconsult_id_TC0004306,0.0,0.0
teleconsult_id_TC0004307,0.0,0.0
teleconsult_id_TC0004308,0.0,0.0
teleconsult_id_TC0004310,0.0,0.0
teleconsult_id_TC0004311,0.0,0.0
teleconsult_id_TC0004312,0.0,0.0
teleconsult_id_TC0004314,0.0,0.0
teleconsult_id_TC0004316,0.0,0.0
teleconsult_id_TC0004317,0.0,0.0
teleconsult_id_TC0004318,0.0,0.0
teleconsult_id_TC0004320,0.0,0.0
teleconsult_id_TC0004322,0.0,0.0
teleconsult_id_TC0004323,0.0,0.0
teleconsult_id_TC0004324,0.0,0.0
teleconsult_id_TC0004325,0.0,0.0
teleconsult_id_TC0004326,0.0,0.0
teleconsult_id_TC0004327,0.0,0.0
teleconsult_id_TC0004328,0.0,0.0
teleconsult_id_TC0004329,0.0,0.0
teleconsult_id_TC0004330,0.0,0.0
teleconsult_id_TC0004332,0.0,0.0
teleconsult_id_TC0004333,0.0,0.0
teleconsult_id_TC0004334,0.0,0.0
teleconsult_id_TC0004335,0.0,0.0
teleconsult_id_TC0004336,0.0,0.0
teleconsult_id_TC0004337,0.0,0.0
teleconsult_id_TC0004338,0.0,0.0
teleconsult_id_TC0004343,0.0,0.0
teleconsult_id_TC0004344,0.0,0.0
teleconsult_id_TC0004345,0.0,0.0
teleconsult_id_TC0004346,0.0,0.0
teleconsult_id_TC0004347,0.0,0.0
teleconsult_id_TC0004350,0.0,0.0
teleconsult_id_TC0004351,0.0,0.0
teleconsult_id_TC0004352,0.0,0.0
teleconsult_id_TC0004353,0.0,0.0
teleconsult_id_TC0004354,0.0,0.0
teleconsult_id_TC0004356,0.0,0.0
teleconsult_id_TC0004357,0.0,0.0
teleconsult_id_TC0004358,0.0,0.0
teleconsult_id_TC0004359,0.0,0.0
teleconsult_id_TC0004360,0.0,0.0
teleconsult_id_TC0004361,0.0,0.0
teleconsult_id_TC0004362,0.0,0.0
teleconsult_id_TC0004363,0.0,0.0
teleconsult_id_TC0004364,0.0,0.0
teleconsult_id_TC0004365,0.0,0.0
teleconsult_id_TC0004367,0.0,0.0
teleconsult_id_TC0004368,0.0,0.0
teleconsult_id_TC0004369,0.0,0.0
teleconsult_id_TC0004370,0.0,0.0
teleconsult_id_TC0004371,0.0,0.0
teleconsult_id_TC0004372,0.0,0.0
teleconsult_id_TC0004373,0.0,0.0
teleconsult_id_TC0004376,0.0,0.0
teleconsult_id_TC0004377,0.0,0.0
teleconsult_id_TC0004379,0.0,0.0
teleconsult_id_TC0004380,0.0,0.0
teleconsult_id_TC0004381,0.0,0.0
teleconsult_id_TC0004382,0.0,0.0
teleconsult_id_TC0004383,0.0,0.0
teleconsult_id_TC0004384,0.0,0.0
teleconsult_id_TC0004387,0.0,0.0
teleconsult_id_TC0004388,0.0,0.0
teleconsult_id_TC0004389,0.0,0.0
teleconsult_id_TC0004391,0.0,0.0
teleconsult_id_TC0004393,0.0,0.0
teleconsult_id_TC0004394,0.0,0.0
teleconsult_id_TC0004395,0.0,0.0
teleconsult_id_TC0004396,0.0,0.0
teleconsult_id_TC0004397,0.0,0.0
teleconsult_id_TC0004399,0.0,0.0
teleconsult_id_TC0004401,0.0,0.0
teleconsult_id_TC0004402,0.0,0.0
teleconsult_id_TC0004404,0.0,0.0
teleconsult_id_TC0004405,0.0,0.0
teleconsult_id_TC0004406,0.0,0.0
teleconsult_id_TC0004407,0.0,0.0
teleconsult_id_TC0004409,0.0,0.0
teleconsult_id_TC0004410,0.0,0.0
teleconsult_id_TC0004413,0.0,0.0
teleconsult_id_TC0004414,0.0,0.0
teleconsult_id_TC0004416,0.0,0.0
teleconsult_id_TC0004417,0.0,0.0
teleconsult_id_TC0004418,0.0,0.0
teleconsult_id_TC0004419,0.0,0.0
teleconsult_id_TC0004420,0.0,0.0
teleconsult_id_TC0004421,0.0,0.0
teleconsult_id_TC0004422,0.0,0.0
teleconsult_id_TC0004423,0.0,0.0
teleconsult_id_TC0004424,0.0,0.0
teleconsult_id_TC0004427,0.0,0.0
teleconsult_id_TC0004428,0.0,0.0
teleconsult_id_TC0004430,0.0,0.0
teleconsult_id_TC0004431,0.0,0.0
teleconsult_id_TC0004432,0.0,0.0
teleconsult_id_TC0004433,0.0,0.0
teleconsult_id_TC0004434,0.0,0.0
teleconsult_id_TC0004435,0.0,0.0
teleconsult_id_TC0004436,0.0,0.0
teleconsult_id_TC0004437,0.0,0.0
teleconsult_id_TC0004438,0.0,0.0
teleconsult_id_TC0004440,0.0,0.0
teleconsult_id_TC0004441,0.0,0.0
teleconsult_id_TC0004442,0.0,0.0
teleconsult_id_TC0004444,0.0,0.0
teleconsult_id_TC0004445,0.0,0.0
teleconsult_id_TC0004448,0.0,0.0
teleconsult_id_TC0004450,0.0,0.0
teleconsult_id_TC0004451,0.0,0.0
teleconsult_id_TC0004452,0.0,0.0
teleconsult_id_TC0004453,0.0,0.0
teleconsult_id_TC0004454,0.0,0.0
teleconsult_id_TC0004455,0.0,0.0
teleconsult_id_TC0004456,0.0,0.0
teleconsult_id_TC0004458,0.0,0.0
teleconsult_id_TC0004459,0.0,0.0
teleconsult_id_TC0004461,0.0,0.0
teleconsult_id_TC0004462,0.0,0.0
teleconsult_id_TC0004464,0.0,0.0
teleconsult_id_TC0004465,0.0,0.0
teleconsult_id_TC0004468,0.0,0.0
teleconsult_id_TC0004470,0.0,0.0
teleconsult_id_TC0004472,0.0,0.0
teleconsult_id_TC0004473,0.0,0.0
teleconsult_id_TC0004474,0.0,0.0
teleconsult_id_TC0004475,0.0,0.0
teleconsult_id_TC0004477,0.0,0.0
teleconsult_id_TC0004478,0.0,0.0
teleconsult_id_TC0004479,0.0,0.0
teleconsult_id_TC0004480,0.0,0.0
teleconsult_id_TC0004481,0.0,0.0
teleconsult_id_TC0004482,0.0,0.0
teleconsult_id_TC0004483,0.0,0.0
teleconsult_id_TC0004484,0.0,0.0
teleconsult_id_TC0004485,0.0,0.0
teleconsult_id_TC0004486,0.0,0.0
teleconsult_id_TC0004487,0.0,0.0
teleconsult_id_TC0004489,0.0,0.0
teleconsult_id_TC0004490,0.0,0.0
teleconsult_id_TC0004491,0.0,0.0
teleconsult_id_TC0004492,0.0,0.0
teleconsult_id_TC0004493,0.0,0.0
teleconsult_id_TC0004495,0.0,0.0
teleconsult_id_TC0004496,0.0,0.0
teleconsult_id_TC0004497,0.0,0.0
teleconsult_id_TC0004498,0.0,0.0
teleconsult_id_TC0004499,0.0,0.0
teleconsult_id_TC0004500,0.0,0.0
teleconsult_id_TC0004501,0.0,0.0
teleconsult_id_TC0004502,0.0,0.0
teleconsult_id_TC0004504,0.0,0.0
teleconsult_id_TC0004505,0.0,0.0
teleconsult_id_TC0004506,0.0,0.0
teleconsult_id_TC0004507,0.0,0.0
teleconsult_id_TC0004510,0.0,0.0
teleconsult_id_TC0004511,0.0,0.0
teleconsult_id_TC0004513,0.0,0.0
teleconsult_id_TC0004515,0.0,0.0
teleconsult_id_TC0004516,0.0,0.0
teleconsult_id_TC0004518,0.0,0.0
teleconsult_id_TC0004519,0.0,0.0
teleconsult_id_TC0004520,0.0,0.0
teleconsult_id_TC0004522,0.0,0.0
teleconsult_id_TC0004523,0.0,0.0
teleconsult_id_TC0004524,0.0,0.0
teleconsult_id_TC0004525,0.0,0.0
teleconsult_id_TC0004526,0.0,0.0
teleconsult_id_TC0004527,0.0,0.0
teleconsult_id_TC0004528,0.0,0.0
teleconsult_id_TC0004529,0.0,0.0
teleconsult_id_TC0004530,0.0,0.0
teleconsult_id_TC0004532,0.0,0.0
teleconsult_id_TC0004534,0.0,0.0
teleconsult_id_TC0004536,0.0,0.0
teleconsult_id_TC0004537,0.0,0.0
teleconsult_id_TC0004539,0.0,0.0
teleconsult_id_TC0004540,0.0,0.0
teleconsult_id_TC0004542,0.0,0.0
teleconsult_id_TC0004543,0.0,0.0
teleconsult_id_TC0004546,0.0,0.0
teleconsult_id_TC0004547,0.0,0.0
teleconsult_id_TC0004548,0.0,0.0
teleconsult_id_TC0004549,0.0,0.0
teleconsult_id_TC0004550,0.0,0.0
teleconsult_id_TC0004551,0.0,0.0
teleconsult_id_TC0004553,0.0,0.0
teleconsult_id_TC0004554,0.0,0.0
teleconsult_id_TC0004555,0.0,0.0
teleconsult_id_TC0004556,0.0,0.0
teleconsult_id_TC0004558,0.0,0.0
teleconsult_id_TC0004559,0.0,0.0
teleconsult_id_TC0004560,0.0,0.0
teleconsult_id_TC0004563,0.0,0.0
teleconsult_id_TC0004564,0.0,0.0
teleconsult_id_TC0004565,0.0,0.0
teleconsult_id_TC0004566,0.0,0.0
teleconsult_id_TC0004567,0.0,0.0
teleconsult_id_TC0004570,0.0,0.0
teleconsult_id_TC0004574,0.0,0.0
teleconsult_id_TC0004578,0.0,0.0
teleconsult_id_TC0004581,0.0,0.0
teleconsult_id_TC0004582,0.0,0.0
teleconsult_id_TC0004584,0.0,0.0
teleconsult_id_TC0004585,0.0,0.0
teleconsult_id_TC0004586,0.0,0.0
teleconsult_id_TC0004587,0.0,0.0
teleconsult_id_TC0004588,0.0,0.0
teleconsult_id_TC0004589,0.0,0.0
teleconsult_id_TC0004590,0.0,0.0
teleconsult_id_TC0004591,0.0,0.0
teleconsult_id_TC0004592,0.0,0.0
teleconsult_id_TC0004594,0.0,0.0
teleconsult_id_TC0004596,0.0,0.0
teleconsult_id_TC0004597,0.0,0.0
teleconsult_id_TC0004598,0.0,0.0
teleconsult_id_TC0004599,0.0,0.0
teleconsult_id_TC0004603,0.0,0.0
teleconsult_id_TC0004604,0.0,0.0
teleconsult_id_TC0004606,0.0,0.0
teleconsult_id_TC0004607,0.0,0.0
teleconsult_id_TC0004608,0.0,0.0
teleconsult_id_TC0004609,0.0,0.0
teleconsult_id_TC0004610,0.0,0.0
teleconsult_id_TC0004611,0.0,0.0
teleconsult_id_TC0004612,0.0,0.0
teleconsult_id_TC0004614,0.0,0.0
teleconsult_id_TC0004615,0.0,0.0
teleconsult_id_TC0004617,0.0,0.0
teleconsult_id_TC0004618,0.0,0.0
teleconsult_id_TC0004619,0.0,0.0
teleconsult_id_TC0004620,0.0,0.0
teleconsult_id_TC0004621,0.0,0.0
teleconsult_id_TC0004622,0.0,0.0
teleconsult_id_TC0004623,0.0,0.0
teleconsult_id_TC0004625,0.0,0.0
teleconsult_id_TC0004626,0.0,0.0
teleconsult_id_TC0004628,0.0,0.0
teleconsult_id_TC0004632,0.0,0.0
teleconsult_id_TC0004633,0.0,0.0
teleconsult_id_TC0004634,0.0,0.0
teleconsult_id_TC0004635,0.0,0.0
teleconsult_id_TC0004637,0.0,0.0
teleconsult_id_TC0004638,0.0,0.0
teleconsult_id_TC0004639,0.0,0.0
teleconsult_id_TC0004640,0.0,0.0
teleconsult_id_TC0004641,0.0,0.0
teleconsult_id_TC0004642,0.0,0.0
teleconsult_id_TC0004643,0.0,0.0
teleconsult_id_TC0004644,0.0,0.0
teleconsult_id_TC0004646,0.0,0.0
teleconsult_id_TC0004647,0.0,0.0
teleconsult_id_TC0004648,0.0,0.0
teleconsult_id_TC0004649,0.0,0.0
teleconsult_id_TC0004650,0.0,0.0
teleconsult_id_TC0004651,0.0,0.0
teleconsult_id_TC0004652,0.0,0.0
teleconsult_id_TC0004653,0.0,0.0
teleconsult_id_TC0004655,0.0,0.0
teleconsult_id_TC0004656,0.0,0.0
teleconsult_id_TC0004658,0.0,0.0
teleconsult_id_TC0004659,0.0,0.0
teleconsult_id_TC0004660,0.0,0.0
teleconsult_id_TC0004661,0.0,0.0
teleconsult_id_TC0004663,0.0,0.0
teleconsult_id_TC0004665,0.0,0.0
teleconsult_id_TC0004666,0.0,0.0
teleconsult_id_TC0004667,0.0,0.0
teleconsult_id_TC0004669,0.0,0.0
teleconsult_id_TC0004670,0.0,0.0
teleconsult_id_TC0004671,0.0,0.0
teleconsult_id_TC0004673,0.0,0.0
teleconsult_id_TC0004674,0.0,0.0
teleconsult_id_TC0004675,0.0,0.0
teleconsult_id_TC0004676,0.0,0.0
teleconsult_id_TC0004677,0.0,0.0
teleconsult_id_TC0004678,0.0,0.0
teleconsult_id_TC0004679,0.0,0.0
teleconsult_id_TC0004682,0.0,0.0
teleconsult_id_TC0004683,0.0,0.0
teleconsult_id_TC0004684,0.0,0.0
teleconsult_id_TC0004687,0.0,0.0
teleconsult_id_TC0004688,0.0,0.0
teleconsult_id_TC0004689,0.0,0.0
teleconsult_id_TC0004691,0.0,0.0
teleconsult_id_TC0004692,0.0,0.0
teleconsult_id_TC0004694,0.0,0.0
teleconsult_id_TC0004695,0.0,0.0
teleconsult_id_TC0004696,0.0,0.0
teleconsult_id_TC0004698,0.0,0.0
teleconsult_id_TC0004699,0.0,0.0
teleconsult_id_TC0004701,0.0,0.0
teleconsult_id_TC0004702,0.0,0.0
teleconsult_id_TC0004703,0.0,0.0
teleconsult_id_TC0004704,0.0,0.0
teleconsult_id_TC0004705,0.0,0.0
teleconsult_id_TC0004707,0.0,0.0
teleconsult_id_TC0004708,0.0,0.0
teleconsult_id_TC0004709,0.0,0.0
teleconsult_id_TC0004710,0.0,0.0
teleconsult_id_TC0004711,0.0,0.0
teleconsult_id_TC0004713,0.0,0.0
teleconsult_id_TC0004714,0.0,0.0
teleconsult_id_TC0004716,0.0,0.0
teleconsult_id_TC0004719,0.0,0.0
teleconsult_id_TC0004721,0.0,0.0
teleconsult_id_TC0004722,0.0,0.0
teleconsult_id_TC0004723,0.0,0.0
teleconsult_id_TC0004724,0.0,0.0
teleconsult_id_TC0004725,0.0,0.0
teleconsult_id_TC0004726,0.0,0.0
teleconsult_id_TC0004727,0.0,0.0
teleconsult_id_TC0004729,0.0,0.0
teleconsult_id_TC0004730,0.0,0.0
teleconsult_id_TC0004732,0.0,0.0
teleconsult_id_TC0004733,0.0,0.0
teleconsult_id_TC0004734,0.0,0.0
teleconsult_id_TC0004735,0.0,0.0
teleconsult_id_TC0004736,0.0,0.0
teleconsult_id_TC0004738,0.0,0.0
teleconsult_id_TC0004739,0.0,0.0
teleconsult_id_TC0004741,0.0,0.0
teleconsult_id_TC0004742,0.0,0.0
teleconsult_id_TC0004743,0.0,0.0
teleconsult_id_TC0004744,0.0,0.0
teleconsult_id_TC0004745,0.0,0.0
teleconsult_id_TC0004746,0.0,0.0
teleconsult_id_TC0004748,0.0,0.0
teleconsult_id_TC0004749,0.0,0.0
teleconsult_id_TC0004750,0.0,0.0
teleconsult_id_TC0004751,0.0,0.0
teleconsult_id_TC0004752,0.0,0.0
teleconsult_id_TC0004753,0.0,0.0
teleconsult_id_TC0004755,0.0,0.0
teleconsult_id_TC0004756,0.0,0.0
teleconsult_id_TC0004757,0.0,0.0
teleconsult_id_TC0004758,0.0,0.0
teleconsult_id_TC0004759,0.0,0.0
teleconsult_id_TC0004760,0.0,0.0
teleconsult_id_TC0004761,0.0,0.0
teleconsult_id_TC0004763,0.0,0.0
teleconsult_id_TC0004765,0.0,0.0
teleconsult_id_TC0004767,0.0,0.0
teleconsult_id_TC0004768,0.0,0.0
teleconsult_id_TC0004771,0.0,0.0
teleconsult_id_TC0004772,0.0,0.0
teleconsult_id_TC0004774,0.0,0.0
teleconsult_id_TC0004775,0.0,0.0
teleconsult_id_TC0004777,0.0,0.0
teleconsult_id_TC0004778,0.0,0.0
teleconsult_id_TC0004779,0.0,0.0
teleconsult_id_TC0004780,0.0,0.0
teleconsult_id_TC0004781,0.0,0.0
teleconsult_id_TC0004782,0.0,0.0
teleconsult_id_TC0004783,0.0,0.0
teleconsult_id_TC0004784,0.0,0.0
teleconsult_id_TC0004786,0.0,0.0
teleconsult_id_TC0004788,0.0,0.0
teleconsult_id_TC0004789,0.0,0.0
teleconsult_id_TC0004790,0.0,0.0
teleconsult_id_TC0004792,0.0,0.0
teleconsult_id_TC0004793,0.0,0.0
teleconsult_id_TC0004795,0.0,0.0
teleconsult_id_TC0004797,0.0,0.0
teleconsult_id_TC0004798,0.0,0.0
teleconsult_id_TC0004799,0.0,0.0
teleconsult_id_TC0004094,0.0,0.0
teleconsult_id_TC0004801,0.0,0.0
teleconsult_id_TC0004802,0.0,0.0
teleconsult_id_TC0004803,0.0,0.0
teleconsult_id_TC0004804,0.0,0.0
teleconsult_id_TC0004805,0.0,0.0
teleconsult_id_TC0004806,0.0,0.0
teleconsult_id_TC0004808,0.0,0.0
teleconsult_id_TC0004810,0.0,0.0
teleconsult_id_TC0004811,0.0,0.0
teleconsult_id_TC0004812,0.0,0.0
teleconsult_id_TC0004813,0.0,0.0
teleconsult_id_TC0004814,0.0,0.0
teleconsult_id_TC0004815,0.0,0.0
teleconsult_id_TC0004817,0.0,0.0
teleconsult_id_TC0004819,0.0,0.0
teleconsult_id_TC0004820,0.0,0.0
teleconsult_id_TC0004821,0.0,0.0
teleconsult_id_TC0004823,0.0,0.0
teleconsult_id_TC0004824,0.0,0.0
teleconsult_id_TC0004825,0.0,0.0
teleconsult_id_TC0004827,0.0,0.0
teleconsult_id_TC0004829,0.0,0.0
teleconsult_id_TC0004830,0.0,0.0
teleconsult_id_TC0004831,0.0,0.0
teleconsult_id_TC0004832,0.0,0.0
teleconsult_id_TC0004833,0.0,0.0
teleconsult_id_TC0004837,0.0,0.0
teleconsult_id_TC0004838,0.0,0.0
teleconsult_id_TC0004839,0.0,0.0
teleconsult_id_TC0004840,0.0,0.0
teleconsult_id_TC0004841,0.0,0.0
teleconsult_id_TC0004842,0.0,0.0
teleconsult_id_TC0004843,0.0,0.0
teleconsult_id_TC0004845,0.0,0.0
teleconsult_id_TC0004846,0.0,0.0
teleconsult_id_TC0004847,0.0,0.0
teleconsult_id_TC0004848,0.0,0.0
teleconsult_id_TC0004849,0.0,0.0
teleconsult_id_TC0004850,0.0,0.0
teleconsult_id_TC0004851,0.0,0.0
teleconsult_id_TC0004852,0.0,0.0
teleconsult_id_TC0004854,0.0,0.0
teleconsult_id_TC0004855,0.0,0.0
teleconsult_id_TC0004856,0.0,0.0
teleconsult_id_TC0004857,0.0,0.0
teleconsult_id_TC0004858,0.0,0.0
teleconsult_id_TC0004859,0.0,0.0
teleconsult_id_TC0004860,0.0,0.0
teleconsult_id_TC0004861,0.0,0.0
teleconsult_id_TC0004862,0.0,0.0
teleconsult_id_TC0004864,0.0,0.0
teleconsult_id_TC0004865,0.0,0.0
teleconsult_id_TC0004866,0.0,0.0
teleconsult_id_TC0004867,0.0,0.0
teleconsult_id_TC0004868,0.0,0.0
teleconsult_id_TC0004869,0.0,0.0
teleconsult_id_TC0004870,0.0,0.0
teleconsult_id_TC0004871,0.0,0.0
teleconsult_id_TC0004873,0.0,0.0
teleconsult_id_TC0004874,0.0,0.0
teleconsult_id_TC0004876,0.0,0.0
teleconsult_id_TC0004878,0.0,0.0
teleconsult_id_TC0004879,0.0,0.0
teleconsult_id_TC0004880,0.0,0.0
teleconsult_id_TC0004881,0.0,0.0
teleconsult_id_TC0004883,0.0,0.0
teleconsult_id_TC0004884,0.0,0.0
teleconsult_id_TC0004886,0.0,0.0
teleconsult_id_TC0004887,0.0,0.0
teleconsult_id_TC0004888,0.0,0.0
teleconsult_id_TC0004889,0.0,0.0
teleconsult_id_TC0004890,0.0,0.0
teleconsult_id_TC0004891,0.0,0.0
teleconsult_id_TC0004892,0.0,0.0
teleconsult_id_TC0004893,0.0,0.0
teleconsult_id_TC0004894,0.0,0.0
teleconsult_id_TC0004897,0.0,0.0
teleconsult_id_TC0004898,0.0,0.0
teleconsult_id_TC0004900,0.0,0.0
teleconsult_id_TC0004901,0.0,0.0
teleconsult_id_TC0004902,0.0,0.0
teleconsult_id_TC0004904,0.0,0.0
teleconsult_id_TC0004906,0.0,0.0
teleconsult_id_TC0004909,0.0,0.0
teleconsult_id_TC0004910,0.0,0.0
teleconsult_id_TC0004911,0.0,0.0
teleconsult_id_TC0004912,0.0,0.0
teleconsult_id_TC0004913,0.0,0.0
teleconsult_id_TC0004914,0.0,0.0
teleconsult_id_TC0004915,0.0,0.0
teleconsult_id_TC0004917,0.0,0.0
teleconsult_id_TC0004918,0.0,0.0
teleconsult_id_TC0004919,0.0,0.0
teleconsult_id_TC0004920,0.0,0.0
teleconsult_id_TC0004921,0.0,0.0
teleconsult_id_TC0004922,0.0,0.0
teleconsult_id_TC0004924,0.0,0.0
teleconsult_id_TC0004925,0.0,0.0
teleconsult_id_TC0004926,0.0,0.0
teleconsult_id_TC0004928,0.0,0.0
teleconsult_id_TC0004929,0.0,0.0
teleconsult_id_TC0004931,0.0,0.0
teleconsult_id_TC0004932,0.0,0.0
teleconsult_id_TC0004933,0.0,0.0
teleconsult_id_TC0004935,0.0,0.0
teleconsult_id_TC0004936,0.0,0.0
teleconsult_id_TC0004937,0.0,0.0
teleconsult_id_TC0004939,0.0,0.0
teleconsult_id_TC0004941,0.0,0.0
teleconsult_id_TC0004942,0.0,0.0
teleconsult_id_TC0004943,0.0,0.0
teleconsult_id_TC0004944,0.0,0.0
teleconsult_id_TC0004945,0.0,0.0
teleconsult_id_TC0004946,0.0,0.0
teleconsult_id_TC0004947,0.0,0.0
teleconsult_id_TC0004949,0.0,0.0
teleconsult_id_TC0004950,0.0,0.0
teleconsult_id_TC0004952,0.0,0.0
teleconsult_id_TC0004953,0.0,0.0
teleconsult_id_TC0004954,0.0,0.0
teleconsult_id_TC0004957,0.0,0.0
teleconsult_id_TC0004958,0.0,0.0
teleconsult_id_TC0004959,0.0,0.0
teleconsult_id_TC0004960,0.0,0.0
teleconsult_id_TC0004961,0.0,0.0
teleconsult_id_TC0004963,0.0,0.0
teleconsult_id_TC0004964,0.0,0.0
teleconsult_id_TC0004965,0.0,0.0
teleconsult_id_TC0004966,0.0,0.0
teleconsult_id_TC0004967,0.0,0.0
teleconsult_id_TC0004968,0.0,0.0
teleconsult_id_TC0004971,0.0,0.0
teleconsult_id_TC0004972,0.0,0.0
teleconsult_id_TC0004973,0.0,0.0
teleconsult_id_TC0004974,0.0,0.0
teleconsult_id_TC0004975,0.0,0.0
teleconsult_id_TC0004976,0.0,0.0
teleconsult_id_TC0004977,0.0,0.0
teleconsult_id_TC0004978,0.0,0.0
teleconsult_id_TC0004980,0.0,0.0
teleconsult_id_TC0004982,0.0,0.0
teleconsult_id_TC0004984,0.0,0.0
teleconsult_id_TC0004987,0.0,0.0
teleconsult_id_TC0004988,0.0,0.0
teleconsult_id_TC0004989,0.0,0.0
teleconsult_id_TC0004992,0.0,0.0
teleconsult_id_TC0004997,0.0,0.0
teleconsult_id_TC0004999,0.0,0.0
teleconsult_id_TC0005000,0.0,0.0
teleconsult_id_TC0005003,0.0,0.0
teleconsult_id_TC0005004,0.0,0.0
teleconsult_id_TC0005006,0.0,0.0
teleconsult_id_TC0005007,0.0,0.0
teleconsult_id_TC0005008,0.0,0.0
teleconsult_id_TC0005009,0.0,0.0
teleconsult_id_TC0005010,0.0,0.0
teleconsult_id_TC0005011,0.0,0.0
teleconsult_id_TC0005012,0.0,0.0
teleconsult_id_TC0005014,0.0,0.0
teleconsult_id_TC0005016,0.0,0.0
teleconsult_id_TC0005017,0.0,0.0
teleconsult_id_TC0005018,0.0,0.0
teleconsult_id_TC0005019,0.0,0.0
teleconsult_id_TC0005020,0.0,0.0
teleconsult_id_TC0005021,0.0,0.0
teleconsult_id_TC0005022,0.0,0.0
teleconsult_id_TC0005024,0.0,0.0
teleconsult_id_TC0005028,0.0,0.0
teleconsult_id_TC0005029,0.0,0.0
teleconsult_id_TC0005032,0.0,0.0
teleconsult_id_TC0005033,0.0,0.0
teleconsult_id_TC0005034,0.0,0.0
teleconsult_id_TC0005036,0.0,0.0
teleconsult_id_TC0005038,0.0,0.0
teleconsult_id_TC0005040,0.0,0.0
teleconsult_id_TC0005041,0.0,0.0
teleconsult_id_TC0005043,0.0,0.0
teleconsult_id_TC0005045,0.0,0.0
teleconsult_id_TC0005046,0.0,0.0
teleconsult_id_TC0005047,0.0,0.0
teleconsult_id_TC0005049,0.0,0.0
teleconsult_id_TC0005051,0.0,0.0
teleconsult_id_TC0005052,0.0,0.0
teleconsult_id_TC0005053,0.0,0.0
teleconsult_id_TC0005054,0.0,0.0
teleconsult_id_TC0005055,0.0,0.0
teleconsult_id_TC0005056,0.0,0.0
teleconsult_id_TC0005057,0.0,0.0
teleconsult_id_TC0005058,0.0,0.0
teleconsult_id_TC0005062,0.0,0.0
teleconsult_id_TC0005063,0.0,0.0
teleconsult_id_TC0005064,0.0,0.0
teleconsult_id_TC0005065,0.0,0.0
teleconsult_id_TC0005066,0.0,0.0
teleconsult_id_TC0005067,0.0,0.0
teleconsult_id_TC0005068,0.0,0.0
teleconsult_id_TC0005069,0.0,0.0
teleconsult_id_TC0005073,0.0,0.0
teleconsult_id_TC0005074,0.0,0.0
teleconsult_id_TC0005075,0.0,0.0
teleconsult_id_TC0005076,0.0,0.0
teleconsult_id_TC0005081,0.0,0.0
teleconsult_id_TC0005082,0.0,0.0
teleconsult_id_TC0005083,0.0,0.0
teleconsult_id_TC0005084,0.0,0.0
teleconsult_id_TC0005086,0.0,0.0
teleconsult_id_TC0005087,0.0,0.0
teleconsult_id_TC0005089,0.0,0.0
teleconsult_id_TC0005090,0.0,0.0
teleconsult_id_TC0005092,0.0,0.0
teleconsult_id_TC0005093,0.0,0.0
teleconsult_id_TC0005094,0.0,0.0
teleconsult_id_TC0005096,0.0,0.0
teleconsult_id_TC0005099,0.0,0.0
teleconsult_id_TC0005100,0.0,0.0
teleconsult_id_TC0005101,0.0,0.0
teleconsult_id_TC0005102,0.0,0.0
teleconsult_id_TC0005103,0.0,0.0
teleconsult_id_TC0005104,0.0,0.0
teleconsult_id_TC0005105,0.0,0.0
teleconsult_id_TC0005107,0.0,0.0
teleconsult_id_TC0005109,0.0,0.0
teleconsult_id_TC0005112,0.0,0.0
teleconsult_id_TC0005113,0.0,0.0
teleconsult_id_TC0005115,0.0,0.0
teleconsult_id_TC0005116,0.0,0.0
teleconsult_id_TC0005117,0.0,0.0
teleconsult_id_TC0005118,0.0,0.0
teleconsult_id_TC0005120,0.0,0.0
teleconsult_id_TC0005121,0.0,0.0
teleconsult_id_TC0005123,0.0,0.0
teleconsult_id_TC0005125,0.0,0.0
teleconsult_id_TC0005126,0.0,0.0
teleconsult_id_TC0005127,0.0,0.0
teleconsult_id_TC0005128,0.0,0.0
teleconsult_id_TC0005129,0.0,0.0
teleconsult_id_TC0005131,0.0,0.0
teleconsult_id_TC0005132,0.0,0.0
teleconsult_id_TC0005133,0.0,0.0
teleconsult_id_TC0005134,0.0,0.0
teleconsult_id_TC0005135,0.0,0.0
teleconsult_id_TC0005136,0.0,0.0
teleconsult_id_TC0005138,0.0,0.0
teleconsult_id_TC0005139,0.0,0.0
teleconsult_id_TC0005142,0.0,0.0
teleconsult_id_TC0005143,0.0,0.0
teleconsult_id_TC0005144,0.0,0.0
teleconsult_id_TC0005145,0.0,0.0
teleconsult_id_TC0005147,0.0,0.0
teleconsult_id_TC0005148,0.0,0.0
teleconsult_id_TC0005149,0.0,0.0
teleconsult_id_TC0005153,0.0,0.0
teleconsult_id_TC0005154,0.0,0.0
teleconsult_id_TC0005155,0.0,0.0
teleconsult_id_TC0005157,0.0,0.0
teleconsult_id_TC0005158,0.0,0.0
teleconsult_id_TC0005159,0.0,0.0
teleconsult_id_TC0005160,0.0,0.0
teleconsult_id_TC0005161,0.0,0.0
teleconsult_id_TC0005162,0.0,0.0
teleconsult_id_TC0005163,0.0,0.0
teleconsult_id_TC0005164,0.0,0.0
teleconsult_id_TC0005166,0.0,0.0
teleconsult_id_TC0005167,0.0,0.0
teleconsult_id_TC0005168,0.0,0.0
teleconsult_id_TC0005170,0.0,0.0
teleconsult_id_TC0005172,0.0,0.0
teleconsult_id_TC0005173,0.0,0.0
teleconsult_id_TC0005174,0.0,0.0
teleconsult_id_TC0005175,0.0,0.0
teleconsult_id_TC0005177,0.0,0.0
teleconsult_id_TC0005178,0.0,0.0
teleconsult_id_TC0005179,0.0,0.0
teleconsult_id_TC0005180,0.0,0.0
teleconsult_id_TC0005181,0.0,0.0
teleconsult_id_TC0005183,0.0,0.0
teleconsult_id_TC0005184,0.0,0.0
teleconsult_id_TC0005185,0.0,0.0
teleconsult_id_TC0005186,0.0,0.0
teleconsult_id_TC0005187,0.0,0.0
teleconsult_id_TC0005188,0.0,0.0
teleconsult_id_TC0005189,0.0,0.0
teleconsult_id_TC0005190,0.0,0.0
teleconsult_id_TC0005194,0.0,0.0
teleconsult_id_TC0005195,0.0,0.0
teleconsult_id_TC0005196,0.0,0.0
teleconsult_id_TC0005198,0.0,0.0
teleconsult_id_TC0005201,0.0,0.0
teleconsult_id_TC0005202,0.0,0.0
teleconsult_id_TC0005206,0.0,0.0
teleconsult_id_TC0005209,0.0,0.0
teleconsult_id_TC0005210,0.0,0.0
teleconsult_id_TC0005211,0.0,0.0
teleconsult_id_TC0005212,0.0,0.0
teleconsult_id_TC0005213,0.0,0.0
teleconsult_id_TC0005214,0.0,0.0
teleconsult_id_TC0005215,0.0,0.0
teleconsult_id_TC0005216,0.0,0.0
teleconsult_id_TC0005217,0.0,0.0
teleconsult_id_TC0005218,0.0,0.0
teleconsult_id_TC0005221,0.0,0.0
teleconsult_id_TC0005223,0.0,0.0
teleconsult_id_TC0005224,0.0,0.0
teleconsult_id_TC0005225,0.0,0.0
teleconsult_id_TC0005226,0.0,0.0
teleconsult_id_TC0005227,0.0,0.0
teleconsult_id_TC0005228,0.0,0.0
teleconsult_id_TC0005229,0.0,0.0
teleconsult_id_TC0005231,0.0,0.0
teleconsult_id_TC0005232,0.0,0.0
teleconsult_id_TC0005233,0.0,0.0
teleconsult_id_TC0005234,0.0,0.0
teleconsult_id_TC0005235,0.0,0.0
teleconsult_id_TC0005236,0.0,0.0
teleconsult_id_TC0005238,0.0,0.0
teleconsult_id_TC0005240,0.0,0.0
teleconsult_id_TC0005241,0.0,0.0
teleconsult_id_TC0005242,0.0,0.0
teleconsult_id_TC0005243,0.0,0.0
teleconsult_id_TC0005244,0.0,0.0
teleconsult_id_TC0005245,0.0,0.0
teleconsult_id_TC0005246,0.0,0.0
teleconsult_id_TC0005247,0.0,0.0
teleconsult_id_TC0005248,0.0,0.0
teleconsult_id_TC0005249,0.0,0.0
teleconsult_id_TC0005251,0.0,0.0
teleconsult_id_TC0005253,0.0,0.0
teleconsult_id_TC0005254,0.0,0.0
teleconsult_id_TC0005256,0.0,0.0
teleconsult_id_TC0005257,0.0,0.0
teleconsult_id_TC0005260,0.0,0.0
teleconsult_id_TC0005262,0.0,0.0
teleconsult_id_TC0005263,0.0,0.0
teleconsult_id_TC0005264,0.0,0.0
teleconsult_id_TC0005265,0.0,0.0
teleconsult_id_TC0005266,0.0,0.0
teleconsult_id_TC0005267,0.0,0.0
teleconsult_id_TC0005268,0.0,0.0
teleconsult_id_TC0005269,0.0,0.0
teleconsult_id_TC0005271,0.0,0.0
teleconsult_id_TC0005272,0.0,0.0
teleconsult_id_TC0005273,0.0,0.0
teleconsult_id_TC0005275,0.0,0.0
teleconsult_id_TC0005277,0.0,0.0
teleconsult_id_TC0005278,0.0,0.0
teleconsult_id_TC0005281,0.0,0.0
teleconsult_id_TC0005282,0.0,0.0
teleconsult_id_TC0005283,0.0,0.0
teleconsult_id_TC0005284,0.0,0.0
teleconsult_id_TC0005285,0.0,0.0
teleconsult_id_TC0005286,0.0,0.0
teleconsult_id_TC0005287,0.0,0.0
teleconsult_id_TC0005288,0.0,0.0
teleconsult_id_TC0005289,0.0,0.0
teleconsult_id_TC0005290,0.0,0.0
teleconsult_id_TC0005291,0.0,0.0
teleconsult_id_TC0005292,0.0,0.0
teleconsult_id_TC0005293,0.0,0.0
teleconsult_id_TC0005294,0.0,0.0
teleconsult_id_TC0005295,0.0,0.0
teleconsult_id_TC0005296,0.0,0.0
teleconsult_id_TC0005298,0.0,0.0
teleconsult_id_TC0005301,0.0,0.0
teleconsult_id_TC0005303,0.0,0.0
teleconsult_id_TC0005304,0.0,0.0
teleconsult_id_TC0005307,0.0,0.0
teleconsult_id_TC0005308,0.0,0.0
teleconsult_id_TC0005309,0.0,0.0
teleconsult_id_TC0005310,0.0,0.0
teleconsult_id_TC0005311,0.0,0.0
teleconsult_id_TC0005312,0.0,0.0
teleconsult_id_TC0005316,0.0,0.0
teleconsult_id_TC0005317,0.0,0.0
teleconsult_id_TC0005318,0.0,0.0
teleconsult_id_TC0005319,0.0,0.0
teleconsult_id_TC0005320,0.0,0.0
teleconsult_id_TC0005321,0.0,0.0
teleconsult_id_TC0005322,0.0,0.0
teleconsult_id_TC0005323,0.0,0.0
teleconsult_id_TC0005324,0.0,0.0
teleconsult_id_TC0005325,0.0,0.0
teleconsult_id_TC0005326,0.0,0.0
teleconsult_id_TC0005328,0.0,0.0
teleconsult_id_TC0005330,0.0,0.0
teleconsult_id_TC0005331,0.0,0.0
teleconsult_id_TC0005332,0.0,0.0
teleconsult_id_TC0005333,0.0,0.0
teleconsult_id_TC0005334,0.0,0.0
teleconsult_id_TC0005338,0.0,0.0
teleconsult_id_TC0005339,0.0,0.0
teleconsult_id_TC0005340,0.0,0.0
teleconsult_id_TC0005341,0.0,0.0
teleconsult_id_TC0005342,0.0,0.0
teleconsult_id_TC0005343,0.0,0.0
teleconsult_id_TC0005344,0.0,0.0
teleconsult_id_TC0005345,0.0,0.0
teleconsult_id_TC0005346,0.0,0.0
teleconsult_id_TC0005347,0.0,0.0
teleconsult_id_TC0005349,0.0,0.0
teleconsult_id_TC0005350,0.0,0.0
teleconsult_id_TC0005351,0.0,0.0
teleconsult_id_TC0005352,0.0,0.0
teleconsult_id_TC0005353,0.0,0.0
teleconsult_id_TC0005356,0.0,0.0
teleconsult_id_TC0005357,0.0,0.0
teleconsult_id_TC0005358,0.0,0.0
teleconsult_id_TC0005359,0.0,0.0
teleconsult_id_TC0005360,0.0,0.0
teleconsult_id_TC0005361,0.0,0.0
teleconsult_id_TC0005367,0.0,0.0
teleconsult_id_TC0005368,0.0,0.0
teleconsult_id_TC0005369,0.0,0.0
teleconsult_id_TC0005370,0.0,0.0
teleconsult_id_TC0005372,0.0,0.0
teleconsult_id_TC0005373,0.0,0.0
teleconsult_id_TC0005374,0.0,0.0
teleconsult_id_TC0005375,0.0,0.0
teleconsult_id_TC0005378,0.0,0.0
teleconsult_id_TC0005379,0.0,0.0
teleconsult_id_TC0005380,0.0,0.0
teleconsult_id_TC0005381,0.0,0.0
teleconsult_id_TC0005382,0.0,0.0
teleconsult_id_TC0005383,0.0,0.0
teleconsult_id_TC0005384,0.0,0.0
teleconsult_id_TC0005385,0.0,0.0
teleconsult_id_TC0005386,0.0,0.0
teleconsult_id_TC0005388,0.0,0.0
teleconsult_id_TC0005389,0.0,0.0
teleconsult_id_TC0005392,0.0,0.0
teleconsult_id_TC0005393,0.0,0.0
teleconsult_id_TC0005394,0.0,0.0
teleconsult_id_TC0005395,0.0,0.0
teleconsult_id_TC0005396,0.0,0.0
teleconsult_id_TC0005398,0.0,0.0
teleconsult_id_TC0005400,0.0,0.0
teleconsult_id_TC0005401,0.0,0.0
teleconsult_id_TC0005402,0.0,0.0
teleconsult_id_TC0005403,0.0,0.0
teleconsult_id_TC0005405,0.0,0.0
teleconsult_id_TC0005406,0.0,0.0
teleconsult_id_TC0005409,0.0,0.0
teleconsult_id_TC0005410,0.0,0.0
teleconsult_id_TC0005411,0.0,0.0
teleconsult_id_TC0005413,0.0,0.0
teleconsult_id_TC0005414,0.0,0.0
teleconsult_id_TC0005416,0.0,0.0
teleconsult_id_TC0005417,0.0,0.0
teleconsult_id_TC0005419,0.0,0.0
teleconsult_id_TC0005421,0.0,0.0
teleconsult_id_TC0005422,0.0,0.0
teleconsult_id_TC0005423,0.0,0.0
teleconsult_id_TC0005424,0.0,0.0
teleconsult_id_TC0005425,0.0,0.0
teleconsult_id_TC0005426,0.0,0.0
teleconsult_id_TC0005429,0.0,0.0
teleconsult_id_TC0005430,0.0,0.0
teleconsult_id_TC0005431,0.0,0.0
teleconsult_id_TC0005433,0.0,0.0
teleconsult_id_TC0005435,0.0,0.0
teleconsult_id_TC0005436,0.0,0.0
teleconsult_id_TC0005437,0.0,0.0
teleconsult_id_TC0005440,0.0,0.0
teleconsult_id_TC0005441,0.0,0.0
teleconsult_id_TC0005442,0.0,0.0
teleconsult_id_TC0005443,0.0,0.0
teleconsult_id_TC0005444,0.0,0.0
teleconsult_id_TC0005445,0.0,0.0
teleconsult_id_TC0005446,0.0,0.0
teleconsult_id_TC0005448,0.0,0.0
teleconsult_id_TC0005450,0.0,0.0
teleconsult_id_TC0005451,0.0,0.0
teleconsult_id_TC0005452,0.0,0.0
teleconsult_id_TC0005454,0.0,0.0
teleconsult_id_TC0005455,0.0,0.0
teleconsult_id_TC0005456,0.0,0.0
teleconsult_id_TC0005458,0.0,0.0
teleconsult_id_TC0005460,0.0,0.0
teleconsult_id_TC0005461,0.0,0.0
teleconsult_id_TC0005462,0.0,0.0
teleconsult_id_TC0005463,0.0,0.0
teleconsult_id_TC0005466,0.0,0.0
teleconsult_id_TC0005468,0.0,0.0
teleconsult_id_TC0005470,0.0,0.0
teleconsult_id_TC0005471,0.0,0.0
teleconsult_id_TC0005473,0.0,0.0
teleconsult_id_TC0005474,0.0,0.0
teleconsult_id_TC0005475,0.0,0.0
teleconsult_id_TC0000006,0.0,0.0
teleconsult_id_TC0005481,0.0,0.0
teleconsult_id_TC0005482,0.0,0.0
teleconsult_id_TC0005483,0.0,0.0
teleconsult_id_TC0005484,0.0,0.0
teleconsult_id_TC0005485,0.0,0.0
teleconsult_id_TC0005486,0.0,0.0
teleconsult_id_TC0005488,0.0,0.0
teleconsult_id_TC0005489,0.0,0.0
teleconsult_id_TC0005490,0.0,0.0
teleconsult_id_TC0005491,0.0,0.0
teleconsult_id_TC0005493,0.0,0.0
teleconsult_id_TC0005494,0.0,0.0
teleconsult_id_TC0005495,0.0,0.0
teleconsult_id_TC0005496,0.0,0.0
teleconsult_id_TC0005500,0.0,0.0
teleconsult_id_TC0005498,0.0,0.0
teleconsult_id_TC0005501,0.0,0.0
teleconsult_id_TC0005502,0.0,0.0
teleconsult_id_TC0005503,0.0,0.0
teleconsult_id_TC0005504,0.0,0.0
teleconsult_id_TC0005506,0.0,0.0
teleconsult_id_TC0005507,0.0,0.0
teleconsult_id_TC0005508,0.0,0.0
teleconsult_id_TC0005509,0.0,0.0
teleconsult_id_TC0005510,0.0,0.0
teleconsult_id_TC0005511,0.0,0.0
teleconsult_id_TC0005512,0.0,0.0
teleconsult_id_TC0005513,0.0,0.0
teleconsult_id_TC0005514,0.0,0.0
teleconsult_id_TC0005515,0.0,0.0
teleconsult_id_TC0004800,0.0,0.0
