episode_id,teleconsult_id,patient_id,consult_date,cohort,lost_to_followup_label,age,distance_km,duration_min,review_due_days,medicine_required,test_required,review_required,care_requirements_count,complex_care_episode,previous_teleconsultations,has_previous_teleconsult,days_since_first_recorded_consult,consultation_frequency,previous_care_requirements,poor_connectivity,long_distance,low_digital_access,elderly_living_alone,consult_month,consult_dayofweek,is_weekend
E0000001,TC0000001,P000003,2026-05-19,DEVELOPMENT,0.0,47,29.7,15,21.0,1,1,0,2,1,1,1,30,0.03333333333333333,0.0,1,1,1,0,5,1,0
E0000002,TC0000002,P000004,2026-07-22,EVALUATION,,45,33.3,18,21.0,0,0,1,1,0,2,1,87,0.022988505747126436,0.0,0,1,0,0,7,2,0
E0000003,TC0000003,P000004,2026-08-11,EVALUATION,,45,27.6,20,7.0,0,0,1,1,0,3,1,107,0.028037383177570093,1.0,0,1,0,0,8,1,0
E0000004,TC0000004,P000005,2026-06-02,DEVELOPMENT,0.0,46,25.7,16,30.0,1,1,1,3,1,0,0,0,0.0,0.0,0,1,0,1,6,1,0
E0000005,TC0000005,P000006,2026-04-24,DEVELOPMENT,1.0,18,17.2,19,14.0,1,1,1,3,1,0,0,0,0.0,0.0,0,1,0,0,4,4,0
E0000006,TC0000006,P000007,2026-02-26,DEVELOPMENT,1.0,18,29.2,8,14.0,1,0,1,2,1,0,0,0,0.0,0.0,1,1,0,1,2,3,0
E0000007,TC0000007,P000007,2026-03-17,DEVELOPMENT,1.0,18,29.2,13,30.0,1,1,1,3,1,1,1,19,0.05263157894736842,2.0,0,1,0,1,3,1,0
E0000008,TC0000008,P000008,2026-02-06,DEVELOPMENT,0.0,66,11.9,20,21.0,1,0,1,2,1,0,0,0,0.0,0.0,1,1,0,0,2,4,0
E0000009,TC0000009,P000008,2026-07-19,EVALUATION,,66,20.3,24,14.0,1,0,1,2,1,2,1,163,0.012269938650306749,2.0,0,1,0,0,7,6,1
E0000010,TC0000010,P000009,2026-03-23,DEVELOPMENT,1.0,43,29.7,19,30.0,1,1,1,3,1,0,0,0,0.0,0.0,0,1,1,0,3,0,0
E0000011,TC0000011,P000009,2026-05-10,DEVELOPMENT,0.0,43,20.6,9,21.0,0,0,0,0,0,1,1,48,0.020833333333333332,3.0,0,1,1,0,5,6,1
E0000012,TC0000012,P000010,2026-04-01,DEVELOPMENT,0.0,61,25.4,19,30.0,1,0,1,2,1,0,0,0,0.0,0.0,0,1,0,0,4,2,0
E0000013,TC0000013,P000010,2026-05-30,DEVELOPMENT,0.0,61,25.4,8,14.0,1,0,1,2,1,1,1,59,0.01694915254237288,2.0,1,1,0,0,5,5,1
E0000014,TC0000014,P000010,2026-07-12,EVALUATION,,61,36.3,17,30.0,1,0,1,2,1,2,1,102,0.0196078431372549,4.0,0,1,0,0,7,6,1
E0000015,TC0000015,P000011,2026-04-03,DEVELOPMENT,0.0,43,8.7,8,14.0,1,0,1,2,1,0,0,0,0.0,0.0,0,0,0,0,4,4,0
E0000016,TC0000016,P000013,2026-04-20,DEVELOPMENT,1.0,18,22.4,8,21.0,1,0,1,2,1,0,0,0,0.0,0.0,1,1,1,0,4,0,0
E0000017,TC0000017,P000013,2026-06-03,DEVELOPMENT,0.0,18,22.4,21,21.0,0,1,0,1,0,1,1,44,0.022727272727272728,2.0,0,1,1,0,6,2,0
E0000018,TC0000018,P000014,2026-07-01,EVALUATION,,36,11.9,14,7.0,1,1,1,3,1,0,0,0,0.0,0.0,1,1,1,0,7,2,0
E0000019,TC0000019,P000014,2026-08-07,EVALUATION,,36,11.9,7,14.0,0,1,1,2,1,1,1,37,0.02702702702702703,3.0,0,1,1,0,8,4,0
E0000020,TC0000020,P000015,2026-06-26,DEVELOPMENT,0.0,41,25.4,8,21.0,1,1,0,2,1,0,0,0,0.0,0.0,0,1,1,0,6,4,0
E0000021,TC0000021,P000017,2026-08-12,EVALUATION,,62,18.4,18,21.0,1,0,0,1,0,0,0,0,0.0,0.0,0,1,0,0,8,2,0
E0000022,TC0000022,P000018,2026-07-23,EVALUATION,,62,18.0,19,21.0,0,1,1,2,1,0,0,0,0.0,0.0,0,1,0,0,7,3,0
E0000023,TC0000023,P000019,2026-07-22,EVALUATION,,67,26.4,15,21.0,0,0,1,1,0,0,0,0,0.0,0.0,0,1,0,0,7,2,0
E0000024,TC0000024,P000019,2026-07-29,EVALUATION,,67,26.4,13,7.0,1,0,1,2,1,1,1,7,0.14285714285714285,1.0,1,1,0,0,7,2,0
E0000025,TC0000025,P000020,2026-01-09,DEVELOPMENT,0.0,59,23.7,21,30.0,0,0,1,1,0,0,0,0,0.0,0.0,1,1,0,0,1,4,0
E0000026,TC0000026,P000020,2026-02-17,DEVELOPMENT,0.0,59,14.1,9,21.0,1,1,1,3,1,1,1,39,0.02564102564102564,1.0,0,1,0,0,2,1,0
E0000027,TC0000027,P000021,2026-06-30,DEVELOPMENT,0.0,62,19.5,24,30.0,0,0,1,1,0,0,0,0,0.0,0.0,0,1,0,0,6,1,0
E0000028,TC0000028,P000022,2026-05-24,DEVELOPMENT,0.0,60,19.9,19,21.0,1,1,0,2,1,0,0,0,0.0,0.0,1,1,1,0,5,6,1
E0000029,TC0000029,P000022,2026-07-28,EVALUATION,,60,5.1,18,21.0,1,0,0,1,0,1,1,65,0.015384615384615385,2.0,1,0,1,0,7,1,0
E0000030,TC0000030,P000023,2026-04-29,DEVELOPMENT,1.0,34,20.3,23,21.0,1,1,0,2,1,0,0,0,0.0,0.0,0,1,0,0,4,2,0
E0000031,TC0000031,P000024,2026-02-16,DEVELOPMENT,1.0,43,36.5,8,30.0,0,0,1,1,0,0,0,0,0.0,0.0,0,1,0,0,2,0,0
E0000032,TC0000032,P000025,2026-01-14,DEVELOPMENT,1.0,52,28.2,20,21.0,1,0,0,1,0,0,0,0,0.0,0.0,1,1,0,0,1,2,0
E0000033,TC0000033,P000027,2026-07-05,EVALUATION,,37,22.3,13,21.0,1,1,1,3,1,0,0,0,0.0,0.0,1,1,0,0,7,6,1
E0000034,TC0000034,P000027,2026-07-29,EVALUATION,,37,13.2,21,21.0,1,0,1,2,1,1,1,24,0.041666666666666664,3.0,0,1,0,0,7,2,0
E0000035,TC0000035,P000028,2026-03-31,DEVELOPMENT,1.0,43,2.6,18,7.0,1,0,1,2,1,0,0,0,0.0,0.0,1,0,1,0,3,1,0
E0000036,TC0000036,P000029,2026-03-11,DEVELOPMENT,0.0,24,13.9,19,21.0,1,0,0,1,0,1,1,32,0.03125,0.0,0,1,0,0,3,2,0
E0000037,TC0000037,P000030,2026-03-01,DEVELOPMENT,0.0,56,29.2,20,21.0,0,0,1,1,0,0,0,0,0.0,0.0,0,1,0,0,3,6,1
E0000038,TC0000038,P000030,2026-05-03,DEVELOPMENT,1.0,56,22.1,18,7.0,1,0,1,2,1,1,1,63,0.015873015873015872,1.0,0,1,0,0,5,6,1
E0000039,TC0000039,P000031,2026-01-12,DEVELOPMENT,1.0,43,33.3,24,14.0,1,0,1,2,1,0,0,0,0.0,0.0,0,1,0,0,1,0,0
E0000040,TC0000040,P000032,2026-02-10,DEVELOPMENT,0.0,29,28.2,18,14.0,0,0,1,1,0,0,0,0,0.0,0.0,0,1,0,0,2,1,0
E0000041,TC0000041,P000033,2026-01-08,DEVELOPMENT,1.0,67,20.0,13,21.0,1,1,0,2,1,0,0,0,0.0,0.0,0,1,0,0,1,3,0
E0000042,TC0000042,P000034,2026-03-01,DEVELOPMENT,0.0,70,15.5,13,21.0,1,1,0,2,1,0,0,0,0.0,0.0,0,1,1,0,3,6,1
E0000043,TC0000043,P000034,2026-06-01,DEVELOPMENT,1.0,70,33.3,18,7.0,1,0,1,2,1,1,1,92,0.010869565217391304,2.0,0,1,1,0,6,0,0
E0000044,TC0000044,P000035,2026-03-02,DEVELOPMENT,0.0,60,6.5,14,14.0,0,0,1,1,0,0,0,0,0.0,0.0,1,0,0,0,3,0,0
E0000045,TC0000045,P000035,2026-08-13,EVALUATION,,60,26.6,13,30.0,0,1,1,2,1,1,1,164,0.006097560975609756,1.0,0,1,0,0,8,3,0
E0000046,TC0000046,P000037,2026-03-26,DEVELOPMENT,0.0,51,1.4,9,7.0,1,0,1,2,1,0,0,0,0.0,0.0,0,0,0,0,3,3,0
E0000047,TC0000047,P000038,2026-06-19,DEVELOPMENT,1.0,54,25.4,22,30.0,1,0,1,2,1,0,0,0,0.0,0.0,1,1,1,0,6,4,0
E0000048,TC0000048,P000038,2026-08-11,EVALUATION,,54,26.3,15,21.0,0,0,0,0,0,1,1,53,0.018867924528301886,2.0,0,1,1,0,8,1,0
E0000049,TC0000049,P000040,2026-01-02,DEVELOPMENT,0.0,47,26.6,22,7.0,1,1,1,3,1,0,0,0,0.0,0.0,0,1,0,0,1,4,0
E0000050,TC0000050,P000041,2026-02-22,DEVELOPMENT,0.0,53,6.6,11,30.0,0,0,1,1,0,0,0,0,0.0,0.0,0,0,0,0,2,6,1
E0000051,TC0000051,P000041,2026-07-03,EVALUATION,,53,6.6,24,14.0,1,1,1,3,1,1,1,131,0.007633587786259542,1.0,1,0,0,0,7,4,0
E0000052,TC0000052,P000042,2026-02-13,DEVELOPMENT,1.0,56,19.7,19,30.0,1,0,1,2,1,0,0,0,0.0,0.0,0,1,0,0,2,4,0
E0000053,TC0000053,P000044,2026-04-03,DEVELOPMENT,0.0,49,8.7,19,7.0,1,1,1,3,1,0,0,0,0.0,0.0,1,0,0,0,4,4,0
E0000054,TC0000054,P003435,2026-06-14,DEVELOPMENT,0.0,38,29.4,17,21.0,1,1,0,2,1,0,0,0,0.0,0.0,0,1,0,0,6,6,1
E0000055,TC0000055,P000045,2026-08-08,EVALUATION,,36,29.4,21,21.0,0,0,1,1,0,0,0,0,0.0,0.0,0,1,0,1,8,5,1
E0000056,TC0000056,P000046,2026-03-17,DEVELOPMENT,1.0,39,17.6,16,21.0,1,0,1,2,1,0,0,0,0.0,0.0,0,1,0,0,3,1,0
E0000057,TC0000057,P000047,2026-03-16,DEVELOPMENT,0.0,53,22.8,17,21.0,1,0,0,1,0,0,0,0,0.0,0.0,1,1,0,0,3,0,0
E0000058,TC0000058,P000048,2026-04-24,DEVELOPMENT,1.0,65,27.6,14,21.0,1,1,0,2,1,0,0,0,0.0,0.0,0,1,0,0,4,4,0
E0000059,TC0000059,P000049,2026-06-29,DEVELOPMENT,1.0,23,25.3,12,30.0,0,0,1,1,0,0,0,0,0.0,0.0,1,1,0,0,6,0,0
E0000060,TC0000060,P000049,2026-07-30,EVALUATION,,23,17.3,18,21.0,1,1,1,3,1,1,1,31,0.03225806451612903,1.0,0,1,0,0,7,3,0
E0000061,TC0000061,P000050,2026-02-23,DEVELOPMENT,0.0,53,20.0,22,7.0,1,0,1,2,1,0,0,0,0.0,0.0,0,1,0,0,2,0,0
E0000062,TC0000062,P000051,2026-05-12,DEVELOPMENT,0.0,44,26.4,19,21.0,1,0,0,1,0,0,0,0,0.0,0.0,1,1,0,0,5,1,0
E0000063,TC0000063,P000052,2026-03-11,DEVELOPMENT,1.0,53,20.6,22,21.0,1,0,1,2,1,0,0,0,0.0,0.0,1,1,0,0,3,2,0
E0000064,TC0000064,P000052,2026-04-30,DEVELOPMENT,1.0,53,29.7,9,30.0,0,0,1,1,0,1,1,50,0.02,2.0,0,1,0,0,4,3,0
E0000065,TC0000065,P000053,2026-05-05,DEVELOPMENT,0.0,23,10.4,22,21.0,0,0,0,0,0,0,0,0,0.0,0.0,1,1,0,0,5,1,0
E0000066,TC0000066,P000053,2026-06-13,DEVELOPMENT,0.0,23,1.4,23,21.0,0,0,1,1,0,1,1,39,0.02564102564102564,0.0,0,0,0,0,6,5,1
E0000067,TC0000067,P000054,2026-04-21,DEVELOPMENT,0.0,64,3.6,22,14.0,0,0,1,1,0,0,0,0,0.0,0.0,1,0,0,0,4,1,0
E0000068,TC0000068,P000114,2026-06-23,DEVELOPMENT,1.0,47,16.2,20,21.0,1,0,0,1,0,1,1,137,0.0072992700729927005,0.0,0,1,0,0,6,1,0
E0000069,TC0000069,P000056,2026-06-02,DEVELOPMENT,0.0,32,5.6,17,21.0,1,0,1,2,1,2,1,81,0.024691358024691357,0.0,0,0,1,0,6,1,0
E0000070,TC0000070,P000058,2026-04-18,DEVELOPMENT,1.0,88,29.9,8,14.0,1,0,1,2,1,0,0,0,0.0,0.0,1,1,0,0,4,5,1
E0000071,TC0000071,P000059,2026-01-19,DEVELOPMENT,0.0,48,5.1,18,7.0,1,0,1,2,1,0,0,0,0.0,0.0,0,0,0,0,1,0,0
E0000072,TC0000072,P000060,2026-02-01,DEVELOPMENT,0.0,38,18.7,17,30.0,1,0,1,2,1,0,0,0,0.0,0.0,1,1,0,0,2,6,1
E0000073,TC0000073,P000061,2026-07-06,EVALUATION,,39,5.1,16,7.0,1,1,1,3,1,0,0,0,0.0,0.0,1,0,0,0,7,0,0
E0000074,TC0000074,P000062,2026-05-24,DEVELOPMENT,0.0,57,19.6,17,21.0,1,1,0,2,1,0,0,0,0.0,0.0,1,1,0,0,5,6,1
E0000075,TC0000075,P000063,2026-05-15,DEVELOPMENT,0.0,68,9.4,22,21.0,1,1,0,2,1,0,0,0,0.0,0.0,0,0,0,1,5,4,0
E0000076,TC0000076,P000063,2026-07-02,EVALUATION,,68,23.7,22,14.0,1,0,1,2,1,1,1,48,0.020833333333333332,2.0,0,1,0,1,7,3,0
E0000077,TC0000077,P000065,2026-07-03,EVALUATION,,51,25.7,16,7.0,1,0,1,2,1,0,0,0,0.0,0.0,0,1,0,0,7,4,0
E0000078,TC0000078,P000065,2026-07-29,EVALUATION,,51,22.2,23,7.0,0,0,1,1,0,1,1,26,0.038461538461538464,2.0,0,1,0,0,7,2,0
E0000079,TC0000079,P000066,2026-01-17,DEVELOPMENT,1.0,35,16.8,12,7.0,1,1,1,3,1,0,0,0,0.0,0.0,1,1,0,1,1,5,1
E0000080,TC0000080,P000068,2026-05-24,DEVELOPMENT,1.0,44,20.3,14,21.0,1,0,0,1,0,0,0,0,0.0,0.0,0,1,0,1,5,6,1
E0000081,TC0000081,P000068,2026-07-21,EVALUATION,,44,11.9,12,30.0,1,0,1,2,1,1,1,58,0.017241379310344827,1.0,0,1,0,1,7,1,0
E0000082,TC0000082,P000070,2026-03-30,DEVELOPMENT,0.0,45,11.3,8,21.0,1,0,1,2,1,0,0,0,0.0,0.0,0,1,0,0,3,0,0
E0000083,TC0000083,P000071,2026-07-01,EVALUATION,,22,29.7,9,7.0,1,1,1,3,1,1,1,105,0.009523809523809525,0.0,0,1,0,0,7,2,0
E0000084,TC0000084,P000072,2026-05-20,DEVELOPMENT,1.0,57,25.3,13,21.0,1,0,0,1,0,0,0,0,0.0,0.0,0,1,0,1,5,2,0
E0000085,TC0000085,P000072,2026-06-26,DEVELOPMENT,0.0,57,28.3,12,21.0,0,0,0,0,0,1,1,37,0.02702702702702703,1.0,1,1,0,1,6,4,0
E0000086,TC0000086,P000073,2026-01-28,DEVELOPMENT,0.0,30,17.6,21,21.0,1,1,1,3,1,0,0,0,0.0,0.0,1,1,0,0,1,2,0
E0000087,TC0000087,P000074,2026-07-05,EVALUATION,,41,9.7,18,21.0,1,0,0,1,0,1,1,94,0.010638297872340425,0.0,1,0,0,1,7,6,1
E0000088,TC0000088,P000074,2026-08-02,EVALUATION,,41,13.0,22,7.0,0,1,1,2,1,2,1,122,0.01639344262295082,1.0,1,1,0,1,8,6,1
E0000089,TC0000089,P000075,2026-08-03,EVALUATION,,79,26.4,24,21.0,1,1,0,2,1,0,0,0,0.0,0.0,0,1,0,0,8,0,0
E0000090,TC0000090,P000077,2026-01-27,DEVELOPMENT,0.0,70,38.9,23,21.0,0,1,1,2,1,0,0,0,0.0,0.0,1,1,0,0,1,1,0
E0000091,TC0000091,P000078,2026-01-05,DEVELOPMENT,0.0,51,25.7,9,7.0,0,0,1,1,0,0,0,0,0.0,0.0,0,1,0,0,1,0,0
E0000092,TC0000092,P000079,2026-07-22,EVALUATION,,61,1.4,7,21.0,0,1,0,1,0,0,0,0,0.0,0.0,0,0,1,0,7,2,0
E0000093,TC0000093,P000080,2026-05-31,DEVELOPMENT,1.0,48,16.2,9,7.0,0,1,1,2,1,0,0,0,0.0,0.0,0,1,0,0,5,6,1
E0000094,TC0000094,P000081,2026-02-21,DEVELOPMENT,1.0,66,15.5,13,14.0,1,0,1,2,1,0,0,0,0.0,0.0,0,1,0,0,2,5,1
E0000095,TC0000095,P000082,2026-08-07,EVALUATION,,50,36.1,7,21.0,1,1,0,2,1,0,0,0,0.0,0.0,0,1,0,0,8,4,0
E0000096,TC0000096,P000083,2026-03-22,DEVELOPMENT,1.0,49,18.7,21,21.0,1,0,0,1,0,0,0,0,0.0,0.0,0,1,0,0,3,6,1
E0000097,TC0000097,P000084,2026-01-19,DEVELOPMENT,1.0,56,21.3,14,21.0,1,0,1,2,1,0,0,0,0.0,0.0,1,1,0,0,1,0,0
E0000098,TC0000098,P000084,2026-08-11,EVALUATION,,56,20.6,24,21.0,1,0,0,1,0,1,1,204,0.004901960784313725,2.0,1,1,0,0,8,1,0
E0000099,TC0000099,P000085,2026-05-07,DEVELOPMENT,1.0,65,13.9,10,30.0,1,1,1,3,1,0,0,0,0.0,0.0,0,1,1,0,5,3,0
E0000100,TC0000100,P000086,2026-06-18,DEVELOPMENT,1.0,54,7.3,9,7.0,1,0,1,2,1,0,0,0,0.0,0.0,0,0,0,0,6,3,0
E0000101,TC0000101,P000087,2026-02-12,DEVELOPMENT,1.0,46,19.5,10,30.0,1,0,1,2,1,0,0,0,0.0,0.0,0,1,0,1,2,3,0
E0000102,TC0000102,P000088,2026-05-20,DEVELOPMENT,0.0,43,5.6,22,30.0,1,0,1,2,1,0,0,0,0.0,0.0,1,0,0,0,5,2,0
E0000103,TC0000103,P000088,2026-07-11,EVALUATION,,43,2.6,10,21.0,1,1,1,3,1,1,1,52,0.019230769230769232,2.0,0,0,0,0,7,5,1
E0000104,TC0000104,P000090,2026-06-23,DEVELOPMENT,1.0,21,35.5,14,21.0,1,1,0,2,1,0,0,0,0.0,0.0,0,1,0,0,6,1,0
E0000105,TC0000105,P000090,2026-07-23,EVALUATION,,21,16.2,11,21.0,0,0,1,1,0,1,1,30,0.03333333333333333,2.0,0,1,0,0,7,3,0
E0000106,TC0000106,P000091,2026-08-07,EVALUATION,,79,13.2,22,21.0,1,0,0,1,0,0,0,0,0.0,0.0,0,1,0,1,8,4,0
E0000107,TC0000107,P000093,2026-07-09,EVALUATION,,70,35.5,12,14.0,0,0,1,1,0,0,0,0,0.0,0.0,1,1,0,0,7,3,0
E0000108,TC0000108,P000093,2026-08-08,EVALUATION,,70,35.5,18,21.0,1,1,0,2,1,1,1,30,0.03333333333333333,1.0,1,1,0,0,8,5,1
E0000109,TC0000109,P000095,2026-06-24,DEVELOPMENT,1.0,58,7.3,11,21.0,1,1,1,3,1,0,0,0,0.0,0.0,0,0,0,0,6,2,0
E0000110,TC0000110,P000096,2026-05-05,DEVELOPMENT,0.0,78,28.2,23,30.0,1,0,1,2,1,0,0,0,0.0,0.0,0,1,0,0,5,1,0
E0000111,TC0000111,P000097,2026-04-23,DEVELOPMENT,0.0,37,7.3,9,7.0,1,0,1,2,1,0,0,0,0.0,0.0,0,0,0,0,4,3,0
E0000112,TC0000112,P000097,2026-06-11,DEVELOPMENT,0.0,37,22.2,15,21.0,1,1,1,3,1,1,1,49,0.02040816326530612,2.0,0,1,0,0,6,3,0
E0000113,TC0000113,P000097,2026-07-19,EVALUATION,,37,22.2,11,21.0,1,1,1,3,1,2,1,87,0.022988505747126436,5.0,0,1,0,0,7,6,1
E0000114,TC0000114,P000098,2026-02-24,DEVELOPMENT,1.0,39,35.5,14,21.0,1,1,1,3,1,0,0,0,0.0,0.0,1,1,0,0,2,1,0
E0000115,TC0000115,P000099,2026-01-28,DEVELOPMENT,1.0,57,7.6,24,30.0,1,1,1,3,1,0,0,0,0.0,0.0,0,0,0,0,1,2,0
E0000116,TC0000116,P000099,2026-03-08,DEVELOPMENT,1.0,57,19.5,16,21.0,1,0,0,1,0,1,1,39,0.02564102564102564,3.0,0,1,0,0,3,6,1
E0000117,TC0000117,P000100,2026-05-08,DEVELOPMENT,1.0,27,25.4,11,21.0,1,0,0,1,0,0,0,0,0.0,0.0,0,1,0,0,5,4,0
E0000118,TC0000118,P000100,2026-06-24,DEVELOPMENT,0.0,27,25.4,19,14.0,0,0,1,1,0,1,1,47,0.02127659574468085,1.0,0,1,0,0,6,2,0
E0000119,TC0000119,P000101,2026-01-15,DEVELOPMENT,0.0,68,6.7,22,7.0,0,0,1,1,0,0,0,0,0.0,0.0,0,0,0,0,1,3,0
E0000120,TC0000120,P000101,2026-07-13,EVALUATION,,68,36.5,17,30.0,0,0,1,1,0,2,1,179,0.0111731843575419,1.0,1,1,0,0,7,0,0
E0000121,TC0000121,P000102,2026-08-05,EVALUATION,,55,13.0,16,30.0,1,1,1,3,1,0,0,0,0.0,0.0,0,1,0,1,8,2,0
E0000122,TC0000122,P000103,2026-06-19,DEVELOPMENT,0.0,31,20.2,11,21.0,0,1,1,2,1,0,0,0,0.0,0.0,1,1,1,0,6,4,0
E0000123,TC0000123,P000104,2026-02-22,DEVELOPMENT,0.0,55,16.8,19,21.0,1,0,0,1,0,0,0,0,0.0,0.0,0,1,0,0,2,6,1
E0000124,TC0000124,P000105,2026-07-16,EVALUATION,,55,7.4,8,21.0,1,0,1,2,1,0,0,0,0.0,0.0,0,0,0,0,7,3,0
E0000125,TC0000125,P000107,2026-07-03,EVALUATION,,40,26.2,17,21.0,1,0,0,1,0,0,0,0,0.0,0.0,1,1,0,0,7,4,0
E0000126,TC0000126,P000108,2026-03-21,DEVELOPMENT,1.0,65,7.6,15,7.0,0,1,1,2,1,0,0,0,0.0,0.0,0,0,0,0,3,5,1
E0000127,TC0000127,P000108,2026-03-27,DEVELOPMENT,1.0,65,19.5,20,14.0,1,0,1,2,1,1,1,6,0.16666666666666666,2.0,0,1,0,0,3,4,0
E0000128,TC0000128,P000110,2026-05-09,DEVELOPMENT,0.0,47,35.4,8,21.0,0,0,0,0,0,0,0,0,0.0,0.0,0,1,0,0,5,5,1
E0000129,TC0000129,P000110,2026-07-23,EVALUATION,,47,26.2,20,21.0,0,0,0,0,0,1,1,75,0.013333333333333334,0.0,1,1,0,0,7,3,0
E0000130,TC0000130,P000113,2026-05-20,DEVELOPMENT,1.0,80,17.9,23,14.0,1,1,1,3,1,0,0,0,0.0,0.0,1,1,0,0,5,2,0
E0000131,TC0000131,P000113,2026-07-04,EVALUATION,,80,4.2,24,21.0,1,0,0,1,0,1,1,45,0.022222222222222223,3.0,1,0,0,0,7,5,1
E0000132,TC0000132,P000113,2026-08-13,EVALUATION,,80,12.6,22,30.0,1,1,1,3,1,2,1,85,0.023529411764705882,4.0,0,1,0,0,8,3,0
E0000133,TC0000133,P000115,2026-07-08,EVALUATION,,34,6.7,13,21.0,1,1,1,3,1,0,0,0,0.0,0.0,0,0,0,0,7,2,0
E0000134,TC0000134,P000116,2026-04-06,DEVELOPMENT,0.0,59,12.8,20,21.0,1,0,1,2,1,0,0,0,0.0,0.0,0,1,0,0,4,0,0
E0000135,TC0000135,P000117,2026-04-09,DEVELOPMENT,1.0,41,12.8,10,30.0,1,1,1,3,1,0,0,0,0.0,0.0,0,1,0,0,4,3,0
E0000136,TC0000136,P000117,2026-08-15,EVALUATION,,41,12.8,20,14.0,1,1,1,3,1,1,1,128,0.0078125,3.0,0,1,0,0,8,5,1
E0000137,TC0000137,P000118,2026-03-01,DEVELOPMENT,1.0,48,19.5,13,30.0,1,1,1,3,1,1,1,30,0.03333333333333333,0.0,0,1,0,0,3,6,1
E0000138,TC0000138,P000119,2026-01-24,DEVELOPMENT,1.0,48,26.2,24,21.0,1,1,0,2,1,0,0,0,0.0,0.0,0,1,0,0,1,5,1
E0000139,TC0000139,P000120,2026-02-17,DEVELOPMENT,1.0,37,2.6,12,21.0,1,0,1,2,1,0,0,0,0.0,0.0,0,0,0,0,2,1,0
E0000140,TC0000140,P000121,2026-05-16,DEVELOPMENT,0.0,84,22.2,12,14.0,1,0,1,2,1,0,0,0,0.0,0.0,0,1,1,0,5,5,1
E0000141,TC0000141,P000121,2026-07-17,EVALUATION,,84,7.3,14,30.0,0,1,1,2,1,1,1,62,0.016129032258064516,2.0,0,0,1,0,7,4,0
E0000142,TC0000142,P000122,2026-02-11,DEVELOPMENT,1.0,52,36.5,20,21.0,1,0,0,1,0,0,0,0,0.0,0.0,0,1,0,0,2,2,0
E0000143,TC0000143,P000123,2026-05-07,DEVELOPMENT,0.0,76,12.8,22,21.0,1,0,1,2,1,0,0,0,0.0,0.0,1,1,0,0,5,3,0
E0000144,TC0000144,P000124,2026-05-23,DEVELOPMENT,0.0,64,21.7,12,21.0,1,1,0,2,1,0,0,0,0.0,0.0,0,1,0,0,5,5,1
E0000145,TC0000145,P000126,2026-04-21,DEVELOPMENT,1.0,66,22.2,7,14.0,0,1,1,2,1,1,1,44,0.022727272727272728,0.0,0,1,0,0,4,1,0
E0000146,TC0000146,P000127,2026-04-22,DEVELOPMENT,0.0,64,17.2,13,21.0,1,0,1,2,1,0,0,0,0.0,0.0,1,1,0,0,4,2,0
E0000147,TC0000147,P000127,2026-06-05,DEVELOPMENT,1.0,64,17.2,13,21.0,1,1,1,3,1,2,1,44,0.045454545454545456,2.0,1,1,0,0,6,4,0
E0000148,TC0000148,P000127,2026-07-15,EVALUATION,,64,29.4,21,30.0,1,1,1,3,1,3,1,84,0.03571428571428571,5.0,1,1,0,0,7,2,0
E0000149,TC0000149,P000128,2026-07-05,EVALUATION,,68,22.8,21,30.0,1,0,1,2,1,0,0,0,0.0,0.0,0,1,0,0,7,6,1
E0000150,TC0000150,P000129,2026-06-09,DEVELOPMENT,0.0,38,25.8,11,30.0,1,1,1,3,1,0,0,0,0.0,0.0,0,1,0,0,6,1,0
E0000151,TC0000151,P000131,2026-03-19,DEVELOPMENT,0.0,67,12.8,7,21.0,1,0,0,1,0,0,0,0,0.0,0.0,0,1,0,0,3,3,0
E0000152,TC0000152,P000132,2026-01-19,DEVELOPMENT,1.0,63,6.5,13,30.0,1,1,1,3,1,0,0,0,0.0,0.0,1,0,1,0,1,0,0
E0000153,TC0000153,P000133,2026-01-01,DEVELOPMENT,0.0,75,6.7,20,14.0,1,0,1,2,1,0,0,0,0.0,0.0,0,0,0,0,1,3,0
E0000154,TC0000154,P000133,2026-02-17,DEVELOPMENT,1.0,75,25.8,24,14.0,0,1,1,2,1,1,1,47,0.02127659574468085,2.0,1,1,0,0,2,1,0
E0000155,TC0000155,P000135,2026-06-23,DEVELOPMENT,0.0,50,22.4,24,21.0,1,0,0,1,0,1,1,18,0.05555555555555555,0.0,1,1,0,1,6,1,0
E0000156,TC0000156,P000135,2026-08-01,EVALUATION,,50,22.4,24,30.0,0,1,1,2,1,2,1,57,0.03508771929824561,1.0,0,1,0,1,8,5,1
E0000157,TC0000157,P000136,2026-05-01,DEVELOPMENT,0.0,30,16.2,23,21.0,1,0,0,1,0,0,0,0,0.0,0.0,0,1,0,0,5,4,0
E0000158,TC0000158,P000138,2026-03-12,DEVELOPMENT,0.0,35,9.4,7,7.0,0,0,1,1,0,0,0,0,0.0,0.0,0,0,0,0,3,3,0
E0000159,TC0000159,P000140,2026-02-25,DEVELOPMENT,0.0,27,29.6,9,7.0,1,0,1,2,1,0,0,0,0.0,0.0,0,1,0,0,2,2,0
E0000160,TC0000160,P000141,2026-02-12,DEVELOPMENT,0.0,50,1.4,22,30.0,0,1,1,2,1,0,0,0,0.0,0.0,0,0,0,0,2,3,0
E0000161,TC0000161,P000141,2026-03-19,DEVELOPMENT,0.0,50,1.4,18,21.0,0,1,0,1,0,1,1,35,0.02857142857142857,2.0,0,0,0,0,3,3,0
E0000162,TC0000162,P000141,2026-04-29,DEVELOPMENT,0.0,50,10.8,17,21.0,0,0,1,1,0,2,1,76,0.02631578947368421,3.0,0,1,0,0,4,2,0
E0000163,TC0000163,P000142,2026-05-21,DEVELOPMENT,1.0,42,29.2,20,14.0,1,1,1,3,1,0,0,0,0.0,0.0,0,1,0,0,5,3,0
E0000164,TC0000164,P000143,2026-06-18,DEVELOPMENT,1.0,18,22.4,21,21.0,1,0,0,1,0,0,0,0,0.0,0.0,0,1,0,1,6,3,0
E0000165,TC0000165,P000143,2026-07-16,EVALUATION,,18,19.2,20,21.0,1,1,1,3,1,1,1,28,0.03571428571428571,1.0,1,1,0,1,7,3,0
E0000166,TC0000166,P000144,2026-08-12,EVALUATION,,41,29.7,20,30.0,1,0,1,2,1,0,0,0,0.0,0.0,0,1,0,0,8,2,0
E0000167,TC0000167,P000145,2026-04-14,DEVELOPMENT,1.0,39,19.2,12,21.0,1,1,0,2,1,0,0,0,0.0,0.0,0,1,0,0,4,1,0
E0000168,TC0000168,P000145,2026-04-17,DEVELOPMENT,1.0,39,19.2,8,21.0,1,0,0,1,0,1,1,3,0.3333333333333333,2.0,1,1,0,0,4,4,0
E0000169,TC0000169,P000146,2026-06-01,DEVELOPMENT,1.0,64,22.2,15,21.0,1,0,0,1,0,0,0,0,0.0,0.0,0,1,0,0,6,0,0
E0000170,TC0000170,P000147,2026-07-23,EVALUATION,,34,16.2,8,14.0,1,0,1,2,1,1,1,54,0.018518518518518517,0.0,1,1,1,0,7,3,0
E0000171,TC0000171,P000149,2026-07-25,EVALUATION,,40,35.4,9,7.0,1,1,1,3,1,0,0,0,0.0,0.0,0,1,1,0,7,5,1
E0000172,TC0000172,P000151,2026-07-07,EVALUATION,,18,29.6,7,30.0,1,0,1,2,1,1,1,122,0.00819672131147541,0.0,0,1,0,0,7,1,0
E0000173,TC0000173,P000152,2026-02-18,DEVELOPMENT,0.0,46,19.2,16,14.0,1,0,1,2,1,0,0,0,0.0,0.0,0,1,0,0,2,2,0
E0000174,TC0000174,P000154,2026-08-12,EVALUATION,,48,29.4,19,7.0,0,1,1,2,1,0,0,0,0.0,0.0,0,1,0,0,8,2,0
E0000175,TC0000175,P000155,2026-05-11,DEVELOPMENT,0.0,37,20.6,15,30.0,1,0,1,2,1,0,0,0,0.0,0.0,0,1,0,0,5,0,0
E0000176,TC0000176,P000155,2026-07-08,EVALUATION,,37,21.3,7,21.0,0,0,0,0,0,1,1,58,0.017241379310344827,2.0,0,1,0,0,7,2,0
E0000177,TC0000177,P000155,2026-08-06,EVALUATION,,37,21.3,19,21.0,1,0,0,1,0,2,1,87,0.022988505747126436,2.0,1,1,0,0,8,3,0
E0000178,TC0000178,P000156,2026-06-29,DEVELOPMENT,1.0,71,29.4,17,21.0,1,0,1,2,1,0,0,0,0.0,0.0,0,1,1,0,6,0,0
E0000179,TC0000179,P000156,2026-08-04,EVALUATION,,71,25.4,9,21.0,1,0,1,2,1,2,1,36,0.05555555555555555,2.0,1,1,1,0,8,1,0
E0000180,TC0000180,P000157,2026-05-25,DEVELOPMENT,1.0,65,36.5,15,21.0,1,0,1,2,1,0,0,0,0.0,0.0,1,1,0,0,5,0,0
E0000181,TC0000181,P000158,2026-01-11,DEVELOPMENT,1.0,51,29.7,7,21.0,1,1,1,3,1,0,0,0,0.0,0.0,0,1,0,0,1,6,1
E0000182,TC0000182,P000158,2026-07-06,EVALUATION,,51,29.7,7,7.0,1,1,1,3,1,1,1,176,0.005681818181818182,3.0,1,1,0,0,7,0,0
E0000183,TC0000183,P000159,2026-06-18,DEVELOPMENT,0.0,88,10.8,12,7.0,1,0,1,2,1,0,0,0,0.0,0.0,0,1,0,0,6,3,0
E0000184,TC0000184,P000160,2026-05-30,DEVELOPMENT,1.0,38,7.3,22,21.0,1,0,0,1,0,0,0,0,0.0,0.0,1,0,1,0,5,5,1
E0000185,TC0000185,P000160,2026-07-07,EVALUATION,,38,22.2,8,21.0,1,0,0,1,0,1,1,38,0.02631578947368421,1.0,0,1,1,0,7,1,0
E0000186,TC0000186,P000161,2026-04-22,DEVELOPMENT,1.0,34,2.6,20,14.0,1,1,1,3,1,0,0,0,0.0,0.0,1,0,0,0,4,2,0
E0000187,TC0000187,P000161,2026-08-02,EVALUATION,,34,18.7,24,21.0,0,0,1,1,0,1,1,102,0.00980392156862745,3.0,0,1,0,0,8,6,1
E0000188,TC0000188,P000162,2026-05-24,DEVELOPMENT,1.0,57,38.9,21,7.0,0,0,1,1,0,0,0,0,0.0,0.0,1,1,0,0,5,6,1
E0000189,TC0000189,P000162,2026-07-03,EVALUATION,,57,20.2,16,21.0,1,1,0,2,1,1,1,40,0.025,1.0,0,1,0,0,7,4,0
E0000190,TC0000190,P000163,2026-07-10,EVALUATION,,20,7.6,19,21.0,0,0,0,0,0,0,0,0,0.0,0.0,0,0,0,0,7,4,0
E0000191,TC0000191,P000164,2026-05-21,DEVELOPMENT,0.0,57,19.2,14,14.0,0,0,1,1,0,0,0,0,0.0,0.0,0,1,0,0,5,3,0
E0000192,TC0000192,P000169,2026-06-14,DEVELOPMENT,1.0,68,16.8,13,21.0,1,1,1,3,1,1,1,133,0.007518796992481203,0.0,0,1,0,0,6,6,1
E0000193,TC0000193,P000172,2026-04-12,DEVELOPMENT,1.0,38,38.9,14,7.0,1,0,1,2,1,0,0,0,0.0,0.0,0,1,0,0,4,6,1
E0000194,TC0000194,P000172,2026-06-02,DEVELOPMENT,0.0,38,26.4,14,14.0,1,0,1,2,1,1,1,51,0.0196078431372549,2.0,0,1,0,0,6,1,0
E0000195,TC0000195,P000172,2026-06-08,DEVELOPMENT,0.0,38,20.2,18,21.0,1,0,0,1,0,2,1,57,0.03508771929824561,4.0,0,1,0,0,6,0,0
E0000196,TC0000196,P000173,2026-06-28,DEVELOPMENT,0.0,40,13.9,24,30.0,1,1,1,3,1,0,0,0,0.0,0.0,1,1,0,0,6,6,1
E0000197,TC0000197,P000173,2026-08-15,EVALUATION,,40,13.9,10,14.0,0,0,1,1,0,1,1,48,0.020833333333333332,3.0,0,1,0,0,8,5,1
E0000198,TC0000198,P000174,2026-06-22,DEVELOPMENT,0.0,67,18.0,11,7.0,1,0,1,2,1,1,1,76,0.013157894736842105,0.0,1,1,1,0,6,0,0
E0000199,TC0000199,P000174,2026-07-21,EVALUATION,,67,18.0,22,14.0,0,0,1,1,0,2,1,105,0.01904761904761905,2.0,1,1,1,0,7,1,0
E0000200,TC0000200,P000176,2026-07-03,EVALUATION,,55,36.1,16,21.0,1,0,0,1,0,0,0,0,0.0,0.0,0,1,0,0,7,4,0
E0000201,TC0000201,P000177,2026-07-06,EVALUATION,,42,12.8,19,21.0,1,0,0,1,0,0,0,0,0.0,0.0,0,1,0,0,7,0,0
E0000202,TC0000202,P000178,2026-04-28,DEVELOPMENT,1.0,63,27.9,19,21.0,1,1,1,3,1,0,0,0,0.0,0.0,0,1,0,0,4,1,0
E0000203,TC0000203,P000178,2026-05-26,DEVELOPMENT,0.0,63,27.9,16,30.0,0,0,1,1,0,1,1,28,0.03571428571428571,3.0,1,1,0,0,5,1,0
E0000204,TC0000204,P000178,2026-06-09,DEVELOPMENT,1.0,63,9.7,21,30.0,1,0,1,2,1,2,1,42,0.047619047619047616,4.0,1,0,0,0,6,1,0
E0000205,TC0000205,P000179,2026-04-02,DEVELOPMENT,0.0,58,25.3,13,21.0,1,0,0,1,0,0,0,0,0.0,0.0,0,1,0,0,4,3,0
E0000206,TC0000206,P000180,2026-03-31,DEVELOPMENT,1.0,58,13.2,14,21.0,1,1,1,3,1,0,0,0,0.0,0.0,0,1,0,1,3,1,0
E0000207,TC0000207,P000181,2026-03-01,DEVELOPMENT,0.0,18,36.1,10,21.0,1,0,0,1,0,0,0,0,0.0,0.0,0,1,0,0,3,6,1
E0000208,TC0000208,P000182,2026-01-19,DEVELOPMENT,1.0,70,16.9,22,21.0,1,1,0,2,1,0,0,0,0.0,0.0,1,1,0,1,1,0,0
E0000209,TC0000209,P000182,2026-03-19,DEVELOPMENT,1.0,70,16.9,9,21.0,1,1,0,2,1,1,1,59,0.01694915254237288,2.0,0,1,0,1,3,3,0
E0000210,TC0000210,P000183,2026-05-10,DEVELOPMENT,1.0,30,25.3,15,21.0,1,0,0,1,0,0,0,0,0.0,0.0,0,1,1,0,5,6,1
E0000211,TC0000211,P000184,2026-03-08,DEVELOPMENT,1.0,75,22.1,21,14.0,0,0,1,1,0,0,0,0,0.0,0.0,0,1,0,0,3,6,1
E0000212,TC0000212,P000185,2026-01-17,DEVELOPMENT,1.0,66,18.7,15,14.0,1,0,1,2,1,0,0,0,0.0,0.0,1,1,0,0,1,5,1
E0000213,TC0000213,P000186,2026-05-05,DEVELOPMENT,1.0,48,13.9,22,14.0,1,1,1,3,1,0,0,0,0.0,0.0,0,1,0,0,5,1,0
E0000214,TC0000214,P000187,2026-02-14,DEVELOPMENT,0.0,50,5.1,21,7.0,1,1,1,3,1,0,0,0,0.0,0.0,1,0,0,0,2,5,1
E0000215,TC0000215,P000188,2026-05-31,DEVELOPMENT,0.0,62,22.3,17,14.0,0,0,1,1,0,0,0,0,0.0,0.0,1,1,0,0,5,6,1
E0000216,TC0000216,P000188,2026-08-13,EVALUATION,,62,11.5,17,21.0,0,1,1,2,1,1,1,74,0.013513513513513514,1.0,1,1,0,0,8,3,0
E0000217,TC0000217,P000190,2026-04-22,DEVELOPMENT,1.0,50,19.9,24,30.0,1,1,1,3,1,0,0,0,0.0,0.0,0,1,0,0,4,2,0
E0000218,TC0000218,P000191,2026-04-23,DEVELOPMENT,1.0,32,25.4,20,7.0,1,0,1,2,1,0,0,0,0.0,0.0,0,1,0,0,4,3,0
E0000219,TC0000219,P000192,2026-06-09,DEVELOPMENT,0.0,31,12.6,21,21.0,1,0,0,1,0,0,0,0,0.0,0.0,0,1,0,0,6,1,0
E0000220,TC0000220,P000192,2026-07-13,EVALUATION,,31,8.7,10,7.0,1,1,1,3,1,1,1,34,0.029411764705882353,1.0,0,0,0,0,7,0,0
E0000221,TC0000221,P000193,2026-05-30,DEVELOPMENT,1.0,38,27.9,9,30.0,0,1,1,2,1,0,0,0,0.0,0.0,0,1,0,0,5,5,1
E0000222,TC0000222,P000194,2026-03-25,DEVELOPMENT,0.0,61,23.7,18,21.0,0,0,0,0,0,0,0,0,0.0,0.0,0,1,0,0,3,2,0
E0000223,TC0000223,P000196,2026-02-01,DEVELOPMENT,0.0,75,13.9,10,30.0,0,0,1,1,0,0,0,0,0.0,0.0,1,1,0,0,2,6,1
E0000224,TC0000224,P000197,2026-05-07,DEVELOPMENT,1.0,33,36.3,18,21.0,1,1,0,2,1,0,0,0,0.0,0.0,0,1,0,0,5,3,0
E0000225,TC0000225,P000198,2026-03-01,DEVELOPMENT,0.0,57,16.2,17,21.0,1,1,1,3,1,0,0,0,0.0,0.0,0,1,0,0,3,6,1
E0000226,TC0000226,P000199,2026-04-25,DEVELOPMENT,0.0,58,36.5,22,21.0,1,0,0,1,0,0,0,0,0.0,0.0,0,1,0,0,4,5,1
E0000227,TC0000227,P000200,2026-08-02,EVALUATION,,30,6.4,13,14.0,1,1,1,3,1,2,1,64,0.03125,0.0,0,0,0,0,8,6,1
E0000228,TC0000228,P000201,2026-01-22,DEVELOPMENT,0.0,52,16.9,16,21.0,1,0,1,2,1,0,0,0,0.0,0.0,0,1,0,0,1,3,0
E0000229,TC0000229,P000202,2026-07-23,EVALUATION,,40,3.6,24,21.0,1,1,1,3,1,0,0,0,0.0,0.0,0,0,0,0,7,3,0
E0000230,TC0000230,P000203,2026-07-03,EVALUATION,,48,18.4,11,21.0,1,0,0,1,0,0,0,0,0.0,0.0,1,1,0,0,7,4,0
E0000231,TC0000231,P000203,2026-07-30,EVALUATION,,48,18.7,21,14.0,1,0,1,2,1,1,1,27,0.037037037037037035,1.0,0,1,0,0,7,3,0
E0000232,TC0000232,P000204,2026-03-21,DEVELOPMENT,0.0,53,7.0,17,21.0,0,1,0,1,0,0,0,0,0.0,0.0,0,0,0,0,3,5,1
E0000233,TC0000233,P000206,2026-01-13,DEVELOPMENT,0.0,61,11.9,14,14.0,0,0,1,1,0,0,0,0,0.0,0.0,0,1,0,0,1,1,0
E0000234,TC0000234,P000207,2026-02-22,DEVELOPMENT,1.0,21,23.7,15,30.0,1,1,1,3,1,0,0,0,0.0,0.0,1,1,0,0,2,6,1
E0000235,TC0000235,P000207,2026-04-03,DEVELOPMENT,0.0,21,14.1,19,7.0,1,0,1,2,1,1,1,40,0.025,3.0,0,1,0,0,4,4,0
E0000236,TC0000236,P000207,2026-04-16,DEVELOPMENT,1.0,21,14.1,10,7.0,1,0,1,2,1,2,1,53,0.03773584905660377,5.0,1,1,0,0,4,3,0
E0000237,TC0000237,P000208,2026-01-12,DEVELOPMENT,0.0,67,26.4,7,14.0,1,1,1,3,1,0,0,0,0.0,0.0,1,1,0,0,1,0,0
E0000238,TC0000238,P000209,2026-05-07,DEVELOPMENT,0.0,46,26.3,8,7.0,1,0,1,2,1,0,0,0,0.0,0.0,0,1,1,0,5,3,0
E0000239,TC0000239,P000209,2026-07-29,EVALUATION,,46,26.3,15,7.0,1,0,1,2,1,1,1,83,0.012048192771084338,2.0,1,1,1,0,7,2,0
E0000240,TC0000240,P000210,2026-05-16,DEVELOPMENT,0.0,50,10.4,12,21.0,1,0,0,1,0,0,0,0,0.0,0.0,0,1,0,1,5,5,1
E0000241,TC0000241,P000211,2026-05-09,DEVELOPMENT,1.0,47,25.4,16,30.0,1,0,1,2,1,0,0,0,0.0,0.0,1,1,0,0,5,5,1
E0000242,TC0000242,P000212,2026-03-05,DEVELOPMENT,1.0,81,6.5,9,21.0,1,0,0,1,0,0,0,0,0.0,0.0,1,0,0,0,3,3,0
E0000243,TC0000243,P000213,2026-06-13,DEVELOPMENT,1.0,65,4.2,22,30.0,1,1,1,3,1,0,0,0,0.0,0.0,0,0,0,0,6,5,1
E0000244,TC0000244,P000214,2026-08-13,EVALUATION,,69,15.7,22,30.0,1,0,1,2,1,0,0,0,0.0,0.0,0,1,0,0,8,3,0
E0000245,TC0000245,P000215,2026-06-07,DEVELOPMENT,0.0,55,12.6,16,7.0,1,0,1,2,1,0,0,0,0.0,0.0,0,1,0,0,6,6,1
E0000246,TC0000246,P000216,2026-05-01,DEVELOPMENT,0.0,59,33.3,7,21.0,1,0,1,2,1,0,0,0,0.0,0.0,0,1,1,0,5,4,0
E0000247,TC0000247,P000217,2026-03-12,DEVELOPMENT,0.0,46,12.6,21,7.0,1,0,1,2,1,0,0,0,0.0,0.0,0,1,0,0,3,3,0
E0000248,TC0000248,P000217,2026-04-06,DEVELOPMENT,0.0,46,13.9,13,21.0,1,0,0,1,0,2,1,25,0.08,2.0,0,1,0,0,4,0,0
E0000249,TC0000249,P000218,2026-02-24,DEVELOPMENT,0.0,64,17.2,19,21.0,0,1,0,1,0,0,0,0,0.0,0.0,0,1,0,0,2,1,0
E0000250,TC0000250,P000218,2026-04-04,DEVELOPMENT,1.0,64,29.4,20,14.0,1,1,1,3,1,1,1,39,0.02564102564102564,1.0,1,1,0,0,4,5,1
E0000251,TC0000251,P000218,2026-04-23,DEVELOPMENT,0.0,64,12.8,8,7.0,1,0,1,2,1,2,1,58,0.034482758620689655,4.0,0,1,0,0,4,3,0
E0000252,TC0000252,P000219,2026-01-26,DEVELOPMENT,0.0,38,25.4,24,21.0,1,0,0,1,0,0,0,0,0.0,0.0,0,1,0,0,1,0,0
E0000253,TC0000253,P000220,2026-04-15,DEVELOPMENT,1.0,77,29.6,19,14.0,1,0,1,2,1,0,0,0,0.0,0.0,0,1,1,0,4,2,0
E0000254,TC0000254,P000221,2026-04-14,DEVELOPMENT,0.0,30,19.2,8,21.0,1,0,0,1,0,0,0,0,0.0,0.0,0,1,0,0,4,1,0
E0000255,TC0000255,P000222,2026-02-27,DEVELOPMENT,1.0,69,25.8,19,7.0,1,0,1,2,1,0,0,0,0.0,0.0,0,1,0,0,2,4,0
E0000256,TC0000256,P000223,2026-06-21,DEVELOPMENT,1.0,46,29.7,21,7.0,1,0,1,2,1,0,0,0,0.0,0.0,0,1,0,0,6,6,1
E0000257,TC0000257,P000223,2026-08-07,EVALUATION,,46,21.3,12,7.0,1,0,1,2,1,1,1,47,0.02127659574468085,2.0,1,1,0,0,8,4,0
E0000258,TC0000258,P000225,2026-03-07,DEVELOPMENT,0.0,45,13.0,18,21.0,1,0,1,2,1,0,0,0,0.0,0.0,0,1,0,0,3,5,1
E0000259,TC0000259,P000228,2026-04-15,DEVELOPMENT,1.0,47,36.3,16,30.0,1,0,1,2,1,0,0,0,0.0,0.0,1,1,0,0,4,2,0
E0000260,TC0000260,P000230,2026-01-26,DEVELOPMENT,1.0,59,6.5,23,7.0,1,0,1,2,1,0,0,0,0.0,0.0,0,0,0,0,1,0,0
E0000261,TC0000261,P000231,2026-03-18,DEVELOPMENT,1.0,51,25.8,19,30.0,1,0,1,2,1,0,0,0,0.0,0.0,0,1,0,0,3,2,0
E0000262,TC0000262,P000232,2026-03-13,DEVELOPMENT,1.0,55,27.9,9,21.0,1,1,0,2,1,0,0,0,0.0,0.0,0,1,0,0,3,4,0
E0000263,TC0000263,P000233,2026-08-06,EVALUATION,,50,11.4,13,30.0,1,1,1,3,1,0,0,0,0.0,0.0,0,1,0,0,8,3,0
E0000264,TC0000264,P000234,2026-04-11,DEVELOPMENT,1.0,68,19.2,17,21.0,1,0,1,2,1,0,0,0,0.0,0.0,1,1,0,1,4,5,1
E0000265,TC0000265,P000235,2026-05-03,DEVELOPMENT,1.0,50,11.9,18,14.0,0,0,1,1,0,0,0,0,0.0,0.0,0,1,0,0,5,6,1
E0000266,TC0000266,P000235,2026-05-25,DEVELOPMENT,1.0,50,20.3,22,14.0,1,0,1,2,1,1,1,22,0.045454545454545456,1.0,1,1,0,0,5,0,0
E0000267,TC0000267,P000236,2026-07-17,EVALUATION,,54,15.7,16,14.0,0,0,1,1,0,2,1,114,0.017543859649122806,0.0,0,1,0,0,7,4,0
E0000268,TC0000268,P000237,2026-05-22,DEVELOPMENT,0.0,70,10.8,21,14.0,1,1,1,3,1,0,0,0,0.0,0.0,0,1,0,0,5,4,0
E0000269,TC0000269,P000239,2026-06-07,DEVELOPMENT,0.0,32,29.4,11,21.0,1,1,0,2,1,0,0,0,0.0,0.0,0,1,0,0,6,6,1
E0000270,TC0000270,P000240,2026-07-02,EVALUATION,,41,4.2,24,21.0,1,0,0,1,0,0,0,0,0.0,0.0,0,0,1,0,7,3,0
E0000271,TC0000271,P000240,2026-07-29,EVALUATION,,41,4.2,21,14.0,0,1,1,2,1,1,1,27,0.037037037037037035,1.0,0,0,1,0,7,2,0
E0000272,TC0000272,P000241,2026-03-23,DEVELOPMENT,1.0,18,35.0,8,30.0,0,0,1,1,0,0,0,0,0.0,0.0,0,1,0,0,3,0,0
E0000273,TC0000273,P000244,2026-05-11,DEVELOPMENT,0.0,76,8.3,22,21.0,0,0,0,0,0,0,0,0,0.0,0.0,0,0,0,0,5,0,0
E0000274,TC0000274,P000245,2026-03-20,DEVELOPMENT,0.0,18,14.1,16,21.0,0,1,0,1,0,1,1,14,0.07142857142857142,0.0,0,1,1,0,3,4,0
E0000275,TC0000275,P000245,2026-04-16,DEVELOPMENT,0.0,18,9.4,11,21.0,1,1,0,2,1,2,1,41,0.04878048780487805,1.0,1,0,1,0,4,3,0
E0000276,TC0000276,P000245,2026-06-12,DEVELOPMENT,1.0,18,9.4,24,21.0,1,0,0,1,0,3,1,98,0.030612244897959183,3.0,0,0,1,0,6,4,0
E0000277,TC0000277,P000246,2026-06-13,DEVELOPMENT,0.0,18,36.5,11,21.0,1,0,0,1,0,0,0,0,0.0,0.0,0,1,0,0,6,5,1
E0000278,TC0000278,P000247,2026-01-09,DEVELOPMENT,0.0,40,26.4,23,21.0,0,0,1,1,0,0,0,0,0.0,0.0,0,1,1,0,1,4,0
E0000279,TC0000279,P000248,2026-03-22,DEVELOPMENT,0.0,65,4.1,17,14.0,0,0,1,1,0,0,0,0,0.0,0.0,1,0,0,1,3,6,1
E0000280,TC0000280,P000248,2026-07-08,EVALUATION,,65,35.0,11,7.0,1,0,1,2,1,1,1,108,0.009259259259259259,1.0,1,1,0,1,7,2,0
E0000281,TC0000281,P000249,2026-05-06,DEVELOPMENT,0.0,54,20.0,18,30.0,1,1,1,3,1,0,0,0,0.0,0.0,0,1,0,0,5,2,0
E0000282,TC0000282,P000250,2026-01-09,DEVELOPMENT,1.0,58,17.6,13,21.0,1,1,0,2,1,0,0,0,0.0,0.0,1,1,0,0,1,4,0
E0000283,TC0000283,P000250,2026-03-06,DEVELOPMENT,0.0,58,18.0,21,21.0,1,0,0,1,0,1,1,56,0.017857142857142856,2.0,1,1,0,0,3,4,0
E0000284,TC0000284,P000251,2026-05-07,DEVELOPMENT,1.0,70,4.2,18,30.0,1,1,1,3,1,0,0,0,0.0,0.0,0,0,0,0,5,3,0
E0000285,TC0000285,P000252,2026-03-17,DEVELOPMENT,0.0,53,6.7,16,14.0,0,0,1,1,0,0,0,0,0.0,0.0,1,0,0,0,3,1,0
E0000286,TC0000286,P000253,2026-01-19,DEVELOPMENT,0.0,39,29.9,20,30.0,0,0,1,1,0,0,0,0,0.0,0.0,0,1,0,0,1,0,0
E0000287,TC0000287,P000254,2026-07-08,EVALUATION,,62,25.7,8,30.0,1,0,1,2,1,0,0,0,0.0,0.0,0,1,0,0,7,2,0
E0000288,TC0000288,P000255,2026-03-13,DEVELOPMENT,1.0,40,2.6,9,14.0,0,0,1,1,0,0,0,0,0.0,0.0,0,0,0,0,3,4,0
E0000289,TC0000289,P000257,2026-02-08,DEVELOPMENT,0.0,46,29.4,7,30.0,1,0,1,2,1,0,0,0,0.0,0.0,0,1,0,0,2,6,1
E0000290,TC0000290,P000258,2026-01-20,DEVELOPMENT,1.0,48,29.9,8,14.0,1,0,1,2,1,0,0,0,0.0,0.0,1,1,0,0,1,1,0
E0000291,TC0000291,P000260,2026-02-15,DEVELOPMENT,0.0,51,36.5,24,7.0,0,1,1,2,1,0,0,0,0.0,0.0,0,1,1,0,2,6,1
E0000292,TC0000292,P000261,2026-03-06,DEVELOPMENT,0.0,33,20.3,10,14.0,0,0,1,1,0,0,0,0,0.0,0.0,1,1,0,0,3,4,0
E0000293,TC0000293,P000261,2026-03-19,DEVELOPMENT,0.0,33,11.9,12,21.0,0,1,0,1,0,1,1,13,0.07692307692307693,1.0,0,1,0,0,3,3,0
E0000294,TC0000294,P000262,2026-05-05,DEVELOPMENT,0.0,28,33.3,13,21.0,1,1,0,2,1,0,0,0,0.0,0.0,0,1,0,0,5,1,0
E0000295,TC0000295,P000264,2026-04-05,DEVELOPMENT,1.0,42,29.4,21,30.0,1,0,1,2,1,0,0,0,0.0,0.0,0,1,0,1,4,6,1
E0000296,TC0000296,P000264,2026-06-06,DEVELOPMENT,1.0,42,17.2,11,21.0,1,0,0,1,0,1,1,62,0.016129032258064516,2.0,0,1,0,1,6,5,1
E0000297,TC0000297,P000265,2026-02-06,DEVELOPMENT,1.0,60,19.2,11,7.0,1,1,1,3,1,0,0,0,0.0,0.0,0,1,1,0,2,4,0
E0000298,TC0000298,P000266,2026-01-23,DEVELOPMENT,1.0,37,22.9,24,30.0,1,0,1,2,1,0,0,0,0.0,0.0,0,1,0,0,1,4,0
E0000299,TC0000299,P000267,2026-02-10,DEVELOPMENT,1.0,42,13.0,16,14.0,1,1,1,3,1,0,0,0,0.0,0.0,0,1,0,0,2,1,0
E0000300,TC0000300,P000267,2026-03-20,DEVELOPMENT,0.0,42,27.9,24,21.0,1,0,0,1,0,1,1,38,0.02631578947368421,3.0,0,1,0,0,3,4,0
E0000301,TC0000301,P000269,2026-01-28,DEVELOPMENT,1.0,60,13.0,8,14.0,1,0,1,2,1,0,0,0,0.0,0.0,0,1,0,0,1,2,0
E0000302,TC0000302,P000271,2026-07-27,EVALUATION,,81,16.2,9,30.0,1,1,1,3,1,0,0,0,0.0,0.0,1,1,0,1,7,0,0
E0000303,TC0000303,P000272,2026-07-20,EVALUATION,,43,17.2,8,14.0,1,0,1,2,1,0,0,0,0.0,0.0,1,1,1,0,7,0,0
E0000304,TC0000304,P000273,2026-07-18,EVALUATION,,35,38.9,19,7.0,0,0,1,1,0,2,1,171,0.011695906432748537,0.0,0,1,0,0,7,5,1
E0000305,TC0000305,P000274,2026-04-09,DEVELOPMENT,0.0,75,36.5,11,21.0,1,0,0,1,0,0,0,0,0.0,0.0,0,1,1,0,4,3,0
E0000306,TC0000306,P000275,2026-02-26,DEVELOPMENT,0.0,39,22.3,8,30.0,1,0,1,2,1,0,0,0,0.0,0.0,0,1,0,0,2,3,0
E0000307,TC0000307,P000276,2026-01-08,DEVELOPMENT,1.0,45,7.3,9,30.0,1,1,1,3,1,0,0,0,0.0,0.0,1,0,0,0,1,3,0
E0000308,TC0000308,P000276,2026-01-23,DEVELOPMENT,0.0,45,6.5,7,21.0,0,0,0,0,0,1,1,15,0.06666666666666667,3.0,0,0,0,0,1,4,0
E0000309,TC0000309,P000277,2026-04-20,DEVELOPMENT,1.0,46,36.1,12,30.0,1,1,1,3,1,0,0,0,0.0,0.0,0,1,0,0,4,0,0
E0000310,TC0000310,P000278,2026-03-22,DEVELOPMENT,0.0,53,19.2,7,7.0,1,0,1,2,1,0,0,0,0.0,0.0,1,1,0,0,3,6,1
E0000311,TC0000311,P000279,2026-07-22,EVALUATION,,59,1.4,17,7.0,1,0,1,2,1,1,1,131,0.007633587786259542,0.0,0,0,1,0,7,2,0
E0000312,TC0000312,P000280,2026-07-25,EVALUATION,,68,22.3,22,21.0,1,0,1,2,1,0,0,0,0.0,0.0,0,1,0,0,7,5,1
E0000313,TC0000313,P000281,2026-05-06,DEVELOPMENT,1.0,36,33.3,22,21.0,1,1,1,3,1,1,1,20,0.05,0.0,1,1,0,1,5,2,0
E0000314,TC0000314,P000282,2026-05-22,DEVELOPMENT,0.0,58,13.9,21,21.0,1,1,0,2,1,0,0,0,0.0,0.0,0,1,0,0,5,4,0
E0000315,TC0000315,P000282,2026-06-07,DEVELOPMENT,0.0,58,12.6,24,21.0,0,0,0,0,0,1,1,16,0.0625,2.0,0,1,0,0,6,6,1
E0000316,TC0000316,P000282,2026-07-24,EVALUATION,,58,12.6,23,21.0,1,0,1,2,1,2,1,63,0.031746031746031744,2.0,0,1,0,0,7,4,0
E0000317,TC0000317,P000283,2026-07-21,EVALUATION,,52,3.6,24,21.0,1,1,0,2,1,0,0,0,0.0,0.0,0,0,0,0,7,1,0
E0000318,TC0000318,P000284,2026-07-20,EVALUATION,,38,22.3,14,30.0,1,0,1,2,1,0,0,0,0.0,0.0,0,1,1,0,7,0,0
E0000319,TC0000319,P000285,2026-04-25,DEVELOPMENT,1.0,24,29.9,11,21.0,1,0,1,2,1,0,0,0,0.0,0.0,1,1,0,0,4,5,1
E0000320,TC0000320,P000286,2026-01-28,DEVELOPMENT,0.0,39,29.9,17,21.0,1,1,1,3,1,0,0,0,0.0,0.0,0,1,0,0,1,2,0
E0000321,TC0000321,P000287,2026-06-20,DEVELOPMENT,1.0,50,21.7,23,21.0,1,0,0,1,0,0,0,0,0.0,0.0,1,1,0,0,6,5,1
E0000322,TC0000322,P000288,2026-02-08,DEVELOPMENT,0.0,57,9.7,19,21.0,1,0,0,1,0,0,0,0,0.0,0.0,1,0,0,0,2,6,1
E0000323,TC0000323,P000289,2026-03-14,DEVELOPMENT,0.0,60,35.4,18,14.0,0,0,1,1,0,0,0,0,0.0,0.0,0,1,0,0,3,5,1
E0000324,TC0000324,P000289,2026-04-27,DEVELOPMENT,1.0,60,26.2,12,21.0,1,0,1,2,1,1,1,44,0.022727272727272728,1.0,0,1,0,0,4,0,0
E0000325,TC0000325,P000291,2026-03-27,DEVELOPMENT,1.0,44,27.8,22,7.0,1,0,1,2,1,0,0,0,0.0,0.0,0,1,0,0,3,4,0
E0000326,TC0000326,P000292,2026-03-06,DEVELOPMENT,1.0,53,9.4,23,30.0,1,1,1,3,1,1,1,15,0.06666666666666667,0.0,0,0,0,0,3,4,0
E0000327,TC0000327,P000292,2026-07-18,EVALUATION,,53,9.4,14,21.0,1,0,0,1,0,2,1,149,0.013422818791946308,3.0,0,0,0,0,7,5,1
E0000328,TC0000328,P000293,2026-02-11,DEVELOPMENT,0.0,68,25.7,11,21.0,0,0,0,0,0,0,0,0,0.0,0.0,0,1,0,0,2,2,0
E0000329,TC0000329,P000294,2026-01-16,DEVELOPMENT,1.0,37,36.5,19,30.0,1,0,1,2,1,0,0,0,0.0,0.0,0,1,0,0,1,4,0
E0000330,TC0000330,P000294,2026-02-06,DEVELOPMENT,0.0,37,25.8,19,21.0,0,0,0,0,0,1,1,21,0.047619047619047616,2.0,1,1,0,0,2,4,0
E0000331,TC0000331,P000294,2026-08-11,EVALUATION,,37,6.7,12,14.0,0,0,1,1,0,2,1,207,0.00966183574879227,2.0,0,0,0,0,8,1,0
E0000332,TC0000332,P000295,2026-03-20,DEVELOPMENT,0.0,63,25.4,24,7.0,0,0,1,1,0,1,1,28,0.03571428571428571,0.0,0,1,0,0,3,4,0
E0000333,TC0000333,P000296,2026-03-06,DEVELOPMENT,0.0,88,13.9,7,14.0,1,0,1,2,1,0,0,0,0.0,0.0,1,1,0,0,3,4,0
E0000334,TC0000334,P000297,2026-01-13,DEVELOPMENT,1.0,30,29.7,11,30.0,1,0,1,2,1,0,0,0,0.0,0.0,0,1,0,0,1,1,0
E0000335,TC0000335,P000299,2026-06-06,DEVELOPMENT,0.0,64,18.4,13,7.0,1,0,1,2,1,0,0,0,0.0,0.0,0,1,0,0,6,5,1
E0000336,TC0000336,P000300,2026-01-18,DEVELOPMENT,1.0,40,5.6,20,7.0,1,0,1,2,1,0,0,0,0.0,0.0,0,0,0,0,1,6,1
E0000337,TC0000337,P000300,2026-03-13,DEVELOPMENT,0.0,40,2.6,17,14.0,1,1,1,3,1,1,1,54,0.018518518518518517,2.0,1,0,0,0,3,4,0
E0000338,TC0000338,P000301,2026-05-05,DEVELOPMENT,1.0,18,18.7,23,30.0,1,0,1,2,1,0,0,0,0.0,0.0,1,1,0,0,5,1,0
E0000339,TC0000339,P000301,2026-06-06,DEVELOPMENT,1.0,18,18.7,16,14.0,0,0,1,1,0,2,1,32,0.0625,2.0,0,1,0,0,6,5,1
E0000340,TC0000340,P000302,2026-08-07,EVALUATION,,73,7.0,23,14.0,0,1,1,2,1,0,0,0,0.0,0.0,0,0,0,0,8,4,0
E0000341,TC0000341,P000302,2026-08-14,EVALUATION,,73,23.7,10,21.0,1,0,0,1,0,1,1,7,0.14285714285714285,2.0,0,1,0,0,8,4,0
E0000342,TC0000342,P000303,2026-06-25,DEVELOPMENT,0.0,34,12.6,22,7.0,1,1,1,3,1,0,0,0,0.0,0.0,0,1,0,0,6,3,0
E0000343,TC0000343,P000304,2026-04-16,DEVELOPMENT,0.0,70,23.7,23,21.0,0,0,0,0,0,0,0,0,0.0,0.0,0,1,0,0,4,3,0
E0000344,TC0000344,P000305,2026-02-05,DEVELOPMENT,1.0,57,22.3,22,21.0,1,1,0,2,1,0,0,0,0.0,0.0,0,1,0,1,2,3,0
E0000345,TC0000345,P000306,2026-03-02,DEVELOPMENT,0.0,69,17.2,14,21.0,1,0,0,1,0,0,0,0,0.0,0.0,0,1,0,0,3,0,0
E0000346,TC0000346,P000307,2026-06-22,DEVELOPMENT,0.0,42,13.9,14,21.0,1,1,0,2,1,0,0,0,0.0,0.0,0,1,0,0,6,0,0
E0000347,TC0000347,P000307,2026-07-31,EVALUATION,,42,12.6,9,7.0,1,0,1,2,1,1,1,39,0.02564102564102564,2.0,0,1,0,0,7,4,0
E0000348,TC0000348,P000308,2026-05-21,DEVELOPMENT,1.0,40,26.2,23,7.0,1,0,1,2,1,0,0,0,0.0,0.0,0,1,0,0,5,3,0
E0000349,TC0000349,P000309,2026-06-08,DEVELOPMENT,0.0,32,15.7,8,30.0,0,0,1,1,0,0,0,0,0.0,0.0,0,1,0,0,6,0,0
E0000350,TC0000350,P000310,2026-01-10,DEVELOPMENT,1.0,39,29.7,13,30.0,1,1,1,3,1,0,0,0,0.0,0.0,0,1,0,0,1,5,1
E0000351,TC0000351,P000310,2026-07-22,EVALUATION,,39,20.6,9,7.0,1,1,1,3,1,1,1,193,0.0051813471502590676,3.0,0,1,0,0,7,2,0
E0000352,TC0000352,P000311,2026-02-01,DEVELOPMENT,0.0,48,27.6,7,14.0,0,1,1,2,1,0,0,0,0.0,0.0,0,1,0,0,2,6,1
E0000353,TC0000353,P000312,2026-08-11,EVALUATION,,54,27.8,20,21.0,1,0,1,2,1,1,1,67,0.014925373134328358,0.0,0,1,0,0,8,1,0
E0000354,TC0000354,P000313,2026-06-29,DEVELOPMENT,1.0,61,6.7,9,21.0,1,0,1,2,1,0,0,0,0.0,0.0,0,0,0,0,6,0,0
E0000355,TC0000355,P000313,2026-07-25,EVALUATION,,61,36.5,18,21.0,1,0,0,1,0,1,1,26,0.038461538461538464,2.0,0,1,0,0,7,5,1
E0000356,TC0000356,P000315,2026-03-27,DEVELOPMENT,1.0,88,2.6,11,7.0,1,0,1,2,1,0,0,0,0.0,0.0,1,0,0,0,3,4,0
E0000357,TC0000357,P000315,2026-04-23,DEVELOPMENT,0.0,88,5.6,24,14.0,1,0,1,2,1,1,1,27,0.037037037037037035,2.0,1,0,0,0,4,3,0
E0000358,TC0000358,P000316,2026-06-03,DEVELOPMENT,1.0,50,22.3,22,21.0,1,0,0,1,0,2,1,78,0.02564102564102564,0.0,0,1,0,0,6,2,0
E0000359,TC0000359,P000317,2026-03-31,DEVELOPMENT,1.0,63,33.3,21,21.0,1,0,1,2,1,0,0,0,0.0,0.0,1,1,1,0,3,1,0
E0000360,TC0000360,P000317,2026-05-16,DEVELOPMENT,0.0,63,33.3,15,30.0,1,0,1,2,1,1,1,46,0.021739130434782608,2.0,0,1,1,0,5,5,1
E0000361,TC0000361,P000318,2026-04-09,DEVELOPMENT,0.0,57,26.6,11,21.0,1,0,0,1,0,0,0,0,0.0,0.0,1,1,0,0,4,3,0
E0000362,TC0000362,P000319,2026-02-12,DEVELOPMENT,1.0,67,16.9,12,21.0,0,0,1,1,0,0,0,0,0.0,0.0,1,1,0,0,2,3,0
E0000363,TC0000363,P000320,2026-05-12,DEVELOPMENT,1.0,34,16.2,23,7.0,1,0,1,2,1,0,0,0,0.0,0.0,0,1,0,0,5,1,0
E0000364,TC0000364,P000320,2026-07-28,EVALUATION,,34,16.2,14,21.0,1,0,0,1,0,1,1,77,0.012987012987012988,2.0,0,1,0,0,7,1,0
E0000365,TC0000365,P000320,2026-08-14,EVALUATION,,34,36.5,9,14.0,1,0,1,2,1,2,1,94,0.02127659574468085,3.0,0,1,0,0,8,4,0
E0000366,TC0000366,P000322,2026-05-28,DEVELOPMENT,0.0,36,19.6,13,21.0,1,1,0,2,1,0,0,0,0.0,0.0,1,1,0,0,5,3,0
E0000367,TC0000367,P000322,2026-06-18,DEVELOPMENT,0.0,36,19.6,19,21.0,0,1,0,1,0,1,1,21,0.047619047619047616,2.0,0,1,0,0,6,3,0
E0000368,TC0000368,P000324,2026-07-09,EVALUATION,,27,24.9,13,21.0,1,0,0,1,0,0,0,0,0.0,0.0,0,1,0,0,7,3,0
E0000369,TC0000369,P000325,2026-04-30,DEVELOPMENT,1.0,57,9.7,21,7.0,1,0,1,2,1,0,0,0,0.0,0.0,0,0,0,0,4,3,0
E0000370,TC0000370,P000327,2026-03-04,DEVELOPMENT,1.0,35,16.8,7,30.0,1,1,1,3,1,0,0,0,0.0,0.0,0,1,0,0,3,2,0
E0000371,TC0000371,P000327,2026-03-25,DEVELOPMENT,1.0,35,22.3,10,21.0,1,0,1,2,1,1,1,21,0.047619047619047616,3.0,0,1,0,0,3,2,0
E0000372,TC0000372,P000328,2026-01-13,DEVELOPMENT,0.0,42,26.4,10,21.0,1,1,1,3,1,0,0,0,0.0,0.0,0,1,0,0,1,1,0
E0000373,TC0000373,P000329,2026-04-14,DEVELOPMENT,0.0,59,26.3,19,21.0,0,0,0,0,0,0,0,0,0.0,0.0,0,1,0,0,4,1,0
E0000374,TC0000374,P000330,2026-04-15,DEVELOPMENT,0.0,51,7.4,20,7.0,1,0,1,2,1,0,0,0,0.0,0.0,0,0,0,0,4,2,0
E0000375,TC0000375,P000330,2026-05-19,DEVELOPMENT,1.0,51,13.9,17,30.0,1,0,1,2,1,1,1,34,0.029411764705882353,2.0,0,1,0,0,5,1,0
E0000376,TC0000376,P000331,2026-05-06,DEVELOPMENT,1.0,39,6.5,12,7.0,1,0,1,2,1,0,0,0,0.0,0.0,0,0,0,0,5,2,0
E0000377,TC0000377,P000333,2026-03-15,DEVELOPMENT,1.0,21,35.5,22,30.0,0,0,1,1,0,0,0,0,0.0,0.0,0,1,0,0,3,6,1
E0000378,TC0000378,P000334,2026-02-20,DEVELOPMENT,0.0,34,23.7,16,7.0,1,0,1,2,1,0,0,0,0.0,0.0,1,1,1,0,2,4,0
E0000379,TC0000379,P000334,2026-02-21,DEVELOPMENT,1.0,34,14.1,13,21.0,1,0,1,2,1,1,1,1,1.0,2.0,0,1,1,0,2,5,1
E0000380,TC0000380,P000335,2026-04-12,DEVELOPMENT,0.0,59,15.5,7,21.0,1,1,1,3,1,0,0,0,0.0,0.0,0,1,1,0,4,6,1
E0000381,TC0000381,P000336,2026-01-22,DEVELOPMENT,0.0,60,19.6,10,7.0,1,0,1,2,1,0,0,0,0.0,0.0,0,1,0,0,1,3,0
E0000382,TC0000382,P000336,2026-03-12,DEVELOPMENT,0.0,60,19.6,19,21.0,1,0,1,2,1,1,1,49,0.02040816326530612,2.0,1,1,0,0,3,3,0
E0000383,TC0000383,P000336,2026-04-30,DEVELOPMENT,0.0,60,19.6,15,7.0,1,1,1,3,1,2,1,98,0.02040816326530612,4.0,0,1,0,0,4,3,0
E0000384,TC0000384,P000337,2026-02-09,DEVELOPMENT,0.0,18,11.4,7,7.0,1,1,1,3,1,0,0,0,0.0,0.0,1,1,0,0,2,0,0
E0000385,TC0000385,P000339,2026-04-23,DEVELOPMENT,0.0,45,11.9,10,21.0,1,0,1,2,1,0,0,0,0.0,0.0,0,1,0,0,4,3,0
E0000386,TC0000386,P000340,2026-04-04,DEVELOPMENT,1.0,45,25.8,24,30.0,1,0,1,2,1,0,0,0,0.0,0.0,1,1,0,0,4,5,1
E0000387,TC0000387,P000341,2026-04-08,DEVELOPMENT,0.0,56,22.8,24,21.0,0,1,0,1,0,0,0,0,0.0,0.0,0,1,0,0,4,2,0
E0000388,TC0000388,P000341,2026-05-10,DEVELOPMENT,0.0,56,22.8,22,21.0,1,1,0,2,1,1,1,32,0.03125,1.0,0,1,0,0,5,6,1
E0000389,TC0000389,P000342,2026-07-30,EVALUATION,,58,21.3,22,14.0,1,0,1,2,1,1,1,20,0.05,0.0,0,1,0,0,7,3,0
E0000390,TC0000390,P000343,2026-06-01,DEVELOPMENT,1.0,29,6.4,24,21.0,0,1,0,1,0,1,1,141,0.0070921985815602835,0.0,1,0,0,0,6,0,0
E0000391,TC0000391,P000345,2026-03-15,DEVELOPMENT,1.0,52,23.1,7,7.0,1,0,1,2,1,0,0,0,0.0,0.0,0,1,0,0,3,6,1
E0000392,TC0000392,P000346,2026-05-20,DEVELOPMENT,1.0,87,21.0,14,14.0,1,0,1,2,1,0,0,0,0.0,0.0,0,1,0,0,5,2,0
E0000393,TC0000393,P000347,2026-07-29,EVALUATION,,61,25.4,10,7.0,1,0,1,2,1,0,0,0,0.0,0.0,0,1,0,0,7,2,0
E0000394,TC0000394,P000348,2026-02-08,DEVELOPMENT,1.0,54,12.6,13,21.0,1,0,1,2,1,0,0,0,0.0,0.0,0,1,0,0,2,6,1
E0000395,TC0000395,P000349,2026-07-03,EVALUATION,,50,26.4,16,21.0,1,0,1,2,1,0,0,0,0.0,0.0,1,1,0,0,7,4,0
E0000396,TC0000396,P000350,2026-04-25,DEVELOPMENT,1.0,49,7.4,18,30.0,1,0,1,2,1,0,0,0,0.0,0.0,0,0,0,0,4,5,1
E0000397,TC0000397,P000351,2026-07-26,EVALUATION,,40,18.7,24,14.0,1,1,1,3,1,0,0,0,0.0,0.0,0,1,1,0,7,6,1
E0000398,TC0000398,P000352,2026-03-27,DEVELOPMENT,1.0,38,17.3,12,21.0,1,1,0,2,1,0,0,0,0.0,0.0,0,1,0,1,3,4,0
E0000399,TC0000399,P000353,2026-06-11,DEVELOPMENT,1.0,33,35.0,21,7.0,1,1,1,3,1,0,0,0,0.0,0.0,0,1,0,0,6,3,0
E0000400,TC0000400,P000354,2026-05-16,DEVELOPMENT,1.0,68,3.6,17,7.0,1,0,1,2,1,1,1,50,0.02,0.0,0,0,0,0,5,5,1
E0000401,TC0000401,P000354,2026-06-20,DEVELOPMENT,0.0,68,6.4,22,21.0,1,0,1,2,1,4,1,85,0.047058823529411764,2.0,1,0,0,0,6,5,1
E0000402,TC0000402,P000355,2026-08-12,EVALUATION,,88,20.2,7,7.0,1,0,1,2,1,0,0,0,0.0,0.0,0,1,0,0,8,2,0
E0000403,TC0000403,P000356,2026-01-14,DEVELOPMENT,1.0,76,20.0,9,30.0,1,1,1,3,1,0,0,0,0.0,0.0,1,1,0,0,1,2,0
E0000404,TC0000404,P000357,2026-07-09,EVALUATION,,42,6.7,16,30.0,1,0,1,2,1,0,0,0,0.0,0.0,0,0,0,0,7,3,0
E0000405,TC0000405,P000357,2026-07-16,EVALUATION,,42,6.7,21,21.0,1,1,1,3,1,1,1,7,0.14285714285714285,2.0,0,0,0,0,7,3,0
E0000406,TC0000406,P004805,2026-01-30,DEVELOPMENT,0.0,26,29.4,14,21.0,1,0,0,1,0,1,1,1,1.0,0.0,0,1,0,0,1,4,0
E0000407,TC0000407,P000359,2026-01-16,DEVELOPMENT,0.0,57,2.2,7,21.0,1,0,0,1,0,0,0,0,0.0,0.0,1,0,0,0,1,4,0
E0000408,TC0000408,P000360,2026-03-04,DEVELOPMENT,0.0,49,20.6,17,21.0,1,1,1,3,1,0,0,0,0.0,0.0,0,1,1,0,3,2,0
E0000409,TC0000409,P000361,2026-05-17,DEVELOPMENT,0.0,67,10.8,19,30.0,0,0,1,1,0,0,0,0,0.0,0.0,1,1,0,1,5,6,1
E0000410,TC0000410,P000361,2026-07-30,EVALUATION,,67,1.4,15,14.0,0,0,1,1,0,1,1,74,0.013513513513513514,1.0,0,0,0,1,7,3,0
E0000411,TC0000411,P000362,2026-07-25,EVALUATION,,70,12.6,17,21.0,0,1,0,1,0,0,0,0,0.0,0.0,0,1,0,0,7,5,1
E0000412,TC0000412,P000363,2026-07-15,EVALUATION,,88,17.6,21,30.0,1,0,1,2,1,0,0,0,0.0,0.0,0,1,0,0,7,2,0
E0000413,TC0000413,P000364,2026-06-21,DEVELOPMENT,0.0,60,26.6,8,30.0,0,0,1,1,0,0,0,0,0.0,0.0,0,1,1,0,6,6,1
E0000414,TC0000414,P000365,2026-01-11,DEVELOPMENT,0.0,28,16.8,12,30.0,1,0,1,2,1,0,0,0,0.0,0.0,1,1,1,0,1,6,1
E0000415,TC0000415,P000366,2026-02-13,DEVELOPMENT,1.0,66,26.4,23,30.0,1,0,1,2,1,0,0,0,0.0,0.0,1,1,0,0,2,4,0
E0000416,TC0000416,P000366,2026-03-08,DEVELOPMENT,0.0,66,26.2,16,21.0,1,0,0,1,0,1,1,23,0.043478260869565216,2.0,0,1,0,0,3,6,1
E0000417,TC0000417,P000367,2026-05-10,DEVELOPMENT,1.0,63,27.8,11,7.0,1,1,1,3,1,0,0,0,0.0,0.0,0,1,0,0,5,6,1
E0000418,TC0000418,P000367,2026-06-06,DEVELOPMENT,1.0,63,27.8,23,21.0,1,0,0,1,0,1,1,27,0.037037037037037035,3.0,1,1,0,0,6,5,1
E0000419,TC0000419,P000368,2026-07-02,EVALUATION,,20,26.6,23,21.0,1,0,0,1,0,2,1,106,0.018867924528301886,0.0,0,1,0,0,7,3,0
E0000420,TC0000420,P000369,2026-06-25,DEVELOPMENT,1.0,18,22.9,13,21.0,1,1,1,3,1,0,0,0,0.0,0.0,0,1,0,0,6,3,0
E0000421,TC0000421,P000369,2026-07-22,EVALUATION,,18,29.6,8,7.0,1,0,1,2,1,1,1,27,0.037037037037037035,3.0,0,1,0,0,7,2,0
E0000422,TC0000422,P002540,2026-07-16,EVALUATION,,42,36.5,17,7.0,1,1,1,3,1,2,1,171,0.011695906432748537,0.0,0,1,0,0,7,3,0
E0000423,TC0000423,P000371,2026-08-03,EVALUATION,,41,36.5,9,21.0,1,0,0,1,0,0,0,0,0.0,0.0,0,1,0,0,8,0,0
E0000424,TC0000424,P000373,2026-03-03,DEVELOPMENT,1.0,65,13.2,7,21.0,1,1,0,2,1,0,0,0,0.0,0.0,0,1,0,0,3,1,0
E0000425,TC0000425,P000375,2026-02-08,DEVELOPMENT,1.0,66,18.7,20,7.0,1,0,1,2,1,0,0,0,0.0,0.0,0,1,0,0,2,6,1
E0000426,TC0000426,P000375,2026-06-22,DEVELOPMENT,0.0,66,18.7,21,21.0,0,1,1,2,1,1,1,134,0.007462686567164179,2.0,0,1,0,0,6,0,0
E0000427,TC0000427,P000376,2026-03-30,DEVELOPMENT,1.0,49,22.3,14,30.0,1,1,1,3,1,0,0,0,0.0,0.0,0,1,0,0,3,0,0
E0000428,TC0000428,P000377,2026-01-22,DEVELOPMENT,1.0,33,29.2,9,30.0,1,1,1,3,1,0,0,0,0.0,0.0,0,1,0,0,1,3,0
E0000429,TC0000429,P000378,2026-05-01,DEVELOPMENT,0.0,46,8.3,24,21.0,0,0,1,1,0,0,0,0,0.0,0.0,1,0,0,0,5,4,0
E0000430,TC0000430,P000379,2026-07-01,EVALUATION,,82,16.2,18,21.0,1,1,0,2,1,0,0,0,0.0,0.0,1,1,1,0,7,2,0
E0000431,TC0000431,P000380,2026-07-25,EVALUATION,,36,13.9,23,14.0,1,1,1,3,1,0,0,0,0.0,0.0,0,1,0,0,7,5,1
E0000432,TC0000432,P000381,2026-02-20,DEVELOPMENT,1.0,37,26.4,23,7.0,1,0,1,2,1,0,0,0,0.0,0.0,1,1,0,0,2,4,0
E0000433,TC0000433,P000382,2026-04-18,DEVELOPMENT,1.0,59,9.7,15,21.0,1,0,1,2,1,0,0,0,0.0,0.0,1,0,0,0,4,5,1
E0000434,TC0000434,P000383,2026-01-30,DEVELOPMENT,1.0,52,26.6,8,30.0,1,0,1,2,1,0,0,0,0.0,0.0,0,1,0,0,1,4,0
E0000435,TC0000435,P000384,2026-03-18,DEVELOPMENT,0.0,35,12.6,21,21.0,1,0,0,1,0,0,0,0,0.0,0.0,1,1,0,0,3,2,0
E0000436,TC0000436,P000385,2026-07-18,EVALUATION,,58,6.5,18,7.0,0,0,1,1,0,0,0,0,0.0,0.0,0,0,0,0,7,5,1
E0000437,TC0000437,P000385,2026-08-10,EVALUATION,,58,6.5,15,30.0,1,0,1,2,1,1,1,23,0.043478260869565216,1.0,1,0,0,0,8,0,0
E0000438,TC0000438,P000386,2026-07-13,EVALUATION,,61,19.2,18,21.0,1,1,0,2,1,0,0,0,0.0,0.0,1,1,0,0,7,0,0
E0000439,TC0000439,P000387,2026-01-14,DEVELOPMENT,0.0,42,6.6,17,14.0,1,0,1,2,1,0,0,0,0.0,0.0,0,0,0,0,1,2,0
E0000440,TC0000440,P000388,2026-05-19,DEVELOPMENT,0.0,56,7.3,21,21.0,0,1,0,1,0,0,0,0,0.0,0.0,0,0,0,0,5,1,0
E0000441,TC0000441,P000389,2026-08-03,EVALUATION,,63,11.3,24,21.0,1,1,1,3,1,0,0,0,0.0,0.0,1,1,0,1,8,0,0
E0000442,TC0000442,P000390,2026-07-30,EVALUATION,,44,17.2,18,21.0,1,0,0,1,0,0,0,0,0.0,0.0,0,1,1,0,7,3,0
E0000443,TC0000443,P000391,2026-07-19,EVALUATION,,63,19.6,8,14.0,1,0,1,2,1,3,1,88,0.03409090909090909,0.0,0,1,0,0,7,6,1
E0000444,TC0000444,P000392,2026-02-24,DEVELOPMENT,0.0,46,25.7,11,21.0,1,0,0,1,0,0,0,0,0.0,0.0,0,1,1,0,2,1,0
E0000445,TC0000445,P000393,2026-01-28,DEVELOPMENT,0.0,58,6.4,9,21.0,1,0,0,1,0,0,0,0,0.0,0.0,1,0,0,0,1,2,0
E0000446,TC0000446,P000393,2026-04-12,DEVELOPMENT,0.0,58,3.6,20,14.0,1,0,1,2,1,1,1,74,0.013513513513513514,1.0,0,0,0,0,4,6,1
E0000447,TC0000447,P000394,2026-05-25,DEVELOPMENT,0.0,55,36.5,20,14.0,1,0,1,2,1,0,0,0,0.0,0.0,1,1,0,0,5,0,0
E0000448,TC0000448,P000395,2026-07-21,EVALUATION,,39,38.9,8,30.0,1,1,1,3,1,0,0,0,0.0,0.0,0,1,0,0,7,1,0
E0000449,TC0000449,P000396,2026-06-25,DEVELOPMENT,0.0,51,23.1,7,21.0,0,0,1,1,0,0,0,0,0.0,0.0,0,1,0,0,6,3,0
E0000450,TC0000450,P000396,2026-07-18,EVALUATION,,51,36.3,18,7.0,0,0,1,1,0,1,1,23,0.043478260869565216,1.0,1,1,0,0,7,5,1
E0000451,TC0000451,P000397,2026-02-13,DEVELOPMENT,0.0,69,27.6,12,30.0,0,0,1,1,0,0,0,0,0.0,0.0,0,1,0,0,2,4,0
E0000452,TC0000452,P000397,2026-06-29,DEVELOPMENT,0.0,69,26.6,17,14.0,1,0,1,2,1,1,1,136,0.007352941176470588,1.0,1,1,0,0,6,0,0
E0000453,TC0000453,P000398,2026-07-04,EVALUATION,,59,22.9,18,14.0,1,0,1,2,1,0,0,0,0.0,0.0,0,1,0,0,7,5,1
E0000454,TC0000454,P000398,2026-07-27,EVALUATION,,59,24.9,10,30.0,1,0,1,2,1,1,1,23,0.043478260869565216,2.0,0,1,0,0,7,0,0
E0000455,TC0000455,P000399,2026-04-17,DEVELOPMENT,1.0,85,28.2,14,21.0,1,1,1,3,1,0,0,0,0.0,0.0,0,1,0,0,4,4,0
E0000456,TC0000456,P000400,2026-06-15,DEVELOPMENT,1.0,53,12.8,9,21.0,1,1,1,3,1,0,0,0,0.0,0.0,1,1,0,0,6,0,0
E0000457,TC0000457,P000402,2026-03-04,DEVELOPMENT,0.0,45,13.0,10,21.0,1,0,0,1,0,0,0,0,0.0,0.0,0,1,0,0,3,2,0
E0000458,TC0000458,P000402,2026-05-15,DEVELOPMENT,0.0,45,27.9,13,30.0,0,0,1,1,0,1,1,72,0.013888888888888888,1.0,0,1,0,0,5,4,0
E0000459,TC0000459,P000402,2026-07-13,EVALUATION,,45,13.0,14,30.0,1,1,1,3,1,2,1,131,0.015267175572519083,2.0,0,1,0,0,7,0,0
E0000460,TC0000460,P000403,2026-05-05,DEVELOPMENT,0.0,25,12.8,24,21.0,0,0,1,1,0,0,0,0,0.0,0.0,0,1,0,0,5,1,0
E0000461,TC0000461,P000405,2026-07-07,EVALUATION,,61,25.4,19,21.0,0,0,1,1,0,0,0,0,0.0,0.0,0,1,0,0,7,1,0
E0000462,TC0000462,P000406,2026-03-08,DEVELOPMENT,0.0,54,25.7,20,21.0,1,0,1,2,1,2,1,64,0.03125,0.0,0,1,0,0,3,6,1
E0000463,TC0000463,P000407,2026-06-09,DEVELOPMENT,0.0,32,11.5,17,30.0,0,0,1,1,0,0,0,0,0.0,0.0,0,1,0,0,6,1,0
E0000464,TC0000464,P000409,2026-08-03,EVALUATION,,51,7.3,14,30.0,0,0,1,1,0,0,0,0,0.0,0.0,1,0,0,0,8,0,0
E0000465,TC0000465,P000410,2026-01-20,DEVELOPMENT,1.0,40,28.3,20,30.0,0,1,1,2,1,0,0,0,0.0,0.0,1,1,0,0,1,1,0
E0000466,TC0000466,P000125,2026-05-17,DEVELOPMENT,1.0,38,36.5,18,21.0,1,0,0,1,0,0,0,0,0.0,0.0,0,1,0,0,5,6,1
E0000467,TC0000467,P000412,2026-07-11,EVALUATION,,61,33.3,16,7.0,1,0,1,2,1,0,0,0,0.0,0.0,1,1,0,0,7,5,1
E0000468,TC0000468,P000413,2026-02-12,DEVELOPMENT,1.0,59,24.9,7,21.0,1,0,0,1,0,0,0,0,0.0,0.0,1,1,0,0,2,3,0
E0000469,TC0000469,P000414,2026-01-08,DEVELOPMENT,1.0,19,14.1,23,21.0,1,0,0,1,0,0,0,0,0.0,0.0,1,1,0,0,1,3,0
E0000470,TC0000470,P000415,2026-08-02,EVALUATION,,38,22.2,24,21.0,1,1,1,3,1,0,0,0,0.0,0.0,1,1,0,0,8,6,1
E0000471,TC0000471,P000416,2026-01-26,DEVELOPMENT,0.0,63,13.0,16,21.0,1,0,0,1,0,0,0,0,0.0,0.0,0,1,0,0,1,0,0
E0000472,TC0000472,P000416,2026-06-05,DEVELOPMENT,0.0,63,27.9,7,21.0,0,1,0,1,0,1,1,130,0.007692307692307693,1.0,0,1,0,0,6,4,0
E0000473,TC0000473,P000416,2026-07-11,EVALUATION,,63,9.7,12,14.0,1,1,1,3,1,2,1,166,0.012048192771084338,2.0,0,0,0,0,7,5,1
E0000474,TC0000474,P000417,2026-01-12,DEVELOPMENT,0.0,61,11.9,21,21.0,0,0,0,0,0,0,0,0,0.0,0.0,0,1,0,0,1,0,0
E0000475,TC0000475,P000418,2026-08-11,EVALUATION,,36,11.5,17,7.0,1,0,1,2,1,0,0,0,0.0,0.0,0,1,0,0,8,1,0
E0000476,TC0000476,P000420,2026-02-27,DEVELOPMENT,0.0,42,10.4,16,21.0,0,0,0,0,0,0,0,0,0.0,0.0,0,1,0,0,2,4,0
E0000477,TC0000477,P000421,2026-05-24,DEVELOPMENT,1.0,50,22.1,11,7.0,1,1,1,3,1,0,0,0,0.0,0.0,0,1,0,0,5,6,1
E0000478,TC0000478,P000422,2026-05-10,DEVELOPMENT,0.0,36,25.7,12,30.0,1,0,1,2,1,0,0,0,0.0,0.0,0,1,0,0,5,6,1
E0000479,TC0000479,P000423,2026-03-21,DEVELOPMENT,0.0,49,22.4,14,21.0,1,1,0,2,1,0,0,0,0.0,0.0,0,1,0,0,3,5,1
E0000480,TC0000480,P000424,2026-02-05,DEVELOPMENT,1.0,82,29.9,14,7.0,1,0,1,2,1,0,0,0,0.0,0.0,1,1,0,0,2,3,0
E0000481,TC0000481,P000424,2026-04-27,DEVELOPMENT,1.0,82,36.1,20,30.0,1,1,1,3,1,1,1,81,0.012345679012345678,2.0,1,1,0,0,4,0,0
E0000482,TC0000482,P000426,2026-06-04,DEVELOPMENT,0.0,18,13.2,12,14.0,0,0,1,1,0,0,0,0,0.0,0.0,0,1,0,0,6,3,0
E0000483,TC0000483,P000427,2026-01-21,DEVELOPMENT,0.0,20,13.0,17,14.0,1,1,1,3,1,0,0,0,0.0,0.0,0,1,0,0,1,2,0
E0000484,TC0000484,P000428,2026-06-12,DEVELOPMENT,1.0,71,16.2,10,14.0,1,0,1,2,1,1,1,3,0.3333333333333333,0.0,0,1,1,0,6,4,0
E0000485,TC0000485,P000429,2026-04-03,DEVELOPMENT,0.0,69,17.6,21,21.0,1,0,0,1,0,0,0,0,0.0,0.0,1,1,0,0,4,4,0
E0000486,TC0000486,P000430,2026-04-25,DEVELOPMENT,0.0,33,13.9,16,21.0,1,0,0,1,0,0,0,0,0.0,0.0,1,1,0,0,4,5,1
E0000487,TC0000487,P000430,2026-06-04,DEVELOPMENT,1.0,33,7.4,8,21.0,1,0,1,2,1,1,1,40,0.025,1.0,0,0,0,0,6,3,0
E0000488,TC0000488,P000432,2026-06-19,DEVELOPMENT,0.0,33,6.4,11,21.0,1,0,1,2,1,0,0,0,0.0,0.0,0,0,0,0,6,4,0
E0000489,TC0000489,P000432,2026-07-29,EVALUATION,,33,6.4,12,7.0,0,1,1,2,1,1,1,40,0.025,2.0,0,0,0,0,7,2,0
E0000490,TC0000490,P000433,2026-04-06,DEVELOPMENT,0.0,18,18.0,23,21.0,1,0,0,1,0,0,0,0,0.0,0.0,0,1,0,0,4,0,0
E0000491,TC0000491,P000434,2026-03-09,DEVELOPMENT,0.0,57,2.6,15,21.0,1,0,0,1,0,0,0,0,0.0,0.0,1,0,0,0,3,0,0
E0000492,TC0000492,P000435,2026-06-30,DEVELOPMENT,1.0,73,29.9,17,30.0,1,0,1,2,1,0,0,0,0.0,0.0,1,1,0,0,6,1,0
E0000493,TC0000493,P000436,2026-06-12,DEVELOPMENT,1.0,40,38.9,24,21.0,1,1,0,2,1,0,0,0,0.0,0.0,0,1,0,0,6,4,0
E0000494,TC0000494,P000437,2026-03-16,DEVELOPMENT,0.0,39,3.6,8,7.0,1,0,1,2,1,0,0,0,0.0,0.0,1,0,0,0,3,0,0
E0000495,TC0000495,P000438,2026-06-18,DEVELOPMENT,0.0,70,16.9,23,21.0,1,0,0,1,0,0,0,0,0.0,0.0,0,1,0,0,6,3,0
E0000496,TC0000496,P000440,2026-01-18,DEVELOPMENT,0.0,28,20.3,19,21.0,1,0,0,1,0,0,0,0,0.0,0.0,0,1,0,0,1,6,1
E0000497,TC0000497,P000441,2026-06-21,DEVELOPMENT,1.0,24,21.0,8,21.0,1,1,0,2,1,0,0,0,0.0,0.0,0,1,0,0,6,6,1
E0000498,TC0000498,P000441,2026-08-15,EVALUATION,,24,25.4,15,21.0,1,0,1,2,1,1,1,55,0.01818181818181818,2.0,1,1,0,0,8,5,1
E0000499,TC0000499,P000442,2026-02-10,DEVELOPMENT,1.0,88,16.8,12,30.0,1,0,1,2,1,0,0,0,0.0,0.0,1,1,0,0,2,1,0
E0000500,TC0000500,P000442,2026-03-05,DEVELOPMENT,1.0,88,22.3,10,7.0,1,0,1,2,1,1,1,23,0.043478260869565216,2.0,0,1,0,0,3,3,0
E0000501,TC0000501,P000443,2026-04-28,DEVELOPMENT,1.0,63,6.5,10,7.0,1,1,1,3,1,0,0,0,0.0,0.0,1,0,0,0,4,1,0
E0000502,TC0000502,P000443,2026-06-04,DEVELOPMENT,1.0,63,6.5,20,21.0,1,1,0,2,1,1,1,37,0.02702702702702703,3.0,0,0,0,0,6,3,0
E0000503,TC0000503,P000444,2026-06-29,DEVELOPMENT,0.0,54,19.6,13,21.0,0,0,0,0,0,0,0,0,0.0,0.0,1,1,0,0,6,0,0
E0000504,TC0000504,P000445,2026-02-15,DEVELOPMENT,1.0,36,35.5,9,14.0,1,1,1,3,1,0,0,0,0.0,0.0,1,1,0,0,2,6,1
E0000505,TC0000505,P000446,2026-04-04,DEVELOPMENT,0.0,66,4.2,23,14.0,1,0,1,2,1,0,0,0,0.0,0.0,0,0,0,0,4,5,1
E0000506,TC0000506,P000446,2026-04-08,DEVELOPMENT,1.0,66,12.6,16,7.0,1,0,1,2,1,1,1,4,0.25,2.0,0,1,0,0,4,2,0
E0000507,TC0000507,P000446,2026-06-19,DEVELOPMENT,0.0,66,4.2,18,21.0,0,1,0,1,0,2,1,76,0.02631578947368421,4.0,0,0,0,0,6,4,0
E0000508,TC0000508,P000447,2026-03-01,DEVELOPMENT,0.0,31,2.6,16,21.0,1,0,0,1,0,0,0,0,0.0,0.0,0,0,0,1,3,6,1
E0000509,TC0000509,P000448,2026-02-28,DEVELOPMENT,0.0,71,14.1,21,7.0,1,1,1,3,1,0,0,0,0.0,0.0,0,1,0,0,2,5,1
E0000510,TC0000510,P000448,2026-03-18,DEVELOPMENT,1.0,71,9.4,11,30.0,1,1,1,3,1,1,1,18,0.05555555555555555,3.0,0,0,0,0,3,2,0
E0000511,TC0000511,P000448,2026-05-12,DEVELOPMENT,1.0,71,14.1,8,7.0,0,1,1,2,1,2,1,73,0.0273972602739726,6.0,0,1,0,0,5,1,0
E0000512,TC0000512,P000449,2026-02-13,DEVELOPMENT,1.0,66,19.2,23,14.0,1,1,1,3,1,0,0,0,0.0,0.0,1,1,0,0,2,4,0
E0000513,TC0000513,P000450,2026-07-05,EVALUATION,,35,7.0,24,21.0,0,1,0,1,0,0,0,0,0.0,0.0,1,0,1,0,7,6,1
E0000514,TC0000514,P000451,2026-07-14,EVALUATION,,39,20.2,13,14.0,0,1,1,2,1,0,0,0,0.0,0.0,0,1,0,0,7,1,0
E0000515,TC0000515,P000451,2026-08-01,EVALUATION,,39,38.9,22,14.0,1,0,1,2,1,1,1,18,0.05555555555555555,2.0,1,1,0,0,8,5,1
E0000516,TC0000516,P000452,2026-03-20,DEVELOPMENT,1.0,27,36.1,19,30.0,1,0,1,2,1,1,1,40,0.025,0.0,0,1,0,0,3,4,0
E0000517,TC0000517,P000452,2026-04-20,DEVELOPMENT,1.0,27,2.2,16,30.0,1,0,1,2,1,2,1,71,0.028169014084507043,2.0,0,0,0,0,4,0,0
E0000518,TC0000518,P000453,2026-07-03,EVALUATION,,45,22.8,21,21.0,1,0,0,1,0,1,1,159,0.006289308176100629,0.0,1,1,0,0,7,4,0
E0000519,TC0000519,P000453,2026-08-09,EVALUATION,,45,29.2,12,21.0,1,0,0,1,0,2,1,196,0.01020408163265306,1.0,0,1,0,0,8,6,1
E0000520,TC0000520,P000455,2026-02-01,DEVELOPMENT,0.0,48,15.5,8,14.0,0,1,1,2,1,0,0,0,0.0,0.0,1,1,0,0,2,6,1
E0000521,TC0000521,P000456,2026-04-25,DEVELOPMENT,0.0,40,29.6,11,21.0,1,0,0,1,0,0,0,0,0.0,0.0,1,1,0,0,4,5,1
E0000522,TC0000522,P000456,2026-06-16,DEVELOPMENT,1.0,40,22.9,11,21.0,1,0,0,1,0,1,1,52,0.019230769230769232,1.0,0,1,0,0,6,1,0
E0000523,TC0000523,P000457,2026-08-03,EVALUATION,,60,23.7,7,14.0,1,0,1,2,1,0,0,0,0.0,0.0,1,1,0,1,8,0,0
E0000524,TC0000524,P000458,2026-04-18,DEVELOPMENT,1.0,74,18.0,23,30.0,0,1,1,2,1,0,0,0,0.0,0.0,0,1,0,0,4,5,1
E0000525,TC0000525,P000460,2026-06-10,DEVELOPMENT,0.0,71,26.6,14,7.0,0,0,1,1,0,0,0,0,0.0,0.0,1,1,0,1,6,2,0
E0000526,TC0000526,P000461,2026-02-13,DEVELOPMENT,1.0,37,35.0,19,21.0,1,0,0,1,0,0,0,0,0.0,0.0,1,1,0,0,2,4,0
E0000527,TC0000527,P000463,2026-05-14,DEVELOPMENT,1.0,56,16.8,10,21.0,1,0,0,1,0,0,0,0,0.0,0.0,1,1,0,0,5,3,0
E0000528,TC0000528,P000463,2026-06-13,DEVELOPMENT,0.0,56,13.2,9,7.0,1,1,1,3,1,1,1,30,0.03333333333333333,1.0,0,1,0,0,6,5,1
E0000529,TC0000529,P000464,2026-05-13,DEVELOPMENT,1.0,25,18.0,19,30.0,1,1,1,3,1,0,0,0,0.0,0.0,0,1,0,0,5,2,0
E0000530,TC0000530,P000465,2026-04-03,DEVELOPMENT,1.0,48,25.4,14,7.0,0,1,1,2,1,0,0,0,0.0,0.0,0,1,0,0,4,4,0
E0000531,TC0000531,P000466,2026-01-11,DEVELOPMENT,1.0,35,26.4,8,7.0,1,0,1,2,1,0,0,0,0.0,0.0,0,1,0,0,1,6,1
E0000532,TC0000532,P000468,2026-07-27,EVALUATION,,78,7.0,15,30.0,1,0,1,2,1,0,0,0,0.0,0.0,1,0,0,1,7,0,0
E0000533,TC0000533,P000469,2026-06-26,DEVELOPMENT,1.0,51,22.1,17,21.0,1,1,1,3,1,0,0,0,0.0,0.0,0,1,0,0,6,4,0
E0000534,TC0000534,P000469,2026-08-04,EVALUATION,,51,22.8,13,14.0,1,0,1,2,1,1,1,39,0.02564102564102564,3.0,1,1,0,0,8,1,0
E0000535,TC0000535,P000470,2026-07-12,EVALUATION,,63,7.6,17,30.0,1,0,1,2,1,0,0,0,0.0,0.0,0,0,0,0,7,6,1
E0000536,TC0000536,P000471,2026-05-30,DEVELOPMENT,0.0,45,16.8,23,21.0,0,0,0,0,0,0,0,0,0.0,0.0,0,1,0,0,5,5,1
E0000537,TC0000537,P000472,2026-05-18,DEVELOPMENT,0.0,18,3.6,16,14.0,1,0,1,2,1,1,1,3,0.3333333333333333,0.0,1,0,0,0,5,0,0
E0000538,TC0000538,P000473,2026-07-28,EVALUATION,,44,11.5,11,7.0,1,0,1,2,1,0,0,0,0.0,0.0,1,1,0,0,7,1,0
E0000539,TC0000539,P000474,2026-07-24,EVALUATION,,50,36.5,9,7.0,1,1,1,3,1,0,0,0,0.0,0.0,0,1,0,1,7,4,0
E0000540,TC0000540,P000475,2026-03-04,DEVELOPMENT,0.0,18,18.4,13,21.0,0,1,0,1,0,0,0,0,0.0,0.0,0,1,0,0,3,2,0
E0000541,TC0000541,P000475,2026-03-29,DEVELOPMENT,1.0,18,18.4,20,30.0,1,1,1,3,1,1,1,25,0.04,1.0,0,1,0,0,3,6,1
E0000542,TC0000542,P000476,2026-06-27,DEVELOPMENT,0.0,39,13.0,15,30.0,1,0,1,2,1,1,1,61,0.01639344262295082,0.0,0,1,0,0,6,5,1
E0000543,TC0000543,P000478,2026-06-09,DEVELOPMENT,0.0,43,28.3,18,21.0,1,0,0,1,0,0,0,0,0.0,0.0,1,1,0,0,6,1,0
E0000544,TC0000544,P000480,2026-06-09,DEVELOPMENT,0.0,18,2.2,22,21.0,1,0,0,1,0,0,0,0,0.0,0.0,0,0,1,0,6,1,0
E0000545,TC0000545,P000480,2026-07-29,EVALUATION,,18,2.2,14,14.0,1,0,1,2,1,1,1,50,0.02,1.0,0,0,1,0,7,2,0
E0000546,TC0000546,P000481,2026-04-21,DEVELOPMENT,1.0,83,22.3,13,7.0,0,0,1,1,0,0,0,0,0.0,0.0,1,1,0,0,4,1,0
E0000547,TC0000547,P000481,2026-05-06,DEVELOPMENT,1.0,83,16.8,23,7.0,1,0,1,2,1,1,1,15,0.06666666666666667,1.0,0,1,0,0,5,2,0
E0000548,TC0000548,P000481,2026-06-03,DEVELOPMENT,1.0,83,22.3,22,21.0,1,1,0,2,1,2,1,43,0.046511627906976744,3.0,1,1,0,0,6,2,0
E0000549,TC0000549,P000482,2026-03-21,DEVELOPMENT,0.0,40,7.3,20,21.0,0,0,1,1,0,0,0,0,0.0,0.0,0,0,0,1,3,5,1
E0000550,TC0000550,P000483,2026-02-01,DEVELOPMENT,1.0,58,9.4,7,21.0,1,0,1,2,1,0,0,0,0.0,0.0,1,0,0,0,2,6,1
E0000551,TC0000551,P000484,2026-04-20,DEVELOPMENT,0.0,63,12.8,18,30.0,1,0,1,2,1,0,0,0,0.0,0.0,0,1,0,0,4,0,0
E0000552,TC0000552,P000485,2026-03-22,DEVELOPMENT,1.0,60,26.3,17,21.0,0,1,1,2,1,0,0,0,0.0,0.0,0,1,0,0,3,6,1
E0000553,TC0000553,P000486,2026-05-07,DEVELOPMENT,1.0,36,28.3,13,21.0,1,0,0,1,0,0,0,0,0.0,0.0,1,1,0,0,5,3,0
E0000554,TC0000554,P000487,2026-05-22,DEVELOPMENT,1.0,75,9.7,24,21.0,1,0,1,2,1,0,0,0,0.0,0.0,0,0,0,1,5,4,0
E0000555,TC0000555,P000488,2026-08-14,EVALUATION,,25,29.2,10,21.0,1,1,0,2,1,0,0,0,0.0,0.0,0,1,1,0,8,4,0
E0000556,TC0000556,P000489,2026-01-30,DEVELOPMENT,1.0,84,36.3,11,21.0,1,1,0,2,1,0,0,0,0.0,0.0,0,1,0,0,1,4,0
E0000557,TC0000557,P000490,2026-06-05,DEVELOPMENT,1.0,87,25.8,22,7.0,0,1,1,2,1,0,0,0,0.0,0.0,0,1,0,0,6,4,0
E0000558,TC0000558,P000491,2026-02-23,DEVELOPMENT,0.0,44,21.3,21,21.0,0,0,0,0,0,0,0,0,0.0,0.0,0,1,0,0,2,0,0
E0000559,TC0000559,P000391,2026-04-22,DEVELOPMENT,1.0,63,25.7,17,30.0,1,0,1,2,1,0,0,0,0.0,2.0,0,1,0,0,4,2,0
E0000560,TC0000560,P000391,2026-06-04,DEVELOPMENT,0.0,63,20.0,22,21.0,1,0,0,1,0,1,1,43,0.023255813953488372,4.0,0,1,0,0,6,3,0
E0000561,TC0000561,P000391,2026-07-09,EVALUATION,,63,19.6,7,7.0,1,1,1,3,1,2,1,78,0.02564102564102564,5.0,1,1,0,0,7,3,0
E0000562,TC0000562,P000493,2026-04-11,DEVELOPMENT,1.0,18,16.9,11,7.0,0,1,1,2,1,0,0,0,0.0,0.0,1,1,0,0,4,5,1
E0000563,TC0000563,P000493,2026-05-10,DEVELOPMENT,0.0,18,16.9,15,21.0,0,0,0,0,0,1,1,29,0.034482758620689655,2.0,0,1,0,0,5,6,1
E0000564,TC0000564,P000494,2026-03-25,DEVELOPMENT,1.0,73,16.2,24,14.0,1,1,1,3,1,0,0,0,0.0,0.0,0,1,0,0,3,2,0
E0000565,TC0000565,P000495,2026-03-16,DEVELOPMENT,1.0,26,21.0,11,14.0,1,0,1,2,1,0,0,0,0.0,0.0,0,1,0,0,3,0,0
E0000566,TC0000566,P000496,2026-04-28,DEVELOPMENT,0.0,29,36.3,17,7.0,1,0,1,2,1,1,1,115,0.008695652173913044,0.0,0,1,0,0,4,1,0
E0000567,TC0000567,P000496,2026-06-03,DEVELOPMENT,0.0,29,36.3,11,30.0,0,0,1,1,0,4,1,151,0.026490066225165563,2.0,0,1,0,0,6,2,0
E0000568,TC0000568,P000497,2026-05-05,DEVELOPMENT,1.0,67,19.2,22,7.0,1,1,1,3,1,0,0,0,0.0,0.0,0,1,0,0,5,1,0
E0000569,TC0000569,P000497,2026-05-14,DEVELOPMENT,0.0,67,19.2,9,21.0,1,0,0,1,0,1,1,9,0.1111111111111111,3.0,1,1,0,0,5,3,0
E0000570,TC0000570,P000498,2026-05-12,DEVELOPMENT,0.0,33,8.7,20,30.0,1,0,1,2,1,0,0,0,0.0,0.0,1,0,0,0,5,1,0
E0000571,TC0000571,P000498,2026-06-08,DEVELOPMENT,0.0,33,12.6,24,21.0,1,0,1,2,1,1,1,27,0.037037037037037035,2.0,1,1,0,0,6,0,0
E0000572,TC0000572,P000499,2026-02-13,DEVELOPMENT,1.0,32,23.7,9,7.0,1,0,1,2,1,0,0,0,0.0,0.0,0,1,0,0,2,4,0
E0000573,TC0000573,P000500,2026-03-13,DEVELOPMENT,0.0,47,7.0,9,7.0,1,1,1,3,1,0,0,0,0.0,0.0,0,0,0,1,3,4,0
E0000574,TC0000574,P000501,2026-03-21,DEVELOPMENT,0.0,21,6.6,10,30.0,0,0,1,1,0,0,0,0,0.0,0.0,1,0,0,0,3,5,1
E0000575,TC0000575,P000501,2026-05-19,DEVELOPMENT,0.0,21,13.9,19,21.0,0,0,0,0,0,1,1,59,0.01694915254237288,1.0,0,1,0,0,5,1,0
E0000576,TC0000576,P000502,2026-02-15,DEVELOPMENT,1.0,44,28.2,7,21.0,1,0,0,1,0,0,0,0,0.0,0.0,1,1,0,1,2,6,1
E0000577,TC0000577,P000503,2026-05-15,DEVELOPMENT,0.0,48,6.7,18,14.0,1,0,1,2,1,0,0,0,0.0,0.0,1,0,0,0,5,4,0
E0000578,TC0000578,P000504,2026-08-08,EVALUATION,,33,35.4,21,7.0,1,1,1,3,1,2,1,51,0.0392156862745098,0.0,0,1,1,0,8,5,1
E0000579,TC0000579,P000112,2026-03-10,DEVELOPMENT,0.0,43,5.6,23,30.0,1,1,1,3,1,0,0,0,0.0,0.0,0,0,1,0,3,1,0
E0000580,TC0000580,P000505,2026-07-18,EVALUATION,,70,2.6,17,21.0,1,1,1,3,1,0,0,0,0.0,0.0,0,0,0,0,7,5,1
E0000581,TC0000581,P000506,2026-04-24,DEVELOPMENT,0.0,51,29.7,10,21.0,0,0,0,0,0,0,0,0,0.0,0.0,0,1,0,0,4,4,0
E0000582,TC0000582,P000508,2026-02-10,DEVELOPMENT,0.0,46,21.1,8,21.0,1,0,0,1,0,0,0,0,0.0,0.0,1,1,0,0,2,1,0
E0000583,TC0000583,P000509,2026-07-17,EVALUATION,,76,19.9,24,14.0,1,1,1,3,1,0,0,0,0.0,0.0,0,1,0,0,7,4,0
E0000584,TC0000584,P000510,2026-02-25,DEVELOPMENT,1.0,53,21.7,11,14.0,1,0,1,2,1,1,1,15,0.06666666666666667,0.0,1,1,0,0,2,2,0
E0000585,TC0000585,P000510,2026-05-13,DEVELOPMENT,0.0,53,15.5,19,7.0,1,0,1,2,1,2,1,92,0.021739130434782608,2.0,1,1,0,0,5,2,0
E0000586,TC0000586,P000511,2026-06-07,DEVELOPMENT,1.0,59,38.9,22,7.0,1,1,1,3,1,0,0,0,0.0,0.0,0,1,0,0,6,6,1
E0000587,TC0000587,P000511,2026-07-21,EVALUATION,,59,26.4,15,21.0,1,1,1,3,1,1,1,44,0.022727272727272728,3.0,1,1,0,0,7,1,0
E0000588,TC0000588,P000512,2026-01-16,DEVELOPMENT,0.0,59,16.8,11,21.0,1,1,1,3,1,0,0,0,0.0,0.0,1,1,0,0,1,4,0
E0000589,TC0000589,P000421,2026-08-15,EVALUATION,,50,29.2,7,14.0,1,0,1,2,1,1,1,83,0.012048192771084338,3.0,1,1,0,0,8,5,1
E0000590,TC0000590,P000514,2026-04-16,DEVELOPMENT,0.0,55,25.7,21,7.0,0,0,1,1,0,0,0,0,0.0,0.0,0,1,0,0,4,3,0
E0000591,TC0000591,P000516,2026-06-02,DEVELOPMENT,0.0,55,38.9,24,30.0,1,1,1,3,1,0,0,0,0.0,0.0,0,1,0,0,6,1,0
E0000592,TC0000592,P000517,2026-04-23,DEVELOPMENT,0.0,18,7.6,18,14.0,1,1,1,3,1,1,1,57,0.017543859649122806,0.0,0,0,0,0,4,3,0
E0000593,TC0000593,P000517,2026-05-29,DEVELOPMENT,0.0,18,19.5,7,7.0,1,0,1,2,1,2,1,93,0.021505376344086023,3.0,0,1,0,0,5,4,0
E0000594,TC0000594,P000518,2026-03-22,DEVELOPMENT,0.0,50,19.2,19,21.0,1,0,0,1,0,0,0,0,0.0,0.0,0,1,0,0,3,6,1
E0000595,TC0000595,P000518,2026-04-30,DEVELOPMENT,0.0,50,22.3,17,21.0,1,0,0,1,0,1,1,39,0.02564102564102564,1.0,1,1,0,0,4,3,0
E0000596,TC0000596,P000519,2026-05-21,DEVELOPMENT,1.0,48,11.4,14,7.0,1,0,1,2,1,0,0,0,0.0,0.0,0,1,0,0,5,3,0
E0000597,TC0000597,P000520,2026-05-30,DEVELOPMENT,0.0,25,13.2,12,21.0,1,0,1,2,1,0,0,0,0.0,0.0,0,1,0,0,5,5,1
E0000598,TC0000598,P000521,2026-01-10,DEVELOPMENT,0.0,77,36.3,22,21.0,1,0,0,1,0,0,0,0,0.0,0.0,0,1,0,0,1,5,1
E0000599,TC0000599,P000522,2026-07-30,EVALUATION,,67,26.6,21,7.0,1,0,1,2,1,0,0,0,0.0,0.0,0,1,0,0,7,3,0
E0000600,TC0000600,P000523,2026-04-19,DEVELOPMENT,1.0,50,26.4,17,30.0,1,1,1,3,1,0,0,0,0.0,0.0,0,1,0,0,4,6,1
E0000601,TC0000601,P000528,2026-06-03,DEVELOPMENT,1.0,62,22.2,23,14.0,1,1,1,3,1,0,0,0,0.0,0.0,0,1,0,0,6,2,0
E0000602,TC0000602,P000530,2026-07-14,EVALUATION,,36,26.4,21,21.0,1,1,0,2,1,0,0,0,0.0,0.0,0,1,0,0,7,1,0
E0000603,TC0000603,P000532,2026-01-15,DEVELOPMENT,1.0,33,27.8,21,14.0,1,1,1,3,1,0,0,0,0.0,0.0,0,1,0,0,1,3,0
E0000604,TC0000604,P000533,2026-05-18,DEVELOPMENT,1.0,36,25.4,8,30.0,1,0,1,2,1,0,0,0,0.0,0.0,1,1,0,0,5,0,0
E0000605,TC0000605,P000534,2026-07-12,EVALUATION,,33,25.7,11,14.0,0,0,1,1,0,0,0,0,0.0,0.0,0,1,0,0,7,6,1
E0000606,TC0000606,P000535,2026-04-06,DEVELOPMENT,1.0,53,25.4,10,21.0,0,1,0,1,0,0,0,0,0.0,0.0,0,1,0,0,4,0,0
E0000607,TC0000607,P000538,2026-02-16,DEVELOPMENT,0.0,47,38.9,11,30.0,1,0,1,2,1,0,0,0,0.0,0.0,0,1,0,0,2,0,0
E0000608,TC0000608,P000539,2026-06-15,DEVELOPMENT,1.0,39,16.2,17,14.0,0,0,1,1,0,0,0,0,0.0,0.0,0,1,0,0,6,0,0
E0000609,TC0000609,P000071,2026-03-18,DEVELOPMENT,1.0,22,20.6,12,7.0,1,1,1,3,1,0,0,0,0.0,3.0,1,1,0,0,3,2,0
E0000610,TC0000610,P000541,2026-06-24,DEVELOPMENT,1.0,40,27.6,16,21.0,0,1,1,2,1,0,0,0,0.0,0.0,0,1,1,0,6,2,0
E0000611,TC0000611,P000541,2026-07-22,EVALUATION,,40,27.6,9,7.0,0,0,1,1,0,1,1,28,0.03571428571428571,2.0,1,1,1,0,7,2,0
E0000612,TC0000612,P000543,2026-04-13,DEVELOPMENT,0.0,45,5.6,21,21.0,1,0,0,1,0,1,1,43,0.023255813953488372,0.0,1,0,0,0,4,0,0
E0000613,TC0000613,P000544,2026-04-18,DEVELOPMENT,0.0,30,19.7,18,7.0,0,0,1,1,0,0,0,0,0.0,0.0,1,1,1,0,4,5,1
E0000614,TC0000614,P000545,2026-01-04,DEVELOPMENT,0.0,18,19.6,17,7.0,1,0,1,2,1,0,0,0,0.0,0.0,0,1,0,0,1,6,1
E0000615,TC0000615,P000545,2026-03-08,DEVELOPMENT,1.0,18,19.6,12,14.0,1,1,1,3,1,1,1,63,0.015873015873015872,2.0,0,1,0,0,3,6,1
E0000616,TC0000616,P000546,2026-04-26,DEVELOPMENT,0.0,35,36.3,8,14.0,0,0,1,1,0,0,0,0,0.0,0.0,1,1,0,0,4,6,1
E0000617,TC0000617,P000548,2026-05-27,DEVELOPMENT,0.0,58,18.7,20,30.0,1,1,1,3,1,0,0,0,0.0,0.0,1,1,0,0,5,2,0
E0000618,TC0000618,P000549,2026-06-13,DEVELOPMENT,1.0,66,26.6,12,21.0,1,1,0,2,1,0,0,0,0.0,0.0,0,1,0,0,6,5,1
E0000619,TC0000619,P000550,2026-03-03,DEVELOPMENT,0.0,45,9.4,17,21.0,1,0,0,1,0,0,0,0,0.0,0.0,0,0,0,0,3,1,0
E0000620,TC0000620,P000550,2026-03-07,DEVELOPMENT,0.0,45,9.4,8,30.0,1,0,1,2,1,1,1,4,0.25,1.0,1,0,0,0,3,5,1
E0000621,TC0000621,P000551,2026-08-05,EVALUATION,,51,4.2,16,21.0,1,0,0,1,0,0,0,0,0.0,0.0,1,0,1,0,8,2,0
E0000622,TC0000622,P000552,2026-01-24,DEVELOPMENT,0.0,41,21.3,17,14.0,1,0,1,2,1,0,0,0,0.0,0.0,1,1,0,0,1,5,1
E0000623,TC0000623,P000552,2026-02-24,DEVELOPMENT,1.0,41,20.6,10,21.0,1,1,0,2,1,1,1,31,0.03225806451612903,2.0,0,1,0,0,2,1,0
E0000624,TC0000624,P000556,2026-06-19,DEVELOPMENT,0.0,39,15.5,17,14.0,1,0,1,2,1,1,1,49,0.02040816326530612,0.0,0,1,0,0,6,4,0
E0000625,TC0000625,P000557,2026-06-12,DEVELOPMENT,0.0,25,7.4,14,21.0,1,0,0,1,0,0,0,0,0.0,0.0,1,0,0,1,6,4,0
E0000626,TC0000626,P000559,2026-04-18,DEVELOPMENT,1.0,59,16.8,10,30.0,1,0,1,2,1,0,0,0,0.0,0.0,0,1,1,0,4,5,1
E0000627,TC0000627,P000560,2026-07-12,EVALUATION,,66,13.9,11,21.0,1,1,0,2,1,0,0,0,0.0,0.0,0,1,0,0,7,6,1
E0000628,TC0000628,P000561,2026-05-28,DEVELOPMENT,1.0,32,20.3,18,7.0,1,1,1,3,1,2,1,77,0.025974025974025976,0.0,1,1,0,0,5,3,0
E0000629,TC0000629,P000562,2026-06-02,DEVELOPMENT,0.0,56,13.9,14,14.0,1,0,1,2,1,0,0,0,0.0,0.0,0,1,1,0,6,1,0
E0000630,TC0000630,P000563,2026-01-02,DEVELOPMENT,0.0,43,25.4,24,21.0,0,0,0,0,0,0,0,0,0.0,0.0,0,1,0,0,1,4,0
E0000631,TC0000631,P000564,2026-04-20,DEVELOPMENT,0.0,39,13.2,8,21.0,1,0,1,2,1,0,0,0,0.0,0.0,0,1,0,0,4,0,0
E0000632,TC0000632,P000564,2026-05-14,DEVELOPMENT,0.0,39,22.3,16,21.0,0,0,1,1,0,1,1,24,0.041666666666666664,2.0,1,1,0,0,5,3,0
E0000633,TC0000633,P000565,2026-03-25,DEVELOPMENT,0.0,61,21.7,22,7.0,0,0,1,1,0,0,0,0,0.0,0.0,0,1,0,0,3,2,0
E0000634,TC0000634,P000565,2026-07-19,EVALUATION,,61,21.7,21,21.0,1,0,1,2,1,1,1,116,0.008620689655172414,1.0,1,1,0,0,7,6,1
E0000635,TC0000635,P000566,2026-06-23,DEVELOPMENT,1.0,26,16.9,13,30.0,0,0,1,1,0,0,0,0,0.0,0.0,0,1,0,0,6,1,0
E0000636,TC0000636,P000567,2026-05-14,DEVELOPMENT,1.0,51,17.3,18,21.0,1,1,0,2,1,0,0,0,0.0,0.0,0,1,0,0,5,3,0
E0000637,TC0000637,P000569,2026-06-02,DEVELOPMENT,1.0,44,4.1,23,7.0,1,1,1,3,1,0,0,0,0.0,0.0,0,0,0,0,6,1,0
E0000638,TC0000638,P000570,2026-05-19,DEVELOPMENT,1.0,61,23.1,21,21.0,1,0,0,1,0,0,0,0,0.0,0.0,1,1,1,0,5,1,0
E0000639,TC0000639,P000571,2026-02-08,DEVELOPMENT,0.0,43,16.9,23,21.0,1,0,1,2,1,0,0,0,0.0,0.0,0,1,0,0,2,6,1
E0000640,TC0000640,P000572,2026-07-14,EVALUATION,,18,13.2,22,21.0,1,0,1,2,1,0,0,0,0.0,0.0,0,1,0,0,7,1,0
E0000641,TC0000641,P000573,2026-05-09,DEVELOPMENT,1.0,35,19.2,11,21.0,1,0,0,1,0,0,0,0,0.0,0.0,1,1,0,0,5,5,1
E0000642,TC0000642,P000573,2026-06-20,DEVELOPMENT,1.0,35,22.4,16,21.0,0,1,0,1,0,1,1,42,0.023809523809523808,1.0,1,1,0,0,6,5,1
E0000643,TC0000643,P000574,2026-02-07,DEVELOPMENT,1.0,34,27.8,14,14.0,1,0,1,2,1,0,0,0,0.0,0.0,0,1,0,0,2,5,1
E0000644,TC0000644,P000574,2026-07-18,EVALUATION,,34,11.9,20,21.0,1,0,0,1,0,1,1,161,0.006211180124223602,2.0,0,1,0,0,7,5,1
E0000645,TC0000645,P000575,2026-01-09,DEVELOPMENT,1.0,44,27.6,17,21.0,1,0,1,2,1,0,0,0,0.0,0.0,1,1,0,0,1,4,0
E0000646,TC0000646,P000576,2026-01-01,DEVELOPMENT,1.0,58,6.7,10,7.0,1,1,1,3,1,0,0,0,0.0,0.0,0,0,0,0,1,3,0
E0000647,TC0000647,P000577,2026-05-01,DEVELOPMENT,0.0,41,13.0,22,14.0,1,1,1,3,1,0,0,0,0.0,0.0,0,1,0,0,5,4,0
E0000648,TC0000648,P000579,2026-06-15,DEVELOPMENT,0.0,37,28.2,13,7.0,1,0,1,2,1,0,0,0,0.0,0.0,0,1,0,0,6,0,0
E0000649,TC0000649,P000581,2026-04-01,DEVELOPMENT,0.0,54,11.3,20,7.0,1,0,1,2,1,0,0,0,0.0,0.0,0,1,0,0,4,2,0
E0000650,TC0000650,P000582,2026-04-08,DEVELOPMENT,0.0,54,38.9,14,21.0,1,0,0,1,0,0,0,0,0.0,0.0,0,1,0,0,4,2,0
E0000651,TC0000651,P000582,2026-04-17,DEVELOPMENT,1.0,54,20.2,13,30.0,1,0,1,2,1,1,1,9,0.1111111111111111,1.0,0,1,0,0,4,4,0
E0000652,TC0000652,P000582,2026-07-13,EVALUATION,,54,20.2,23,14.0,1,0,1,2,1,2,1,96,0.020833333333333332,3.0,1,1,0,0,7,0,0
E0000653,TC0000653,P000583,2026-07-22,EVALUATION,,56,10.8,24,21.0,0,1,1,2,1,0,0,0,0.0,0.0,1,1,0,1,7,2,0
E0000654,TC0000654,P000584,2026-03-06,DEVELOPMENT,1.0,32,18.7,22,21.0,1,1,1,3,1,0,0,0,0.0,0.0,1,1,0,1,3,4,0
E0000655,TC0000655,P000585,2026-01-19,DEVELOPMENT,0.0,44,13.0,20,21.0,0,1,0,1,0,0,0,0,0.0,0.0,0,1,0,0,1,0,0
E0000656,TC0000656,P000586,2026-07-15,EVALUATION,,69,6.4,18,21.0,1,0,0,1,0,0,0,0,0.0,0.0,1,0,0,0,7,2,0
E0000657,TC0000657,P000587,2026-04-30,DEVELOPMENT,0.0,52,20.3,22,21.0,1,0,1,2,1,1,1,32,0.03125,0.0,0,1,0,0,4,3,0
E0000658,TC0000658,P000588,2026-01-15,DEVELOPMENT,1.0,60,23.7,20,14.0,1,0,1,2,1,0,0,0,0.0,0.0,0,1,0,0,1,3,0
E0000659,TC0000659,P000589,2026-07-09,EVALUATION,,59,9.7,13,21.0,1,0,0,1,0,0,0,0,0.0,0.0,0,0,0,0,7,3,0
E0000660,TC0000660,P000590,2026-05-23,DEVELOPMENT,1.0,58,1.4,9,7.0,1,0,1,2,1,0,0,0,0.0,0.0,1,0,0,1,5,5,1
E0000661,TC0000661,P000591,2026-07-28,EVALUATION,,52,19.9,9,21.0,1,0,0,1,0,0,0,0,0.0,0.0,0,1,0,0,7,1,0
E0000662,TC0000662,P000592,2026-01-04,DEVELOPMENT,0.0,76,7.3,23,7.0,1,0,1,2,1,0,0,0,0.0,0.0,1,0,0,0,1,6,1
E0000663,TC0000663,P000592,2026-02-20,DEVELOPMENT,1.0,76,7.3,21,7.0,1,1,1,3,1,2,1,47,0.0425531914893617,2.0,0,0,0,0,2,4,0
E0000664,TC0000664,P000592,2026-04-01,DEVELOPMENT,0.0,76,7.3,10,21.0,0,1,0,1,0,3,1,87,0.034482758620689655,5.0,0,0,0,0,4,2,0
E0000665,TC0000665,P000593,2026-03-31,DEVELOPMENT,0.0,42,29.9,16,14.0,1,1,1,3,1,0,0,0,0.0,0.0,0,1,1,0,3,1,0
E0000666,TC0000666,P000593,2026-04-27,DEVELOPMENT,0.0,42,36.1,20,14.0,1,0,1,2,1,1,1,27,0.037037037037037035,3.0,1,1,1,0,4,0,0
E0000667,TC0000667,P000594,2026-05-23,DEVELOPMENT,0.0,18,12.6,7,21.0,1,0,0,1,0,0,0,0,0.0,0.0,1,1,0,0,5,5,1
E0000668,TC0000668,P000595,2026-02-19,DEVELOPMENT,0.0,60,7.3,16,21.0,0,1,0,1,0,1,1,11,0.09090909090909091,0.0,1,0,0,0,2,3,0
E0000669,TC0000669,P000596,2026-05-04,DEVELOPMENT,1.0,57,18.7,13,21.0,1,0,0,1,0,2,1,118,0.01694915254237288,0.0,1,1,0,0,5,0,0
E0000670,TC0000670,P000598,2026-07-27,EVALUATION,,48,10.4,24,14.0,1,1,1,3,1,0,0,0,0.0,0.0,0,1,0,0,7,0,0
E0000671,TC0000671,P000599,2026-03-24,DEVELOPMENT,0.0,44,28.2,16,30.0,1,0,1,2,1,0,0,0,0.0,0.0,0,1,0,0,3,1,0
E0000672,TC0000672,P000600,2026-07-19,EVALUATION,,32,21.7,9,30.0,1,0,1,2,1,0,0,0,0.0,0.0,1,1,0,0,7,6,1
E0000673,TC0000673,P000601,2026-05-12,DEVELOPMENT,1.0,44,22.3,12,21.0,0,1,1,2,1,0,0,0,0.0,0.0,0,1,0,1,5,1,0
E0000674,TC0000674,P000602,2026-07-10,EVALUATION,,19,35.4,7,21.0,1,0,0,1,0,0,0,0,0.0,0.0,0,1,0,0,7,4,0
E0000675,TC0000675,P000604,2026-01-17,DEVELOPMENT,0.0,25,2.2,8,21.0,1,0,0,1,0,0,0,0,0.0,0.0,0,0,0,0,1,5,1
E0000676,TC0000676,P000605,2026-02-10,DEVELOPMENT,0.0,35,25.7,11,7.0,1,1,1,3,1,0,0,0,0.0,0.0,1,1,0,0,2,1,0
E0000677,TC0000677,P000606,2026-04-13,DEVELOPMENT,1.0,58,36.5,14,7.0,1,0,1,2,1,0,0,0,0.0,0.0,0,1,0,1,4,0,0
E0000678,TC0000678,P000606,2026-07-26,EVALUATION,,58,6.7,8,30.0,1,0,1,2,1,1,1,104,0.009615384615384616,2.0,0,0,0,1,7,6,1
E0000679,TC0000679,P000607,2026-05-01,DEVELOPMENT,0.0,69,36.3,21,21.0,1,0,0,1,0,0,0,0,0.0,0.0,0,1,1,0,5,4,0
E0000680,TC0000680,P000610,2026-02-17,DEVELOPMENT,0.0,19,7.3,12,14.0,1,1,1,3,1,0,0,0,0.0,0.0,0,0,0,0,2,1,0
E0000681,TC0000681,P000610,2026-07-15,EVALUATION,,19,22.2,24,14.0,1,0,1,2,1,1,1,148,0.006756756756756757,3.0,0,1,0,0,7,2,0
E0000682,TC0000682,P000611,2026-05-13,DEVELOPMENT,1.0,20,29.4,7,7.0,1,0,1,2,1,0,0,0,0.0,0.0,0,1,0,0,5,2,0
E0000683,TC0000683,P000613,2026-01-06,DEVELOPMENT,0.0,70,12.6,21,14.0,1,0,1,2,1,0,0,0,0.0,0.0,1,1,0,0,1,1,0
E0000684,TC0000684,P000613,2026-04-29,DEVELOPMENT,1.0,70,4.2,22,14.0,1,0,1,2,1,1,1,113,0.008849557522123894,2.0,0,0,0,0,4,2,0
E0000685,TC0000685,P000614,2026-08-07,EVALUATION,,39,6.6,16,21.0,1,0,0,1,0,0,0,0,0.0,0.0,0,0,0,0,8,4,0
E0000686,TC0000686,P000615,2026-03-05,DEVELOPMENT,1.0,52,22.3,10,21.0,1,1,1,3,1,0,0,0,0.0,0.0,0,1,0,0,3,3,0
E0000687,TC0000687,P000615,2026-06-13,DEVELOPMENT,1.0,52,22.3,16,30.0,1,1,1,3,1,1,1,100,0.01,3.0,0,1,0,0,6,5,1
E0000688,TC0000688,P000616,2026-05-10,DEVELOPMENT,0.0,39,33.3,19,30.0,0,0,1,1,0,0,0,0,0.0,0.0,1,1,0,0,5,6,1
E0000689,TC0000689,P001034,2026-03-16,DEVELOPMENT,1.0,18,29.9,17,21.0,1,0,0,1,0,1,1,19,0.05263157894736842,0.0,0,1,0,0,3,0,0
E0000690,TC0000690,P000618,2026-04-16,DEVELOPMENT,1.0,26,25.4,23,14.0,1,1,1,3,1,0,0,0,0.0,0.0,0,1,0,0,4,3,0
E0000691,TC0000691,P000618,2026-08-08,EVALUATION,,26,25.4,7,7.0,0,0,1,1,0,1,1,114,0.008771929824561403,3.0,0,1,0,0,8,5,1
E0000692,TC0000692,P000619,2026-03-28,DEVELOPMENT,0.0,40,25.4,17,21.0,0,0,0,0,0,0,0,0,0.0,0.0,0,1,0,0,3,5,1
E0000693,TC0000693,P000620,2026-04-10,DEVELOPMENT,1.0,42,5.6,15,14.0,1,1,1,3,1,0,0,0,0.0,0.0,0,0,0,0,4,4,0
E0000694,TC0000694,P000621,2026-02-25,DEVELOPMENT,0.0,74,5.6,10,14.0,0,0,1,1,0,0,0,0,0.0,0.0,0,0,0,0,2,2,0
E0000695,TC0000695,P000622,2026-06-23,DEVELOPMENT,1.0,23,36.1,23,14.0,1,0,1,2,1,0,0,0,0.0,0.0,1,1,1,0,6,1,0
E0000696,TC0000696,P000623,2026-01-23,DEVELOPMENT,0.0,64,22.2,18,21.0,0,0,0,0,0,0,0,0,0.0,0.0,0,1,0,0,1,4,0
E0000697,TC0000697,P000624,2026-02-03,DEVELOPMENT,0.0,22,9.7,22,7.0,1,0,1,2,1,0,0,0,0.0,0.0,0,0,0,0,2,1,0
E0000698,TC0000698,P000625,2026-03-01,DEVELOPMENT,1.0,40,26.4,21,21.0,1,0,0,1,0,0,0,0,0.0,0.0,1,1,0,0,3,6,1
E0000699,TC0000699,P000625,2026-05-24,DEVELOPMENT,1.0,40,20.2,18,21.0,1,0,0,1,0,1,1,84,0.011904761904761904,1.0,1,1,0,0,5,6,1
E0000700,TC0000700,P000236,2026-03-25,DEVELOPMENT,1.0,54,6.4,12,21.0,0,1,0,1,0,0,0,0,0.0,1.0,1,0,0,0,3,2,0
E0000701,TC0000701,P000236,2026-06-16,DEVELOPMENT,0.0,54,3.6,21,21.0,0,1,1,2,1,1,1,83,0.012048192771084338,2.0,0,0,0,0,6,1,0
E0000702,TC0000702,P000627,2026-07-18,EVALUATION,,60,20.0,14,30.0,1,0,1,2,1,0,0,0,0.0,0.0,0,1,0,0,7,5,1
E0000703,TC0000703,P000629,2026-03-02,DEVELOPMENT,0.0,39,7.6,12,21.0,0,1,0,1,0,0,0,0,0.0,0.0,0,0,0,0,3,0,0
E0000704,TC0000704,P000630,2026-01-14,DEVELOPMENT,1.0,18,12.8,11,21.0,1,1,1,3,1,0,0,0,0.0,0.0,0,1,0,0,1,2,0
E0000705,TC0000705,P000630,2026-07-19,EVALUATION,,18,17.2,10,14.0,1,1,1,3,1,1,1,186,0.005376344086021506,3.0,0,1,0,0,7,6,1
E0000706,TC0000706,P000631,2026-05-24,DEVELOPMENT,0.0,18,4.2,24,21.0,0,0,0,0,0,0,0,0,0.0,0.0,0,0,1,0,5,6,1
E0000707,TC0000707,P000632,2026-05-08,DEVELOPMENT,1.0,71,18.7,7,14.0,0,1,1,2,1,0,0,0,0.0,0.0,0,1,0,0,5,4,0
E0000708,TC0000708,P000633,2026-02-05,DEVELOPMENT,1.0,57,20.6,15,30.0,1,1,1,3,1,0,0,0,0.0,0.0,0,1,0,0,2,3,0
E0000709,TC0000709,P000633,2026-05-04,DEVELOPMENT,0.0,57,20.6,23,21.0,1,1,0,2,1,1,1,88,0.011363636363636364,3.0,0,1,0,0,5,0,0
E0000710,TC0000710,P000634,2026-05-17,DEVELOPMENT,1.0,65,29.9,13,21.0,1,1,1,3,1,0,0,0,0.0,0.0,0,1,0,0,5,6,1
E0000711,TC0000711,P000635,2026-03-08,DEVELOPMENT,1.0,66,22.3,9,21.0,1,0,0,1,0,0,0,0,0.0,0.0,1,1,1,0,3,6,1
E0000712,TC0000712,P000636,2026-01-18,DEVELOPMENT,1.0,59,22.9,10,21.0,1,1,1,3,1,0,0,0,0.0,0.0,0,1,1,0,1,6,1
E0000713,TC0000713,P000639,2026-03-04,DEVELOPMENT,1.0,58,11.3,21,30.0,0,1,1,2,1,1,1,39,0.02564102564102564,0.0,0,1,1,0,3,2,0
E0000714,TC0000714,P000640,2026-01-25,DEVELOPMENT,0.0,23,20.6,15,7.0,0,0,1,1,0,0,0,0,0.0,0.0,0,1,0,0,1,6,1
E0000715,TC0000715,P000641,2026-03-13,DEVELOPMENT,0.0,51,16.9,19,21.0,1,0,0,1,0,0,0,0,0.0,0.0,0,1,0,0,3,4,0
E0000716,TC0000716,P000642,2026-06-30,DEVELOPMENT,1.0,46,18.7,24,21.0,1,0,0,1,0,0,0,0,0.0,0.0,1,1,1,0,6,1,0
E0000717,TC0000717,P000642,2026-07-13,EVALUATION,,46,2.6,20,30.0,1,0,1,2,1,1,1,13,0.07692307692307693,1.0,0,0,1,0,7,0,0
E0000718,TC0000718,P000643,2026-03-28,DEVELOPMENT,0.0,18,22.1,7,7.0,1,0,1,2,1,0,0,0,0.0,0.0,0,1,0,0,3,5,1
E0000719,TC0000719,P000643,2026-06-25,DEVELOPMENT,0.0,18,22.1,13,21.0,0,0,0,0,0,2,1,89,0.02247191011235955,2.0,0,1,0,0,6,3,0
E0000720,TC0000720,P000644,2026-03-05,DEVELOPMENT,1.0,61,26.4,8,21.0,1,0,0,1,0,0,0,0,0.0,0.0,1,1,0,0,3,3,0
E0000721,TC0000721,P000644,2026-08-14,EVALUATION,,61,26.4,16,7.0,1,0,1,2,1,1,1,162,0.006172839506172839,1.0,0,1,0,0,8,4,0
E0000722,TC0000722,P000645,2026-04-24,DEVELOPMENT,0.0,54,7.3,11,21.0,0,0,0,0,0,0,0,0,0.0,0.0,0,0,0,0,4,4,0
E0000723,TC0000723,P000646,2026-01-01,DEVELOPMENT,1.0,50,36.3,23,21.0,1,1,0,2,1,0,0,0,0.0,0.0,0,1,0,0,1,3,0
E0000724,TC0000724,P000646,2026-01-07,DEVELOPMENT,0.0,50,23.1,7,21.0,0,0,0,0,0,1,1,6,0.16666666666666666,2.0,0,1,0,0,1,2,0
E0000725,TC0000725,P000647,2026-02-04,DEVELOPMENT,1.0,88,6.7,20,21.0,1,0,0,1,0,0,0,0,0.0,0.0,1,0,0,0,2,2,0
E0000726,TC0000726,P000651,2026-04-28,DEVELOPMENT,1.0,69,18.7,18,21.0,1,0,1,2,1,0,0,0,0.0,0.0,1,1,0,0,4,1,0
E0000727,TC0000727,P000404,2026-03-29,DEVELOPMENT,1.0,27,36.5,16,14.0,1,0,1,2,1,0,0,0,0.0,0.0,0,1,0,0,3,6,1
E0000728,TC0000728,P000148,2026-07-09,EVALUATION,,45,18.7,17,7.0,1,1,1,3,1,0,0,0,0.0,0.0,0,1,0,0,7,3,0
E0000729,TC0000729,P000654,2026-05-13,DEVELOPMENT,0.0,63,18.7,21,14.0,1,0,1,2,1,0,0,0,0.0,0.0,1,1,0,0,5,2,0
E0000730,TC0000730,P000655,2026-07-02,EVALUATION,,75,23.7,24,30.0,0,0,1,1,0,0,0,0,0.0,0.0,0,1,0,0,7,3,0
E0000731,TC0000731,P000657,2026-04-20,DEVELOPMENT,1.0,48,18.0,20,14.0,1,1,1,3,1,0,0,0,0.0,0.0,0,1,0,0,4,0,0
E0000732,TC0000732,P000658,2026-01-11,DEVELOPMENT,1.0,68,8.3,19,14.0,1,0,1,2,1,0,0,0,0.0,0.0,0,0,0,0,1,6,1
E0000733,TC0000733,P000659,2026-05-26,DEVELOPMENT,1.0,58,27.6,18,21.0,1,0,0,1,0,0,0,0,0.0,0.0,0,1,1,0,5,1,0
E0000734,TC0000734,P000660,2026-01-24,DEVELOPMENT,1.0,68,26.2,14,21.0,1,0,0,1,0,0,0,0,0.0,0.0,0,1,0,0,1,5,1
E0000735,TC0000735,P000661,2026-05-12,DEVELOPMENT,0.0,49,33.3,16,14.0,0,1,1,2,1,0,0,0,0.0,0.0,0,1,0,0,5,1,0
E0000736,TC0000736,P000662,2026-01-05,DEVELOPMENT,1.0,59,21.3,21,14.0,1,0,1,2,1,0,0,0,0.0,0.0,1,1,0,0,1,0,0
E0000737,TC0000737,P000510,2026-02-10,DEVELOPMENT,0.0,53,15.5,13,30.0,1,0,1,2,1,0,0,0,0.0,4.0,1,1,0,0,2,1,0
E0000738,TC0000738,P000510,2026-05-15,DEVELOPMENT,1.0,53,15.5,23,7.0,0,1,1,2,1,3,1,94,0.031914893617021274,6.0,0,1,0,0,5,4,0
E0000739,TC0000739,P000663,2026-06-19,DEVELOPMENT,1.0,48,21.7,17,30.0,1,1,1,3,1,0,0,0,0.0,0.0,0,1,0,0,6,4,0
E0000740,TC0000740,P000664,2026-02-07,DEVELOPMENT,1.0,46,16.2,12,21.0,1,1,0,2,1,0,0,0,0.0,0.0,1,1,0,1,2,5,1
E0000741,TC0000741,P000665,2026-07-10,EVALUATION,,42,7.0,14,30.0,1,0,1,2,1,0,0,0,0.0,0.0,1,0,0,1,7,4,0
E0000742,TC0000742,P000666,2026-06-25,DEVELOPMENT,1.0,32,12.6,12,14.0,1,0,1,2,1,0,0,0,0.0,0.0,1,1,0,0,6,3,0
E0000743,TC0000743,P000667,2026-07-20,EVALUATION,,29,26.6,21,21.0,1,0,0,1,0,0,0,0,0.0,0.0,0,1,1,0,7,0,0
E0000744,TC0000744,P000668,2026-04-26,DEVELOPMENT,1.0,54,10.8,15,30.0,1,0,1,2,1,0,0,0,0.0,0.0,0,1,1,0,4,6,1
E0000745,TC0000745,P000669,2026-04-07,DEVELOPMENT,1.0,65,26.2,22,30.0,1,0,1,2,1,1,1,47,0.02127659574468085,0.0,0,1,1,0,4,1,0
E0000746,TC0000746,P000669,2026-05-14,DEVELOPMENT,0.0,65,26.4,19,21.0,0,1,1,2,1,2,1,84,0.023809523809523808,2.0,0,1,1,0,5,3,0
E0000747,TC0000747,P000671,2026-04-06,DEVELOPMENT,1.0,36,27.9,23,30.0,1,0,1,2,1,0,0,0,0.0,0.0,0,1,0,0,4,0,0
E0000748,TC0000748,P000672,2026-03-13,DEVELOPMENT,0.0,49,8.7,17,21.0,1,1,0,2,1,0,0,0,0.0,0.0,0,0,0,0,3,4,0
E0000749,TC0000749,P000672,2026-04-30,DEVELOPMENT,0.0,49,8.7,23,14.0,0,0,1,1,0,1,1,48,0.020833333333333332,2.0,1,0,0,0,4,3,0
E0000750,TC0000750,P000673,2026-01-13,DEVELOPMENT,1.0,64,22.4,7,14.0,1,1,1,3,1,0,0,0,0.0,0.0,1,1,0,0,1,1,0
E0000751,TC0000751,P000673,2026-03-06,DEVELOPMENT,1.0,64,22.4,13,21.0,1,1,0,2,1,1,1,52,0.019230769230769232,3.0,0,1,0,0,3,4,0
E0000752,TC0000752,P000675,2026-04-20,DEVELOPMENT,0.0,77,16.2,19,21.0,1,0,1,2,1,0,0,0,0.0,0.0,1,1,0,0,4,0,0
E0000753,TC0000753,P000147,2026-05-30,DEVELOPMENT,1.0,34,35.5,18,21.0,1,0,1,2,1,0,0,0,0.0,2.0,0,1,1,0,5,5,1
E0000754,TC0000754,P000245,2026-03-06,DEVELOPMENT,0.0,18,23.7,7,21.0,1,0,0,1,0,0,0,0,0.0,4.0,0,1,1,0,3,4,0
E0000755,TC0000755,P000677,2026-01-07,DEVELOPMENT,1.0,52,26.6,12,14.0,0,0,1,1,0,0,0,0,0.0,0.0,1,1,0,0,1,2,0
E0000756,TC0000756,P000678,2026-02-04,DEVELOPMENT,1.0,78,17.2,10,21.0,1,0,0,1,0,0,0,0,0.0,0.0,0,1,1,0,2,2,0
E0000757,TC0000757,P000678,2026-05-31,DEVELOPMENT,0.0,78,17.2,15,21.0,1,1,0,2,1,1,1,116,0.008620689655172414,1.0,0,1,1,0,5,6,1
E0000758,TC0000758,P000679,2026-06-11,DEVELOPMENT,0.0,38,25.8,11,21.0,1,0,0,1,0,0,0,0,0.0,0.0,0,1,0,0,6,3,0
E0000759,TC0000759,P000680,2026-04-04,DEVELOPMENT,0.0,38,25.8,10,21.0,1,1,0,2,1,0,0,0,0.0,0.0,0,1,0,0,4,5,1
E0000760,TC0000760,P000681,2026-03-24,DEVELOPMENT,1.0,63,15.5,10,7.0,1,1,1,3,1,0,0,0,0.0,0.0,0,1,0,0,3,1,0
E0000761,TC0000761,P000683,2026-04-07,DEVELOPMENT,1.0,80,26.6,19,30.0,1,0,1,2,1,0,0,0,0.0,0.0,0,1,1,0,4,1,0
E0000762,TC0000762,P000686,2026-05-22,DEVELOPMENT,1.0,54,7.0,8,7.0,0,1,1,2,1,1,1,23,0.043478260869565216,0.0,0,0,0,0,5,4,0
E0000763,TC0000763,P000688,2026-03-10,DEVELOPMENT,1.0,49,7.3,12,7.0,1,0,1,2,1,0,0,0,0.0,0.0,0,0,0,0,3,1,0
E0000764,TC0000764,P000689,2026-01-21,DEVELOPMENT,0.0,65,6.6,11,21.0,1,1,0,2,1,0,0,0,0.0,0.0,0,0,0,0,1,2,0
E0000765,TC0000765,P000689,2026-03-13,DEVELOPMENT,0.0,65,7.4,24,21.0,0,1,0,1,0,1,1,51,0.0196078431372549,2.0,1,0,0,0,3,4,0
E0000766,TC0000766,P000690,2026-06-07,DEVELOPMENT,1.0,41,33.3,12,14.0,1,1,1,3,1,0,0,0,0.0,0.0,0,1,0,0,6,6,1
E0000767,TC0000767,P000690,2026-08-06,EVALUATION,,41,33.3,8,7.0,1,0,1,2,1,1,1,60,0.016666666666666666,3.0,1,1,0,0,8,3,0
E0000768,TC0000768,P000691,2026-02-21,DEVELOPMENT,0.0,37,36.1,9,14.0,0,0,1,1,0,0,0,0,0.0,0.0,1,1,0,0,2,5,1
E0000769,TC0000769,P000692,2026-05-09,DEVELOPMENT,0.0,63,26.6,15,14.0,1,1,1,3,1,0,0,0,0.0,0.0,0,1,0,0,5,5,1
E0000770,TC0000770,P000692,2026-06-20,DEVELOPMENT,0.0,63,33.3,15,21.0,1,0,0,1,0,1,1,42,0.023809523809523808,3.0,1,1,0,0,6,5,1
E0000771,TC0000771,P000693,2026-01-20,DEVELOPMENT,0.0,18,25.4,23,21.0,0,0,1,1,0,0,0,0,0.0,0.0,1,1,0,0,1,1,0
E0000772,TC0000772,P000693,2026-04-15,DEVELOPMENT,0.0,18,21.0,15,21.0,1,0,1,2,1,1,1,85,0.011764705882352941,1.0,1,1,0,0,4,2,0
E0000773,TC0000773,P000694,2026-08-11,EVALUATION,,40,21.7,7,30.0,0,1,1,2,1,0,0,0,0.0,0.0,1,1,0,0,8,1,0
E0000774,TC0000774,P000696,2026-06-06,DEVELOPMENT,0.0,57,5.6,21,7.0,1,0,1,2,1,0,0,0,0.0,0.0,0,0,0,0,6,5,1
E0000775,TC0000775,P000697,2026-03-19,DEVELOPMENT,1.0,50,26.6,16,21.0,1,0,1,2,1,0,0,0,0.0,0.0,0,1,0,0,3,3,0
E0000776,TC0000776,P000698,2026-01-13,DEVELOPMENT,1.0,69,2.6,18,21.0,1,1,0,2,1,0,0,0,0.0,0.0,0,0,0,0,1,1,0
E0000777,TC0000777,P000699,2026-02-01,DEVELOPMENT,1.0,60,28.3,24,21.0,1,0,0,1,0,0,0,0,0.0,0.0,0,1,1,0,2,6,1
E0000778,TC0000778,P000700,2026-03-29,DEVELOPMENT,0.0,39,9.7,13,21.0,1,0,0,1,0,0,0,0,0.0,0.0,0,0,0,0,3,6,1
E0000779,TC0000779,P000701,2026-06-18,DEVELOPMENT,0.0,37,7.6,10,7.0,0,0,1,1,0,0,0,0,0.0,0.0,0,0,0,0,6,3,0
E0000780,TC0000780,P000702,2026-01-06,DEVELOPMENT,0.0,67,5.1,19,21.0,1,0,0,1,0,0,0,0,0.0,0.0,0,0,0,0,1,1,0
E0000781,TC0000781,P000702,2026-05-26,DEVELOPMENT,0.0,67,19.9,17,21.0,1,1,0,2,1,1,1,140,0.007142857142857143,1.0,0,1,0,0,5,1,0
E0000782,TC0000782,P000703,2026-01-10,DEVELOPMENT,0.0,40,8.3,21,14.0,0,1,1,2,1,0,0,0,0.0,0.0,1,0,0,0,1,5,1
E0000783,TC0000783,P000704,2026-02-14,DEVELOPMENT,0.0,22,25.7,20,30.0,1,0,1,2,1,0,0,0,0.0,0.0,0,1,0,0,2,5,1
E0000784,TC0000784,P000705,2026-04-04,DEVELOPMENT,1.0,48,18.4,10,7.0,1,1,1,3,1,0,0,0,0.0,0.0,0,1,0,0,4,5,1
E0000785,TC0000785,P000706,2026-05-05,DEVELOPMENT,1.0,52,13.2,20,14.0,1,1,1,3,1,0,0,0,0.0,0.0,0,1,0,0,5,1,0
E0000786,TC0000786,P000707,2026-05-30,DEVELOPMENT,0.0,68,15.5,9,21.0,1,0,0,1,0,0,0,0,0.0,0.0,0,1,0,0,5,5,1
E0000787,TC0000787,P000708,2026-06-04,DEVELOPMENT,0.0,51,7.3,12,21.0,1,0,0,1,0,0,0,0,0.0,0.0,1,0,1,0,6,3,0
E0000788,TC0000788,P000709,2026-01-24,DEVELOPMENT,1.0,70,22.4,23,21.0,1,1,0,2,1,0,0,0,0.0,0.0,0,1,1,0,1,5,1
E0000789,TC0000789,P000709,2026-04-06,DEVELOPMENT,1.0,70,22.4,21,7.0,1,1,1,3,1,1,1,72,0.013888888888888888,2.0,1,1,1,0,4,0,0
E0000790,TC0000790,P000711,2026-03-16,DEVELOPMENT,1.0,55,19.5,18,30.0,1,1,1,3,1,0,0,0,0.0,0.0,0,1,0,0,3,0,0
E0000791,TC0000791,P000712,2026-06-14,DEVELOPMENT,0.0,37,22.1,10,21.0,1,0,0,1,0,0,0,0,0.0,0.0,1,1,0,0,6,6,1
E0000792,TC0000792,P000713,2026-08-07,EVALUATION,,53,27.6,23,21.0,1,0,0,1,0,0,0,0,0.0,0.0,0,1,0,0,8,4,0
E0000793,TC0000793,P000714,2026-03-01,DEVELOPMENT,1.0,61,11.5,16,14.0,1,0,1,2,1,0,0,0,0.0,0.0,0,1,0,0,3,6,1
E0000794,TC0000794,P000715,2026-04-07,DEVELOPMENT,1.0,50,8.3,23,21.0,0,0,1,1,0,0,0,0,0.0,0.0,0,0,0,0,4,1,0
E0000795,TC0000795,P000716,2026-07-27,EVALUATION,,51,8.3,19,30.0,1,0,1,2,1,0,0,0,0.0,0.0,0,0,0,0,7,0,0
E0000796,TC0000796,P000717,2026-04-19,DEVELOPMENT,0.0,27,7.3,14,21.0,1,0,0,1,0,0,0,0,0.0,0.0,0,0,0,0,4,6,1
E0000797,TC0000797,P000718,2026-04-20,DEVELOPMENT,1.0,38,19.5,10,14.0,1,1,1,3,1,0,0,0,0.0,0.0,0,1,0,0,4,0,0
E0000798,TC0000798,P000718,2026-05-20,DEVELOPMENT,0.0,38,19.5,24,30.0,1,0,1,2,1,1,1,30,0.03333333333333333,3.0,0,1,0,0,5,2,0
E0000799,TC0000799,P000720,2026-01-25,DEVELOPMENT,0.0,23,26.6,15,7.0,0,0,1,1,0,0,0,0,0.0,0.0,0,1,0,0,1,6,1
E0000800,TC0000800,P000721,2026-04-25,DEVELOPMENT,0.0,39,21.0,17,21.0,0,0,1,1,0,0,0,0,0.0,0.0,0,1,0,0,4,5,1
E0000801,TC0000801,P000722,2026-06-22,DEVELOPMENT,1.0,42,8.3,23,14.0,0,0,1,1,0,0,0,0,0.0,0.0,0,0,0,0,6,0,0
E0000802,TC0000802,P000723,2026-03-09,DEVELOPMENT,1.0,58,13.0,21,7.0,1,1,1,3,1,0,0,0,0.0,0.0,0,1,0,0,3,0,0
E0000803,TC0000803,P000724,2026-04-22,DEVELOPMENT,1.0,56,25.4,23,21.0,1,1,1,3,1,0,0,0,0.0,0.0,1,1,0,0,4,2,0
E0000804,TC0000804,P000724,2026-05-20,DEVELOPMENT,0.0,56,8.3,14,21.0,0,0,0,0,0,1,1,28,0.03571428571428571,3.0,0,0,0,0,5,2,0
E0000805,TC0000805,P000725,2026-07-30,EVALUATION,,48,2.6,17,30.0,0,1,1,2,1,0,0,0,0.0,0.0,1,0,0,0,7,3,0
E0000806,TC0000806,P000726,2026-07-09,EVALUATION,,30,4.2,24,21.0,1,0,1,2,1,0,0,0,0.0,0.0,0,0,1,0,7,3,0
E0000807,TC0000807,P000727,2026-07-12,EVALUATION,,59,38.9,18,14.0,1,1,1,3,1,0,0,0,0.0,0.0,0,1,0,1,7,6,1
E0000808,TC0000808,P000728,2026-08-08,EVALUATION,,49,22.9,20,14.0,1,0,1,2,1,0,0,0,0.0,0.0,0,1,0,0,8,5,1
E0000809,TC0000809,P000730,2026-06-29,DEVELOPMENT,1.0,26,29.4,14,30.0,1,0,1,2,1,0,0,0,0.0,0.0,0,1,0,0,6,0,0
E0000810,TC0000810,P000731,2026-04-30,DEVELOPMENT,1.0,82,25.3,9,7.0,1,1,1,3,1,0,0,0,0.0,0.0,0,1,0,0,4,3,0
E0000811,TC0000811,P000732,2026-03-15,DEVELOPMENT,1.0,58,25.4,15,7.0,0,1,1,2,1,0,0,0,0.0,0.0,1,1,0,0,3,6,1
E0000812,TC0000812,P000733,2026-06-30,DEVELOPMENT,0.0,41,29.2,9,7.0,1,1,1,3,1,0,0,0,0.0,0.0,0,1,0,0,6,1,0
E0000813,TC0000813,P000733,2026-07-24,EVALUATION,,41,29.2,18,21.0,1,1,1,3,1,1,1,24,0.041666666666666664,3.0,0,1,0,0,7,4,0
E0000814,TC0000814,P000733,2026-08-12,EVALUATION,,41,22.8,17,21.0,1,1,0,2,1,2,1,43,0.046511627906976744,6.0,1,1,0,0,8,2,0
E0000815,TC0000815,P000734,2026-06-17,DEVELOPMENT,1.0,69,17.6,12,21.0,1,1,1,3,1,0,0,0,0.0,0.0,0,1,1,0,6,2,0
E0000816,TC0000816,P000737,2026-01-12,DEVELOPMENT,1.0,66,29.6,14,21.0,1,0,1,2,1,0,0,0,0.0,0.0,0,1,0,0,1,0,0
E0000817,TC0000817,P000738,2026-01-30,DEVELOPMENT,0.0,64,35.0,11,21.0,0,1,0,1,0,0,0,0,0.0,0.0,0,1,0,0,1,4,0
E0000818,TC0000818,P000738,2026-02-22,DEVELOPMENT,1.0,64,21.1,10,30.0,1,0,1,2,1,1,1,23,0.043478260869565216,1.0,0,1,0,0,2,6,1
E0000819,TC0000819,P000739,2026-03-20,DEVELOPMENT,0.0,49,29.6,10,14.0,1,0,1,2,1,0,0,0,0.0,0.0,1,1,0,0,3,4,0
E0000820,TC0000820,P000740,2026-04-28,DEVELOPMENT,0.0,54,2.2,9,21.0,1,0,0,1,0,0,0,0,0.0,0.0,0,0,0,0,4,1,0
E0000821,TC0000821,P000740,2026-07-23,EVALUATION,,54,2.2,24,7.0,1,0,1,2,1,1,1,86,0.011627906976744186,1.0,0,0,0,0,7,3,0
E0000822,TC0000822,P000741,2026-05-04,DEVELOPMENT,1.0,19,23.7,24,21.0,0,0,1,1,0,0,0,0,0.0,0.0,0,1,0,0,5,0,0
E0000823,TC0000823,P000742,2026-05-23,DEVELOPMENT,0.0,50,8.3,18,30.0,0,1,1,2,1,0,0,0,0.0,0.0,0,0,1,0,5,5,1
E0000824,TC0000824,P000743,2026-08-05,EVALUATION,,57,35.5,11,21.0,0,0,1,1,0,0,0,0,0.0,0.0,0,1,0,0,8,2,0
E0000825,TC0000825,P000744,2026-02-16,DEVELOPMENT,1.0,33,36.5,21,21.0,1,0,0,1,0,0,0,0,0.0,0.0,0,1,0,0,2,0,0
E0000826,TC0000826,P000745,2026-07-31,EVALUATION,,42,1.4,23,21.0,1,1,0,2,1,0,0,0,0.0,0.0,1,0,0,1,7,4,0
E0000827,TC0000827,P000746,2026-03-14,DEVELOPMENT,1.0,38,36.1,18,21.0,1,0,1,2,1,0,0,0,0.0,0.0,1,1,0,0,3,5,1
E0000828,TC0000828,P000746,2026-04-10,DEVELOPMENT,1.0,38,2.2,10,21.0,1,1,0,2,1,1,1,27,0.037037037037037035,2.0,1,0,0,0,4,4,0
E0000829,TC0000829,P000746,2026-07-05,EVALUATION,,38,29.9,14,14.0,0,1,1,2,1,2,1,113,0.017699115044247787,4.0,0,1,0,0,7,6,1
E0000830,TC0000830,P000747,2026-02-19,DEVELOPMENT,1.0,47,17.2,19,7.0,0,0,1,1,0,0,0,0,0.0,0.0,1,1,1,0,2,3,0
E0000831,TC0000831,P000748,2026-06-15,DEVELOPMENT,0.0,75,19.6,15,21.0,1,0,1,2,1,0,0,0,0.0,0.0,1,1,0,0,6,0,0
E0000832,TC0000832,P000753,2026-04-05,DEVELOPMENT,0.0,63,12.6,18,30.0,1,0,1,2,1,0,0,0,0.0,0.0,0,1,1,0,4,6,1
E0000833,TC0000833,P000754,2026-08-10,EVALUATION,,49,17.3,11,21.0,1,0,0,1,0,0,0,0,0.0,0.0,1,1,0,0,8,0,0
E0000834,TC0000834,P000755,2026-06-06,DEVELOPMENT,0.0,58,22.9,10,21.0,0,1,0,1,0,0,0,0,0.0,0.0,0,1,0,0,6,5,1
E0000835,TC0000835,P000756,2026-07-26,EVALUATION,,46,7.6,19,21.0,0,1,0,1,0,0,0,0,0.0,0.0,0,0,0,0,7,6,1
E0000836,TC0000836,P000757,2026-01-15,DEVELOPMENT,1.0,56,23.1,12,21.0,1,0,0,1,0,0,0,0,0.0,0.0,1,1,0,0,1,3,0
E0000837,TC0000837,P000758,2026-05-25,DEVELOPMENT,1.0,59,36.3,8,7.0,1,1,1,3,1,0,0,0,0.0,0.0,0,1,0,0,5,0,0
E0000838,TC0000838,P000758,2026-07-07,EVALUATION,,59,23.1,15,21.0,0,0,0,0,0,1,1,43,0.023255813953488372,3.0,0,1,0,0,7,1,0
E0000839,TC0000839,P000759,2026-07-21,EVALUATION,,65,5.6,9,7.0,1,0,1,2,1,0,0,0,0.0,0.0,0,0,0,0,7,1,0
E0000840,TC0000840,P000760,2026-01-11,DEVELOPMENT,1.0,52,38.9,24,14.0,0,0,1,1,0,0,0,0,0.0,0.0,0,1,0,0,1,6,1
E0000841,TC0000841,P000762,2026-04-12,DEVELOPMENT,1.0,65,18.7,11,7.0,1,0,1,2,1,0,0,0,0.0,0.0,0,1,0,0,4,6,1
E0000842,TC0000842,P000763,2026-04-10,DEVELOPMENT,1.0,49,36.5,16,21.0,1,1,0,2,1,1,1,56,0.017857142857142856,0.0,0,1,0,0,4,4,0
E0000843,TC0000843,P000763,2026-04-20,DEVELOPMENT,0.0,49,6.7,19,21.0,1,0,0,1,0,2,1,66,0.030303030303030304,2.0,1,0,0,0,4,0,0
E0000844,TC0000844,P000765,2026-07-05,EVALUATION,,67,7.3,8,30.0,1,0,1,2,1,0,0,0,0.0,0.0,1,0,0,0,7,6,1
E0000845,TC0000845,P000765,2026-08-05,EVALUATION,,67,7.3,8,7.0,1,0,1,2,1,1,1,31,0.03225806451612903,2.0,0,0,0,0,8,2,0
E0000846,TC0000846,P000766,2026-04-08,DEVELOPMENT,1.0,32,15.7,18,14.0,1,1,1,3,1,0,0,0,0.0,0.0,0,1,0,1,4,2,0
E0000847,TC0000847,P000767,2026-03-02,DEVELOPMENT,0.0,29,16.8,19,7.0,1,0,1,2,1,0,0,0,0.0,0.0,1,1,0,0,3,0,0
E0000848,TC0000848,P000768,2026-08-15,EVALUATION,,50,2.2,24,30.0,1,1,1,3,1,1,1,136,0.007352941176470588,0.0,1,0,0,0,8,5,1
E0000849,TC0000849,P000769,2026-01-02,DEVELOPMENT,1.0,61,17.9,7,21.0,1,1,0,2,1,0,0,0,0.0,0.0,1,1,0,0,1,4,0
E0000850,TC0000850,P000770,2026-06-25,DEVELOPMENT,0.0,41,23.7,8,21.0,1,0,0,1,0,1,1,66,0.015151515151515152,0.0,1,1,0,0,6,3,0
E0000851,TC0000851,P000770,2026-07-31,EVALUATION,,41,7.0,18,21.0,1,0,0,1,0,2,1,102,0.0196078431372549,1.0,0,0,0,0,7,4,0
E0000852,TC0000852,P000771,2026-05-28,DEVELOPMENT,1.0,18,17.9,18,21.0,1,1,1,3,1,2,1,41,0.04878048780487805,0.0,0,1,1,0,5,3,0
E0000853,TC0000853,P000772,2026-01-03,DEVELOPMENT,0.0,52,26.4,23,21.0,0,0,1,1,0,0,0,0,0.0,0.0,0,1,0,0,1,5,1
E0000854,TC0000854,P000773,2026-02-21,DEVELOPMENT,1.0,45,12.6,24,7.0,1,1,1,3,1,0,0,0,0.0,0.0,0,1,1,0,2,5,1
E0000855,TC0000855,P000774,2026-08-04,EVALUATION,,62,10.4,8,7.0,1,1,1,3,1,0,0,0,0.0,0.0,0,1,0,0,8,1,0
E0000856,TC0000856,P000775,2026-01-10,DEVELOPMENT,1.0,26,38.9,20,21.0,1,1,0,2,1,0,0,0,0.0,0.0,0,1,0,0,1,5,1
E0000857,TC0000857,P000776,2026-01-19,DEVELOPMENT,1.0,20,22.1,20,14.0,1,1,1,3,1,0,0,0,0.0,0.0,0,1,0,0,1,0,0
E0000858,TC0000858,P000777,2026-03-05,DEVELOPMENT,1.0,52,25.3,23,21.0,0,0,1,1,0,0,0,0,0.0,0.0,0,1,0,0,3,3,0
E0000859,TC0000859,P000778,2026-03-09,DEVELOPMENT,1.0,44,36.5,15,7.0,1,1,1,3,1,0,0,0,0.0,0.0,0,1,0,0,3,0,0
E0000860,TC0000860,P000779,2026-03-19,DEVELOPMENT,0.0,51,19.2,14,7.0,0,1,1,2,1,0,0,0,0.0,0.0,0,1,0,0,3,3,0
E0000861,TC0000861,P000779,2026-07-22,EVALUATION,,51,22.4,14,21.0,1,0,0,1,0,1,1,125,0.008,2.0,1,1,0,0,7,2,0
E0000862,TC0000862,P000780,2026-07-15,EVALUATION,,34,2.2,17,21.0,1,1,1,3,1,0,0,0,0.0,0.0,1,0,0,0,7,2,0
E0000863,TC0000863,P000781,2026-01-18,DEVELOPMENT,1.0,37,29.7,9,21.0,1,1,1,3,1,0,0,0,0.0,0.0,0,1,0,0,1,6,1
E0000864,TC0000864,P000782,2026-04-14,DEVELOPMENT,0.0,39,16.9,21,21.0,0,0,0,0,0,0,0,0,0.0,0.0,0,1,0,0,4,1,0
E0000865,TC0000865,P000782,2026-06-12,DEVELOPMENT,0.0,39,17.6,16,14.0,0,0,1,1,0,1,1,59,0.01694915254237288,0.0,1,1,0,0,6,4,0
E0000866,TC0000866,P000783,2026-07-10,EVALUATION,,62,11.4,15,21.0,0,0,1,1,0,0,0,0,0.0,0.0,1,1,0,0,7,4,0
E0000867,TC0000867,P000784,2026-02-26,DEVELOPMENT,0.0,69,26.6,10,21.0,0,0,0,0,0,0,0,0,0.0,0.0,1,1,1,0,2,3,0
E0000868,TC0000868,P000785,2026-06-15,DEVELOPMENT,0.0,41,26.4,23,14.0,1,0,1,2,1,0,0,0,0.0,0.0,0,1,0,0,6,0,0
E0000869,TC0000869,P000785,2026-07-25,EVALUATION,,41,20.2,18,14.0,1,0,1,2,1,1,1,40,0.025,2.0,0,1,0,0,7,5,1
E0000870,TC0000870,P000786,2026-07-14,EVALUATION,,44,13.9,9,30.0,1,0,1,2,1,1,1,57,0.017543859649122806,0.0,0,1,1,0,7,1,0
E0000871,TC0000871,P000788,2026-07-15,EVALUATION,,52,14.1,24,21.0,1,0,0,1,0,0,0,0,0.0,0.0,1,1,0,0,7,2,0
E0000872,TC0000872,P000789,2026-05-22,DEVELOPMENT,1.0,35,27.8,21,14.0,1,0,1,2,1,0,0,0,0.0,0.0,0,1,0,0,5,4,0
E0000873,TC0000873,P000790,2026-08-08,EVALUATION,,48,12.8,13,14.0,0,0,1,1,0,0,0,0,0.0,0.0,0,1,0,0,8,5,1
E0000874,TC0000874,P000791,2026-03-05,DEVELOPMENT,0.0,61,7.6,21,7.0,0,1,1,2,1,0,0,0,0.0,0.0,1,0,0,0,3,3,0
E0000875,TC0000875,P000792,2026-03-20,DEVELOPMENT,1.0,32,16.2,14,21.0,1,0,1,2,1,0,0,0,0.0,0.0,0,1,0,1,3,4,0
E0000876,TC0000876,P000793,2026-02-28,DEVELOPMENT,0.0,42,29.6,13,30.0,1,0,1,2,1,0,0,0,0.0,0.0,0,1,0,0,2,5,1
E0000877,TC0000877,P000795,2026-06-09,DEVELOPMENT,0.0,23,26.2,10,21.0,1,0,1,2,1,0,0,0,0.0,0.0,1,1,0,0,6,1,0
E0000878,TC0000878,P000796,2026-05-29,DEVELOPMENT,1.0,65,8.3,12,30.0,1,0,1,2,1,0,0,0,0.0,0.0,0,0,1,0,5,4,0
E0000879,TC0000879,P000797,2026-07-15,EVALUATION,,32,29.4,22,7.0,1,1,1,3,1,0,0,0,0.0,0.0,0,1,0,0,7,2,0
E0000880,TC0000880,P000798,2026-06-21,DEVELOPMENT,1.0,48,12.6,20,21.0,1,0,1,2,1,0,0,0,0.0,0.0,0,1,0,0,6,6,1
E0000881,TC0000881,P000799,2026-07-18,EVALUATION,,46,11.5,8,7.0,1,1,1,3,1,0,0,0,0.0,0.0,1,1,0,0,7,5,1
E0000882,TC0000882,P000801,2026-02-20,DEVELOPMENT,0.0,61,26.6,10,30.0,0,1,1,2,1,0,0,0,0.0,0.0,0,1,0,0,2,4,0
E0000883,TC0000883,P000801,2026-04-19,DEVELOPMENT,1.0,61,33.3,17,30.0,1,0,1,2,1,1,1,58,0.017241379310344827,2.0,1,1,0,0,4,6,1
E0000884,TC0000884,P000803,2026-06-21,DEVELOPMENT,1.0,57,17.6,20,14.0,1,0,1,2,1,0,0,0,0.0,0.0,0,1,0,0,6,6,1
E0000885,TC0000885,P000804,2026-01-27,DEVELOPMENT,0.0,42,23.7,23,30.0,1,0,1,2,1,0,0,0,0.0,0.0,0,1,0,0,1,1,0
E0000886,TC0000886,P000804,2026-02-28,DEVELOPMENT,0.0,42,28.2,17,21.0,0,1,0,1,0,1,1,32,0.03125,2.0,0,1,0,0,2,5,1
E0000887,TC0000887,P000805,2026-05-29,DEVELOPMENT,0.0,42,22.9,10,21.0,1,0,0,1,0,0,0,0,0.0,0.0,1,1,0,0,5,4,0
E0000888,TC0000888,P000806,2026-04-27,DEVELOPMENT,0.0,51,13.9,22,21.0,0,0,0,0,0,0,0,0,0.0,0.0,1,1,0,0,4,0,0
E0000889,TC0000889,P000807,2026-03-23,DEVELOPMENT,0.0,46,27.6,19,21.0,1,0,1,2,1,0,0,0,0.0,0.0,0,1,0,0,3,0,0
E0000890,TC0000890,P000808,2026-08-05,EVALUATION,,50,17.2,10,30.0,0,0,1,1,0,0,0,0,0.0,0.0,1,1,0,0,8,2,0
E0000891,TC0000891,P000809,2026-01-26,DEVELOPMENT,0.0,62,1.4,16,7.0,1,1,1,3,1,0,0,0,0.0,0.0,1,0,0,0,1,0,0
E0000892,TC0000892,P000810,2026-04-01,DEVELOPMENT,1.0,65,11.3,15,21.0,1,0,0,1,0,0,0,0,0.0,0.0,1,1,0,1,4,2,0
E0000893,TC0000893,P000812,2026-06-10,DEVELOPMENT,1.0,41,35.4,21,14.0,1,0,1,2,1,0,0,0,0.0,0.0,0,1,0,0,6,2,0
E0000894,TC0000894,P000812,2026-07-26,EVALUATION,,41,26.4,23,30.0,0,0,1,1,0,1,1,46,0.021739130434782608,2.0,0,1,0,0,7,6,1
E0000895,TC0000895,P000814,2026-06-17,DEVELOPMENT,0.0,52,16.9,20,21.0,0,0,0,0,0,0,0,0,0.0,0.0,0,1,0,0,6,2,0
E0000896,TC0000896,P000815,2026-07-29,EVALUATION,,41,5.1,18,7.0,1,1,1,3,1,0,0,0,0.0,0.0,1,0,0,0,7,2,0
E0000897,TC0000897,P000816,2026-03-21,DEVELOPMENT,1.0,68,11.4,22,30.0,1,1,1,3,1,0,0,0,0.0,0.0,1,1,1,0,3,5,1
E0000898,TC0000898,P000817,2026-07-18,EVALUATION,,53,29.4,12,21.0,1,0,0,1,0,0,0,0,0.0,0.0,1,1,1,0,7,5,1
E0000899,TC0000899,P000819,2026-02-07,DEVELOPMENT,1.0,27,25.4,22,14.0,1,1,1,3,1,0,0,0,0.0,0.0,0,1,0,0,2,5,1
E0000900,TC0000900,P000820,2026-08-05,EVALUATION,,81,20.0,14,21.0,0,0,1,1,0,0,0,0,0.0,0.0,0,1,0,0,8,2,0
E0000901,TC0000901,P000822,2026-02-08,DEVELOPMENT,0.0,64,6.6,23,21.0,1,0,0,1,0,0,0,0,0.0,0.0,0,0,0,0,2,6,1
E0000902,TC0000902,P000823,2026-08-09,EVALUATION,,43,19.7,11,7.0,0,0,1,1,0,0,0,0,0.0,0.0,0,1,0,0,8,6,1
E0000903,TC0000903,P000824,2026-03-23,DEVELOPMENT,0.0,56,2.2,22,21.0,0,0,1,1,0,0,0,0,0.0,0.0,0,0,0,0,3,0,0
E0000904,TC0000904,P000825,2026-03-26,DEVELOPMENT,1.0,61,26.6,8,7.0,1,0,1,2,1,0,0,0,0.0,0.0,0,1,0,0,3,3,0
E0000905,TC0000905,P000827,2026-05-16,DEVELOPMENT,1.0,39,11.3,21,21.0,0,1,0,1,0,0,0,0,0.0,0.0,1,1,0,0,5,5,1
E0000906,TC0000906,P000828,2026-04-05,DEVELOPMENT,1.0,57,18.4,24,30.0,1,0,1,2,1,0,0,0,0.0,0.0,0,1,0,0,4,6,1
E0000907,TC0000907,P000829,2026-05-05,DEVELOPMENT,1.0,40,35.5,15,21.0,1,0,1,2,1,0,0,0,0.0,0.0,0,1,0,0,5,1,0
E0000908,TC0000908,P000830,2026-03-19,DEVELOPMENT,0.0,49,24.9,20,7.0,1,0,1,2,1,0,0,0,0.0,0.0,1,1,0,0,3,3,0
E0000909,TC0000909,P000831,2026-07-18,EVALUATION,,29,35.4,11,21.0,1,0,0,1,0,0,0,0,0.0,0.0,0,1,0,0,7,5,1
E0000910,TC0000910,P000832,2026-02-28,DEVELOPMENT,1.0,63,7.0,23,21.0,1,0,1,2,1,0,0,0,0.0,0.0,0,0,0,0,2,5,1
E0000911,TC0000911,P000833,2026-08-05,EVALUATION,,88,12.8,24,21.0,1,1,0,2,1,2,1,31,0.06451612903225806,0.0,0,1,1,0,8,2,0
E0000912,TC0000912,P000835,2026-05-19,DEVELOPMENT,1.0,41,22.4,8,21.0,1,0,1,2,1,0,0,0,0.0,0.0,1,1,0,1,5,1,0
E0000913,TC0000913,P000835,2026-06-10,DEVELOPMENT,1.0,41,22.4,24,21.0,1,0,1,2,1,1,1,22,0.045454545454545456,2.0,1,1,0,1,6,2,0
E0000914,TC0000914,P000836,2026-08-01,EVALUATION,,51,24.9,11,21.0,1,1,0,2,1,0,0,0,0.0,0.0,1,1,0,0,8,5,1
E0000915,TC0000915,P000837,2026-03-01,DEVELOPMENT,0.0,38,11.9,7,14.0,0,0,1,1,0,0,0,0,0.0,0.0,0,1,0,0,3,6,1
E0000916,TC0000916,P000838,2026-02-23,DEVELOPMENT,0.0,21,36.3,18,21.0,1,0,0,1,0,0,0,0,0.0,0.0,1,1,0,0,2,0,0
E0000917,TC0000917,P000839,2026-07-17,EVALUATION,,70,17.9,15,21.0,1,0,0,1,0,1,1,51,0.0196078431372549,0.0,0,1,0,0,7,4,0
E0000918,TC0000918,P000840,2026-04-06,DEVELOPMENT,0.0,51,26.3,23,21.0,1,1,1,3,1,0,0,0,0.0,0.0,0,1,0,0,4,0,0
E0000919,TC0000919,P000841,2026-05-12,DEVELOPMENT,0.0,43,25.4,19,7.0,0,0,1,1,0,0,0,0,0.0,0.0,0,1,0,1,5,1,0
E0000920,TC0000920,P000842,2026-02-13,DEVELOPMENT,1.0,52,6.6,21,30.0,1,0,1,2,1,0,0,0,0.0,0.0,1,0,1,0,2,4,0
E0000921,TC0000921,P000842,2026-03-22,DEVELOPMENT,1.0,52,7.4,12,7.0,1,0,1,2,1,1,1,37,0.02702702702702703,2.0,0,0,1,0,3,6,1
E0000922,TC0000922,P000843,2026-03-11,DEVELOPMENT,1.0,30,4.1,22,14.0,1,0,1,2,1,0,0,0,0.0,0.0,1,0,0,0,3,2,0
E0000923,TC0000923,P000844,2026-08-11,EVALUATION,,25,17.6,10,30.0,1,0,1,2,1,0,0,0,0.0,0.0,0,1,0,1,8,1,0
E0000924,TC0000924,P000845,2026-02-25,DEVELOPMENT,0.0,53,25.4,10,21.0,1,0,0,1,0,0,0,0,0.0,0.0,1,1,0,0,2,2,0
E0000925,TC0000925,P000845,2026-07-18,EVALUATION,,53,8.3,22,21.0,1,1,0,2,1,1,1,143,0.006993006993006993,1.0,0,0,0,0,7,5,1
E0000926,TC0000926,P000846,2026-03-10,DEVELOPMENT,0.0,63,12.6,15,14.0,0,0,1,1,0,0,0,0,0.0,0.0,0,1,0,0,3,1,0
E0000927,TC0000927,P000847,2026-04-12,DEVELOPMENT,1.0,34,22.9,21,30.0,1,1,1,3,1,0,0,0,0.0,0.0,0,1,0,0,4,6,1
E0000928,TC0000928,P000848,2026-08-03,EVALUATION,,35,19.6,11,21.0,0,1,0,1,0,0,0,0,0.0,0.0,0,1,0,0,8,0,0
E0000929,TC0000929,P000849,2026-08-05,EVALUATION,,38,33.3,13,21.0,1,1,0,2,1,0,0,0,0.0,0.0,0,1,0,0,8,2,0
E0000930,TC0000930,P000850,2026-03-18,DEVELOPMENT,0.0,24,22.8,18,14.0,1,1,1,3,1,0,0,0,0.0,0.0,0,1,0,0,3,2,0
E0000931,TC0000931,P000851,2026-05-02,DEVELOPMENT,1.0,47,26.4,24,7.0,1,1,1,3,1,0,0,0,0.0,0.0,0,1,0,0,5,5,1
E0000932,TC0000932,P000851,2026-05-23,DEVELOPMENT,0.0,47,35.4,18,21.0,1,0,0,1,0,1,1,21,0.047619047619047616,3.0,0,1,0,0,5,5,1
E0000933,TC0000933,P000851,2026-06-30,DEVELOPMENT,0.0,47,26.4,11,21.0,1,1,0,2,1,2,1,59,0.03389830508474576,4.0,1,1,0,0,6,1,0
E0000934,TC0000934,P000853,2026-06-05,DEVELOPMENT,0.0,35,6.5,7,21.0,0,0,0,0,0,0,0,0,0.0,0.0,1,0,0,0,6,4,0
E0000935,TC0000935,P000853,2026-06-25,DEVELOPMENT,0.0,35,6.5,14,21.0,1,0,1,2,1,1,1,20,0.05,0.0,0,0,0,0,6,3,0
E0000936,TC0000936,P000854,2026-01-16,DEVELOPMENT,0.0,56,13.2,15,14.0,1,1,1,3,1,0,0,0,0.0,0.0,1,1,0,0,1,4,0
E0000937,TC0000937,P000854,2026-03-16,DEVELOPMENT,0.0,56,13.2,8,21.0,1,0,1,2,1,1,1,59,0.01694915254237288,3.0,1,1,0,0,3,0,0
E0000938,TC0000938,P000854,2026-06-08,DEVELOPMENT,1.0,56,13.2,22,30.0,1,0,1,2,1,2,1,143,0.013986013986013986,5.0,1,1,0,0,6,0,0
E0000939,TC0000939,P000856,2026-06-08,DEVELOPMENT,0.0,80,35.4,22,21.0,1,0,0,1,0,1,1,110,0.00909090909090909,0.0,0,1,0,0,6,0,0
E0000940,TC0000940,P000857,2026-02-22,DEVELOPMENT,0.0,63,7.3,20,21.0,1,0,0,1,0,0,0,0,0.0,0.0,1,0,0,0,2,6,1
E0000941,TC0000941,P000858,2026-07-14,EVALUATION,,29,13.9,20,7.0,1,1,1,3,1,0,0,0,0.0,0.0,0,1,1,0,7,1,0
E0000942,TC0000942,P000861,2026-04-15,DEVELOPMENT,0.0,77,6.5,24,21.0,1,0,0,1,0,0,0,0,0.0,0.0,0,0,0,0,4,2,0
E0000943,TC0000943,P000862,2026-06-09,DEVELOPMENT,0.0,38,1.4,14,21.0,1,1,1,3,1,0,0,0,0.0,0.0,1,0,0,0,6,1,0
E0000944,TC0000944,P000863,2026-07-25,EVALUATION,,74,6.7,16,7.0,1,0,1,2,1,0,0,0,0.0,0.0,0,0,0,0,7,5,1
E0000945,TC0000945,P000864,2026-03-27,DEVELOPMENT,1.0,52,36.1,9,14.0,1,0,1,2,1,0,0,0,0.0,0.0,0,1,0,0,3,4,0
E0000946,TC0000946,P000865,2026-05-13,DEVELOPMENT,1.0,47,20.2,19,21.0,1,0,0,1,0,0,0,0,0.0,0.0,1,1,0,0,5,2,0
E0000947,TC0000947,P000866,2026-07-20,EVALUATION,,52,28.3,9,7.0,0,0,1,1,0,0,0,0,0.0,0.0,0,1,0,1,7,0,0
E0000948,TC0000948,P000868,2026-05-30,DEVELOPMENT,1.0,77,26.6,14,21.0,1,0,0,1,0,0,0,0,0.0,0.0,0,1,0,0,5,5,1
E0000949,TC0000949,P000869,2026-05-10,DEVELOPMENT,1.0,28,22.3,15,7.0,1,0,1,2,1,0,0,0,0.0,0.0,0,1,0,0,5,6,1
E0000950,TC0000950,P000869,2026-06-20,DEVELOPMENT,1.0,28,19.2,18,7.0,1,0,1,2,1,1,1,41,0.024390243902439025,2.0,0,1,0,0,6,5,1
E0000951,TC0000951,P000870,2026-07-14,EVALUATION,,42,5.1,10,21.0,0,0,0,0,0,0,0,0,0.0,0.0,0,0,0,0,7,1,0
E0000952,TC0000952,P000871,2026-02-16,DEVELOPMENT,0.0,83,6.4,16,21.0,0,0,0,0,0,0,0,0,0.0,0.0,1,0,1,0,2,0,0
E0000953,TC0000953,P000872,2026-04-14,DEVELOPMENT,0.0,53,22.3,8,21.0,1,0,0,1,0,0,0,0,0.0,0.0,0,1,0,0,4,1,0
E0000954,TC0000954,P000873,2026-05-18,DEVELOPMENT,1.0,52,9.4,18,30.0,1,1,1,3,1,0,0,0,0.0,0.0,1,0,0,0,5,0,0
E0000955,TC0000955,P000874,2026-03-01,DEVELOPMENT,1.0,34,21.0,23,30.0,1,1,1,3,1,0,0,0,0.0,0.0,0,1,0,0,3,6,1
E0000956,TC0000956,P000875,2026-02-04,DEVELOPMENT,1.0,18,21.1,7,14.0,1,1,1,3,1,0,0,0,0.0,0.0,1,1,0,0,2,2,0
E0000957,TC0000957,P000876,2026-04-14,DEVELOPMENT,1.0,47,22.3,23,30.0,1,0,1,2,1,0,0,0,0.0,0.0,1,1,0,0,4,1,0
E0000958,TC0000958,P000877,2026-04-10,DEVELOPMENT,0.0,38,16.8,20,14.0,0,1,1,2,1,0,0,0,0.0,0.0,0,1,0,0,4,4,0
E0000959,TC0000959,P000877,2026-05-20,DEVELOPMENT,0.0,38,13.2,15,7.0,1,1,1,3,1,1,1,40,0.025,2.0,0,1,0,0,5,2,0
E0000960,TC0000960,P000878,2026-06-21,DEVELOPMENT,0.0,58,11.5,9,30.0,1,0,1,2,1,0,0,0,0.0,0.0,0,1,0,0,6,6,1
E0000961,TC0000961,P000879,2026-07-22,EVALUATION,,47,36.5,11,30.0,1,1,1,3,1,0,0,0,0.0,0.0,0,1,0,0,7,2,0
E0000962,TC0000962,P000879,2026-08-15,EVALUATION,,47,16.2,9,21.0,0,1,0,1,0,1,1,24,0.041666666666666664,3.0,1,1,0,0,8,5,1
E0000963,TC0000963,P000880,2026-01-29,DEVELOPMENT,1.0,54,23.1,16,14.0,1,0,1,2,1,0,0,0,0.0,0.0,0,1,0,0,1,3,0
E0000964,TC0000964,P000881,2026-04-05,DEVELOPMENT,0.0,24,11.3,14,21.0,0,0,0,0,0,0,0,0,0.0,0.0,0,1,0,0,4,6,1
E0000965,TC0000965,P000882,2026-04-24,DEVELOPMENT,1.0,28,25.4,14,14.0,0,1,1,2,1,0,0,0,0.0,0.0,1,1,1,0,4,4,0
E0000966,TC0000966,P000883,2026-04-14,DEVELOPMENT,1.0,39,25.7,12,21.0,1,1,1,3,1,0,0,0,0.0,0.0,0,1,0,0,4,1,0
E0000967,TC0000967,P000885,2026-05-19,DEVELOPMENT,0.0,48,35.0,18,21.0,1,1,0,2,1,1,1,4,0.25,0.0,0,1,0,0,5,1,0
E0000968,TC0000968,P000886,2026-01-22,DEVELOPMENT,1.0,41,22.2,7,21.0,0,0,1,1,0,0,0,0,0.0,0.0,0,1,0,0,1,3,0
E0000969,TC0000969,P000886,2026-04-28,DEVELOPMENT,0.0,41,22.2,8,14.0,0,0,1,1,0,1,1,96,0.010416666666666666,1.0,1,1,0,0,4,1,0
E0000970,TC0000970,P000889,2026-08-03,EVALUATION,,51,20.2,22,21.0,1,1,0,2,1,0,0,0,0.0,0.0,1,1,0,0,8,0,0
E0000971,TC0000971,P000890,2026-07-29,EVALUATION,,38,35.5,11,30.0,0,1,1,2,1,0,0,0,0.0,0.0,0,1,0,0,7,2,0
E0000972,TC0000972,P000893,2026-05-22,DEVELOPMENT,1.0,45,21.0,10,21.0,1,1,0,2,1,0,0,0,0.0,0.0,0,1,0,0,5,4,0
E0000973,TC0000973,P000894,2026-08-09,EVALUATION,,33,6.7,24,7.0,1,0,1,2,1,0,0,0,0.0,0.0,0,0,0,0,8,6,1
E0000974,TC0000974,P000895,2026-03-07,DEVELOPMENT,0.0,53,29.9,15,21.0,1,0,0,1,0,0,0,0,0.0,0.0,0,1,0,0,3,5,1
E0000975,TC0000975,P000896,2026-03-24,DEVELOPMENT,1.0,38,14.1,15,21.0,1,1,0,2,1,0,0,0,0.0,0.0,0,1,0,0,3,1,0
E0000976,TC0000976,P000896,2026-06-04,DEVELOPMENT,0.0,38,9.4,23,21.0,0,0,0,0,0,1,1,72,0.013888888888888888,2.0,1,0,0,0,6,3,0
E0000977,TC0000977,P000897,2026-01-27,DEVELOPMENT,0.0,66,3.6,9,21.0,1,0,0,1,0,0,0,0,0.0,0.0,1,0,0,0,1,1,0
E0000978,TC0000978,P000897,2026-03-12,DEVELOPMENT,1.0,66,15.7,21,21.0,1,0,0,1,0,1,1,44,0.022727272727272728,1.0,0,1,0,0,3,3,0
E0000979,TC0000979,P000897,2026-03-26,DEVELOPMENT,0.0,66,15.7,8,21.0,0,1,0,1,0,2,1,58,0.034482758620689655,2.0,0,1,0,0,3,3,0
E0000980,TC0000980,P000898,2026-08-15,EVALUATION,,30,33.3,15,30.0,1,0,1,2,1,0,0,0,0.0,0.0,1,1,0,0,8,5,1
E0000981,TC0000981,P000899,2026-05-18,DEVELOPMENT,0.0,18,11.4,16,21.0,1,1,1,3,1,0,0,0,0.0,0.0,0,1,0,0,5,0,0
E0000982,TC0000982,P000901,2026-07-14,EVALUATION,,56,22.1,9,30.0,0,0,1,1,0,0,0,0,0.0,0.0,0,1,0,0,7,1,0
E0000983,TC0000983,P000902,2026-08-02,EVALUATION,,42,12.8,16,21.0,1,0,0,1,0,0,0,0,0.0,0.0,1,1,0,0,8,6,1
E0000984,TC0000984,P000904,2026-01-28,DEVELOPMENT,1.0,18,19.2,12,7.0,1,1,1,3,1,0,0,0,0.0,0.0,1,1,0,0,1,2,0
E0000985,TC0000985,P000905,2026-06-28,DEVELOPMENT,0.0,61,18.7,15,30.0,0,0,1,1,0,0,0,0,0.0,0.0,1,1,0,0,6,6,1
E0000986,TC0000986,P000906,2026-05-05,DEVELOPMENT,0.0,18,22.8,20,30.0,0,0,1,1,0,0,0,0,0.0,0.0,1,1,0,0,5,1,0
E0000987,TC0000987,P000907,2026-07-24,EVALUATION,,59,20.6,13,7.0,1,0,1,2,1,0,0,0,0.0,0.0,0,1,0,0,7,4,0
E0000988,TC0000988,P000908,2026-04-26,DEVELOPMENT,1.0,24,6.5,20,21.0,0,1,0,1,0,0,0,0,0.0,0.0,0,0,0,0,4,6,1
E0000989,TC0000989,P000909,2026-01-10,DEVELOPMENT,0.0,18,15.5,17,21.0,1,0,1,2,1,0,0,0,0.0,0.0,0,1,0,1,1,5,1
E0000990,TC0000990,P000712,2026-06-29,DEVELOPMENT,0.0,37,29.2,13,14.0,1,1,1,3,1,1,1,15,0.06666666666666667,1.0,0,1,0,0,6,0,0
E0000991,TC0000991,P000911,2026-07-01,EVALUATION,,52,25.4,9,14.0,0,1,1,2,1,0,0,0,0.0,0.0,1,1,0,0,7,2,0
E0000992,TC0000992,P000912,2026-04-19,DEVELOPMENT,1.0,57,25.7,20,21.0,1,1,0,2,1,0,0,0,0.0,0.0,0,1,0,0,4,6,1
E0000993,TC0000993,P000913,2026-05-31,DEVELOPMENT,1.0,69,15.7,24,21.0,1,1,0,2,1,0,0,0,0.0,0.0,1,1,0,0,5,6,1
E0000994,TC0000994,P000914,2026-02-10,DEVELOPMENT,1.0,79,4.1,8,30.0,1,1,1,3,1,0,0,0,0.0,0.0,0,0,0,0,2,1,0
E0000995,TC0000995,P000915,2026-05-25,DEVELOPMENT,0.0,64,36.3,7,21.0,1,0,0,1,0,0,0,0,0.0,0.0,1,1,0,0,5,0,0
E0000996,TC0000996,P000916,2026-07-08,EVALUATION,,68,33.3,18,14.0,0,0,1,1,0,0,0,0,0.0,0.0,1,1,0,0,7,2,0
E0000997,TC0000997,P000916,2026-08-03,EVALUATION,,68,21.7,9,30.0,0,0,1,1,0,1,1,26,0.038461538461538464,1.0,0,1,0,0,8,0,0
E0000998,TC0000998,P000918,2026-02-01,DEVELOPMENT,0.0,18,1.4,15,30.0,1,0,1,2,1,0,0,0,0.0,0.0,0,0,0,0,2,6,1
E0000999,TC0000999,P000919,2026-06-08,DEVELOPMENT,0.0,44,27.6,9,21.0,1,1,0,2,1,0,0,0,0.0,0.0,0,1,0,0,6,0,0
E0001000,TC0001000,P000920,2026-04-17,DEVELOPMENT,0.0,49,29.4,23,21.0,0,0,0,0,0,0,0,0,0.0,0.0,0,1,0,0,4,4,0
E0001001,TC0001001,P000922,2026-03-16,DEVELOPMENT,1.0,53,8.3,24,21.0,1,0,1,2,1,0,0,0,0.0,0.0,0,0,1,0,3,0,0
E0001002,TC0001002,P000923,2026-06-16,DEVELOPMENT,0.0,49,22.1,8,30.0,0,0,1,1,0,0,0,0,0.0,0.0,1,1,1,0,6,1,0
E0001003,TC0001003,P000923,2026-08-15,EVALUATION,,49,22.1,19,14.0,1,1,1,3,1,1,1,60,0.016666666666666666,1.0,0,1,1,0,8,5,1
E0001004,TC0001004,P000924,2026-01-13,DEVELOPMENT,0.0,32,23.7,7,14.0,1,0,1,2,1,0,0,0,0.0,0.0,0,1,1,0,1,1,0
E0001005,TC0001005,P000925,2026-02-25,DEVELOPMENT,0.0,43,18.7,14,14.0,0,0,1,1,0,0,0,0,0.0,0.0,0,1,0,0,2,2,0
E0001006,TC0001006,P000926,2026-08-06,EVALUATION,,26,38.9,19,21.0,1,0,0,1,0,0,0,0,0.0,0.0,1,1,0,0,8,3,0
E0001007,TC0001007,P000927,2026-06-18,DEVELOPMENT,1.0,29,14.1,8,14.0,1,0,1,2,1,0,0,0,0.0,0.0,0,1,0,0,6,3,0
E0001008,TC0001008,P000928,2026-08-13,EVALUATION,,79,6.4,15,21.0,0,0,1,1,0,2,1,97,0.020618556701030927,0.0,1,0,0,0,8,3,0
E0001009,TC0001009,P000929,2026-02-20,DEVELOPMENT,1.0,63,3.6,8,30.0,0,1,1,2,1,0,0,0,0.0,0.0,0,0,0,0,2,4,0
E0001010,TC0001010,P000930,2026-07-29,EVALUATION,,63,19.6,23,21.0,0,0,0,0,0,0,0,0,0.0,0.0,1,1,1,0,7,2,0
E0001011,TC0001011,P000933,2026-06-03,DEVELOPMENT,1.0,29,16.2,13,7.0,0,1,1,2,1,0,0,0,0.0,0.0,0,1,0,0,6,2,0
E0001012,TC0001012,P000933,2026-07-23,EVALUATION,,29,36.5,11,21.0,1,0,1,2,1,1,1,50,0.02,2.0,0,1,0,0,7,3,0
E0001013,TC0001013,P000934,2026-06-05,DEVELOPMENT,1.0,28,7.3,7,21.0,1,0,1,2,1,0,0,0,0.0,0.0,1,0,0,1,6,4,0
E0001014,TC0001014,P000935,2026-07-19,EVALUATION,,50,19.7,16,7.0,1,0,1,2,1,0,0,0,0.0,0.0,0,1,0,0,7,6,1
E0001015,TC0001015,P000935,2026-08-06,EVALUATION,,50,22.4,13,21.0,1,0,0,1,0,1,1,18,0.05555555555555555,2.0,0,1,0,0,8,3,0
E0001016,TC0001016,P000936,2026-06-21,DEVELOPMENT,0.0,35,2.6,22,7.0,1,0,1,2,1,1,1,58,0.017241379310344827,0.0,0,0,1,0,6,6,1
E0001017,TC0001017,P000937,2026-06-24,DEVELOPMENT,1.0,60,22.3,24,7.0,1,1,1,3,1,1,1,139,0.007194244604316547,0.0,1,1,0,0,6,2,0
E0001018,TC0001018,P000937,2026-08-03,EVALUATION,,60,16.8,18,21.0,1,0,0,1,0,2,1,179,0.0111731843575419,3.0,0,1,0,0,8,0,0
E0001019,TC0001019,P000938,2026-03-15,DEVELOPMENT,1.0,72,20.3,23,7.0,1,0,1,2,1,0,0,0,0.0,0.0,0,1,0,0,3,6,1
E0001020,TC0001020,P000938,2026-05-09,DEVELOPMENT,1.0,72,27.8,8,21.0,0,1,0,1,0,1,1,55,0.01818181818181818,2.0,0,1,0,0,5,5,1
E0001021,TC0001021,P000939,2026-07-05,EVALUATION,,34,35.5,10,21.0,1,0,0,1,0,1,1,17,0.058823529411764705,0.0,1,1,0,0,7,6,1
E0001022,TC0001022,P000940,2026-03-10,DEVELOPMENT,1.0,59,20.0,15,21.0,0,0,1,1,0,0,0,0,0.0,0.0,0,1,0,0,3,1,0
E0001023,TC0001023,P000941,2026-01-04,DEVELOPMENT,0.0,18,20.6,19,21.0,0,1,0,1,0,0,0,0,0.0,0.0,1,1,0,0,1,6,1
E0001024,TC0001024,P000942,2026-05-01,DEVELOPMENT,0.0,77,13.9,13,14.0,0,1,1,2,1,0,0,0,0.0,0.0,0,1,0,0,5,4,0
E0001025,TC0001025,P000943,2026-03-22,DEVELOPMENT,1.0,52,9.4,17,14.0,1,1,1,3,1,0,0,0,0.0,0.0,0,0,0,0,3,6,1
E0001026,TC0001026,P000943,2026-07-29,EVALUATION,,52,9.4,16,14.0,1,1,1,3,1,1,1,129,0.007751937984496124,3.0,0,0,0,0,7,2,0
E0001027,TC0001027,P000944,2026-02-16,DEVELOPMENT,1.0,43,16.9,13,14.0,1,0,1,2,1,0,0,0,0.0,0.0,1,1,0,0,2,0,0
E0001028,TC0001028,P000946,2026-01-26,DEVELOPMENT,1.0,30,21.3,16,21.0,1,1,0,2,1,0,0,0,0.0,0.0,1,1,0,0,1,0,0
E0001029,TC0001029,P000946,2026-05-04,DEVELOPMENT,0.0,30,21.3,12,7.0,0,0,1,1,0,1,1,98,0.01020408163265306,2.0,0,1,0,0,5,0,0
E0001030,TC0001030,P000947,2026-03-06,DEVELOPMENT,0.0,36,29.7,17,21.0,1,0,0,1,0,0,0,0,0.0,0.0,0,1,0,0,3,4,0
E0001031,TC0001031,P000947,2026-03-23,DEVELOPMENT,0.0,36,20.6,18,14.0,0,0,1,1,0,1,1,17,0.058823529411764705,1.0,1,1,0,0,3,0,0
E0001032,TC0001032,P000949,2026-05-14,DEVELOPMENT,1.0,27,7.0,16,21.0,1,1,0,2,1,0,0,0,0.0,0.0,0,0,0,0,5,3,0
E0001033,TC0001033,P000950,2026-03-29,DEVELOPMENT,1.0,54,8.3,15,30.0,1,0,1,2,1,0,0,0,0.0,0.0,0,0,1,0,3,6,1
E0001034,TC0001034,P000951,2026-06-13,DEVELOPMENT,0.0,44,23.7,22,21.0,1,0,0,1,0,0,0,0,0.0,0.0,0,1,0,0,6,5,1
E0001035,TC0001035,P000952,2026-04-28,DEVELOPMENT,0.0,35,13.9,8,14.0,1,0,1,2,1,0,0,0,0.0,0.0,0,1,0,0,4,1,0
E0001036,TC0001036,P000953,2026-01-31,DEVELOPMENT,0.0,29,17.3,21,21.0,1,0,1,2,1,1,1,17,0.058823529411764705,0.0,1,1,0,0,1,5,1
E0001037,TC0001037,P000954,2026-06-27,DEVELOPMENT,0.0,49,9.4,15,30.0,1,0,1,2,1,0,0,0,0.0,0.0,0,0,0,0,6,5,1
E0001038,TC0001038,P000955,2026-01-10,DEVELOPMENT,0.0,43,20.0,20,30.0,1,0,1,2,1,0,0,0,0.0,0.0,0,1,0,0,1,5,1
E0001039,TC0001039,P000955,2026-03-17,DEVELOPMENT,0.0,43,25.7,7,14.0,0,0,1,1,0,1,1,66,0.015151515151515152,2.0,0,1,0,0,3,1,0
E0001040,TC0001040,P000956,2026-01-11,DEVELOPMENT,0.0,54,29.6,11,21.0,0,0,1,1,0,0,0,0,0.0,0.0,1,1,0,0,1,6,1
E0001041,TC0001041,P000956,2026-03-06,DEVELOPMENT,1.0,54,24.9,10,21.0,1,0,1,2,1,1,1,54,0.018518518518518517,1.0,0,1,0,0,3,4,0
E0001042,TC0001042,P000958,2026-02-18,DEVELOPMENT,1.0,53,29.7,12,21.0,1,0,0,1,0,0,0,0,0.0,0.0,0,1,1,0,2,2,0
E0001043,TC0001043,P000961,2026-07-06,EVALUATION,,63,16.8,20,14.0,1,1,1,3,1,0,0,0,0.0,0.0,0,1,1,0,7,0,0
E0001044,TC0001044,P000962,2026-06-26,DEVELOPMENT,1.0,50,33.3,22,14.0,1,0,1,2,1,0,0,0,0.0,0.0,0,1,0,0,6,4,0
E0001045,TC0001045,P000963,2026-07-26,EVALUATION,,43,33.3,18,14.0,1,0,1,2,1,0,0,0,0.0,0.0,1,1,0,0,7,6,1
E0001046,TC0001046,P000964,2026-06-10,DEVELOPMENT,0.0,57,20.6,14,21.0,1,0,1,2,1,0,0,0,0.0,0.0,1,1,0,1,6,2,0
E0001047,TC0001047,P000964,2026-07-13,EVALUATION,,57,20.6,22,21.0,1,1,0,2,1,1,1,33,0.030303030303030304,2.0,0,1,0,1,7,0,0
E0001048,TC0001048,P000965,2026-05-16,DEVELOPMENT,1.0,52,24.9,13,21.0,1,1,0,2,1,0,0,0,0.0,0.0,0,1,0,0,5,5,1
E0001049,TC0001049,P000965,2026-06-05,DEVELOPMENT,0.0,52,22.9,22,21.0,0,0,0,0,0,1,1,20,0.05,2.0,0,1,0,0,6,4,0
E0001050,TC0001050,P000966,2026-08-09,EVALUATION,,41,8.3,18,21.0,1,0,0,1,0,0,0,0,0.0,0.0,0,0,0,0,8,6,1
E0001051,TC0001051,P000967,2026-01-17,DEVELOPMENT,0.0,30,22.3,21,7.0,1,0,1,2,1,0,0,0,0.0,0.0,1,1,0,0,1,5,1
E0001052,TC0001052,P000968,2026-03-07,DEVELOPMENT,1.0,54,25.3,21,21.0,1,1,1,3,1,0,0,0,0.0,0.0,0,1,0,0,3,5,1
E0001053,TC0001053,P000969,2026-05-12,DEVELOPMENT,1.0,54,19.9,10,21.0,1,0,1,2,1,0,0,0,0.0,0.0,0,1,1,0,5,1,0
E0001054,TC0001054,P000971,2026-04-12,DEVELOPMENT,1.0,57,33.3,9,7.0,1,0,1,2,1,1,1,68,0.014705882352941176,0.0,1,1,0,0,4,6,1
E0001055,TC0001055,P000971,2026-06-23,DEVELOPMENT,1.0,57,33.3,22,21.0,1,0,1,2,1,2,1,140,0.014285714285714285,2.0,0,1,0,0,6,1,0
E0001056,TC0001056,P000972,2026-06-09,DEVELOPMENT,1.0,23,3.6,19,21.0,1,0,0,1,0,0,0,0,0.0,0.0,0,0,0,0,6,1,0
E0001057,TC0001057,P000973,2026-04-03,DEVELOPMENT,0.0,56,21.7,24,21.0,1,1,0,2,1,0,0,0,0.0,0.0,0,1,0,0,4,4,0
E0001058,TC0001058,P000974,2026-08-10,EVALUATION,,40,3.6,7,21.0,1,0,1,2,1,0,0,0,0.0,0.0,1,0,0,0,8,0,0
E0001059,TC0001059,P000976,2026-01-07,DEVELOPMENT,0.0,51,7.0,9,7.0,1,0,1,2,1,0,0,0,0.0,0.0,0,0,1,0,1,2,0
E0001060,TC0001060,P000977,2026-03-01,DEVELOPMENT,1.0,35,27.9,7,30.0,1,1,1,3,1,0,0,0,0.0,0.0,0,1,1,0,3,6,1
E0001061,TC0001061,P000978,2026-06-07,DEVELOPMENT,1.0,28,38.9,20,21.0,0,1,0,1,0,0,0,0,0.0,0.0,1,1,0,0,6,6,1
E0001062,TC0001062,P000979,2026-04-09,DEVELOPMENT,1.0,40,27.6,12,21.0,1,1,0,2,1,0,0,0,0.0,0.0,0,1,1,0,4,3,0
E0001063,TC0001063,P000979,2026-05-26,DEVELOPMENT,0.0,40,27.6,18,14.0,0,1,1,2,1,1,1,47,0.02127659574468085,2.0,1,1,1,0,5,1,0
E0001064,TC0001064,P000980,2026-07-28,EVALUATION,,67,33.3,22,21.0,1,0,0,1,0,0,0,0,0.0,0.0,1,1,1,0,7,1,0
E0001065,TC0001065,P000981,2026-06-22,DEVELOPMENT,0.0,18,12.6,21,21.0,1,0,1,2,1,0,0,0,0.0,0.0,0,1,0,0,6,0,0
E0001066,TC0001066,P000982,2026-04-26,DEVELOPMENT,1.0,36,25.4,18,14.0,1,0,1,2,1,0,0,0,0.0,0.0,0,1,1,0,4,6,1
E0001067,TC0001067,P000983,2026-05-13,DEVELOPMENT,1.0,50,22.9,23,30.0,1,1,1,3,1,0,0,0,0.0,0.0,1,1,0,0,5,2,0
E0001068,TC0001068,P000984,2026-08-15,EVALUATION,,18,5.1,10,14.0,1,1,1,3,1,0,0,0,0.0,0.0,0,0,0,0,8,5,1
E0001069,TC0001069,P000985,2026-04-08,DEVELOPMENT,0.0,22,29.2,19,7.0,1,1,1,3,1,0,0,0,0.0,0.0,1,1,0,0,4,2,0
E0001070,TC0001070,P000452,2026-02-08,DEVELOPMENT,0.0,27,29.9,16,14.0,1,1,1,3,1,0,0,0,0.0,4.0,1,1,0,0,2,6,1
E0001071,TC0001071,P000989,2026-01-23,DEVELOPMENT,0.0,54,5.1,18,30.0,0,0,1,1,0,0,0,0,0.0,0.0,0,0,0,0,1,4,0
E0001072,TC0001072,P000989,2026-05-09,DEVELOPMENT,0.0,54,19.9,24,21.0,1,0,0,1,0,1,1,106,0.009433962264150943,1.0,1,1,0,0,5,5,1
E0001073,TC0001073,P000990,2026-01-14,DEVELOPMENT,0.0,58,4.2,23,7.0,0,0,1,1,0,0,0,0,0.0,0.0,0,0,0,0,1,2,0
E0001074,TC0001074,P000990,2026-03-15,DEVELOPMENT,0.0,58,17.9,15,14.0,1,0,1,2,1,1,1,60,0.016666666666666666,1.0,0,1,0,0,3,6,1
E0001075,TC0001075,P000991,2026-07-13,EVALUATION,,43,25.4,21,21.0,0,1,0,1,0,0,0,0,0.0,0.0,0,1,0,0,7,0,0
E0001076,TC0001076,P000994,2026-05-12,DEVELOPMENT,0.0,69,3.6,23,21.0,1,0,1,2,1,0,0,0,0.0,0.0,1,0,0,0,5,1,0
E0001077,TC0001077,P000994,2026-06-11,DEVELOPMENT,0.0,69,15.7,19,21.0,0,0,0,0,0,1,1,30,0.03333333333333333,2.0,0,1,0,0,6,3,0
E0001078,TC0001078,P000995,2026-03-22,DEVELOPMENT,0.0,46,13.9,13,30.0,0,0,1,1,0,0,0,0,0.0,0.0,0,1,0,0,3,6,1
E0001079,TC0001079,P000996,2026-01-07,DEVELOPMENT,1.0,69,22.3,16,21.0,1,1,1,3,1,0,0,0,0.0,0.0,0,1,0,0,1,2,0
E0001080,TC0001080,P000997,2026-05-31,DEVELOPMENT,1.0,38,2.2,12,21.0,1,1,1,3,1,0,0,0,0.0,0.0,0,0,1,0,5,6,1
E0001081,TC0001081,P000999,2026-03-14,DEVELOPMENT,1.0,58,36.5,9,14.0,0,0,1,1,0,0,0,0,0.0,0.0,0,1,0,1,3,5,1
E0001082,TC0001082,P001001,2026-06-30,DEVELOPMENT,1.0,80,6.5,24,21.0,1,0,0,1,0,0,0,0,0.0,0.0,0,0,0,0,6,1,0
E0001083,TC0001083,P001002,2026-05-16,DEVELOPMENT,0.0,40,10.8,19,21.0,0,0,0,0,0,0,0,0,0.0,0.0,0,1,0,0,5,5,1
E0001084,TC0001084,P001003,2026-07-19,EVALUATION,,50,36.3,9,21.0,1,0,1,2,1,0,0,0,0.0,0.0,0,1,1,0,7,6,1
E0001085,TC0001085,P001004,2026-02-25,DEVELOPMENT,1.0,18,8.3,23,7.0,0,1,1,2,1,0,0,0,0.0,0.0,0,0,0,0,2,2,0
E0001086,TC0001086,P001004,2026-03-26,DEVELOPMENT,0.0,18,25.4,14,21.0,1,0,0,1,0,1,1,29,0.034482758620689655,2.0,1,1,0,0,3,3,0
E0001087,TC0001087,P001005,2026-04-20,DEVELOPMENT,1.0,84,35.4,11,7.0,0,0,1,1,0,0,0,0,0.0,0.0,1,1,0,0,4,0,0
E0001088,TC0001088,P001006,2026-08-10,EVALUATION,,51,29.6,17,30.0,0,1,1,2,1,0,0,0,0.0,0.0,0,1,0,0,8,0,0
E0001089,TC0001089,P001007,2026-06-24,DEVELOPMENT,0.0,33,29.4,19,21.0,0,0,0,0,0,0,0,0,0.0,0.0,0,1,0,0,6,2,0
E0001090,TC0001090,P001007,2026-08-01,EVALUATION,,33,12.8,20,14.0,1,0,1,2,1,1,1,38,0.02631578947368421,0.0,1,1,0,0,8,5,1
E0001091,TC0001091,P001008,2026-04-04,DEVELOPMENT,1.0,35,4.1,23,21.0,1,1,0,2,1,0,0,0,0.0,0.0,0,0,0,0,4,5,1
E0001092,TC0001092,P001009,2026-07-26,EVALUATION,,42,29.2,11,14.0,1,1,1,3,1,0,0,0,0.0,0.0,0,1,0,0,7,6,1
E0001093,TC0001093,P001010,2026-03-14,DEVELOPMENT,0.0,47,29.2,22,30.0,1,0,1,2,1,0,0,0,0.0,0.0,0,1,0,0,3,5,1
E0001094,TC0001094,P001011,2026-03-16,DEVELOPMENT,1.0,67,12.8,18,7.0,1,1,1,3,1,0,0,0,0.0,0.0,1,1,0,0,3,0,0
E0001095,TC0001095,P001012,2026-05-06,DEVELOPMENT,0.0,73,22.3,8,21.0,1,0,0,1,0,0,0,0,0.0,0.0,0,1,0,0,5,2,0
E0001096,TC0001096,P001013,2026-01-26,DEVELOPMENT,1.0,65,19.5,14,21.0,1,0,0,1,0,0,0,0,0.0,0.0,1,1,0,1,1,0,0
E0001097,TC0001097,P001013,2026-04-17,DEVELOPMENT,0.0,65,11.3,17,7.0,0,0,1,1,0,1,1,81,0.012345679012345678,1.0,1,1,0,1,4,4,0
E0001098,TC0001098,P001014,2026-02-04,DEVELOPMENT,0.0,57,20.2,19,21.0,1,0,0,1,0,0,0,0,0.0,0.0,0,1,0,0,2,2,0
E0001099,TC0001099,P001014,2026-02-09,DEVELOPMENT,0.0,57,26.4,14,21.0,1,0,0,1,0,1,1,5,0.2,1.0,0,1,0,0,2,0,0
E0001100,TC0001100,P001015,2026-06-21,DEVELOPMENT,0.0,68,26.4,13,14.0,1,1,1,3,1,1,1,59,0.01694915254237288,0.0,0,1,0,1,6,6,1
E0001101,TC0001101,P001016,2026-02-14,DEVELOPMENT,0.0,76,21.7,18,14.0,0,0,1,1,0,0,0,0,0.0,0.0,0,1,0,1,2,5,1
E0001102,TC0001102,P001017,2026-05-18,DEVELOPMENT,0.0,59,16.8,14,21.0,1,0,0,1,0,0,0,0,0.0,0.0,0,1,0,0,5,0,0
E0001103,TC0001103,P001018,2026-05-05,DEVELOPMENT,0.0,54,13.0,13,14.0,1,0,1,2,1,0,0,0,0.0,0.0,1,1,0,0,5,1,0
E0001104,TC0001104,P001018,2026-06-13,DEVELOPMENT,0.0,54,13.0,16,21.0,1,0,1,2,1,1,1,39,0.02564102564102564,2.0,0,1,0,0,6,5,1
E0001105,TC0001105,P001019,2026-02-04,DEVELOPMENT,1.0,43,21.1,21,21.0,1,0,0,1,0,0,0,0,0.0,0.0,1,1,0,0,2,2,0
E0001106,TC0001106,P001019,2026-02-21,DEVELOPMENT,0.0,43,21.1,24,21.0,1,0,0,1,0,1,1,17,0.058823529411764705,1.0,1,1,0,0,2,5,1
E0001107,TC0001107,P001020,2026-06-25,DEVELOPMENT,0.0,35,19.6,19,14.0,1,0,1,2,1,0,0,0,0.0,0.0,1,1,0,0,6,3,0
E0001108,TC0001108,P001020,2026-08-11,EVALUATION,,35,25.7,22,14.0,1,0,1,2,1,1,1,47,0.02127659574468085,2.0,1,1,0,0,8,1,0
E0001109,TC0001109,P001021,2026-03-16,DEVELOPMENT,1.0,20,22.9,17,14.0,1,0,1,2,1,0,0,0,0.0,0.0,0,1,0,0,3,0,0
E0001110,TC0001110,P001022,2026-06-21,DEVELOPMENT,1.0,38,25.7,21,30.0,1,0,1,2,1,0,0,0,0.0,0.0,1,1,0,0,6,6,1
E0001111,TC0001111,P001023,2026-04-06,DEVELOPMENT,1.0,40,27.6,18,21.0,0,0,1,1,0,0,0,0,0.0,0.0,0,1,0,0,4,0,0
E0001112,TC0001112,P001023,2026-04-27,DEVELOPMENT,0.0,40,27.6,8,21.0,0,0,0,0,0,1,1,21,0.047619047619047616,1.0,0,1,0,0,4,0,0
E0001113,TC0001113,P001023,2026-06-05,DEVELOPMENT,0.0,40,27.6,17,30.0,0,0,1,1,0,2,1,60,0.03333333333333333,1.0,0,1,0,0,6,4,0
E0001114,TC0001114,P001024,2026-06-12,DEVELOPMENT,1.0,74,4.2,17,7.0,0,0,1,1,0,0,0,0,0.0,0.0,1,0,0,0,6,4,0
E0001115,TC0001115,P001024,2026-07-05,EVALUATION,,74,12.6,20,21.0,1,1,0,2,1,1,1,23,0.043478260869565216,1.0,0,1,0,0,7,6,1
E0001116,TC0001116,P001025,2026-04-12,DEVELOPMENT,1.0,79,13.9,9,21.0,1,1,0,2,1,0,0,0,0.0,0.0,0,1,0,0,4,6,1
E0001117,TC0001117,P001026,2026-04-18,DEVELOPMENT,0.0,18,6.7,15,21.0,1,0,0,1,0,1,1,56,0.017857142857142856,0.0,1,0,0,0,4,5,1
E0001118,TC0001118,P001027,2026-01-20,DEVELOPMENT,1.0,53,19.5,10,30.0,1,1,1,3,1,0,0,0,0.0,0.0,0,1,0,1,1,1,0
E0001119,TC0001119,P001028,2026-03-24,DEVELOPMENT,0.0,44,29.6,11,21.0,0,1,0,1,0,0,0,0,0.0,0.0,0,1,1,0,3,1,0
E0001120,TC0001120,P001028,2026-05-10,DEVELOPMENT,1.0,44,22.9,12,14.0,0,1,1,2,1,1,1,47,0.02127659574468085,1.0,0,1,1,0,5,6,1
E0001121,TC0001121,P001029,2026-03-03,DEVELOPMENT,0.0,70,6.5,9,21.0,1,0,0,1,0,0,0,0,0.0,0.0,0,0,1,0,3,1,0
E0001122,TC0001122,P001031,2026-05-27,DEVELOPMENT,1.0,53,18.0,9,21.0,1,1,1,3,1,0,0,0,0.0,0.0,0,1,0,0,5,2,0
E0001123,TC0001123,P001031,2026-07-20,EVALUATION,,53,17.6,19,21.0,0,1,1,2,1,1,1,54,0.018518518518518517,3.0,0,1,0,0,7,0,0
E0001124,TC0001124,P001032,2026-07-17,EVALUATION,,48,9.7,17,21.0,1,0,1,2,1,0,0,0,0.0,0.0,0,0,0,1,7,4,0
E0001125,TC0001125,P001032,2026-08-08,EVALUATION,,48,9.7,16,21.0,0,1,1,2,1,1,1,22,0.045454545454545456,2.0,0,0,0,1,8,5,1
E0001126,TC0001126,P001033,2026-05-09,DEVELOPMENT,0.0,64,25.4,11,21.0,1,1,0,2,1,0,0,0,0.0,0.0,0,1,0,0,5,5,1
E0001127,TC0001127,P001034,2026-02-25,DEVELOPMENT,0.0,18,29.9,10,21.0,0,0,0,0,0,0,0,0,0.0,1.0,0,1,0,0,2,2,0
E0001128,TC0001128,P001034,2026-06-29,DEVELOPMENT,1.0,18,29.9,24,7.0,1,1,1,3,1,2,1,124,0.016129032258064516,1.0,0,1,0,0,6,0,0
E0001129,TC0001129,P001035,2026-05-18,DEVELOPMENT,0.0,39,5.1,9,7.0,0,0,1,1,0,1,1,20,0.05,0.0,0,0,0,0,5,0,0
E0001130,TC0001130,P001036,2026-01-25,DEVELOPMENT,0.0,37,2.6,10,21.0,0,1,1,2,1,0,0,0,0.0,0.0,1,0,0,0,1,6,1
E0001131,TC0001131,P001037,2026-04-01,DEVELOPMENT,0.0,46,9.7,16,14.0,0,1,1,2,1,0,0,0,0.0,0.0,0,0,1,0,4,2,0
E0001132,TC0001132,P001038,2026-02-02,DEVELOPMENT,0.0,46,29.9,17,21.0,1,1,0,2,1,0,0,0,0.0,0.0,0,1,0,0,2,0,0
E0001133,TC0001133,P001040,2026-05-02,DEVELOPMENT,1.0,57,1.4,16,7.0,1,1,1,3,1,0,0,0,0.0,0.0,0,0,0,0,5,5,1
E0001134,TC0001134,P001040,2026-08-13,EVALUATION,,57,1.4,19,21.0,1,0,0,1,0,1,1,103,0.009708737864077669,3.0,0,0,0,0,8,3,0
E0001135,TC0001135,P001041,2026-01-07,DEVELOPMENT,1.0,82,12.6,24,14.0,1,0,1,2,1,0,0,0,0.0,0.0,1,1,0,0,1,2,0
E0001136,TC0001136,P001042,2026-01-15,DEVELOPMENT,0.0,58,7.0,14,21.0,1,0,1,2,1,0,0,0,0.0,0.0,0,0,0,1,1,3,0
E0001137,TC0001137,P001043,2026-02-15,DEVELOPMENT,0.0,41,17.9,10,21.0,1,0,0,1,0,0,0,0,0.0,0.0,0,1,0,0,2,6,1
E0001138,TC0001138,P001044,2026-02-04,DEVELOPMENT,1.0,54,24.9,7,14.0,0,0,1,1,0,0,0,0,0.0,0.0,1,1,0,0,2,2,0
E0001139,TC0001139,P001045,2026-07-04,EVALUATION,,55,11.3,24,7.0,1,0,1,2,1,0,0,0,0.0,0.0,0,1,1,0,7,5,1
E0001140,TC0001140,P001045,2026-08-09,EVALUATION,,55,7.6,14,21.0,1,0,0,1,0,1,1,36,0.027777777777777776,2.0,0,0,1,0,8,6,1
E0001141,TC0001141,P001046,2026-04-25,DEVELOPMENT,1.0,47,36.5,24,30.0,1,0,1,2,1,0,0,0,0.0,0.0,1,1,0,0,4,5,1
E0001142,TC0001142,P001047,2026-07-16,EVALUATION,,70,12.8,17,21.0,1,0,1,2,1,0,0,0,0.0,0.0,0,1,0,0,7,3,0
E0001143,TC0001143,P001048,2026-08-10,EVALUATION,,51,20.2,13,7.0,1,0,1,2,1,0,0,0,0.0,0.0,0,1,0,0,8,0,0
E0001144,TC0001144,P001049,2026-01-23,DEVELOPMENT,0.0,39,33.3,8,21.0,0,1,0,1,0,0,0,0,0.0,0.0,0,1,1,0,1,4,0
E0001145,TC0001145,P001050,2026-02-18,DEVELOPMENT,1.0,36,23.7,17,14.0,1,0,1,2,1,0,0,0,0.0,0.0,1,1,1,0,2,2,0
E0001146,TC0001146,P001051,2026-02-11,DEVELOPMENT,1.0,50,26.4,24,14.0,1,1,1,3,1,0,0,0,0.0,0.0,0,1,0,1,2,2,0
E0001147,TC0001147,P001053,2026-02-17,DEVELOPMENT,1.0,18,26.6,18,30.0,1,0,1,2,1,1,1,14,0.07142857142857142,0.0,0,1,0,0,2,1,0
E0001148,TC0001148,P001054,2026-05-30,DEVELOPMENT,0.0,66,23.7,13,21.0,1,0,1,2,1,0,0,0,0.0,0.0,0,1,0,0,5,5,1
E0001149,TC0001149,P001055,2026-08-10,EVALUATION,,62,13.0,8,21.0,1,1,1,3,1,0,0,0,0.0,0.0,0,1,0,0,8,0,0
E0001150,TC0001150,P001056,2026-06-09,DEVELOPMENT,0.0,68,18.0,15,7.0,1,1,1,3,1,0,0,0,0.0,0.0,0,1,0,0,6,1,0
E0001151,TC0001151,P001056,2026-08-06,EVALUATION,,68,16.9,18,30.0,1,1,1,3,1,1,1,58,0.017241379310344827,3.0,0,1,0,0,8,3,0
E0001152,TC0001152,P001058,2026-02-18,DEVELOPMENT,0.0,72,13.9,16,21.0,0,1,1,2,1,0,0,0,0.0,0.0,0,1,0,0,2,2,0
E0001153,TC0001153,P001058,2026-07-21,EVALUATION,,72,7.4,19,21.0,1,1,0,2,1,1,1,153,0.006535947712418301,2.0,0,0,0,0,7,1,0
E0001154,TC0001154,P001060,2026-03-11,DEVELOPMENT,1.0,72,7.4,19,21.0,0,1,0,1,0,0,0,0,0.0,0.0,0,0,0,1,3,2,0
E0001155,TC0001155,P001060,2026-04-22,DEVELOPMENT,1.0,72,7.4,13,30.0,1,0,1,2,1,1,1,42,0.023809523809523808,1.0,0,0,0,1,4,2,0
E0001156,TC0001156,P001062,2026-03-26,DEVELOPMENT,0.0,40,7.4,11,21.0,1,1,0,2,1,0,0,0,0.0,0.0,1,0,0,1,3,3,0
E0001157,TC0001157,P001062,2026-03-28,DEVELOPMENT,0.0,40,6.6,17,7.0,1,1,1,3,1,1,1,2,0.5,2.0,0,0,0,1,3,5,1
E0001158,TC0001158,P001062,2026-04-23,DEVELOPMENT,0.0,40,6.6,13,14.0,1,1,1,3,1,2,1,28,0.07142857142857142,5.0,1,0,0,1,4,3,0
E0001159,TC0001159,P001063,2026-03-15,DEVELOPMENT,1.0,37,29.9,17,14.0,1,0,1,2,1,0,0,0,0.0,0.0,0,1,0,0,3,6,1
E0001160,TC0001160,P001064,2026-02-17,DEVELOPMENT,1.0,39,7.3,10,7.0,1,0,1,2,1,0,0,0,0.0,0.0,1,0,0,0,2,1,0
E0001161,TC0001161,P001065,2026-02-03,DEVELOPMENT,0.0,64,11.9,20,7.0,1,0,1,2,1,0,0,0,0.0,0.0,0,1,0,0,2,1,0
E0001162,TC0001162,P001065,2026-03-19,DEVELOPMENT,0.0,64,20.3,20,21.0,1,0,0,1,0,1,1,44,0.022727272727272728,2.0,0,1,0,0,3,3,0
E0001163,TC0001163,P001068,2026-06-27,DEVELOPMENT,0.0,54,21.3,10,21.0,1,0,0,1,0,0,0,0,0.0,0.0,0,1,0,0,6,5,1
E0001164,TC0001164,P001071,2026-05-17,DEVELOPMENT,0.0,50,17.9,19,14.0,0,1,1,2,1,0,0,0,0.0,0.0,0,1,0,0,5,6,1
E0001165,TC0001165,P001071,2026-06-23,DEVELOPMENT,0.0,50,17.9,24,21.0,0,1,1,2,1,1,1,37,0.02702702702702703,2.0,0,1,0,0,6,1,0
E0001166,TC0001166,P001071,2026-08-09,EVALUATION,,50,17.9,14,21.0,1,1,0,2,1,2,1,84,0.023809523809523808,4.0,1,1,0,0,8,6,1
E0001167,TC0001167,P001072,2026-07-15,EVALUATION,,56,2.6,22,14.0,0,0,1,1,0,0,0,0,0.0,0.0,0,0,0,0,7,2,0
E0001168,TC0001168,P001074,2026-05-20,DEVELOPMENT,0.0,30,13.9,14,30.0,1,0,1,2,1,0,0,0,0.0,0.0,0,1,0,0,5,2,0
E0001169,TC0001169,P001074,2026-07-11,EVALUATION,,30,12.6,23,21.0,0,1,0,1,0,1,1,52,0.019230769230769232,2.0,0,1,0,0,7,5,1
E0001170,TC0001170,P001076,2026-04-08,DEVELOPMENT,0.0,18,12.8,21,21.0,1,0,0,1,0,0,0,0,0.0,0.0,1,1,0,0,4,2,0
E0001171,TC0001171,P001077,2026-05-15,DEVELOPMENT,1.0,69,12.6,14,7.0,1,0,1,2,1,0,0,0,0.0,0.0,0,1,1,0,5,4,0
E0001172,TC0001172,P001077,2026-06-30,DEVELOPMENT,1.0,69,12.6,15,21.0,1,0,1,2,1,1,1,46,0.021739130434782608,2.0,0,1,1,0,6,1,0
E0001173,TC0001173,P001078,2026-07-16,EVALUATION,,27,15.5,16,21.0,1,0,0,1,0,0,0,0,0.0,0.0,0,1,0,0,7,3,0
E0001174,TC0001174,P001079,2026-04-18,DEVELOPMENT,0.0,32,21.3,12,21.0,1,0,0,1,0,0,0,0,0.0,0.0,0,1,1,0,4,5,1
E0001175,TC0001175,P001079,2026-05-07,DEVELOPMENT,1.0,32,21.3,22,30.0,1,0,1,2,1,1,1,19,0.05263157894736842,1.0,0,1,1,0,5,3,0
E0001176,TC0001176,P001080,2026-04-17,DEVELOPMENT,1.0,47,35.5,18,7.0,0,0,1,1,0,0,0,0,0.0,0.0,0,1,0,0,4,4,0
E0001177,TC0001177,P001081,2026-04-09,DEVELOPMENT,0.0,49,7.6,11,7.0,0,0,1,1,0,0,0,0,0.0,0.0,0,0,1,0,4,3,0
E0001178,TC0001178,P001082,2026-06-06,DEVELOPMENT,0.0,43,12.8,10,30.0,1,0,1,2,1,1,1,149,0.006711409395973154,0.0,1,1,0,0,6,5,1
E0001179,TC0001179,P001082,2026-08-01,EVALUATION,,43,18.4,9,14.0,1,0,1,2,1,2,1,205,0.00975609756097561,2.0,1,1,0,0,8,5,1
E0001180,TC0001180,P001083,2026-06-24,DEVELOPMENT,1.0,49,12.6,22,30.0,1,1,1,3,1,0,0,0,0.0,0.0,0,1,1,0,6,2,0
E0001181,TC0001181,P001084,2026-06-17,DEVELOPMENT,1.0,53,25.4,11,14.0,1,1,1,3,1,0,0,0,0.0,0.0,0,1,0,0,6,2,0
E0001182,TC0001182,P001085,2026-04-09,DEVELOPMENT,0.0,40,8.3,8,14.0,1,1,1,3,1,0,0,0,0.0,0.0,1,0,1,0,4,3,0
E0001183,TC0001183,P001085,2026-08-03,EVALUATION,,40,21.0,8,30.0,0,1,1,2,1,1,1,116,0.008620689655172414,3.0,1,1,1,0,8,0,0
E0001184,TC0001184,P001086,2026-03-05,DEVELOPMENT,1.0,48,9.4,17,21.0,0,1,1,2,1,0,0,0,0.0,0.0,0,0,0,0,3,3,0
E0001185,TC0001185,P001087,2026-07-31,EVALUATION,,44,7.6,13,14.0,1,0,1,2,1,0,0,0,0.0,0.0,0,0,0,0,7,4,0
E0001186,TC0001186,P001088,2026-02-18,DEVELOPMENT,0.0,44,25.7,15,30.0,1,0,1,2,1,0,0,0,0.0,0.0,0,1,0,0,2,2,0
E0001187,TC0001187,P001088,2026-03-08,DEVELOPMENT,0.0,44,20.0,7,21.0,1,1,0,2,1,1,1,18,0.05555555555555555,2.0,1,1,0,0,3,6,1
E0001188,TC0001188,P001089,2026-05-18,DEVELOPMENT,1.0,48,20.0,15,21.0,1,0,1,2,1,0,0,0,0.0,0.0,0,1,1,0,5,0,0
E0001189,TC0001189,P001090,2026-04-19,DEVELOPMENT,0.0,72,5.1,14,21.0,1,1,0,2,1,0,0,0,0.0,0.0,0,0,0,0,4,6,1
E0001190,TC0001190,P001091,2026-05-22,DEVELOPMENT,0.0,38,25.8,23,21.0,1,1,1,3,1,0,0,0,0.0,0.0,0,1,0,0,5,4,0
E0001191,TC0001191,P001092,2026-03-26,DEVELOPMENT,0.0,57,19.2,9,21.0,1,0,0,1,0,0,0,0,0.0,0.0,1,1,1,0,3,3,0
E0001192,TC0001192,P001092,2026-05-30,DEVELOPMENT,0.0,57,19.7,15,7.0,0,0,1,1,0,1,1,65,0.015384615384615385,1.0,0,1,1,0,5,5,1
E0001193,TC0001193,P001093,2026-03-30,DEVELOPMENT,1.0,33,23.7,21,21.0,1,1,1,3,1,0,0,0,0.0,0.0,1,1,1,0,3,0,0
E0001194,TC0001194,P001094,2026-07-07,EVALUATION,,31,4.2,15,21.0,1,1,0,2,1,0,0,0,0.0,0.0,0,0,0,0,7,1,0
E0001195,TC0001195,P001095,2026-03-20,DEVELOPMENT,0.0,67,20.3,15,30.0,1,0,1,2,1,0,0,0,0.0,0.0,1,1,0,0,3,4,0
E0001196,TC0001196,P001096,2026-05-30,DEVELOPMENT,0.0,43,25.7,20,7.0,1,0,1,2,1,0,0,0,0.0,0.0,0,1,0,0,5,5,1
E0001197,TC0001197,P004070,2026-07-11,EVALUATION,,47,25.4,21,7.0,1,0,1,2,1,2,1,150,0.013333333333333334,0.0,1,1,0,0,7,5,1
E0001198,TC0001198,P001098,2026-07-20,EVALUATION,,43,26.3,19,21.0,0,0,0,0,0,0,0,0,0.0,0.0,1,1,0,0,7,0,0
E0001199,TC0001199,P001099,2026-06-02,DEVELOPMENT,0.0,22,1.4,21,21.0,1,0,0,1,0,0,0,0,0.0,0.0,0,0,0,1,6,1,0
E0001200,TC0001200,P001100,2026-08-14,EVALUATION,,67,24.9,16,21.0,1,0,0,1,0,0,0,0,0.0,0.0,1,1,0,0,8,4,0
E0001201,TC0001201,P001101,2026-05-02,DEVELOPMENT,0.0,56,19.2,18,21.0,1,0,0,1,0,0,0,0,0.0,0.0,0,1,0,0,5,5,1
E0001202,TC0001202,P001101,2026-07-20,EVALUATION,,56,22.3,7,7.0,0,0,1,1,0,1,1,79,0.012658227848101266,1.0,0,1,0,0,7,0,0
E0001203,TC0001203,P001102,2026-01-31,DEVELOPMENT,1.0,64,33.3,17,14.0,0,0,1,1,0,0,0,0,0.0,0.0,1,1,0,0,1,5,1
E0001204,TC0001204,P001104,2026-07-05,EVALUATION,,56,36.1,7,14.0,1,0,1,2,1,0,0,0,0.0,0.0,0,1,0,0,7,6,1
E0001205,TC0001205,P001105,2026-02-11,DEVELOPMENT,0.0,48,7.3,8,7.0,1,0,1,2,1,0,0,0,0.0,0.0,1,0,0,0,2,2,0
E0001206,TC0001206,P001106,2026-06-12,DEVELOPMENT,0.0,53,26.2,14,21.0,0,0,0,0,0,0,0,0,0.0,0.0,0,1,1,0,6,4,0
E0001207,TC0001207,P001107,2026-08-08,EVALUATION,,32,29.2,13,30.0,0,0,1,1,0,0,0,0,0.0,0.0,1,1,0,0,8,5,1
E0001208,TC0001208,P001108,2026-08-08,EVALUATION,,52,29.7,15,7.0,0,0,1,1,0,0,0,0,0.0,0.0,0,1,0,0,8,5,1
E0001209,TC0001209,P001109,2026-05-03,DEVELOPMENT,0.0,63,25.4,15,21.0,1,0,0,1,0,0,0,0,0.0,0.0,0,1,0,0,5,6,1
E0001210,TC0001210,P000428,2026-06-09,DEVELOPMENT,0.0,71,16.2,16,21.0,1,0,0,1,0,0,0,0,0.0,2.0,0,1,1,0,6,1,0
E0001211,TC0001211,P001111,2026-04-16,DEVELOPMENT,0.0,48,12.6,7,7.0,1,0,1,2,1,0,0,0,0.0,0.0,0,1,0,0,4,3,0
E0001212,TC0001212,P001111,2026-07-13,EVALUATION,,48,4.2,10,30.0,1,1,1,3,1,1,1,88,0.011363636363636364,2.0,0,0,0,0,7,0,0
E0001213,TC0001213,P001112,2026-06-09,DEVELOPMENT,1.0,46,26.6,18,30.0,1,1,1,3,1,0,0,0,0.0,0.0,0,1,1,0,6,1,0
E0001214,TC0001214,P001113,2026-01-03,DEVELOPMENT,0.0,62,4.2,8,21.0,1,0,0,1,0,0,0,0,0.0,0.0,1,0,1,0,1,5,1
E0001215,TC0001215,P001114,2026-04-23,DEVELOPMENT,0.0,45,20.6,23,7.0,0,0,1,1,0,0,0,0,0.0,0.0,1,1,0,0,4,3,0
E0001216,TC0001216,P001116,2026-04-23,DEVELOPMENT,1.0,33,26.3,14,30.0,1,0,1,2,1,0,0,0,0.0,0.0,0,1,0,0,4,3,0
E0001217,TC0001217,P001116,2026-06-18,DEVELOPMENT,1.0,33,25.4,18,14.0,1,0,1,2,1,1,1,56,0.017857142857142856,2.0,0,1,0,0,6,3,0
E0001218,TC0001218,P001117,2026-05-16,DEVELOPMENT,1.0,64,19.7,13,21.0,1,0,1,2,1,0,0,0,0.0,0.0,1,1,0,0,5,5,1
E0001219,TC0001219,P001119,2026-01-05,DEVELOPMENT,0.0,40,15.5,16,21.0,1,0,0,1,0,0,0,0,0.0,0.0,0,1,0,0,1,0,0
E0001220,TC0001220,P001119,2026-07-31,EVALUATION,,40,15.5,22,21.0,1,0,1,2,1,1,1,207,0.004830917874396135,1.0,0,1,0,0,7,4,0
E0001221,TC0001221,P001120,2026-01-04,DEVELOPMENT,0.0,40,7.3,19,30.0,1,1,1,3,1,0,0,0,0.0,0.0,0,0,0,0,1,6,1
E0001222,TC0001222,P001120,2026-08-07,EVALUATION,,40,6.5,14,21.0,1,0,0,1,0,1,1,215,0.004651162790697674,3.0,1,0,0,0,8,4,0
E0001223,TC0001223,P001121,2026-06-26,DEVELOPMENT,1.0,51,29.2,20,30.0,1,0,1,2,1,0,0,0,0.0,0.0,0,1,0,0,6,4,0
E0001224,TC0001224,P001121,2026-08-01,EVALUATION,,51,22.8,12,7.0,1,0,1,2,1,1,1,36,0.027777777777777776,2.0,1,1,0,0,8,5,1
E0001225,TC0001225,P001122,2026-06-26,DEVELOPMENT,1.0,24,25.4,18,21.0,1,0,0,1,0,0,0,0,0.0,0.0,1,1,0,0,6,4,0
E0001226,TC0001226,P001123,2026-07-10,EVALUATION,,44,22.4,24,30.0,0,0,1,1,0,0,0,0,0.0,0.0,0,1,0,0,7,4,0
E0001227,TC0001227,P001124,2026-06-13,DEVELOPMENT,1.0,32,22.1,20,21.0,1,1,1,3,1,0,0,0,0.0,0.0,0,1,0,0,6,5,1
E0001228,TC0001228,P001125,2026-02-03,DEVELOPMENT,0.0,69,11.4,18,21.0,1,1,0,2,1,0,0,0,0.0,0.0,0,1,0,0,2,1,0
E0001229,TC0001229,P001127,2026-01-25,DEVELOPMENT,1.0,52,20.2,22,14.0,0,1,1,2,1,0,0,0,0.0,0.0,1,1,0,0,1,6,1
E0001230,TC0001230,P001127,2026-02-03,DEVELOPMENT,1.0,52,26.4,9,14.0,1,0,1,2,1,1,1,9,0.1111111111111111,2.0,0,1,0,0,2,1,0
E0001231,TC0001231,P001128,2026-04-21,DEVELOPMENT,0.0,67,33.3,24,21.0,0,1,0,1,0,0,0,0,0.0,0.0,0,1,0,0,4,1,0
E0001232,TC0001232,P001128,2026-05-25,DEVELOPMENT,0.0,67,15.5,8,30.0,0,0,1,1,0,1,1,34,0.029411764705882353,1.0,0,1,0,0,5,0,0
E0001233,TC0001233,P001128,2026-07-08,EVALUATION,,67,21.7,20,30.0,1,0,1,2,1,2,1,78,0.02564102564102564,2.0,0,1,0,0,7,2,0
E0001234,TC0001234,P001129,2026-05-03,DEVELOPMENT,0.0,31,3.6,23,14.0,1,0,1,2,1,0,0,0,0.0,0.0,0,0,0,0,5,6,1
E0001235,TC0001235,P001130,2026-02-27,DEVELOPMENT,1.0,18,15.7,20,7.0,1,0,1,2,1,0,0,0,0.0,0.0,0,1,1,0,2,4,0
E0001236,TC0001236,P001130,2026-03-15,DEVELOPMENT,0.0,18,6.4,22,21.0,1,0,1,2,1,1,1,16,0.0625,2.0,0,0,1,0,3,6,1
E0001237,TC0001237,P001131,2026-01-13,DEVELOPMENT,0.0,62,11.3,15,21.0,1,1,0,2,1,0,0,0,0.0,0.0,0,1,0,0,1,1,0
E0001238,TC0001238,P001132,2026-01-30,DEVELOPMENT,0.0,24,6.6,17,7.0,1,0,1,2,1,0,0,0,0.0,0.0,0,0,0,0,1,4,0
E0001239,TC0001239,P001134,2026-03-18,DEVELOPMENT,0.0,79,6.4,19,7.0,0,1,1,2,1,0,0,0,0.0,0.0,0,0,0,0,3,2,0
E0001240,TC0001240,P001135,2026-04-08,DEVELOPMENT,1.0,41,23.7,8,30.0,1,0,1,2,1,0,0,0,0.0,0.0,0,1,0,0,4,2,0
E0001241,TC0001241,P001136,2026-02-09,DEVELOPMENT,1.0,61,35.4,18,7.0,0,0,1,1,0,0,0,0,0.0,0.0,1,1,0,0,2,0,0
E0001242,TC0001242,P001137,2026-03-06,DEVELOPMENT,0.0,70,21.1,22,21.0,1,0,1,2,1,1,1,45,0.022222222222222223,0.0,0,1,0,0,3,4,0
E0001243,TC0001243,P001138,2026-02-03,DEVELOPMENT,0.0,64,1.4,7,21.0,1,0,1,2,1,0,0,0,0.0,0.0,0,0,0,0,2,1,0
E0001244,TC0001244,P001138,2026-05-26,DEVELOPMENT,0.0,64,1.4,21,30.0,0,0,1,1,0,1,1,112,0.008928571428571428,2.0,0,0,0,0,5,1,0
E0001245,TC0001245,P001139,2026-03-29,DEVELOPMENT,0.0,43,33.3,16,21.0,1,0,0,1,0,0,0,0,0.0,0.0,1,1,0,1,3,6,1
E0001246,TC0001246,P001140,2026-06-11,DEVELOPMENT,0.0,52,26.4,12,21.0,1,0,0,1,0,0,0,0,0.0,0.0,0,1,0,0,6,3,0
E0001247,TC0001247,P001143,2026-04-03,DEVELOPMENT,1.0,38,33.3,18,21.0,1,0,0,1,0,0,0,0,0.0,0.0,1,1,0,0,4,4,0
E0001248,TC0001248,P001144,2026-03-28,DEVELOPMENT,0.0,44,33.3,18,21.0,0,0,0,0,0,0,0,0,0.0,0.0,0,1,1,0,3,5,1
E0001249,TC0001249,P001145,2026-07-30,EVALUATION,,44,35.0,22,30.0,0,0,1,1,0,0,0,0,0.0,0.0,0,1,0,0,7,3,0
E0001250,TC0001250,P001146,2026-05-24,DEVELOPMENT,1.0,51,25.7,24,21.0,1,0,0,1,0,0,0,0,0.0,0.0,1,1,0,1,5,6,1
E0001251,TC0001251,P001147,2026-05-19,DEVELOPMENT,0.0,56,22.3,19,21.0,1,1,0,2,1,0,0,0,0.0,0.0,1,1,0,0,5,1,0
E0001252,TC0001252,P001148,2026-03-07,DEVELOPMENT,0.0,60,26.4,9,30.0,1,0,1,2,1,0,0,0,0.0,0.0,0,1,1,0,3,5,1
E0001253,TC0001253,P001149,2026-04-16,DEVELOPMENT,1.0,57,25.7,20,14.0,0,0,1,1,0,0,0,0,0.0,0.0,0,1,0,0,4,3,0
E0001254,TC0001254,P001150,2026-02-01,DEVELOPMENT,1.0,28,22.1,20,21.0,1,0,1,2,1,0,0,0,0.0,0.0,0,1,1,0,2,6,1
E0001255,TC0001255,P001152,2026-03-06,DEVELOPMENT,0.0,60,16.8,11,21.0,1,0,0,1,0,0,0,0,0.0,0.0,1,1,0,0,3,4,0
E0001256,TC0001256,P001152,2026-03-31,DEVELOPMENT,0.0,60,16.8,12,7.0,0,0,1,1,0,1,1,25,0.04,1.0,1,1,0,0,3,1,0
E0001257,TC0001257,P001153,2026-01-27,DEVELOPMENT,1.0,88,22.8,17,21.0,1,0,1,2,1,0,0,0,0.0,0.0,0,1,0,0,1,1,0
E0001258,TC0001258,P001153,2026-02-05,DEVELOPMENT,1.0,88,29.2,9,21.0,1,0,1,2,1,1,1,9,0.1111111111111111,2.0,1,1,0,0,2,3,0
E0001259,TC0001259,P001154,2026-06-01,DEVELOPMENT,0.0,27,18.7,22,21.0,0,1,0,1,0,0,0,0,0.0,0.0,0,1,0,1,6,0,0
E0001260,TC0001260,P001155,2026-05-19,DEVELOPMENT,0.0,85,17.9,11,21.0,0,1,1,2,1,0,0,0,0.0,0.0,0,1,0,0,5,1,0
E0001261,TC0001261,P001156,2026-01-06,DEVELOPMENT,1.0,65,22.3,21,7.0,0,0,1,1,0,0,0,0,0.0,0.0,0,1,0,1,1,1,0
E0001262,TC0001262,P001157,2026-07-14,EVALUATION,,64,20.3,21,30.0,1,0,1,2,1,0,0,0,0.0,0.0,0,1,0,0,7,1,0
E0001263,TC0001263,P001158,2026-06-08,DEVELOPMENT,0.0,35,9.7,11,30.0,1,0,1,2,1,0,0,0,0.0,0.0,0,0,0,0,6,0,0
E0001264,TC0001264,P001159,2026-08-15,EVALUATION,,33,12.8,8,21.0,1,1,1,3,1,0,0,0,0.0,0.0,0,1,0,0,8,5,1
E0001265,TC0001265,P001162,2026-06-15,DEVELOPMENT,1.0,40,11.9,24,30.0,1,0,1,2,1,1,1,144,0.006944444444444444,0.0,0,1,0,0,6,0,0
E0001266,TC0001266,P001163,2026-05-21,DEVELOPMENT,0.0,73,25.3,23,21.0,1,1,0,2,1,0,0,0,0.0,0.0,0,1,0,0,5,3,0
E0001267,TC0001267,P001164,2026-07-14,EVALUATION,,38,20.0,24,21.0,1,0,0,1,0,0,0,0,0.0,0.0,0,1,0,0,7,1,0
E0001268,TC0001268,P001164,2026-08-15,EVALUATION,,38,25.7,18,21.0,0,0,0,0,0,1,1,32,0.03125,1.0,0,1,0,0,8,5,1
E0001269,TC0001269,P001165,2026-04-28,DEVELOPMENT,1.0,50,26.6,13,21.0,1,0,1,2,1,0,0,0,0.0,0.0,0,1,1,0,4,1,0
E0001270,TC0001270,P001166,2026-06-08,DEVELOPMENT,0.0,31,14.1,18,30.0,0,1,1,2,1,0,0,0,0.0,0.0,0,1,0,0,6,0,0
E0001271,TC0001271,P001167,2026-02-10,DEVELOPMENT,0.0,18,4.1,11,30.0,1,1,1,3,1,0,0,0,0.0,0.0,1,0,0,0,2,1,0
E0001272,TC0001272,P001169,2026-07-20,EVALUATION,,67,26.6,8,21.0,0,0,1,1,0,0,0,0,0.0,0.0,0,1,0,0,7,0,0
E0001273,TC0001273,P001170,2026-04-19,DEVELOPMENT,0.0,49,5.6,18,7.0,0,0,1,1,0,0,0,0,0.0,0.0,0,0,0,0,4,6,1
E0001274,TC0001274,P001172,2026-02-01,DEVELOPMENT,1.0,41,16.9,17,7.0,0,1,1,2,1,0,0,0,0.0,0.0,0,1,0,0,2,6,1
E0001275,TC0001275,P001173,2026-04-28,DEVELOPMENT,0.0,30,12.8,18,21.0,1,0,0,1,0,0,0,0,0.0,0.0,0,1,1,0,4,1,0
E0001276,TC0001276,P001175,2026-05-05,DEVELOPMENT,1.0,48,21.0,11,7.0,1,0,1,2,1,0,0,0,0.0,0.0,1,1,0,0,5,1,0
E0001277,TC0001277,P001176,2026-04-11,DEVELOPMENT,0.0,57,1.4,14,30.0,1,1,1,3,1,0,0,0,0.0,0.0,0,0,0,0,4,5,1
E0001278,TC0001278,P001177,2026-07-30,EVALUATION,,75,12.8,17,30.0,1,0,1,2,1,0,0,0,0.0,0.0,0,1,0,0,7,3,0
E0001279,TC0001279,P000289,2026-05-21,DEVELOPMENT,1.0,60,35.4,15,30.0,1,0,1,2,1,2,1,68,0.029411764705882353,3.0,0,1,0,0,5,3,0
E0001280,TC0001280,P000289,2026-06-21,DEVELOPMENT,1.0,60,35.4,21,21.0,1,0,0,1,0,3,1,99,0.030303030303030304,5.0,1,1,0,0,6,6,1
E0001281,TC0001281,P001179,2026-01-17,DEVELOPMENT,1.0,20,22.8,14,14.0,1,1,1,3,1,0,0,0,0.0,0.0,0,1,0,0,1,5,1
E0001282,TC0001282,P001179,2026-02-27,DEVELOPMENT,0.0,20,22.8,14,21.0,1,0,0,1,0,1,1,41,0.024390243902439025,3.0,1,1,0,0,2,4,0
E0001283,TC0001283,P001180,2026-04-30,DEVELOPMENT,0.0,54,9.4,21,14.0,1,0,1,2,1,0,0,0,0.0,0.0,0,0,0,0,4,3,0
E0001284,TC0001284,P001181,2026-03-23,DEVELOPMENT,1.0,68,15.7,7,21.0,1,1,0,2,1,0,0,0,0.0,0.0,0,1,0,0,3,0,0
E0001285,TC0001285,P001181,2026-04-07,DEVELOPMENT,0.0,68,6.4,12,21.0,1,0,1,2,1,1,1,15,0.06666666666666667,2.0,1,0,0,0,4,1,0
E0001286,TC0001286,P001182,2026-04-01,DEVELOPMENT,1.0,59,4.2,24,30.0,0,0,1,1,0,0,0,0,0.0,0.0,0,0,0,1,4,2,0
E0001287,TC0001287,P001182,2026-05-05,DEVELOPMENT,1.0,59,4.2,19,14.0,0,1,1,2,1,1,1,34,0.029411764705882353,1.0,1,0,0,1,5,1,0
E0001288,TC0001288,P001183,2026-03-14,DEVELOPMENT,0.0,48,19.6,11,30.0,1,1,1,3,1,0,0,0,0.0,0.0,0,1,0,0,3,5,1
E0001289,TC0001289,P001184,2026-01-17,DEVELOPMENT,0.0,31,17.3,24,14.0,1,1,1,3,1,0,0,0,0.0,0.0,0,1,0,0,1,5,1
E0001290,TC0001290,P001185,2026-03-07,DEVELOPMENT,0.0,57,19.6,23,30.0,1,0,1,2,1,0,0,0,0.0,0.0,0,1,0,0,3,5,1
E0001291,TC0001291,P001185,2026-08-06,EVALUATION,,57,19.6,18,21.0,1,0,0,1,0,1,1,152,0.006578947368421052,2.0,0,1,0,0,8,3,0
E0001292,TC0001292,P001186,2026-05-13,DEVELOPMENT,1.0,62,36.5,21,21.0,1,0,1,2,1,0,0,0,0.0,0.0,0,1,0,0,5,2,0
E0001293,TC0001293,P001187,2026-07-10,EVALUATION,,30,25.8,14,21.0,1,0,0,1,0,0,0,0,0.0,0.0,1,1,0,0,7,4,0
E0001294,TC0001294,P001187,2026-08-10,EVALUATION,,30,6.7,10,21.0,1,1,0,2,1,1,1,31,0.03225806451612903,1.0,1,0,0,0,8,0,0
E0001295,TC0001295,P001188,2026-05-16,DEVELOPMENT,1.0,39,11.3,14,7.0,1,1,1,3,1,0,0,0,0.0,0.0,0,1,0,0,5,5,1
E0001296,TC0001296,P001189,2026-05-15,DEVELOPMENT,0.0,31,24.9,11,21.0,1,0,0,1,0,0,0,0,0.0,0.0,1,1,0,0,5,4,0
E0001297,TC0001297,P001191,2026-03-09,DEVELOPMENT,1.0,87,22.8,23,7.0,1,1,1,3,1,0,0,0,0.0,0.0,0,1,0,0,3,0,0
E0001298,TC0001298,P001192,2026-07-20,EVALUATION,,50,19.6,23,21.0,0,1,1,2,1,0,0,0,0.0,0.0,0,1,0,0,7,0,0
E0001299,TC0001299,P001192,2026-08-10,EVALUATION,,50,25.7,10,7.0,0,0,1,1,0,1,1,21,0.047619047619047616,2.0,1,1,0,0,8,0,0
E0001300,TC0001300,P001193,2026-01-07,DEVELOPMENT,0.0,44,19.5,10,14.0,1,0,1,2,1,0,0,0,0.0,0.0,0,1,0,0,1,2,0
E0001301,TC0001301,P001193,2026-03-05,DEVELOPMENT,0.0,44,11.3,10,7.0,1,0,1,2,1,1,1,57,0.017543859649122806,2.0,0,1,0,0,3,3,0
E0001302,TC0001302,P001194,2026-03-07,DEVELOPMENT,1.0,42,2.2,11,7.0,0,1,1,2,1,0,0,0,0.0,0.0,0,0,0,0,3,5,1
E0001303,TC0001303,P000026,2026-04-13,DEVELOPMENT,0.0,60,29.9,21,21.0,1,1,1,3,1,0,0,0,0.0,0.0,1,1,0,0,4,0,0
E0001304,TC0001304,P001195,2026-04-06,DEVELOPMENT,1.0,61,12.8,12,21.0,1,1,0,2,1,0,0,0,0.0,0.0,0,1,1,0,4,0,0
E0001305,TC0001305,P001196,2026-03-16,DEVELOPMENT,1.0,28,23.7,12,14.0,1,0,1,2,1,0,0,0,0.0,0.0,0,1,0,0,3,0,0
E0001306,TC0001306,P001197,2026-03-24,DEVELOPMENT,0.0,50,19.2,18,21.0,1,0,0,1,0,0,0,0,0.0,0.0,1,1,0,0,3,1,0
E0001307,TC0001307,P001197,2026-04-17,DEVELOPMENT,0.0,50,19.7,18,21.0,1,0,0,1,0,1,1,24,0.041666666666666664,1.0,0,1,0,0,4,4,0
E0001308,TC0001308,P001198,2026-06-21,DEVELOPMENT,1.0,34,29.6,7,21.0,1,0,0,1,0,0,0,0,0.0,0.0,1,1,0,0,6,6,1
E0001309,TC0001309,P001199,2026-05-12,DEVELOPMENT,0.0,43,4.1,21,7.0,1,0,1,2,1,1,1,120,0.008333333333333333,0.0,0,0,0,0,5,1,0
E0001310,TC0001310,P001200,2026-04-05,DEVELOPMENT,0.0,21,6.6,9,21.0,1,0,0,1,0,0,0,0,0.0,0.0,0,0,0,1,4,6,1
E0001311,TC0001311,P001200,2026-05-08,DEVELOPMENT,0.0,21,7.4,19,14.0,1,0,1,2,1,1,1,33,0.030303030303030304,1.0,0,0,0,1,5,4,0
E0001312,TC0001312,P001201,2026-08-10,EVALUATION,,67,3.6,21,14.0,1,0,1,2,1,0,0,0,0.0,0.0,0,0,0,0,8,0,0
E0001313,TC0001313,P001202,2026-06-24,DEVELOPMENT,0.0,29,33.3,7,30.0,0,1,1,2,1,0,0,0,0.0,0.0,1,1,0,0,6,2,0
E0001314,TC0001314,P000344,2026-08-13,EVALUATION,,62,29.6,21,7.0,1,1,1,3,1,1,1,108,0.009259259259259259,0.0,0,1,0,0,8,3,0
E0001315,TC0001315,P001205,2026-07-31,EVALUATION,,70,22.1,20,7.0,1,0,1,2,1,0,0,0,0.0,0.0,0,1,0,0,7,4,0
E0001316,TC0001316,P001206,2026-05-05,DEVELOPMENT,0.0,49,26.3,11,21.0,1,0,0,1,0,0,0,0,0.0,0.0,1,1,0,0,5,1,0
E0001317,TC0001317,P001206,2026-06-15,DEVELOPMENT,1.0,49,29.4,8,21.0,1,0,0,1,0,1,1,41,0.024390243902439025,1.0,1,1,0,0,6,0,0
E0001318,TC0001318,P001207,2026-08-15,EVALUATION,,56,9.4,12,14.0,1,0,1,2,1,0,0,0,0.0,0.0,0,0,0,0,8,5,1
E0001319,TC0001319,P001208,2026-01-07,DEVELOPMENT,0.0,60,22.3,10,21.0,1,0,0,1,0,0,0,0,0.0,0.0,1,1,0,0,1,2,0
E0001320,TC0001320,P001209,2026-03-26,DEVELOPMENT,0.0,61,1.4,11,7.0,1,0,1,2,1,0,0,0,0.0,0.0,0,0,0,1,3,3,0
E0001321,TC0001321,P001210,2026-03-13,DEVELOPMENT,0.0,57,11.9,18,21.0,0,0,1,1,0,0,0,0,0.0,0.0,0,1,0,0,3,4,0
E0001322,TC0001322,P001211,2026-04-30,DEVELOPMENT,1.0,42,26.6,19,21.0,1,0,0,1,0,0,0,0,0.0,0.0,0,1,0,1,4,3,0
E0001323,TC0001323,P001211,2026-06-30,DEVELOPMENT,0.0,42,7.3,8,7.0,1,0,1,2,1,1,1,61,0.01639344262295082,1.0,1,0,0,1,6,1,0
E0001324,TC0001324,P001211,2026-08-10,EVALUATION,,42,26.6,10,21.0,1,0,0,1,0,2,1,102,0.0196078431372549,3.0,0,1,0,1,8,0,0
E0001325,TC0001325,P001212,2026-03-30,DEVELOPMENT,1.0,21,19.9,22,14.0,1,0,1,2,1,0,0,0,0.0,0.0,1,1,1,0,3,0,0
E0001326,TC0001326,P001213,2026-01-13,DEVELOPMENT,0.0,22,8.3,18,30.0,0,0,1,1,0,0,0,0,0.0,0.0,0,0,0,0,1,1,0
E0001327,TC0001327,P001214,2026-04-26,DEVELOPMENT,0.0,64,27.8,23,14.0,0,0,1,1,0,0,0,0,0.0,0.0,0,1,0,0,4,6,1
E0001328,TC0001328,P001215,2026-07-28,EVALUATION,,39,26.4,23,14.0,1,1,1,3,1,1,1,67,0.014925373134328358,0.0,0,1,0,0,7,1,0
E0001329,TC0001329,P001216,2026-02-23,DEVELOPMENT,1.0,66,16.9,21,21.0,1,0,1,2,1,0,0,0,0.0,0.0,0,1,0,0,2,0,0
E0001330,TC0001330,P001216,2026-05-23,DEVELOPMENT,1.0,66,18.0,22,30.0,1,1,1,3,1,1,1,89,0.011235955056179775,2.0,0,1,0,0,5,5,1
E0001331,TC0001331,P001217,2026-02-20,DEVELOPMENT,1.0,37,20.2,17,7.0,1,0,1,2,1,0,0,0,0.0,0.0,0,1,0,1,2,4,0
E0001332,TC0001332,P001218,2026-05-07,DEVELOPMENT,1.0,42,21.1,16,21.0,1,0,0,1,0,0,0,0,0.0,0.0,0,1,0,0,5,3,0
E0001333,TC0001333,P001220,2026-04-25,DEVELOPMENT,1.0,45,11.3,21,30.0,1,0,1,2,1,0,0,0,0.0,0.0,0,1,0,0,4,5,1
E0001334,TC0001334,P001221,2026-05-29,DEVELOPMENT,0.0,58,6.4,23,21.0,1,0,1,2,1,0,0,0,0.0,0.0,1,0,0,0,5,4,0
E0001335,TC0001335,P001221,2026-07-20,EVALUATION,,58,3.6,7,21.0,1,0,0,1,0,1,1,52,0.019230769230769232,2.0,0,0,0,0,7,0,0
E0001336,TC0001336,P001222,2026-08-04,EVALUATION,,33,18.7,8,21.0,1,1,0,2,1,0,0,0,0.0,0.0,1,1,1,0,8,1,0
E0001337,TC0001337,P001223,2026-07-03,EVALUATION,,73,5.6,24,21.0,1,0,1,2,1,0,0,0,0.0,0.0,0,0,0,0,7,4,0
E0001338,TC0001338,P001224,2026-04-28,DEVELOPMENT,1.0,18,3.6,17,7.0,1,0,1,2,1,0,0,0,0.0,0.0,0,0,0,0,4,1,0
E0001339,TC0001339,P001225,2026-06-27,DEVELOPMENT,0.0,62,7.0,17,21.0,1,0,1,2,1,0,0,0,0.0,0.0,0,0,0,0,6,5,1
E0001340,TC0001340,P001225,2026-08-14,EVALUATION,,62,28.2,13,21.0,1,1,0,2,1,1,1,48,0.020833333333333332,2.0,1,1,0,0,8,4,0
E0001341,TC0001341,P001226,2026-03-20,DEVELOPMENT,0.0,53,4.2,9,21.0,1,1,0,2,1,0,0,0,0.0,0.0,0,0,0,0,3,4,0
E0001342,TC0001342,P001226,2026-04-11,DEVELOPMENT,0.0,53,17.9,16,7.0,1,0,1,2,1,1,1,22,0.045454545454545456,2.0,0,1,0,0,4,5,1
E0001343,TC0001343,P001227,2026-06-19,DEVELOPMENT,1.0,47,17.2,20,14.0,1,1,1,3,1,0,0,0,0.0,0.0,0,1,0,0,6,4,0
E0001344,TC0001344,P001230,2026-05-19,DEVELOPMENT,1.0,18,2.6,23,21.0,1,1,0,2,1,0,0,0,0.0,0.0,0,0,0,0,5,1,0
E0001345,TC0001345,P001230,2026-07-17,EVALUATION,,18,2.6,13,21.0,0,0,0,0,0,1,1,59,0.01694915254237288,2.0,0,0,0,0,7,4,0
E0001346,TC0001346,P001231,2026-05-20,DEVELOPMENT,1.0,39,26.4,16,30.0,1,0,1,2,1,0,0,0,0.0,0.0,0,1,0,0,5,2,0
E0001347,TC0001347,P001232,2026-07-29,EVALUATION,,36,28.3,12,21.0,1,1,0,2,1,0,0,0,0.0,0.0,1,1,0,0,7,2,0
E0001348,TC0001348,P001233,2026-06-07,DEVELOPMENT,0.0,47,13.2,17,7.0,0,1,1,2,1,0,0,0,0.0,0.0,1,1,0,1,6,6,1
E0001349,TC0001349,P001233,2026-06-28,DEVELOPMENT,0.0,47,22.3,17,14.0,0,0,1,1,0,1,1,21,0.047619047619047616,2.0,1,1,0,1,6,6,1
E0001350,TC0001350,P001234,2026-01-31,DEVELOPMENT,0.0,72,22.1,11,21.0,0,0,0,0,0,0,0,0,0.0,0.0,1,1,0,0,1,5,1
E0001351,TC0001351,P001298,2026-04-23,DEVELOPMENT,0.0,72,29.2,14,14.0,0,0,1,1,0,1,1,49,0.02040816326530612,0.0,0,1,0,0,4,3,0
E0001352,TC0001352,P001234,2026-06-30,DEVELOPMENT,1.0,72,29.2,13,30.0,1,0,1,2,1,1,1,150,0.006666666666666667,0.0,0,1,0,0,6,1,0
E0001353,TC0001353,P001235,2026-03-25,DEVELOPMENT,1.0,64,7.4,17,30.0,0,1,1,2,1,0,0,0,0.0,0.0,1,0,0,0,3,2,0
E0001354,TC0001354,P001236,2026-04-17,DEVELOPMENT,0.0,46,3.6,12,21.0,0,0,0,0,0,1,1,49,0.02040816326530612,0.0,1,0,0,0,4,4,0
E0001355,TC0001355,P001237,2026-07-09,EVALUATION,,55,13.9,13,21.0,1,1,0,2,1,0,0,0,0.0,0.0,0,1,0,1,7,3,0
E0001356,TC0001356,P001238,2026-02-10,DEVELOPMENT,0.0,49,6.5,7,30.0,0,0,1,1,0,0,0,0,0.0,0.0,0,0,1,0,2,1,0
E0001357,TC0001357,P001239,2026-03-25,DEVELOPMENT,0.0,61,4.2,13,21.0,0,0,1,1,0,0,0,0,0.0,0.0,0,0,0,0,3,2,0
E0001358,TC0001358,P001240,2026-01-02,DEVELOPMENT,0.0,45,22.4,18,21.0,0,1,0,1,0,0,0,0,0.0,0.0,0,1,0,0,1,4,0
E0001359,TC0001359,P001240,2026-08-15,EVALUATION,,45,22.4,9,14.0,0,0,1,1,0,1,1,225,0.0044444444444444444,1.0,1,1,0,0,8,5,1
E0001360,TC0001360,P001241,2026-05-08,DEVELOPMENT,1.0,81,16.2,22,21.0,1,0,0,1,0,0,0,0,0.0,0.0,0,1,1,0,5,4,0
E0001361,TC0001361,P001241,2026-06-09,DEVELOPMENT,0.0,81,16.2,10,21.0,1,0,0,1,0,1,1,32,0.03125,1.0,0,1,1,0,6,1,0
E0001362,TC0001362,P001242,2026-04-09,DEVELOPMENT,0.0,75,13.9,21,21.0,1,0,0,1,0,0,0,0,0.0,0.0,0,1,0,0,4,3,0
E0001363,TC0001363,P001244,2026-07-07,EVALUATION,,69,28.2,10,30.0,1,0,1,2,1,0,0,0,0.0,0.0,1,1,0,0,7,1,0
E0001364,TC0001364,P001245,2026-02-16,DEVELOPMENT,1.0,80,14.1,11,14.0,1,0,1,2,1,0,0,0,0.0,0.0,0,1,0,0,2,0,0
E0001365,TC0001365,P001245,2026-07-02,EVALUATION,,80,14.1,19,30.0,1,0,1,2,1,1,1,136,0.007352941176470588,2.0,1,1,0,0,7,3,0
E0001366,TC0001366,P001245,2026-07-27,EVALUATION,,80,23.7,17,21.0,1,1,0,2,1,2,1,161,0.012422360248447204,4.0,0,1,0,0,7,0,0
E0001367,TC0001367,P001246,2026-03-03,DEVELOPMENT,0.0,34,12.6,7,21.0,1,1,0,2,1,0,0,0,0.0,0.0,0,1,0,0,3,1,0
E0001368,TC0001368,P001247,2026-08-02,EVALUATION,,39,2.6,8,14.0,0,0,1,1,0,0,0,0,0.0,0.0,0,0,0,0,8,6,1
E0001369,TC0001369,P001248,2026-04-22,DEVELOPMENT,0.0,60,4.2,19,21.0,1,0,0,1,0,0,0,0,0.0,0.0,0,0,0,0,4,2,0
E0001370,TC0001370,P001249,2026-03-07,DEVELOPMENT,0.0,18,11.9,16,21.0,1,0,0,1,0,0,0,0,0.0,0.0,1,1,0,0,3,5,1
E0001371,TC0001371,P001250,2026-06-22,DEVELOPMENT,1.0,30,36.1,16,14.0,1,1,1,3,1,0,0,0,0.0,0.0,0,1,1,0,6,0,0
E0001372,TC0001372,P000698,2026-01-14,DEVELOPMENT,0.0,69,5.6,16,7.0,1,0,1,2,1,1,1,1,1.0,2.0,0,0,0,0,1,2,0
E0001373,TC0001373,P001252,2026-07-15,EVALUATION,,42,29.9,12,21.0,1,0,0,1,0,0,0,0,0.0,0.0,0,1,0,0,7,2,0
E0001374,TC0001374,P001253,2026-06-09,DEVELOPMENT,1.0,31,6.7,10,30.0,1,0,1,2,1,0,0,0,0.0,0.0,0,0,1,0,6,1,0
E0001375,TC0001375,P000929,2026-07-20,EVALUATION,,63,6.4,18,30.0,1,0,1,2,1,1,1,150,0.006666666666666667,2.0,0,0,0,0,7,0,0
E0001376,TC0001376,P001256,2026-03-20,DEVELOPMENT,1.0,88,3.6,11,21.0,1,1,1,3,1,0,0,0,0.0,0.0,0,0,0,0,3,4,0
E0001377,TC0001377,P001257,2026-08-02,EVALUATION,,52,19.2,15,21.0,1,0,0,1,0,0,0,0,0.0,0.0,0,1,0,0,8,6,1
E0001378,TC0001378,P001258,2026-01-13,DEVELOPMENT,0.0,80,28.3,23,7.0,1,0,1,2,1,0,0,0,0.0,0.0,1,1,0,0,1,1,0
E0001379,TC0001379,P001258,2026-06-07,DEVELOPMENT,1.0,80,17.3,21,7.0,1,1,1,3,1,3,1,145,0.020689655172413793,2.0,0,1,0,0,6,6,1
E0001380,TC0001380,P001259,2026-03-21,DEVELOPMENT,0.0,56,15.7,20,21.0,0,0,0,0,0,0,0,0,0.0,0.0,1,1,1,0,3,5,1
E0001381,TC0001381,P001259,2026-04-14,DEVELOPMENT,0.0,56,15.7,13,14.0,1,1,1,3,1,1,1,24,0.041666666666666664,0.0,0,1,1,0,4,1,0
E0001382,TC0001382,P001260,2026-08-09,EVALUATION,,60,17.9,22,30.0,0,1,1,2,1,0,0,0,0.0,0.0,1,1,0,0,8,6,1
E0001383,TC0001383,P001261,2026-02-12,DEVELOPMENT,0.0,44,36.3,19,21.0,0,1,0,1,0,0,0,0,0.0,0.0,0,1,0,0,2,3,0
E0001384,TC0001384,P001262,2026-03-29,DEVELOPMENT,0.0,39,4.1,19,7.0,1,1,1,3,1,0,0,0,0.0,0.0,1,0,0,0,3,6,1
E0001385,TC0001385,P001262,2026-05-12,DEVELOPMENT,0.0,39,4.1,24,7.0,1,0,1,2,1,1,1,44,0.022727272727272728,3.0,0,0,0,0,5,1,0
E0001386,TC0001386,P001262,2026-07-08,EVALUATION,,39,21.1,9,21.0,1,0,0,1,0,2,1,101,0.019801980198019802,5.0,1,1,0,0,7,2,0
E0001387,TC0001387,P001162,2026-01-22,DEVELOPMENT,1.0,40,27.8,17,7.0,1,1,1,3,1,0,0,0,0.0,2.0,0,1,0,0,1,3,0
E0001388,TC0001388,P001264,2026-02-28,DEVELOPMENT,0.0,43,36.5,10,21.0,1,1,1,3,1,0,0,0,0.0,0.0,0,1,0,0,2,5,1
E0001389,TC0001389,P001265,2026-04-10,DEVELOPMENT,1.0,46,26.6,7,30.0,1,0,1,2,1,1,1,36,0.027777777777777776,0.0,0,1,0,0,4,4,0
E0001390,TC0001390,P001266,2026-06-27,DEVELOPMENT,0.0,25,8.7,15,21.0,0,0,0,0,0,0,0,0,0.0,0.0,0,0,0,0,6,5,1
E0001391,TC0001391,P001267,2026-05-20,DEVELOPMENT,0.0,35,2.6,17,30.0,1,0,1,2,1,0,0,0,0.0,0.0,0,0,0,0,5,2,0
E0001392,TC0001392,P001015,2026-04-23,DEVELOPMENT,0.0,68,20.2,23,7.0,1,0,1,2,1,0,0,0,0.0,3.0,0,1,0,1,4,3,0
E0001393,TC0001393,P001269,2026-02-27,DEVELOPMENT,1.0,79,29.9,19,30.0,1,0,1,2,1,0,0,0,0.0,0.0,1,1,0,0,2,4,0
E0001394,TC0001394,P001270,2026-07-09,EVALUATION,,71,29.2,16,21.0,0,0,0,0,0,0,0,0,0.0,0.0,0,1,0,0,7,3,0
E0001395,TC0001395,P001271,2026-03-16,DEVELOPMENT,0.0,59,14.1,24,21.0,0,0,0,0,0,0,0,0,0.0,0.0,0,1,0,0,3,0,0
E0001396,TC0001396,P001272,2026-06-13,DEVELOPMENT,1.0,57,28.3,15,21.0,0,1,0,1,0,0,0,0,0.0,0.0,0,1,0,0,6,5,1
E0001397,TC0001397,P001273,2026-06-28,DEVELOPMENT,1.0,61,25.8,7,21.0,1,0,0,1,0,2,1,68,0.029411764705882353,0.0,0,1,0,0,6,6,1
E0001398,TC0001398,P001274,2026-06-15,DEVELOPMENT,1.0,52,26.2,10,7.0,1,0,1,2,1,0,0,0,0.0,0.0,1,1,0,0,6,0,0
E0001399,TC0001399,P001277,2026-03-23,DEVELOPMENT,0.0,41,3.6,23,30.0,1,0,1,2,1,0,0,0,0.0,0.0,1,0,0,1,3,0,0
E0001400,TC0001400,P001277,2026-07-16,EVALUATION,,41,3.6,22,7.0,1,1,1,3,1,1,1,115,0.008695652173913044,2.0,1,0,0,1,7,3,0
E0001401,TC0001401,P000156,2026-07-26,EVALUATION,,71,26.3,8,14.0,1,0,1,2,1,1,1,27,0.037037037037037035,4.0,0,1,1,0,7,6,1
E0001402,TC0001402,P001279,2026-02-12,DEVELOPMENT,1.0,53,25.4,21,21.0,1,1,0,2,1,0,0,0,0.0,0.0,1,1,0,0,2,3,0
E0001403,TC0001403,P001281,2026-04-21,DEVELOPMENT,1.0,60,33.3,22,21.0,1,0,1,2,1,0,0,0,0.0,0.0,1,1,0,1,4,1,0
E0001404,TC0001404,P001282,2026-06-28,DEVELOPMENT,1.0,37,15.5,20,21.0,1,1,1,3,1,0,0,0,0.0,0.0,0,1,0,0,6,6,1
E0001405,TC0001405,P001284,2026-04-11,DEVELOPMENT,1.0,52,29.7,17,21.0,1,0,0,1,0,0,0,0,0.0,0.0,0,1,0,0,4,5,1
E0001406,TC0001406,P001285,2026-08-14,EVALUATION,,40,25.4,19,14.0,1,1,1,3,1,0,0,0,0.0,0.0,0,1,0,0,8,4,0
E0001407,TC0001407,P001286,2026-06-10,DEVELOPMENT,1.0,27,21.7,11,7.0,1,0,1,2,1,0,0,0,0.0,0.0,1,1,0,0,6,2,0
E0001408,TC0001408,P001286,2026-08-07,EVALUATION,,27,33.3,7,21.0,1,1,1,3,1,1,1,58,0.017241379310344827,2.0,0,1,0,0,8,4,0
E0001409,TC0001409,P001287,2026-04-18,DEVELOPMENT,1.0,37,4.2,10,14.0,1,0,1,2,1,0,0,0,0.0,0.0,1,0,1,0,4,5,1
E0001410,TC0001410,P001288,2026-06-26,DEVELOPMENT,1.0,36,2.6,7,7.0,0,1,1,2,1,0,0,0,0.0,0.0,0,0,0,0,6,4,0
E0001411,TC0001411,P001288,2026-08-08,EVALUATION,,36,2.6,24,7.0,0,1,1,2,1,1,1,43,0.023255813953488372,2.0,0,0,0,0,8,5,1
E0001412,TC0001412,P001289,2026-06-09,DEVELOPMENT,0.0,45,7.0,12,21.0,1,0,1,2,1,0,0,0,0.0,0.0,0,0,1,0,6,1,0
E0001413,TC0001413,P001289,2026-08-09,EVALUATION,,45,23.7,12,30.0,1,0,1,2,1,1,1,61,0.01639344262295082,2.0,1,1,1,0,8,6,1
E0001414,TC0001414,P004448,2026-02-26,DEVELOPMENT,0.0,37,7.6,10,21.0,0,0,1,1,0,0,0,0,0.0,0.0,0,0,0,0,2,3,0
E0001415,TC0001415,P001293,2026-01-30,DEVELOPMENT,0.0,59,2.2,9,21.0,1,0,1,2,1,0,0,0,0.0,0.0,1,0,0,0,1,4,0
E0001416,TC0001416,P001293,2026-02-01,DEVELOPMENT,1.0,59,36.1,19,21.0,1,1,0,2,1,1,1,2,0.5,2.0,1,1,0,0,2,6,1
E0001417,TC0001417,P001294,2026-06-26,DEVELOPMENT,1.0,32,18.7,23,7.0,1,0,1,2,1,0,0,0,0.0,0.0,0,1,0,0,6,4,0
E0001418,TC0001418,P001295,2026-05-07,DEVELOPMENT,1.0,46,11.5,20,14.0,1,1,1,3,1,0,0,0,0.0,0.0,1,1,0,0,5,3,0
E0001419,TC0001419,P001296,2026-04-22,DEVELOPMENT,1.0,87,17.3,13,21.0,0,0,1,1,0,0,0,0,0.0,0.0,1,1,0,0,4,2,0
E0001420,TC0001420,P001297,2026-01-19,DEVELOPMENT,1.0,50,25.4,9,30.0,1,0,1,2,1,0,0,0,0.0,0.0,0,1,1,0,1,0,0
E0001421,TC0001421,P001298,2026-03-05,DEVELOPMENT,1.0,72,29.2,19,14.0,1,0,1,2,1,0,0,0,0.0,1.0,0,1,0,0,3,3,0
E0001422,TC0001422,P001300,2026-04-26,DEVELOPMENT,1.0,67,1.4,20,7.0,1,1,1,3,1,0,0,0,0.0,0.0,0,0,0,0,4,6,1
E0001423,TC0001423,P001302,2026-04-04,DEVELOPMENT,0.0,63,38.9,24,21.0,1,0,0,1,0,0,0,0,0.0,0.0,0,1,1,0,4,5,1
E0001424,TC0001424,P001204,2026-03-11,DEVELOPMENT,1.0,43,33.3,23,14.0,1,0,1,2,1,0,0,0,0.0,0.0,1,1,0,0,3,2,0
E0001425,TC0001425,P001303,2026-04-15,DEVELOPMENT,0.0,45,15.5,10,21.0,1,1,1,3,1,0,0,0,0.0,0.0,0,1,0,0,4,2,0
E0001426,TC0001426,P001303,2026-06-09,DEVELOPMENT,0.0,45,21.7,22,21.0,0,0,1,1,0,1,1,55,0.01818181818181818,3.0,0,1,0,0,6,1,0
E0001427,TC0001427,P001305,2026-02-21,DEVELOPMENT,0.0,52,20.2,16,30.0,1,0,1,2,1,0,0,0,0.0,0.0,1,1,0,0,2,5,1
E0001428,TC0001428,P001306,2026-02-20,DEVELOPMENT,1.0,59,8.3,24,7.0,1,0,1,2,1,0,0,0,0.0,0.0,1,0,0,0,2,4,0
E0001429,TC0001429,P001306,2026-03-23,DEVELOPMENT,1.0,59,25.4,16,14.0,1,0,1,2,1,1,1,31,0.03225806451612903,2.0,0,1,0,0,3,0,0
E0001430,TC0001430,P001307,2026-03-06,DEVELOPMENT,1.0,48,9.7,14,30.0,1,0,1,2,1,0,0,0,0.0,0.0,0,0,0,0,3,4,0
E0001431,TC0001431,P001311,2026-04-21,DEVELOPMENT,0.0,32,26.3,12,21.0,0,1,0,1,0,0,0,0,0.0,0.0,1,1,0,0,4,1,0
E0001432,TC0001432,P001312,2026-01-17,DEVELOPMENT,0.0,40,11.3,10,21.0,0,1,0,1,0,0,0,0,0.0,0.0,0,1,0,0,1,5,1
E0001433,TC0001433,P001312,2026-03-10,DEVELOPMENT,1.0,40,19.5,14,7.0,1,0,1,2,1,1,1,52,0.019230769230769232,1.0,1,1,0,0,3,1,0
E0001434,TC0001434,P001313,2026-08-15,EVALUATION,,31,11.5,13,7.0,1,1,1,3,1,0,0,0,0.0,0.0,1,1,0,0,8,5,1
E0001435,TC0001435,P001314,2026-04-19,DEVELOPMENT,1.0,71,16.9,12,7.0,1,1,1,3,1,0,0,0,0.0,0.0,1,1,0,0,4,6,1
E0001436,TC0001436,P001315,2026-08-02,EVALUATION,,35,26.6,19,14.0,1,1,1,3,1,0,0,0,0.0,0.0,1,1,0,1,8,6,1
E0001437,TC0001437,P002917,2026-03-08,DEVELOPMENT,0.0,54,8.3,24,30.0,1,1,1,3,1,1,1,18,0.05555555555555555,0.0,1,0,1,0,3,6,1
E0001438,TC0001438,P001317,2026-02-15,DEVELOPMENT,1.0,47,25.3,13,30.0,1,0,1,2,1,0,0,0,0.0,0.0,0,1,0,0,2,6,1
E0001439,TC0001439,P001318,2026-02-20,DEVELOPMENT,1.0,51,12.8,24,21.0,1,0,0,1,0,0,0,0,0.0,0.0,1,1,0,0,2,4,0
E0001440,TC0001440,P001319,2026-04-01,DEVELOPMENT,1.0,54,29.2,14,7.0,0,0,1,1,0,0,0,0,0.0,0.0,0,1,0,0,4,2,0
E0001441,TC0001441,P001320,2026-04-13,DEVELOPMENT,0.0,68,13.9,11,14.0,1,0,1,2,1,0,0,0,0.0,0.0,0,1,1,0,4,0,0
E0001442,TC0001442,P001321,2026-06-11,DEVELOPMENT,0.0,77,22.3,24,21.0,1,0,1,2,1,0,0,0,0.0,0.0,1,1,0,0,6,3,0
E0001443,TC0001443,P001322,2026-02-09,DEVELOPMENT,1.0,56,7.0,10,7.0,0,0,1,1,0,0,0,0,0.0,0.0,0,0,0,0,2,0,0
E0001444,TC0001444,P001323,2026-07-04,EVALUATION,,44,23.7,22,21.0,1,1,1,3,1,0,0,0,0.0,0.0,0,1,0,0,7,5,1
E0001445,TC0001445,P001324,2026-07-04,EVALUATION,,61,25.7,24,7.0,1,0,1,2,1,0,0,0,0.0,0.0,0,1,0,0,7,5,1
E0001446,TC0001446,P001326,2026-03-01,DEVELOPMENT,1.0,44,22.3,16,21.0,1,0,0,1,0,0,0,0,0.0,0.0,0,1,0,0,3,6,1
E0001447,TC0001447,P001326,2026-08-15,EVALUATION,,44,19.2,15,21.0,0,1,1,2,1,1,1,167,0.005988023952095809,1.0,0,1,0,0,8,5,1
E0001448,TC0001448,P001327,2026-07-15,EVALUATION,,81,25.4,15,14.0,1,1,1,3,1,1,1,17,0.058823529411764705,0.0,0,1,0,1,7,2,0
E0001449,TC0001449,P001328,2026-01-23,DEVELOPMENT,1.0,75,7.3,24,21.0,1,1,1,3,1,0,0,0,0.0,0.0,0,0,0,0,1,4,0
E0001450,TC0001450,P001329,2026-06-24,DEVELOPMENT,1.0,46,18.7,22,21.0,1,1,1,3,1,0,0,0,0.0,0.0,0,1,0,0,6,2,0
E0001451,TC0001451,P001329,2026-07-29,EVALUATION,,46,5.6,11,21.0,1,1,0,2,1,1,1,35,0.02857142857142857,3.0,0,0,0,0,7,2,0
E0001452,TC0001452,P001331,2026-06-14,DEVELOPMENT,1.0,42,29.6,9,14.0,1,1,1,3,1,0,0,0,0.0,0.0,1,1,0,0,6,6,1
E0001453,TC0001453,P001331,2026-07-08,EVALUATION,,42,22.9,14,7.0,1,1,1,3,1,1,1,24,0.041666666666666664,3.0,1,1,0,0,7,2,0
E0001454,TC0001454,P001332,2026-07-12,EVALUATION,,68,22.4,14,21.0,1,1,0,2,1,0,0,0,0.0,0.0,1,1,0,0,7,6,1
E0001455,TC0001455,P001333,2026-01-13,DEVELOPMENT,0.0,18,29.4,8,21.0,1,0,0,1,0,0,0,0,0.0,0.0,0,1,0,0,1,1,0
E0001456,TC0001456,P001334,2026-02-01,DEVELOPMENT,1.0,54,21.7,14,30.0,1,0,1,2,1,0,0,0,0.0,0.0,0,1,0,0,2,6,1
E0001457,TC0001457,P001336,2026-04-08,DEVELOPMENT,1.0,18,22.3,7,14.0,0,1,1,2,1,0,0,0,0.0,0.0,1,1,0,0,4,2,0
E0001458,TC0001458,P001336,2026-04-18,DEVELOPMENT,0.0,18,19.2,16,30.0,1,0,1,2,1,1,1,10,0.1,2.0,0,1,0,0,4,5,1
E0001459,TC0001459,P001337,2026-05-23,DEVELOPMENT,1.0,33,5.1,8,7.0,1,1,1,3,1,0,0,0,0.0,0.0,0,0,0,0,5,5,1
E0001460,TC0001460,P000118,2026-01-30,DEVELOPMENT,0.0,48,11.3,16,14.0,0,1,1,2,1,0,0,0,0.0,3.0,0,1,0,0,1,4,0
E0001461,TC0001461,P000118,2026-03-01,DEVELOPMENT,0.0,48,7.6,23,21.0,1,1,0,2,1,2,1,30,0.06666666666666667,5.0,0,0,0,0,3,6,1
E0001462,TC0001462,P001342,2026-06-26,DEVELOPMENT,1.0,41,25.3,12,14.0,1,1,1,3,1,0,0,0,0.0,0.0,0,1,0,0,6,4,0
E0001463,TC0001463,P001342,2026-08-11,EVALUATION,,41,25.3,20,7.0,1,0,1,2,1,1,1,46,0.021739130434782608,3.0,0,1,0,0,8,1,0
E0001464,TC0001464,P001343,2026-06-25,DEVELOPMENT,0.0,55,22.4,12,21.0,1,0,1,2,1,0,0,0,0.0,0.0,0,1,0,0,6,3,0
E0001465,TC0001465,P001344,2026-01-10,DEVELOPMENT,0.0,61,26.4,11,7.0,1,1,1,3,1,0,0,0,0.0,0.0,0,1,1,0,1,5,1
E0001466,TC0001466,P001344,2026-04-09,DEVELOPMENT,1.0,61,38.9,15,21.0,1,0,0,1,0,1,1,89,0.011235955056179775,3.0,0,1,1,0,4,3,0
E0001467,TC0001467,P001345,2026-01-25,DEVELOPMENT,1.0,75,21.0,10,30.0,1,0,1,2,1,0,0,0,0.0,0.0,1,1,0,0,1,6,1
E0001468,TC0001468,P001346,2026-07-15,EVALUATION,,23,21.0,19,21.0,1,1,0,2,1,0,0,0,0.0,0.0,0,1,0,0,7,2,0
E0001469,TC0001469,P001347,2026-05-06,DEVELOPMENT,1.0,41,12.6,10,21.0,0,1,1,2,1,0,0,0,0.0,0.0,1,1,0,0,5,2,0
E0001470,TC0001470,P001349,2026-02-09,DEVELOPMENT,1.0,29,7.3,16,14.0,1,0,1,2,1,0,0,0,0.0,0.0,0,0,0,0,2,0,0
E0001471,TC0001471,P001349,2026-05-28,DEVELOPMENT,0.0,29,26.6,19,14.0,1,0,1,2,1,1,1,108,0.009259259259259259,2.0,0,1,0,0,5,3,0
E0001472,TC0001472,P001350,2026-02-01,DEVELOPMENT,1.0,51,36.5,16,14.0,1,1,1,3,1,0,0,0,0.0,0.0,0,1,0,0,2,6,1
E0001473,TC0001473,P001351,2026-06-02,DEVELOPMENT,1.0,49,7.3,14,7.0,1,0,1,2,1,0,0,0,0.0,0.0,1,0,0,0,6,1,0
E0001474,TC0001474,P001351,2026-07-30,EVALUATION,,49,26.6,10,21.0,1,1,0,2,1,1,1,58,0.017241379310344827,2.0,0,1,0,0,7,3,0
E0001475,TC0001475,P001352,2026-05-17,DEVELOPMENT,0.0,79,25.4,17,21.0,1,0,0,1,0,0,0,0,0.0,0.0,0,1,0,0,5,6,1
E0001476,TC0001476,P001353,2026-01-27,DEVELOPMENT,0.0,64,22.2,13,21.0,1,0,1,2,1,0,0,0,0.0,0.0,0,1,1,0,1,1,0
E0001477,TC0001477,P001353,2026-07-16,EVALUATION,,64,22.2,9,14.0,1,0,1,2,1,1,1,170,0.0058823529411764705,2.0,1,1,1,0,7,3,0
E0001478,TC0001478,P001354,2026-04-24,DEVELOPMENT,0.0,67,17.9,17,14.0,1,0,1,2,1,0,0,0,0.0,0.0,0,1,0,0,4,4,0
E0001479,TC0001479,P001354,2026-05-15,DEVELOPMENT,0.0,67,12.6,10,21.0,1,0,0,1,0,1,1,21,0.047619047619047616,2.0,1,1,0,0,5,4,0
E0001480,TC0001480,P001355,2026-02-02,DEVELOPMENT,1.0,40,25.4,11,21.0,1,0,1,2,1,0,0,0,0.0,0.0,0,1,0,0,2,0,0
E0001481,TC0001481,P001355,2026-08-05,EVALUATION,,40,25.4,20,30.0,1,1,1,3,1,1,1,184,0.005434782608695652,2.0,1,1,0,0,8,2,0
E0001482,TC0001482,P001356,2026-04-04,DEVELOPMENT,0.0,80,8.7,22,21.0,1,0,0,1,0,0,0,0,0.0,0.0,0,0,0,1,4,5,1
E0001483,TC0001483,P001356,2026-04-14,DEVELOPMENT,0.0,80,8.7,20,21.0,1,0,1,2,1,1,1,10,0.1,1.0,0,0,0,1,4,1,0
E0001484,TC0001484,P001357,2026-03-03,DEVELOPMENT,1.0,49,21.0,7,14.0,0,1,1,2,1,0,0,0,0.0,0.0,0,1,0,0,3,1,0
E0001485,TC0001485,P001357,2026-04-13,DEVELOPMENT,0.0,49,25.4,13,7.0,1,0,1,2,1,1,1,41,0.024390243902439025,2.0,0,1,0,0,4,0,0
E0001486,TC0001486,P001291,2026-04-26,DEVELOPMENT,1.0,36,7.3,18,30.0,0,0,1,1,0,0,0,0,0.0,0.0,0,0,0,0,4,6,1
E0001487,TC0001487,P001359,2026-03-27,DEVELOPMENT,1.0,42,22.8,7,21.0,1,1,0,2,1,0,0,0,0.0,0.0,0,1,0,0,3,4,0
E0001488,TC0001488,P001362,2026-05-10,DEVELOPMENT,1.0,25,8.3,22,30.0,1,1,1,3,1,0,0,0,0.0,0.0,0,0,0,0,5,6,1
E0001489,TC0001489,P001362,2026-06-04,DEVELOPMENT,0.0,25,8.3,8,21.0,0,0,0,0,0,1,1,25,0.04,3.0,0,0,0,0,6,3,0
E0001490,TC0001490,P001363,2026-04-27,DEVELOPMENT,0.0,49,19.9,13,21.0,1,0,0,1,0,0,0,0,0.0,0.0,1,1,0,0,4,0,0
E0001491,TC0001491,P001363,2026-06-17,DEVELOPMENT,1.0,49,11.4,19,7.0,1,1,1,3,1,1,1,51,0.0196078431372549,1.0,0,1,0,0,6,2,0
E0001492,TC0001492,P000368,2026-03-18,DEVELOPMENT,1.0,20,26.6,23,21.0,1,0,0,1,0,0,0,0,0.0,1.0,0,1,0,0,3,2,0
E0001493,TC0001493,P001365,2026-01-11,DEVELOPMENT,0.0,37,18.7,24,7.0,0,0,1,1,0,0,0,0,0.0,0.0,0,1,0,0,1,6,1
E0001494,TC0001494,P001366,2026-08-09,EVALUATION,,59,28.3,12,21.0,1,0,0,1,0,0,0,0,0.0,0.0,1,1,0,0,8,6,1
E0001495,TC0001495,P001367,2026-02-15,DEVELOPMENT,1.0,64,25.8,11,21.0,1,0,0,1,0,0,0,0,0.0,0.0,0,1,0,0,2,6,1
E0001496,TC0001496,P001368,2026-06-02,DEVELOPMENT,0.0,59,17.6,14,21.0,1,1,0,2,1,2,1,126,0.015873015873015872,0.0,1,1,0,0,6,1,0
E0001497,TC0001497,P001369,2026-06-28,DEVELOPMENT,0.0,53,15.5,17,7.0,0,1,1,2,1,0,0,0,0.0,0.0,0,1,1,0,6,6,1
E0001498,TC0001498,P001370,2026-06-19,DEVELOPMENT,0.0,44,27.9,8,21.0,1,0,0,1,0,0,0,0,0.0,0.0,1,1,0,0,6,4,0
E0001499,TC0001499,P001371,2026-06-20,DEVELOPMENT,1.0,43,5.6,19,21.0,1,0,0,1,0,0,0,0,0.0,0.0,1,0,0,0,6,5,1
E0001500,TC0001500,P001371,2026-07-24,EVALUATION,,43,2.6,15,30.0,1,0,1,2,1,1,1,34,0.029411764705882353,1.0,1,0,0,0,7,4,0
E0001501,TC0001501,P001372,2026-02-28,DEVELOPMENT,0.0,40,25.7,23,14.0,0,0,1,1,0,0,0,0,0.0,0.0,1,1,0,0,2,5,1
E0001502,TC0001502,P001373,2026-07-01,EVALUATION,,40,20.3,18,21.0,1,0,1,2,1,1,1,48,0.020833333333333332,0.0,0,1,0,0,7,2,0
E0001503,TC0001503,P001374,2026-01-10,DEVELOPMENT,0.0,18,19.5,14,21.0,1,0,0,1,0,0,0,0,0.0,0.0,0,1,0,0,1,5,1
E0001504,TC0001504,P001375,2026-02-10,DEVELOPMENT,0.0,60,26.4,9,21.0,0,1,0,1,0,0,0,0,0.0,0.0,0,1,0,0,2,1,0
E0001505,TC0001505,P001376,2026-05-21,DEVELOPMENT,0.0,57,16.2,17,21.0,0,0,1,1,0,0,0,0,0.0,0.0,1,1,0,0,5,3,0
E0001506,TC0001506,P001376,2026-06-26,DEVELOPMENT,1.0,57,35.5,14,21.0,1,0,1,2,1,1,1,36,0.027777777777777776,1.0,0,1,0,0,6,4,0
E0001507,TC0001507,P001377,2026-03-27,DEVELOPMENT,1.0,50,17.2,24,30.0,1,1,1,3,1,0,0,0,0.0,0.0,0,1,0,0,3,4,0
E0001508,TC0001508,P001378,2026-05-16,DEVELOPMENT,0.0,37,2.6,17,30.0,1,1,1,3,1,0,0,0,0.0,0.0,1,0,0,0,5,5,1
E0001509,TC0001509,P001379,2026-01-26,DEVELOPMENT,0.0,51,10.4,9,21.0,0,1,0,1,0,0,0,0,0.0,0.0,1,1,0,0,1,0,0
E0001510,TC0001510,P001379,2026-03-09,DEVELOPMENT,1.0,51,10.4,8,21.0,1,0,0,1,0,1,1,42,0.023809523809523808,1.0,0,1,0,0,3,0,0
E0001511,TC0001511,P001380,2026-05-20,DEVELOPMENT,0.0,49,7.3,17,30.0,1,1,1,3,1,0,0,0,0.0,0.0,0,0,0,0,5,2,0
E0001512,TC0001512,P001381,2026-05-28,DEVELOPMENT,1.0,28,21.7,23,14.0,1,0,1,2,1,0,0,0,0.0,0.0,0,1,0,0,5,3,0
E0001513,TC0001513,P001382,2026-02-06,DEVELOPMENT,0.0,68,26.2,18,30.0,0,0,1,1,0,0,0,0,0.0,0.0,0,1,0,0,2,4,0
E0001514,TC0001514,P001383,2026-02-15,DEVELOPMENT,1.0,49,22.9,15,30.0,1,1,1,3,1,0,0,0,0.0,0.0,0,1,0,0,2,6,1
E0001515,TC0001515,P001384,2026-04-02,DEVELOPMENT,1.0,31,18.0,10,21.0,1,0,1,2,1,0,0,0,0.0,0.0,1,1,1,0,4,3,0
E0001516,TC0001516,P001384,2026-05-19,DEVELOPMENT,1.0,31,18.0,17,21.0,1,1,1,3,1,1,1,47,0.02127659574468085,2.0,1,1,1,0,5,1,0
E0001517,TC0001517,P001386,2026-02-16,DEVELOPMENT,0.0,55,9.4,12,21.0,1,1,1,3,1,0,0,0,0.0,0.0,1,0,1,0,2,0,0
E0001518,TC0001518,P001386,2026-04-15,DEVELOPMENT,1.0,55,9.4,9,21.0,1,1,0,2,1,1,1,58,0.017241379310344827,3.0,0,0,1,0,4,2,0
E0001519,TC0001519,P001387,2026-05-30,DEVELOPMENT,0.0,69,15.5,19,21.0,0,1,0,1,0,0,0,0,0.0,0.0,1,1,0,0,5,5,1
E0001520,TC0001520,P001388,2026-02-02,DEVELOPMENT,1.0,45,7.4,12,21.0,1,0,1,2,1,0,0,0,0.0,0.0,0,0,0,0,2,0,0
E0001521,TC0001521,P001389,2026-01-13,DEVELOPMENT,0.0,45,25.4,15,21.0,1,1,0,2,1,0,0,0,0.0,0.0,0,1,1,0,1,1,0
E0001522,TC0001522,P001390,2026-07-25,EVALUATION,,45,28.3,20,14.0,1,0,1,2,1,0,0,0,0.0,0.0,1,1,0,0,7,5,1
E0001523,TC0001523,P001392,2026-02-08,DEVELOPMENT,1.0,64,19.9,13,30.0,1,0,1,2,1,0,0,0,0.0,0.0,1,1,0,0,2,6,1
E0001524,TC0001524,P001393,2026-04-30,DEVELOPMENT,0.0,44,20.3,8,14.0,1,1,1,3,1,0,0,0,0.0,0.0,0,1,0,0,4,3,0
E0001525,TC0001525,P001393,2026-06-25,DEVELOPMENT,0.0,44,27.8,18,7.0,1,1,1,3,1,1,1,56,0.017857142857142856,3.0,0,1,0,0,6,3,0
E0001526,TC0001526,P001394,2026-06-10,DEVELOPMENT,1.0,41,5.6,20,30.0,1,1,1,3,1,0,0,0,0.0,0.0,1,0,0,0,6,2,0
E0001527,TC0001527,P001395,2026-06-09,DEVELOPMENT,0.0,88,12.6,23,21.0,0,0,1,1,0,0,0,0,0.0,0.0,0,1,0,0,6,1,0
E0001528,TC0001528,P001396,2026-03-20,DEVELOPMENT,1.0,56,25.7,15,21.0,1,0,0,1,0,0,0,0,0.0,0.0,1,1,0,0,3,4,0
E0001529,TC0001529,P001397,2026-02-12,DEVELOPMENT,1.0,49,20.3,12,21.0,1,0,1,2,1,0,0,0,0.0,0.0,0,1,1,0,2,3,0
E0001530,TC0001530,P001398,2026-08-01,EVALUATION,,54,36.5,9,30.0,1,1,1,3,1,0,0,0,0.0,0.0,0,1,1,0,8,5,1
E0001531,TC0001531,P001399,2026-01-19,DEVELOPMENT,0.0,22,19.9,21,7.0,1,0,1,2,1,0,0,0,0.0,0.0,0,1,0,0,1,0,0
E0001532,TC0001532,P001400,2026-07-09,EVALUATION,,31,22.8,8,7.0,1,0,1,2,1,0,0,0,0.0,0.0,1,1,1,0,7,3,0
E0001533,TC0001533,P001401,2026-08-02,EVALUATION,,51,9.7,9,21.0,1,1,1,3,1,0,0,0,0.0,0.0,0,0,0,0,8,6,1
E0001534,TC0001534,P001402,2026-08-04,EVALUATION,,79,25.3,14,30.0,1,1,1,3,1,0,0,0,0.0,0.0,0,1,1,0,8,1,0
E0001535,TC0001535,P001404,2026-01-24,DEVELOPMENT,1.0,79,29.2,10,14.0,1,0,1,2,1,0,0,0,0.0,0.0,1,1,0,0,1,5,1
E0001536,TC0001536,P001405,2026-05-12,DEVELOPMENT,0.0,43,4.2,18,21.0,0,0,0,0,0,0,0,0,0.0,0.0,0,0,0,0,5,1,0
E0001537,TC0001537,P001405,2026-06-18,DEVELOPMENT,0.0,43,4.2,18,21.0,1,0,0,1,0,1,1,37,0.02702702702702703,0.0,0,0,0,0,6,3,0
E0001538,TC0001538,P001406,2026-01-08,DEVELOPMENT,1.0,18,18.0,8,14.0,1,1,1,3,1,0,0,0,0.0,0.0,0,1,0,0,1,3,0
E0001539,TC0001539,P001406,2026-04-21,DEVELOPMENT,1.0,18,16.9,19,7.0,0,1,1,2,1,1,1,103,0.009708737864077669,3.0,0,1,0,0,4,1,0
E0001540,TC0001540,P001406,2026-06-21,DEVELOPMENT,1.0,18,17.6,13,7.0,1,0,1,2,1,2,1,164,0.012195121951219513,5.0,0,1,0,0,6,6,1
E0001541,TC0001541,P001407,2026-05-15,DEVELOPMENT,1.0,33,20.0,14,14.0,1,0,1,2,1,0,0,0,0.0,0.0,0,1,0,1,5,4,0
E0001542,TC0001542,P001408,2026-06-28,DEVELOPMENT,0.0,37,5.1,9,30.0,1,1,1,3,1,0,0,0,0.0,0.0,1,0,0,0,6,6,1
E0001543,TC0001543,P001409,2026-02-06,DEVELOPMENT,1.0,50,35.0,15,21.0,1,0,0,1,0,0,0,0,0.0,0.0,0,1,0,0,2,4,0
E0001544,TC0001544,P001409,2026-07-04,EVALUATION,,50,21.1,17,21.0,1,0,0,1,0,1,1,148,0.006756756756756757,1.0,0,1,0,0,7,5,1
E0001545,TC0001545,P001373,2026-05-14,DEVELOPMENT,0.0,40,27.8,23,7.0,0,0,1,1,0,0,0,0,0.0,2.0,0,1,0,0,5,3,0
E0001546,TC0001546,P001411,2026-05-16,DEVELOPMENT,0.0,53,12.6,9,21.0,1,0,0,1,0,1,1,56,0.017857142857142856,0.0,0,1,0,0,5,5,1
E0001547,TC0001547,P001411,2026-05-28,DEVELOPMENT,0.0,53,4.2,23,21.0,1,0,0,1,0,2,1,68,0.029411764705882353,1.0,0,0,0,0,5,3,0
E0001548,TC0001548,P001412,2026-06-01,DEVELOPMENT,1.0,30,25.8,19,21.0,1,1,1,3,1,0,0,0,0.0,0.0,0,1,0,1,6,0,0
E0001549,TC0001549,P001413,2026-06-17,DEVELOPMENT,0.0,48,17.6,18,21.0,1,0,0,1,0,0,0,0,0.0,0.0,1,1,0,0,6,2,0
E0001550,TC0001550,P001413,2026-07-25,EVALUATION,,48,18.0,17,30.0,0,0,1,1,0,1,1,38,0.02631578947368421,1.0,1,1,0,0,7,5,1
E0001551,TC0001551,P001415,2026-02-05,DEVELOPMENT,0.0,58,10.4,24,21.0,1,0,0,1,0,0,0,0,0.0,0.0,0,1,0,0,2,3,0
E0001552,TC0001552,P002298,2026-06-17,DEVELOPMENT,1.0,36,17.9,22,30.0,1,0,1,2,1,1,1,49,0.02040816326530612,0.0,1,1,0,0,6,2,0
E0001553,TC0001553,P001418,2026-03-05,DEVELOPMENT,0.0,55,11.9,8,7.0,1,0,1,2,1,0,0,0,0.0,0.0,0,1,0,0,3,3,0
E0001554,TC0001554,P001419,2026-02-10,DEVELOPMENT,0.0,66,20.3,17,21.0,1,1,0,2,1,0,0,0,0.0,0.0,0,1,0,0,2,1,0
E0001555,TC0001555,P001419,2026-07-13,EVALUATION,,66,11.9,13,21.0,1,0,1,2,1,1,1,153,0.006535947712418301,2.0,1,1,0,0,7,0,0
E0001556,TC0001556,P001420,2026-04-25,DEVELOPMENT,1.0,49,26.6,9,30.0,0,1,1,2,1,0,0,0,0.0,0.0,0,1,0,0,4,5,1
E0001557,TC0001557,P001421,2026-01-26,DEVELOPMENT,0.0,50,7.6,22,30.0,1,1,1,3,1,0,0,0,0.0,0.0,0,0,0,0,1,0,0
E0001558,TC0001558,P001421,2026-04-22,DEVELOPMENT,0.0,50,11.3,13,14.0,1,0,1,2,1,1,1,86,0.011627906976744186,3.0,0,1,0,0,4,2,0
E0001559,TC0001559,P001422,2026-04-06,DEVELOPMENT,0.0,24,12.6,9,21.0,1,0,0,1,0,0,0,0,0.0,0.0,0,1,0,0,4,0,0
E0001560,TC0001560,P001423,2026-02-08,DEVELOPMENT,0.0,41,5.1,15,14.0,1,0,1,2,1,0,0,0,0.0,0.0,0,0,0,0,2,6,1
E0001561,TC0001561,P001423,2026-02-28,DEVELOPMENT,1.0,41,19.9,17,21.0,1,0,1,2,1,1,1,20,0.05,2.0,0,1,0,0,2,5,1
E0001562,TC0001562,P001424,2026-08-10,EVALUATION,,33,33.3,16,21.0,0,0,0,0,0,0,0,0,0.0,0.0,0,1,0,0,8,0,0
E0001563,TC0001563,P001425,2026-05-29,DEVELOPMENT,1.0,36,20.2,16,14.0,1,1,1,3,1,0,0,0,0.0,0.0,0,1,0,0,5,4,0
E0001564,TC0001564,P001425,2026-07-11,EVALUATION,,36,38.9,18,21.0,1,1,0,2,1,1,1,43,0.023255813953488372,3.0,1,1,0,0,7,5,1
E0001565,TC0001565,P001425,2026-07-31,EVALUATION,,36,20.2,11,21.0,1,0,1,2,1,2,1,63,0.031746031746031744,5.0,1,1,0,0,7,4,0
E0001566,TC0001566,P001426,2026-03-16,DEVELOPMENT,1.0,49,36.1,24,14.0,1,0,1,2,1,0,0,0,0.0,0.0,1,1,0,0,3,0,0
E0001567,TC0001567,P001427,2026-01-24,DEVELOPMENT,1.0,43,27.8,18,21.0,1,1,0,2,1,0,0,0,0.0,0.0,0,1,0,0,1,5,1
E0001568,TC0001568,P001428,2026-04-20,DEVELOPMENT,1.0,68,20.3,14,21.0,1,0,0,1,0,0,0,0,0.0,0.0,0,1,0,0,4,0,0
E0001569,TC0001569,P001428,2026-06-23,DEVELOPMENT,0.0,68,11.9,8,21.0,0,1,0,1,0,1,1,64,0.015625,1.0,0,1,0,0,6,1,0
E0001570,TC0001570,P001428,2026-08-03,EVALUATION,,68,11.9,15,21.0,1,1,1,3,1,2,1,105,0.01904761904761905,2.0,0,1,0,0,8,0,0
E0001571,TC0001571,P001429,2026-01-19,DEVELOPMENT,0.0,74,29.4,21,21.0,1,1,0,2,1,0,0,0,0.0,0.0,0,1,0,0,1,0,0
E0001572,TC0001572,P001430,2026-01-31,DEVELOPMENT,1.0,49,35.5,18,7.0,1,0,1,2,1,0,0,0,0.0,0.0,0,1,0,0,1,5,1
E0001573,TC0001573,P001431,2026-05-01,DEVELOPMENT,1.0,30,19.2,22,21.0,1,1,0,2,1,0,0,0,0.0,0.0,0,1,0,0,5,4,0
E0001574,TC0001574,P001432,2026-07-03,EVALUATION,,45,12.8,15,21.0,1,0,1,2,1,0,0,0,0.0,0.0,0,1,1,0,7,4,0
E0001575,TC0001575,P001433,2026-06-08,DEVELOPMENT,1.0,27,15.7,21,21.0,1,0,1,2,1,0,0,0,0.0,0.0,0,1,0,0,6,0,0
E0001576,TC0001576,P001433,2026-07-14,EVALUATION,,27,3.6,17,7.0,1,0,1,2,1,1,1,36,0.027777777777777776,2.0,0,0,0,0,7,1,0
E0001577,TC0001577,P001433,2026-07-20,EVALUATION,,27,6.4,9,7.0,0,1,1,2,1,2,1,42,0.047619047619047616,4.0,1,0,0,0,7,0,0
E0001578,TC0001578,P001435,2026-02-14,DEVELOPMENT,0.0,54,26.4,24,21.0,0,0,0,0,0,0,0,0,0.0,0.0,0,1,0,0,2,5,1
E0001579,TC0001579,P001437,2026-03-17,DEVELOPMENT,1.0,64,25.3,14,14.0,1,1,1,3,1,0,0,0,0.0,0.0,1,1,0,0,3,1,0
E0001580,TC0001580,P001438,2026-05-20,DEVELOPMENT,0.0,63,17.2,21,21.0,1,0,1,2,1,1,1,40,0.025,0.0,0,1,0,0,5,2,0
E0001581,TC0001581,P001438,2026-06-10,DEVELOPMENT,0.0,63,29.4,12,21.0,1,0,0,1,0,2,1,61,0.03278688524590164,2.0,0,1,0,0,6,2,0
E0001582,TC0001582,P001439,2026-08-10,EVALUATION,,52,20.0,18,21.0,0,1,0,1,0,0,0,0,0.0,0.0,0,1,0,0,8,0,0
E0001583,TC0001583,P001440,2026-02-27,DEVELOPMENT,1.0,49,19.2,8,14.0,1,1,1,3,1,0,0,0,0.0,0.0,0,1,0,0,2,4,0
E0001584,TC0001584,P001441,2026-01-10,DEVELOPMENT,1.0,47,7.3,19,21.0,1,0,0,1,0,0,0,0,0.0,0.0,0,0,0,0,1,5,1
E0001585,TC0001585,P001442,2026-01-14,DEVELOPMENT,1.0,21,22.4,21,7.0,1,0,1,2,1,0,0,0,0.0,0.0,0,1,0,0,1,2,0
E0001586,TC0001586,P001442,2026-05-07,DEVELOPMENT,0.0,21,19.2,17,21.0,1,0,1,2,1,1,1,113,0.008849557522123894,2.0,0,1,0,0,5,3,0
E0001587,TC0001587,P001443,2026-04-01,DEVELOPMENT,1.0,53,24.9,13,21.0,1,1,0,2,1,0,0,0,0.0,0.0,0,1,0,0,4,2,0
E0001588,TC0001588,P001444,2026-06-25,DEVELOPMENT,0.0,59,7.3,18,7.0,1,1,1,3,1,0,0,0,0.0,0.0,0,0,0,0,6,3,0
E0001589,TC0001589,P001445,2026-07-19,EVALUATION,,63,17.2,20,21.0,1,1,0,2,1,0,0,0,0.0,0.0,0,1,0,0,7,6,1
E0001590,TC0001590,P001446,2026-01-10,DEVELOPMENT,1.0,35,29.6,14,7.0,1,1,1,3,1,0,0,0,0.0,0.0,0,1,0,0,1,5,1
E0001591,TC0001591,P001447,2026-08-10,EVALUATION,,65,4.1,21,21.0,1,1,1,3,1,0,0,0,0.0,0.0,1,0,0,0,8,0,0
E0001592,TC0001592,P001448,2026-07-24,EVALUATION,,46,7.3,16,14.0,1,1,1,3,1,0,0,0,0.0,0.0,0,0,0,0,7,4,0
E0001593,TC0001593,P001449,2026-01-09,DEVELOPMENT,1.0,28,16.8,10,14.0,1,0,1,2,1,0,0,0,0.0,0.0,0,1,0,0,1,4,0
E0001594,TC0001594,P001449,2026-08-04,EVALUATION,,28,16.8,20,30.0,1,0,1,2,1,1,1,207,0.004830917874396135,2.0,0,1,0,0,8,1,0
E0001595,TC0001595,P001450,2026-03-25,DEVELOPMENT,1.0,63,21.7,7,30.0,1,0,1,2,1,0,0,0,0.0,0.0,0,1,0,0,3,2,0
E0001596,TC0001596,P001450,2026-07-03,EVALUATION,,63,21.7,20,14.0,0,0,1,1,0,1,1,100,0.01,2.0,0,1,0,0,7,4,0
E0001597,TC0001597,P000687,2026-02-15,DEVELOPMENT,1.0,44,21.1,24,7.0,1,0,1,2,1,0,0,0,0.0,0.0,0,1,0,0,2,6,1
E0001598,TC0001598,P001452,2026-01-23,DEVELOPMENT,1.0,38,8.3,13,14.0,1,1,1,3,1,1,1,14,0.07142857142857142,0.0,0,0,0,0,1,4,0
E0001599,TC0001599,P001455,2026-04-30,DEVELOPMENT,1.0,52,19.2,24,7.0,1,0,1,2,1,0,0,0,0.0,0.0,0,1,0,0,4,3,0
E0001600,TC0001600,P001456,2026-02-03,DEVELOPMENT,0.0,50,36.1,12,30.0,1,0,1,2,1,0,0,0,0.0,0.0,0,1,0,0,2,1,0
E0001601,TC0001601,P001457,2026-05-04,DEVELOPMENT,1.0,34,7.3,20,21.0,1,1,0,2,1,0,0,0,0.0,0.0,0,0,0,1,5,0,0
E0001602,TC0001602,P001458,2026-04-11,DEVELOPMENT,0.0,36,24.9,21,21.0,1,0,1,2,1,0,0,0,0.0,0.0,0,1,0,0,4,5,1
E0001603,TC0001603,P001243,2026-05-20,DEVELOPMENT,1.0,25,20.2,13,14.0,1,1,1,3,1,0,0,0,0.0,0.0,0,1,0,0,5,2,0
E0001604,TC0001604,P001462,2026-06-18,DEVELOPMENT,1.0,70,29.4,22,21.0,1,0,0,1,0,0,0,0,0.0,0.0,1,1,0,0,6,3,0
E0001605,TC0001605,P001463,2026-05-07,DEVELOPMENT,1.0,44,25.4,10,21.0,1,0,1,2,1,1,1,1,1.0,0.0,0,1,0,0,5,3,0
E0001606,TC0001606,P001463,2026-05-27,DEVELOPMENT,0.0,44,29.4,16,30.0,1,1,1,3,1,2,1,21,0.09523809523809523,2.0,1,1,0,0,5,2,0
E0001607,TC0001607,P001464,2026-02-16,DEVELOPMENT,1.0,31,36.5,11,21.0,0,1,1,2,1,0,0,0,0.0,0.0,0,1,1,0,2,0,0
E0001608,TC0001608,P001465,2026-03-08,DEVELOPMENT,0.0,35,22.3,12,21.0,1,0,0,1,0,0,0,0,0.0,0.0,0,1,0,0,3,6,1
E0001609,TC0001609,P001466,2026-07-17,EVALUATION,,65,17.2,8,21.0,1,0,1,2,1,0,0,0,0.0,0.0,0,1,0,1,7,4,0
E0001610,TC0001610,P001467,2026-03-09,DEVELOPMENT,0.0,29,6.5,13,21.0,1,0,0,1,0,0,0,0,0.0,0.0,0,0,0,0,3,0,0
E0001611,TC0001611,P001468,2026-07-30,EVALUATION,,47,10.4,21,30.0,1,0,1,2,1,0,0,0,0.0,0.0,0,1,0,0,7,3,0
E0001612,TC0001612,P001469,2026-05-02,DEVELOPMENT,1.0,49,29.4,16,21.0,0,0,1,1,0,0,0,0,0.0,0.0,1,1,0,0,5,5,1
E0001613,TC0001613,P001470,2026-01-14,DEVELOPMENT,1.0,57,33.3,20,14.0,1,0,1,2,1,0,0,0,0.0,0.0,0,1,0,0,1,2,0
E0001614,TC0001614,P001470,2026-07-16,EVALUATION,,57,33.3,7,21.0,0,0,0,0,0,1,1,183,0.00546448087431694,2.0,1,1,0,0,7,3,0
E0001615,TC0001615,P001471,2026-03-13,DEVELOPMENT,0.0,18,19.7,10,21.0,0,0,0,0,0,0,0,0,0.0,0.0,1,1,0,0,3,4,0
E0001616,TC0001616,P001472,2026-01-06,DEVELOPMENT,1.0,71,20.6,13,30.0,1,0,1,2,1,0,0,0,0.0,0.0,0,1,1,0,1,1,0
E0001617,TC0001617,P001472,2026-01-16,DEVELOPMENT,0.0,71,29.7,23,21.0,0,0,0,0,0,1,1,10,0.1,2.0,1,1,1,0,1,4,0
E0001618,TC0001618,P001472,2026-03-11,DEVELOPMENT,1.0,71,20.6,23,7.0,0,1,1,2,1,2,1,64,0.03125,2.0,1,1,1,0,3,2,0
E0001619,TC0001619,P001473,2026-01-13,DEVELOPMENT,1.0,53,12.8,11,21.0,1,0,1,2,1,0,0,0,0.0,0.0,0,1,1,0,1,1,0
E0001620,TC0001620,P001474,2026-05-23,DEVELOPMENT,0.0,58,21.0,20,21.0,1,1,0,2,1,0,0,0,0.0,0.0,0,1,0,0,5,5,1
E0001621,TC0001621,P001475,2026-04-08,DEVELOPMENT,0.0,31,20.6,22,21.0,0,0,0,0,0,0,0,0,0.0,0.0,1,1,0,0,4,2,0
E0001622,TC0001622,P001476,2026-05-01,DEVELOPMENT,1.0,25,19.5,23,30.0,0,0,1,1,0,0,0,0,0.0,0.0,0,1,0,0,5,4,0
E0001623,TC0001623,P001477,2026-04-17,DEVELOPMENT,0.0,48,10.4,10,21.0,1,0,0,1,0,0,0,0,0.0,0.0,1,1,0,0,4,4,0
E0001624,TC0001624,P001309,2026-06-23,DEVELOPMENT,0.0,40,36.3,20,21.0,1,0,0,1,0,0,0,0,0.0,0.0,0,1,0,0,6,1,0
E0001625,TC0001625,P001480,2026-05-14,DEVELOPMENT,0.0,29,6.4,8,30.0,1,0,1,2,1,0,0,0,0.0,0.0,0,0,0,0,5,3,0
E0001626,TC0001626,P001480,2026-06-21,DEVELOPMENT,0.0,29,3.6,7,14.0,1,1,1,3,1,1,1,38,0.02631578947368421,2.0,0,0,0,0,6,6,1
E0001627,TC0001627,P001481,2026-07-27,EVALUATION,,40,22.2,15,7.0,1,0,1,2,1,0,0,0,0.0,0.0,1,1,0,1,7,0,0
E0001628,TC0001628,P001482,2026-05-04,DEVELOPMENT,1.0,59,33.3,17,7.0,1,1,1,3,1,0,0,0,0.0,0.0,1,1,0,0,5,0,0
E0001629,TC0001629,P001484,2026-02-09,DEVELOPMENT,1.0,41,21.3,10,21.0,1,1,0,2,1,0,0,0,0.0,0.0,0,1,1,0,2,0,0
E0001630,TC0001630,P001484,2026-06-21,DEVELOPMENT,0.0,41,20.6,8,21.0,1,0,1,2,1,1,1,132,0.007575757575757576,2.0,0,1,1,0,6,6,1
E0001631,TC0001631,P001484,2026-07-27,EVALUATION,,41,21.3,14,7.0,0,1,1,2,1,2,1,168,0.011904761904761904,4.0,0,1,1,0,7,0,0
E0001632,TC0001632,P001486,2026-04-18,DEVELOPMENT,0.0,30,6.4,21,14.0,1,0,1,2,1,0,0,0,0.0,0.0,0,0,0,0,4,5,1
E0001633,TC0001633,P001486,2026-07-17,EVALUATION,,30,3.6,17,21.0,1,1,1,3,1,1,1,90,0.011111111111111112,2.0,0,0,0,0,7,4,0
E0001634,TC0001634,P001487,2026-08-11,EVALUATION,,47,12.8,12,21.0,1,1,1,3,1,0,0,0,0.0,0.0,0,1,0,0,8,1,0
E0001635,TC0001635,P001488,2026-07-13,EVALUATION,,62,29.7,21,21.0,0,1,0,1,0,0,0,0,0.0,0.0,1,1,0,0,7,0,0
E0001636,TC0001636,P001489,2026-06-27,DEVELOPMENT,1.0,83,36.3,21,7.0,1,1,1,3,1,0,0,0,0.0,0.0,0,1,0,0,6,5,1
E0001637,TC0001637,P001490,2026-06-28,DEVELOPMENT,1.0,25,19.2,18,30.0,1,1,1,3,1,0,0,0,0.0,0.0,0,1,1,0,6,6,1
E0001638,TC0001638,P001491,2026-07-15,EVALUATION,,36,19.7,23,21.0,1,0,1,2,1,0,0,0,0.0,0.0,0,1,0,0,7,2,0
E0001639,TC0001639,P001492,2026-04-21,DEVELOPMENT,1.0,63,35.0,10,21.0,1,0,0,1,0,0,0,0,0.0,0.0,0,1,0,0,4,1,0
E0001640,TC0001640,P001493,2026-05-18,DEVELOPMENT,1.0,57,29.9,12,7.0,1,0,1,2,1,0,0,0,0.0,0.0,0,1,0,0,5,0,0
E0001641,TC0001641,P000074,2026-04-02,DEVELOPMENT,1.0,41,13.0,16,21.0,1,0,1,2,1,0,0,0,0.0,3.0,0,1,0,1,4,3,0
E0001642,TC0001642,P001496,2026-06-15,DEVELOPMENT,0.0,39,7.6,21,30.0,0,0,1,1,0,0,0,0,0.0,0.0,1,0,0,0,6,0,0
E0001643,TC0001643,P001497,2026-06-18,DEVELOPMENT,0.0,42,10.4,14,21.0,1,0,1,2,1,0,0,0,0.0,0.0,1,1,1,0,6,3,0
E0001644,TC0001644,P001498,2026-08-01,EVALUATION,,53,35.4,21,7.0,1,0,1,2,1,0,0,0,0.0,0.0,1,1,1,0,8,5,1
E0001645,TC0001645,P001499,2026-07-10,EVALUATION,,40,3.6,8,21.0,1,0,1,2,1,0,0,0,0.0,0.0,1,0,0,0,7,4,0
E0001646,TC0001646,P001500,2026-06-10,DEVELOPMENT,0.0,21,3.6,23,7.0,1,0,1,2,1,0,0,0,0.0,0.0,0,0,1,0,6,2,0
E0001647,TC0001647,P001501,2026-06-15,DEVELOPMENT,1.0,24,7.6,17,21.0,1,1,1,3,1,0,0,0,0.0,0.0,0,0,0,0,6,0,0
E0001648,TC0001648,P001501,2026-07-16,EVALUATION,,24,7.6,21,30.0,1,1,1,3,1,1,1,31,0.03225806451612903,3.0,0,0,0,0,7,3,0
E0001649,TC0001649,P001502,2026-07-26,EVALUATION,,47,25.4,13,21.0,1,0,0,1,0,0,0,0,0.0,0.0,0,1,1,0,7,6,1
E0001650,TC0001650,P000312,2026-06-05,DEVELOPMENT,1.0,54,20.3,18,14.0,1,1,1,3,1,0,0,0,0.0,2.0,0,1,0,0,6,4,0
E0001651,TC0001651,P001504,2026-02-01,DEVELOPMENT,0.0,62,5.6,7,7.0,1,0,1,2,1,0,0,0,0.0,0.0,0,0,0,0,2,6,1
E0001652,TC0001652,P001505,2026-03-13,DEVELOPMENT,1.0,49,7.3,17,30.0,1,1,1,3,1,0,0,0,0.0,0.0,0,0,0,0,3,4,0
E0001653,TC0001653,P001505,2026-08-12,EVALUATION,,49,7.3,24,7.0,1,1,1,3,1,1,1,152,0.006578947368421052,3.0,0,0,0,0,8,2,0
E0001654,TC0001654,P001506,2026-06-08,DEVELOPMENT,0.0,37,9.4,15,21.0,1,0,1,2,1,0,0,0,0.0,0.0,1,0,1,0,6,0,0
E0001655,TC0001655,P001506,2026-08-13,EVALUATION,,37,14.1,10,30.0,1,0,1,2,1,1,1,66,0.015151515151515152,2.0,0,1,1,0,8,3,0
E0001656,TC0001656,P001507,2026-04-26,DEVELOPMENT,0.0,51,26.4,13,14.0,1,0,1,2,1,0,0,0,0.0,0.0,0,1,0,0,4,6,1
E0001657,TC0001657,P001507,2026-06-05,DEVELOPMENT,0.0,51,20.2,22,21.0,0,0,0,0,0,1,1,40,0.025,2.0,0,1,0,0,6,4,0
E0001658,TC0001658,P001508,2026-05-01,DEVELOPMENT,0.0,63,33.3,8,7.0,0,0,1,1,0,0,0,0,0.0,0.0,0,1,0,0,5,4,0
E0001659,TC0001659,P001508,2026-06-01,DEVELOPMENT,0.0,63,27.6,17,30.0,1,0,1,2,1,1,1,31,0.03225806451612903,1.0,0,1,0,0,6,0,0
E0001660,TC0001660,P001509,2026-03-02,DEVELOPMENT,0.0,62,25.4,13,7.0,0,0,1,1,0,1,1,36,0.027777777777777776,0.0,1,1,0,0,3,0,0
E0001661,TC0001661,P001510,2026-06-11,DEVELOPMENT,0.0,60,22.1,9,21.0,1,1,1,3,1,0,0,0,0.0,0.0,0,1,1,0,6,3,0
E0001662,TC0001662,P001511,2026-03-06,DEVELOPMENT,0.0,27,26.2,9,30.0,1,0,1,2,1,0,0,0,0.0,0.0,0,1,0,0,3,4,0
E0001663,TC0001663,P001511,2026-04-24,DEVELOPMENT,1.0,27,35.4,7,30.0,1,0,1,2,1,1,1,49,0.02040816326530612,2.0,0,1,0,0,4,4,0
E0001664,TC0001664,P001511,2026-06-08,DEVELOPMENT,0.0,27,35.4,17,14.0,0,0,1,1,0,2,1,94,0.02127659574468085,4.0,0,1,0,0,6,0,0
E0001665,TC0001665,P001512,2026-07-28,EVALUATION,,28,22.8,22,14.0,1,0,1,2,1,0,0,0,0.0,0.0,1,1,0,0,7,1,0
E0001666,TC0001666,P001513,2026-02-17,DEVELOPMENT,1.0,50,19.7,15,21.0,1,1,0,2,1,0,0,0,0.0,0.0,0,1,0,0,2,1,0
E0001667,TC0001667,P001513,2026-07-02,EVALUATION,,50,22.4,17,21.0,1,1,0,2,1,1,1,135,0.007407407407407408,2.0,0,1,0,0,7,3,0
E0001668,TC0001668,P001515,2026-02-02,DEVELOPMENT,1.0,22,15.7,20,21.0,1,0,0,1,0,0,0,0,0.0,0.0,1,1,0,0,2,0,0
E0001669,TC0001669,P001515,2026-02-12,DEVELOPMENT,0.0,22,15.7,14,14.0,1,0,1,2,1,1,1,10,0.1,1.0,0,1,0,0,2,3,0
E0001670,TC0001670,P001516,2026-07-07,EVALUATION,,38,13.9,15,14.0,1,1,1,3,1,0,0,0,0.0,0.0,0,1,0,0,7,1,0
E0001671,TC0001671,P001518,2026-02-20,DEVELOPMENT,1.0,54,20.6,22,21.0,0,1,0,1,0,0,0,0,0.0,0.0,0,1,0,0,2,4,0
E0001672,TC0001672,P001519,2026-04-28,DEVELOPMENT,1.0,18,10.4,17,7.0,1,1,1,3,1,0,0,0,0.0,0.0,1,1,0,0,4,1,0
E0001673,TC0001673,P001519,2026-06-01,DEVELOPMENT,1.0,18,10.4,13,21.0,1,1,0,2,1,1,1,34,0.029411764705882353,3.0,1,1,0,0,6,0,0
E0001674,TC0001674,P000861,2026-05-14,DEVELOPMENT,0.0,77,7.3,11,14.0,1,0,1,2,1,1,1,29,0.034482758620689655,1.0,1,0,0,0,5,3,0
E0001675,TC0001675,P001523,2026-05-12,DEVELOPMENT,1.0,85,26.3,7,7.0,1,0,1,2,1,0,0,0,0.0,0.0,0,1,0,0,5,1,0
E0001676,TC0001676,P001525,2026-02-27,DEVELOPMENT,1.0,41,25.7,11,7.0,1,0,1,2,1,0,0,0,0.0,0.0,0,1,0,0,2,4,0
E0001677,TC0001677,P001526,2026-01-02,DEVELOPMENT,0.0,65,6.7,13,30.0,0,0,1,1,0,0,0,0,0.0,0.0,1,0,0,1,1,4,0
E0001678,TC0001678,P001526,2026-01-14,DEVELOPMENT,1.0,65,25.8,24,21.0,1,1,0,2,1,1,1,12,0.08333333333333333,1.0,0,1,0,1,1,2,0
E0001679,TC0001679,P001527,2026-06-16,DEVELOPMENT,1.0,31,19.5,18,21.0,1,0,0,1,0,1,1,114,0.008771929824561403,0.0,0,1,0,0,6,1,0
E0001680,TC0001680,P001528,2026-02-10,DEVELOPMENT,0.0,47,2.6,10,14.0,1,0,1,2,1,0,0,0,0.0,0.0,0,0,0,0,2,1,0
E0001681,TC0001681,P001530,2026-01-22,DEVELOPMENT,0.0,46,36.3,13,14.0,1,1,1,3,1,0,0,0,0.0,0.0,1,1,0,0,1,3,0
E0001682,TC0001682,P001531,2026-06-21,DEVELOPMENT,1.0,37,13.9,21,30.0,0,0,1,1,0,0,0,0,0.0,0.0,1,1,1,0,6,6,1
E0001683,TC0001683,P001532,2026-02-09,DEVELOPMENT,0.0,45,16.8,7,30.0,0,0,1,1,0,0,0,0,0.0,0.0,1,1,0,0,2,0,0
E0001684,TC0001684,P001534,2026-06-22,DEVELOPMENT,1.0,40,19.2,16,30.0,1,0,1,2,1,0,0,0,0.0,0.0,1,1,0,0,6,0,0
E0001685,TC0001685,P001535,2026-07-17,EVALUATION,,39,12.6,16,21.0,1,1,0,2,1,0,0,0,0.0,0.0,0,1,0,0,7,4,0
E0001686,TC0001686,P001535,2026-08-09,EVALUATION,,39,8.7,22,14.0,1,1,1,3,1,1,1,23,0.043478260869565216,2.0,0,0,0,0,8,6,1
E0001687,TC0001687,P001536,2026-07-18,EVALUATION,,71,19.2,15,14.0,1,0,1,2,1,0,0,0,0.0,0.0,1,1,0,0,7,5,1
E0001688,TC0001688,P001537,2026-06-08,DEVELOPMENT,0.0,31,26.4,16,21.0,0,0,1,1,0,0,0,0,0.0,0.0,0,1,1,0,6,0,0
E0001689,TC0001689,P001538,2026-03-12,DEVELOPMENT,1.0,49,23.7,15,21.0,1,1,0,2,1,0,0,0,0.0,0.0,0,1,0,0,3,3,0
E0001690,TC0001690,P001539,2026-07-12,EVALUATION,,69,17.3,19,30.0,0,0,1,1,0,0,0,0,0.0,0.0,0,1,0,0,7,6,1
E0001691,TC0001691,P001539,2026-08-02,EVALUATION,,69,25.3,9,21.0,1,1,0,2,1,1,1,21,0.047619047619047616,1.0,0,1,0,0,8,6,1
E0001692,TC0001692,P001540,2026-07-18,EVALUATION,,77,7.3,17,7.0,0,0,1,1,0,0,0,0,0.0,0.0,1,0,0,0,7,5,1
E0001693,TC0001693,P001541,2026-08-10,EVALUATION,,41,16.2,22,7.0,0,1,1,2,1,0,0,0,0.0,0.0,1,1,1,0,8,0,0
E0001694,TC0001694,P001542,2026-02-28,DEVELOPMENT,1.0,45,16.8,17,21.0,1,0,0,1,0,0,0,0,0.0,0.0,1,1,0,0,2,5,1
E0001695,TC0001695,P001544,2026-01-26,DEVELOPMENT,1.0,65,11.5,7,30.0,1,1,1,3,1,0,0,0,0.0,0.0,0,1,1,0,1,0,0
E0001696,TC0001696,P001545,2026-07-22,EVALUATION,,18,35.5,22,21.0,1,0,0,1,0,0,0,0,0.0,0.0,0,1,0,0,7,2,0
E0001697,TC0001697,P001546,2026-03-19,DEVELOPMENT,1.0,51,33.3,12,14.0,1,1,1,3,1,0,0,0,0.0,0.0,0,1,0,0,3,3,0
E0001698,TC0001698,P001547,2026-05-05,DEVELOPMENT,0.0,40,23.7,20,21.0,0,0,1,1,0,1,1,89,0.011235955056179775,0.0,0,1,0,0,5,1,0
E0001699,TC0001699,P001547,2026-06-20,DEVELOPMENT,0.0,40,28.2,8,21.0,1,0,1,2,1,2,1,135,0.014814814814814815,1.0,0,1,0,0,6,5,1
E0001700,TC0001700,P001548,2026-08-13,EVALUATION,,48,7.4,17,30.0,1,0,1,2,1,0,0,0,0.0,0.0,1,0,0,0,8,3,0
E0001701,TC0001701,P001549,2026-02-17,DEVELOPMENT,0.0,20,22.3,14,30.0,0,0,1,1,0,0,0,0,0.0,0.0,0,1,1,0,2,1,0
E0001702,TC0001702,P001550,2026-01-17,DEVELOPMENT,0.0,45,26.4,24,7.0,0,0,1,1,0,0,0,0,0.0,0.0,0,1,0,0,1,5,1
E0001703,TC0001703,P001551,2026-01-27,DEVELOPMENT,1.0,75,6.5,11,21.0,1,1,1,3,1,0,0,0,0.0,0.0,1,0,0,0,1,1,0
E0001704,TC0001704,P001552,2026-08-11,EVALUATION,,73,23.1,21,21.0,0,0,0,0,0,0,0,0,0.0,0.0,1,1,0,0,8,1,0
E0001705,TC0001705,P001553,2026-02-03,DEVELOPMENT,0.0,63,18.4,15,21.0,0,0,0,0,0,0,0,0,0.0,0.0,0,1,0,0,2,1,0
E0001706,TC0001706,P001553,2026-03-08,DEVELOPMENT,1.0,63,18.4,14,14.0,1,1,1,3,1,1,1,33,0.030303030303030304,0.0,0,1,0,0,3,6,1
E0001707,TC0001707,P001555,2026-06-14,DEVELOPMENT,0.0,66,18.0,9,7.0,1,1,1,3,1,0,0,0,0.0,0.0,0,1,0,0,6,6,1
E0001708,TC0001708,P001555,2026-08-10,EVALUATION,,66,18.0,14,14.0,1,0,1,2,1,1,1,57,0.017543859649122806,3.0,1,1,0,0,8,0,0
E0001709,TC0001709,P001557,2026-06-02,DEVELOPMENT,0.0,77,19.2,8,30.0,1,0,1,2,1,1,1,34,0.029411764705882353,0.0,0,1,0,0,6,1,0
E0001710,TC0001710,P001558,2026-03-17,DEVELOPMENT,0.0,53,18.7,12,21.0,1,0,1,2,1,0,0,0,0.0,0.0,0,1,1,0,3,1,0
E0001711,TC0001711,P000556,2026-05-01,DEVELOPMENT,0.0,39,21.7,14,21.0,1,1,0,2,1,0,0,0,0.0,2.0,0,1,0,0,5,4,0
E0001712,TC0001712,P001563,2026-01-24,DEVELOPMENT,1.0,43,21.3,21,30.0,0,0,1,1,0,1,1,19,0.05263157894736842,0.0,0,1,0,0,1,5,1
E0001713,TC0001713,P001564,2026-04-04,DEVELOPMENT,0.0,60,19.7,21,14.0,1,1,1,3,1,0,0,0,0.0,0.0,0,1,0,0,4,5,1
E0001714,TC0001714,P001565,2026-03-05,DEVELOPMENT,1.0,36,27.8,24,21.0,1,0,0,1,0,0,0,0,0.0,0.0,1,1,0,0,3,3,0
E0001715,TC0001715,P001566,2026-03-09,DEVELOPMENT,1.0,64,26.3,23,7.0,1,1,1,3,1,0,0,0,0.0,0.0,1,1,0,0,3,0,0
E0001716,TC0001716,P001566,2026-04-17,DEVELOPMENT,1.0,64,26.3,9,7.0,1,0,1,2,1,1,1,39,0.02564102564102564,3.0,0,1,0,0,4,4,0
E0001717,TC0001717,P001567,2026-01-26,DEVELOPMENT,1.0,88,22.9,21,30.0,0,0,1,1,0,0,0,0,0.0,0.0,0,1,0,0,1,0,0
E0001718,TC0001718,P001568,2026-02-09,DEVELOPMENT,0.0,62,16.8,7,21.0,1,0,1,2,1,0,0,0,0.0,0.0,1,1,0,0,2,0,0
E0001719,TC0001719,P001569,2026-01-18,DEVELOPMENT,1.0,18,19.6,15,30.0,0,0,1,1,0,0,0,0,0.0,0.0,1,1,0,0,1,6,1
E0001720,TC0001720,P001569,2026-06-25,DEVELOPMENT,0.0,18,20.0,15,7.0,1,0,1,2,1,1,1,158,0.006329113924050633,1.0,0,1,0,0,6,3,0
E0001721,TC0001721,P001570,2026-05-05,DEVELOPMENT,0.0,32,27.6,16,21.0,1,1,0,2,1,0,0,0,0.0,0.0,0,1,0,1,5,1,0
E0001722,TC0001722,P001570,2026-07-22,EVALUATION,,32,26.6,21,21.0,0,1,1,2,1,1,1,78,0.01282051282051282,2.0,0,1,0,1,7,2,0
E0001723,TC0001723,P001571,2026-05-26,DEVELOPMENT,1.0,25,19.5,20,21.0,0,1,0,1,0,0,0,0,0.0,0.0,0,1,1,0,5,1,0
E0001724,TC0001724,P001572,2026-03-05,DEVELOPMENT,0.0,50,27.6,17,21.0,1,0,1,2,1,0,0,0,0.0,0.0,0,1,0,0,3,3,0
E0001725,TC0001725,P001573,2026-04-09,DEVELOPMENT,1.0,49,6.7,8,21.0,1,0,0,1,0,0,0,0,0.0,0.0,0,0,0,0,4,3,0
E0001726,TC0001726,P001573,2026-07-08,EVALUATION,,49,25.8,14,21.0,1,0,0,1,0,1,1,90,0.011111111111111112,1.0,1,1,0,0,7,2,0
E0001727,TC0001727,P000008,2026-03-03,DEVELOPMENT,0.0,66,20.3,20,14.0,1,0,1,2,1,1,1,25,0.04,4.0,0,1,0,0,3,1,0
E0001728,TC0001728,P001575,2026-04-27,DEVELOPMENT,1.0,43,25.3,19,7.0,1,0,1,2,1,0,0,0,0.0,0.0,0,1,0,0,4,0,0
E0001729,TC0001729,P001576,2026-01-27,DEVELOPMENT,1.0,55,19.7,16,21.0,1,1,1,3,1,0,0,0,0.0,0.0,0,1,0,0,1,1,0
E0001730,TC0001730,P001577,2026-08-01,EVALUATION,,18,33.3,13,21.0,1,1,0,2,1,0,0,0,0.0,0.0,0,1,0,0,8,5,1
E0001731,TC0001731,P001579,2026-05-30,DEVELOPMENT,0.0,29,10.8,19,21.0,1,0,0,1,0,0,0,0,0.0,0.0,0,1,0,0,5,5,1
E0001732,TC0001732,P001580,2026-05-30,DEVELOPMENT,1.0,71,18.7,9,21.0,1,0,1,2,1,0,0,0,0.0,0.0,1,1,0,0,5,5,1
E0001733,TC0001733,P001580,2026-06-26,DEVELOPMENT,1.0,71,2.6,16,21.0,1,0,1,2,1,2,1,27,0.07407407407407407,2.0,0,0,0,0,6,4,0
E0001734,TC0001734,P001582,2026-05-03,DEVELOPMENT,1.0,57,27.6,13,14.0,1,1,1,3,1,0,0,0,0.0,0.0,1,1,0,0,5,6,1
E0001735,TC0001735,P000937,2026-02-05,DEVELOPMENT,0.0,60,16.8,11,14.0,1,0,1,2,1,0,0,0,0.0,4.0,0,1,0,0,2,3,0
E0001736,TC0001736,P001583,2026-04-05,DEVELOPMENT,1.0,74,16.8,22,21.0,1,0,0,1,0,0,0,0,0.0,0.0,0,1,0,0,4,6,1
E0001737,TC0001737,P001584,2026-06-23,DEVELOPMENT,1.0,66,7.3,20,30.0,1,1,1,3,1,0,0,0,0.0,0.0,0,0,1,0,6,1,0
E0001738,TC0001738,P001585,2026-01-24,DEVELOPMENT,1.0,50,35.4,17,7.0,1,1,1,3,1,0,0,0,0.0,0.0,0,1,0,0,1,5,1
E0001739,TC0001739,P001585,2026-02-14,DEVELOPMENT,1.0,50,35.4,9,21.0,1,1,0,2,1,1,1,21,0.047619047619047616,3.0,1,1,0,0,2,5,1
E0001740,TC0001740,P001585,2026-03-14,DEVELOPMENT,1.0,50,35.4,9,14.0,1,0,1,2,1,2,1,49,0.04081632653061224,5.0,0,1,0,0,3,5,1
E0001741,TC0001741,P001586,2026-07-20,EVALUATION,,62,25.4,15,14.0,1,0,1,2,1,0,0,0,0.0,0.0,0,1,0,0,7,0,0
E0001742,TC0001742,P001586,2026-07-31,EVALUATION,,62,26.3,9,21.0,1,1,0,2,1,1,1,11,0.09090909090909091,2.0,0,1,0,0,7,4,0
E0001743,TC0001743,P001587,2026-05-19,DEVELOPMENT,0.0,68,38.9,9,21.0,1,1,1,3,1,0,0,0,0.0,0.0,0,1,0,0,5,1,0
E0001744,TC0001744,P001588,2026-06-08,DEVELOPMENT,0.0,41,12.6,13,7.0,1,0,1,2,1,0,0,0,0.0,0.0,0,1,0,0,6,0,0
E0001745,TC0001745,P001589,2026-03-16,DEVELOPMENT,0.0,44,16.8,12,21.0,0,1,0,1,0,0,0,0,0.0,0.0,1,1,0,0,3,0,0
E0001746,TC0001746,P001591,2026-01-23,DEVELOPMENT,0.0,57,11.5,19,21.0,0,1,0,1,0,0,0,0,0.0,0.0,0,1,1,0,1,4,0
E0001747,TC0001747,P001592,2026-03-18,DEVELOPMENT,0.0,47,2.6,7,21.0,1,1,0,2,1,0,0,0,0.0,0.0,1,0,0,0,3,2,0
E0001748,TC0001748,P001593,2026-02-27,DEVELOPMENT,1.0,61,8.7,21,21.0,1,0,0,1,0,0,0,0,0.0,0.0,1,0,0,0,2,4,0
E0001749,TC0001749,P001594,2026-02-13,DEVELOPMENT,1.0,48,28.3,16,21.0,1,0,1,2,1,0,0,0,0.0,0.0,1,1,0,0,2,4,0
E0001750,TC0001750,P001594,2026-04-19,DEVELOPMENT,1.0,48,17.3,11,21.0,1,1,0,2,1,1,1,65,0.015384615384615385,2.0,0,1,0,0,4,6,1
E0001751,TC0001751,P001594,2026-07-15,EVALUATION,,48,17.3,24,21.0,1,0,1,2,1,2,1,152,0.013157894736842105,4.0,1,1,0,0,7,2,0
E0001752,TC0001752,P001595,2026-01-07,DEVELOPMENT,0.0,79,14.1,18,14.0,0,0,1,1,0,0,0,0,0.0,0.0,0,1,0,0,1,2,0
E0001753,TC0001753,P001596,2026-06-08,DEVELOPMENT,1.0,42,26.6,20,21.0,1,1,0,2,1,0,0,0,0.0,0.0,0,1,0,1,6,0,0
E0001754,TC0001754,P001596,2026-08-06,EVALUATION,,42,33.3,14,14.0,1,0,1,2,1,1,1,59,0.01694915254237288,2.0,0,1,0,1,8,3,0
E0001755,TC0001755,P001597,2026-03-11,DEVELOPMENT,0.0,88,5.1,10,21.0,0,1,1,2,1,0,0,0,0.0,0.0,0,0,0,0,3,2,0
E0001756,TC0001756,P001597,2026-04-28,DEVELOPMENT,0.0,88,19.9,20,21.0,0,1,0,1,0,1,1,48,0.020833333333333332,2.0,1,1,0,0,4,1,0
E0001757,TC0001757,P001598,2026-07-01,EVALUATION,,68,5.6,15,21.0,1,1,0,2,1,0,0,0,0.0,0.0,0,0,0,0,7,2,0
E0001758,TC0001758,P000612,2026-05-22,DEVELOPMENT,1.0,52,18.7,22,30.0,1,0,1,2,1,0,0,0,0.0,0.0,1,1,0,0,5,4,0
E0001759,TC0001759,P001601,2026-01-31,DEVELOPMENT,1.0,18,21.1,9,14.0,0,0,1,1,0,0,0,0,0.0,0.0,1,1,0,0,1,5,1
E0001760,TC0001760,P001603,2026-08-06,EVALUATION,,54,26.6,9,14.0,1,0,1,2,1,0,0,0,0.0,0.0,0,1,0,0,8,3,0
E0001761,TC0001761,P001604,2026-07-04,EVALUATION,,32,19.5,13,21.0,1,1,1,3,1,0,0,0,0.0,0.0,1,1,0,0,7,5,1
E0001762,TC0001762,P001605,2026-02-10,DEVELOPMENT,0.0,41,11.9,7,7.0,1,0,1,2,1,0,0,0,0.0,0.0,1,1,0,0,2,1,0
E0001763,TC0001763,P001606,2026-08-12,EVALUATION,,35,35.5,12,21.0,0,0,0,0,0,0,0,0,0.0,0.0,0,1,0,0,8,2,0
E0001764,TC0001764,P001607,2026-04-15,DEVELOPMENT,1.0,25,36.5,17,30.0,1,0,1,2,1,0,0,0,0.0,0.0,0,1,0,0,4,2,0
E0001765,TC0001765,P001607,2026-06-06,DEVELOPMENT,1.0,25,36.5,18,21.0,1,0,1,2,1,1,1,52,0.019230769230769232,2.0,0,1,0,0,6,5,1
E0001766,TC0001766,P001608,2026-03-01,DEVELOPMENT,1.0,62,12.8,20,30.0,1,1,1,3,1,0,0,0,0.0,0.0,0,1,1,0,3,6,1
E0001767,TC0001767,P001609,2026-02-20,DEVELOPMENT,0.0,38,14.1,19,21.0,1,0,0,1,0,0,0,0,0.0,0.0,1,1,0,1,2,4,0
E0001768,TC0001768,P001610,2026-02-12,DEVELOPMENT,1.0,58,28.2,24,30.0,1,1,1,3,1,0,0,0,0.0,0.0,1,1,0,0,2,3,0
E0001769,TC0001769,P001610,2026-04-11,DEVELOPMENT,0.0,58,7.0,12,30.0,1,0,1,2,1,1,1,58,0.017241379310344827,3.0,0,0,0,0,4,5,1
E0001770,TC0001770,P001611,2026-06-06,DEVELOPMENT,0.0,25,11.9,11,21.0,1,0,0,1,0,0,0,0,0.0,0.0,0,1,0,0,6,5,1
E0001771,TC0001771,P001612,2026-02-10,DEVELOPMENT,1.0,60,7.6,12,7.0,1,1,1,3,1,0,0,0,0.0,0.0,0,0,0,0,2,1,0
E0001772,TC0001772,P001612,2026-07-13,EVALUATION,,60,11.3,24,14.0,0,0,1,1,0,1,1,153,0.006535947712418301,3.0,0,1,0,0,7,0,0
E0001773,TC0001773,P001613,2026-05-08,DEVELOPMENT,0.0,45,21.7,15,7.0,1,0,1,2,1,0,0,0,0.0,0.0,0,1,0,0,5,4,0
E0001774,TC0001774,P001613,2026-05-23,DEVELOPMENT,0.0,45,15.5,21,30.0,1,0,1,2,1,1,1,15,0.06666666666666667,2.0,0,1,0,0,5,5,1
E0001775,TC0001775,P001614,2026-03-18,DEVELOPMENT,0.0,18,18.4,10,21.0,0,0,1,1,0,0,0,0,0.0,0.0,0,1,1,0,3,2,0
E0001776,TC0001776,P001615,2026-07-13,EVALUATION,,66,9.4,7,21.0,1,0,1,2,1,0,0,0,0.0,0.0,0,0,0,0,7,0,0
E0001777,TC0001777,P001616,2026-01-03,DEVELOPMENT,0.0,62,18.4,18,21.0,1,0,1,2,1,0,0,0,0.0,0.0,0,1,0,0,1,5,1
E0001778,TC0001778,P001617,2026-01-24,DEVELOPMENT,1.0,43,25.7,8,14.0,1,0,1,2,1,0,0,0,0.0,0.0,0,1,0,0,1,5,1
E0001779,TC0001779,P001618,2026-01-27,DEVELOPMENT,1.0,60,2.6,22,30.0,1,0,1,2,1,0,0,0,0.0,0.0,1,0,0,0,1,1,0
E0001780,TC0001780,P001620,2026-04-16,DEVELOPMENT,0.0,64,25.7,14,21.0,0,0,1,1,0,0,0,0,0.0,0.0,0,1,0,0,4,3,0
E0001781,TC0001781,P001621,2026-06-15,DEVELOPMENT,1.0,50,35.5,12,21.0,1,0,1,2,1,0,0,0,0.0,0.0,1,1,0,0,6,0,0
E0001782,TC0001782,P001622,2026-01-03,DEVELOPMENT,0.0,52,22.3,21,14.0,1,0,1,2,1,0,0,0,0.0,0.0,0,1,0,0,1,5,1
E0001783,TC0001783,P001622,2026-04-22,DEVELOPMENT,1.0,52,19.2,11,21.0,1,1,1,3,1,1,1,109,0.009174311926605505,2.0,1,1,0,0,4,2,0
E0001784,TC0001784,P001623,2026-07-06,EVALUATION,,35,36.1,12,21.0,1,1,0,2,1,0,0,0,0.0,0.0,1,1,1,0,7,0,0
E0001785,TC0001785,P001624,2026-01-24,DEVELOPMENT,0.0,40,29.4,8,30.0,1,0,1,2,1,0,0,0,0.0,0.0,0,1,0,0,1,5,1
E0001786,TC0001786,P001625,2026-02-07,DEVELOPMENT,1.0,49,11.3,11,14.0,1,0,1,2,1,0,0,0,0.0,0.0,0,1,0,0,2,5,1
E0001787,TC0001787,P001625,2026-04-24,DEVELOPMENT,0.0,49,11.3,16,21.0,1,0,0,1,0,1,1,76,0.013157894736842105,2.0,0,1,0,0,4,4,0
E0001788,TC0001788,P001626,2026-07-15,EVALUATION,,55,17.2,13,21.0,1,1,0,2,1,0,0,0,0.0,0.0,0,1,0,0,7,2,0
E0001789,TC0001789,P001627,2026-03-14,DEVELOPMENT,0.0,32,25.4,24,30.0,0,0,1,1,0,0,0,0,0.0,0.0,0,1,0,0,3,5,1
E0001790,TC0001790,P001628,2026-06-06,DEVELOPMENT,1.0,61,22.4,9,21.0,0,1,1,2,1,0,0,0,0.0,0.0,1,1,0,0,6,5,1
E0001791,TC0001791,P001629,2026-07-25,EVALUATION,,54,4.1,24,30.0,1,0,1,2,1,0,0,0,0.0,0.0,1,0,0,0,7,5,1
E0001792,TC0001792,P001630,2026-07-06,EVALUATION,,18,29.6,9,21.0,1,0,1,2,1,0,0,0,0.0,0.0,1,1,0,0,7,0,0
E0001793,TC0001793,P001631,2026-03-15,DEVELOPMENT,0.0,44,6.4,11,7.0,0,0,1,1,0,1,1,2,0.5,0.0,0,0,1,0,3,6,1
E0001794,TC0001794,P001053,2026-02-03,DEVELOPMENT,0.0,18,6.5,9,21.0,1,0,0,1,0,0,0,0,0.0,2.0,0,0,0,0,2,1,0
E0001795,TC0001795,P001633,2026-04-22,DEVELOPMENT,0.0,64,6.5,18,21.0,1,0,1,2,1,0,0,0,0.0,0.0,1,0,0,0,4,2,0
E0001796,TC0001796,P001635,2026-06-07,DEVELOPMENT,1.0,45,29.6,7,7.0,1,0,1,2,1,0,0,0,0.0,0.0,0,1,0,0,6,6,1
E0001797,TC0001797,P001636,2026-07-08,EVALUATION,,45,29.4,16,7.0,0,0,1,1,0,0,0,0,0.0,0.0,1,1,0,0,7,2,0
E0001798,TC0001798,P001637,2026-03-16,DEVELOPMENT,0.0,52,25.3,16,30.0,0,0,1,1,0,0,0,0,0.0,0.0,0,1,1,0,3,0,0
E0001799,TC0001799,P001637,2026-05-15,DEVELOPMENT,1.0,52,28.3,7,21.0,1,0,0,1,0,1,1,60,0.016666666666666666,1.0,0,1,1,0,5,4,0
E0001800,TC0001800,P001638,2026-03-31,DEVELOPMENT,0.0,53,33.3,8,14.0,0,0,1,1,0,0,0,0,0.0,0.0,0,1,0,0,3,1,0
E0001801,TC0001801,P001638,2026-05-29,DEVELOPMENT,1.0,53,27.6,7,14.0,1,0,1,2,1,1,1,59,0.01694915254237288,1.0,0,1,0,0,5,4,0
E0001802,TC0001802,P001639,2026-03-21,DEVELOPMENT,1.0,39,2.2,9,21.0,1,0,1,2,1,0,0,0,0.0,0.0,0,0,0,0,3,5,1
E0001803,TC0001803,P001639,2026-04-10,DEVELOPMENT,0.0,39,2.2,20,21.0,1,0,0,1,0,1,1,20,0.05,2.0,1,0,0,0,4,4,0
E0001804,TC0001804,P001640,2026-01-21,DEVELOPMENT,0.0,41,7.0,20,14.0,1,0,1,2,1,0,0,0,0.0,0.0,0,0,0,1,1,2,0
E0001805,TC0001805,P001641,2026-03-05,DEVELOPMENT,1.0,79,22.9,18,14.0,1,0,1,2,1,0,0,0,0.0,0.0,0,1,0,0,3,3,0
E0001806,TC0001806,P001642,2026-02-09,DEVELOPMENT,1.0,60,25.4,13,14.0,1,0,1,2,1,0,0,0,0.0,0.0,0,1,0,0,2,0,0
E0001807,TC0001807,P001642,2026-05-19,DEVELOPMENT,0.0,60,21.0,20,14.0,0,1,1,2,1,1,1,99,0.010101010101010102,2.0,1,1,0,0,5,1,0
E0001808,TC0001808,P001643,2026-08-13,EVALUATION,,79,20.2,9,14.0,1,1,1,3,1,0,0,0,0.0,0.0,1,1,0,0,8,3,0
E0001809,TC0001809,P001644,2026-07-07,EVALUATION,,34,28.3,16,30.0,1,1,1,3,1,0,0,0,0.0,0.0,0,1,0,0,7,1,0
E0001810,TC0001810,P001644,2026-08-14,EVALUATION,,34,17.3,20,21.0,1,0,0,1,0,1,1,38,0.02631578947368421,3.0,1,1,0,0,8,4,0
E0001811,TC0001811,P001645,2026-04-22,DEVELOPMENT,0.0,65,23.7,20,21.0,1,0,0,1,0,0,0,0,0.0,0.0,0,1,1,0,4,2,0
E0001812,TC0001812,P001646,2026-07-15,EVALUATION,,50,12.8,10,21.0,1,1,1,3,1,0,0,0,0.0,0.0,0,1,1,0,7,2,0
E0001813,TC0001813,P001647,2026-05-01,DEVELOPMENT,1.0,39,25.3,15,14.0,1,1,1,3,1,0,0,0,0.0,0.0,1,1,1,0,5,4,0
E0001814,TC0001814,P001648,2026-01-21,DEVELOPMENT,0.0,64,19.2,16,7.0,1,0,1,2,1,0,0,0,0.0,0.0,1,1,0,0,1,2,0
E0001815,TC0001815,P000368,2026-05-31,DEVELOPMENT,0.0,20,33.3,12,21.0,1,0,0,1,0,1,1,74,0.013513513513513514,2.0,1,1,0,0,5,6,1
E0001816,TC0001816,P001651,2026-03-29,DEVELOPMENT,0.0,41,5.6,23,21.0,1,0,0,1,0,0,0,0,0.0,0.0,0,0,0,0,3,6,1
E0001817,TC0001817,P001652,2026-05-24,DEVELOPMENT,1.0,53,24.9,10,21.0,1,1,1,3,1,0,0,0,0.0,0.0,0,1,0,0,5,6,1
E0001818,TC0001818,P001654,2026-03-09,DEVELOPMENT,1.0,61,25.7,9,21.0,1,1,0,2,1,1,1,6,0.16666666666666666,0.0,0,1,0,1,3,0,0
E0001819,TC0001819,P001654,2026-06-01,DEVELOPMENT,1.0,61,20.0,12,21.0,1,0,1,2,1,2,1,90,0.022222222222222223,2.0,1,1,0,1,6,0,0
E0001820,TC0001820,P001654,2026-07-24,EVALUATION,,61,20.0,15,7.0,1,0,1,2,1,3,1,143,0.02097902097902098,4.0,0,1,0,1,7,4,0
E0001821,TC0001821,P001655,2026-03-24,DEVELOPMENT,1.0,26,6.4,7,14.0,0,1,1,2,1,0,0,0,0.0,0.0,0,0,0,1,3,1,0
E0001822,TC0001822,P001655,2026-04-11,DEVELOPMENT,0.0,26,15.7,11,21.0,1,0,1,2,1,1,1,18,0.05555555555555555,2.0,0,1,0,1,4,5,1
E0001823,TC0001823,P001656,2026-05-18,DEVELOPMENT,1.0,38,22.8,22,21.0,1,0,1,2,1,0,0,0,0.0,0.0,0,1,0,0,5,0,0
E0001824,TC0001824,P001657,2026-05-19,DEVELOPMENT,1.0,53,10.4,15,21.0,1,1,1,3,1,0,0,0,0.0,0.0,0,1,0,0,5,1,0
E0001825,TC0001825,P001658,2026-07-28,EVALUATION,,25,29.9,10,21.0,1,0,1,2,1,1,1,161,0.006211180124223602,0.0,0,1,0,0,7,1,0
E0001826,TC0001826,P001659,2026-06-08,DEVELOPMENT,0.0,74,16.8,19,14.0,0,1,1,2,1,0,0,0,0.0,0.0,1,1,0,0,6,0,0
E0001827,TC0001827,P001659,2026-07-12,EVALUATION,,74,13.2,10,21.0,1,0,0,1,0,1,1,34,0.029411764705882353,2.0,0,1,0,0,7,6,1
E0001828,TC0001828,P001661,2026-05-19,DEVELOPMENT,1.0,35,25.4,23,7.0,1,1,1,3,1,0,0,0,0.0,0.0,1,1,0,0,5,1,0
E0001829,TC0001829,P001662,2026-04-30,DEVELOPMENT,0.0,25,5.1,16,21.0,1,0,0,1,0,0,0,0,0.0,0.0,1,0,0,0,4,3,0
E0001830,TC0001830,P001662,2026-07-11,EVALUATION,,25,11.4,14,21.0,1,0,0,1,0,1,1,72,0.013888888888888888,1.0,1,1,0,0,7,5,1
E0001831,TC0001831,P001664,2026-02-04,DEVELOPMENT,1.0,34,4.1,24,14.0,0,0,1,1,0,0,0,0,0.0,0.0,1,0,0,0,2,2,0
E0001832,TC0001832,P001664,2026-08-14,EVALUATION,,34,4.1,9,21.0,1,0,1,2,1,1,1,191,0.005235602094240838,1.0,1,0,0,0,8,4,0
E0001833,TC0001833,P001665,2026-06-15,DEVELOPMENT,0.0,55,36.1,12,21.0,1,1,0,2,1,0,0,0,0.0,0.0,0,1,0,0,6,0,0
E0001834,TC0001834,P001666,2026-07-05,EVALUATION,,86,27.9,7,7.0,1,0,1,2,1,0,0,0,0.0,0.0,0,1,0,0,7,6,1
E0001835,TC0001835,P001667,2026-03-20,DEVELOPMENT,0.0,36,26.4,7,21.0,1,0,0,1,0,0,0,0,0.0,0.0,0,1,0,0,3,4,0
E0001836,TC0001836,P001667,2026-05-29,DEVELOPMENT,0.0,36,20.2,14,14.0,1,1,1,3,1,1,1,70,0.014285714285714285,1.0,0,1,0,0,5,4,0
E0001837,TC0001837,P001668,2026-04-01,DEVELOPMENT,1.0,29,25.7,19,7.0,1,0,1,2,1,1,1,47,0.02127659574468085,0.0,1,1,0,0,4,2,0
E0001838,TC0001838,P001668,2026-05-05,DEVELOPMENT,0.0,29,25.7,14,14.0,0,1,1,2,1,2,1,81,0.024691358024691357,2.0,0,1,0,0,5,1,0
E0001839,TC0001839,P001668,2026-08-08,EVALUATION,,29,22.2,7,14.0,0,0,1,1,0,3,1,176,0.017045454545454544,4.0,0,1,0,0,8,5,1
E0001840,TC0001840,P001669,2026-05-05,DEVELOPMENT,0.0,41,6.6,9,21.0,0,1,1,2,1,0,0,0,0.0,0.0,0,0,0,1,5,1,0
E0001841,TC0001841,P001670,2026-02-03,DEVELOPMENT,1.0,71,33.3,23,21.0,1,0,0,1,0,0,0,0,0.0,0.0,0,1,0,0,2,1,0
E0001842,TC0001842,P001671,2026-08-02,EVALUATION,,55,15.7,16,7.0,1,1,1,3,1,0,0,0,0.0,0.0,0,1,0,0,8,6,1
E0001843,TC0001843,P001672,2026-04-16,DEVELOPMENT,0.0,50,35.0,24,14.0,0,0,1,1,0,0,0,0,0.0,0.0,0,1,0,0,4,3,0
E0001844,TC0001844,P000771,2026-04-17,DEVELOPMENT,1.0,18,12.6,11,21.0,1,0,0,1,0,0,0,0,0.0,3.0,0,1,1,0,4,4,0
E0001845,TC0001845,P000771,2026-05-05,DEVELOPMENT,1.0,18,17.9,19,21.0,1,0,1,2,1,1,1,18,0.05555555555555555,4.0,1,1,1,0,5,1,0
E0001846,TC0001846,P001674,2026-05-05,DEVELOPMENT,1.0,48,7.0,23,30.0,0,0,1,1,0,0,0,0,0.0,0.0,0,0,0,0,5,1,0
E0001847,TC0001847,P001675,2026-08-14,EVALUATION,,74,17.9,13,14.0,0,0,1,1,0,0,0,0,0.0,0.0,0,1,0,0,8,4,0
E0001848,TC0001848,P001676,2026-08-12,EVALUATION,,59,6.6,7,14.0,1,1,1,3,1,0,0,0,0.0,0.0,1,0,0,0,8,2,0
E0001849,TC0001849,P001677,2026-03-22,DEVELOPMENT,1.0,55,35.4,22,30.0,0,0,1,1,0,0,0,0,0.0,0.0,0,1,0,0,3,6,1
E0001850,TC0001850,P001677,2026-05-12,DEVELOPMENT,1.0,55,26.4,8,21.0,1,1,1,3,1,1,1,51,0.0196078431372549,1.0,0,1,0,0,5,1,0
E0001851,TC0001851,P001679,2026-02-12,DEVELOPMENT,0.0,49,19.2,11,14.0,1,1,1,3,1,0,0,0,0.0,0.0,0,1,0,0,2,3,0
E0001852,TC0001852,P001680,2026-07-07,EVALUATION,,35,18.7,7,14.0,1,0,1,2,1,0,0,0,0.0,0.0,0,1,1,0,7,1,0
E0001853,TC0001853,P001681,2026-02-19,DEVELOPMENT,0.0,21,2.6,15,21.0,1,1,1,3,1,0,0,0,0.0,0.0,0,0,0,1,2,3,0
E0001854,TC0001854,P001682,2026-03-22,DEVELOPMENT,1.0,59,25.4,8,14.0,1,1,1,3,1,0,0,0,0.0,0.0,0,1,0,0,3,6,1
E0001855,TC0001855,P001682,2026-04-05,DEVELOPMENT,1.0,59,21.0,14,30.0,1,0,1,2,1,1,1,14,0.07142857142857142,3.0,0,1,0,0,4,6,1
E0001856,TC0001856,P000342,2026-07-10,EVALUATION,,58,21.3,20,21.0,1,1,0,2,1,0,0,0,0.0,2.0,0,1,0,0,7,4,0
E0001857,TC0001857,P000342,2026-08-07,EVALUATION,,58,20.6,22,21.0,0,0,1,1,0,2,1,28,0.07142857142857142,4.0,1,1,0,0,8,4,0
E0001858,TC0001858,P001685,2026-05-28,DEVELOPMENT,1.0,52,25.4,18,14.0,1,0,1,2,1,0,0,0,0.0,0.0,0,1,0,0,5,3,0
E0001859,TC0001859,P001686,2026-06-01,DEVELOPMENT,1.0,43,29.4,16,21.0,1,0,1,2,1,1,1,86,0.011627906976744186,0.0,0,1,0,0,6,0,0
E0001860,TC0001860,P001686,2026-06-29,DEVELOPMENT,1.0,43,25.4,23,30.0,1,1,1,3,1,2,1,114,0.017543859649122806,2.0,0,1,0,0,6,0,0
E0001861,TC0001861,P001688,2026-05-15,DEVELOPMENT,0.0,30,23.7,20,14.0,0,0,1,1,0,0,0,0,0.0,0.0,0,1,0,0,5,4,0
E0001862,TC0001862,P001689,2026-05-24,DEVELOPMENT,0.0,43,20.3,21,7.0,1,1,1,3,1,0,0,0,0.0,0.0,0,1,0,0,5,6,1
E0001863,TC0001863,P001691,2026-02-05,DEVELOPMENT,1.0,42,13.9,7,7.0,1,0,1,2,1,0,0,0,0.0,0.0,0,1,0,0,2,3,0
E0001864,TC0001864,P001691,2026-03-26,DEVELOPMENT,1.0,42,8.7,11,21.0,1,0,0,1,0,1,1,49,0.02040816326530612,2.0,1,0,0,0,3,3,0
E0001865,TC0001865,P001692,2026-04-27,DEVELOPMENT,0.0,24,10.8,8,14.0,0,0,1,1,0,0,0,0,0.0,0.0,0,1,0,0,4,0,0
E0001866,TC0001866,P001692,2026-06-20,DEVELOPMENT,1.0,24,10.4,14,21.0,0,0,1,1,0,1,1,54,0.018518518518518517,1.0,1,1,0,0,6,5,1
E0001867,TC0001867,P001694,2026-04-30,DEVELOPMENT,0.0,84,25.7,10,21.0,0,0,0,0,0,0,0,0,0.0,0.0,0,1,0,0,4,3,0
E0001868,TC0001868,P001696,2026-07-31,EVALUATION,,51,26.4,11,7.0,1,1,1,3,1,0,0,0,0.0,0.0,0,1,0,0,7,4,0
E0001869,TC0001869,P001697,2026-05-04,DEVELOPMENT,0.0,51,6.4,11,21.0,1,0,0,1,0,0,0,0,0.0,0.0,1,0,0,0,5,0,0
E0001870,TC0001870,P001697,2026-06-15,DEVELOPMENT,1.0,51,6.4,8,21.0,1,1,0,2,1,1,1,42,0.023809523809523808,1.0,0,0,0,0,6,0,0
E0001871,TC0001871,P000939,2026-06-18,DEVELOPMENT,0.0,34,36.5,20,21.0,1,0,0,1,0,0,0,0,0.0,1.0,1,1,0,0,6,3,0
E0001872,TC0001872,P001699,2026-06-05,DEVELOPMENT,1.0,40,33.3,18,21.0,1,0,0,1,0,0,0,0,0.0,0.0,0,1,1,0,6,4,0
E0001873,TC0001873,P001699,2026-07-18,EVALUATION,,40,26.6,15,30.0,1,1,1,3,1,1,1,43,0.023255813953488372,1.0,1,1,1,0,7,5,1
E0001874,TC0001874,P001700,2026-04-16,DEVELOPMENT,0.0,80,26.4,18,7.0,0,1,1,2,1,0,0,0,0.0,0.0,0,1,0,0,4,3,0
E0001875,TC0001875,P001701,2026-01-21,DEVELOPMENT,0.0,56,22.9,23,21.0,1,0,0,1,0,0,0,0,0.0,0.0,0,1,1,0,1,2,0
E0001876,TC0001876,P001701,2026-06-08,DEVELOPMENT,0.0,56,22.9,23,30.0,1,0,1,2,1,2,1,138,0.014492753623188406,1.0,0,1,1,0,6,0,0
E0001877,TC0001877,P001701,2026-07-10,EVALUATION,,56,22.9,15,21.0,1,0,1,2,1,3,1,170,0.01764705882352941,3.0,1,1,1,0,7,4,0
E0001878,TC0001878,P001702,2026-01-17,DEVELOPMENT,0.0,38,16.8,15,21.0,0,0,0,0,0,0,0,0,0.0,0.0,0,1,0,0,1,5,1
E0001879,TC0001879,P001702,2026-01-23,DEVELOPMENT,1.0,38,22.3,15,30.0,1,1,1,3,1,1,1,6,0.16666666666666666,0.0,1,1,0,0,1,4,0
E0001880,TC0001880,P001703,2026-05-24,DEVELOPMENT,0.0,61,16.2,8,7.0,1,0,1,2,1,0,0,0,0.0,0.0,0,1,0,0,5,6,1
E0001881,TC0001881,P001705,2026-01-17,DEVELOPMENT,0.0,52,20.0,24,21.0,1,0,1,2,1,0,0,0,0.0,0.0,0,1,0,0,1,5,1
E0001882,TC0001882,P001705,2026-01-27,DEVELOPMENT,0.0,52,20.0,10,14.0,1,0,1,2,1,1,1,10,0.1,2.0,0,1,0,0,1,1,0
E0001883,TC0001883,P001706,2026-03-18,DEVELOPMENT,1.0,20,22.4,16,14.0,1,1,1,3,1,0,0,0,0.0,0.0,0,1,0,0,3,2,0
E0001884,TC0001884,P001707,2026-03-06,DEVELOPMENT,1.0,19,23.7,16,21.0,0,0,1,1,0,0,0,0,0.0,0.0,0,1,0,0,3,4,0
E0001885,TC0001885,P001710,2026-04-01,DEVELOPMENT,0.0,42,27.8,19,21.0,0,1,0,1,0,0,0,0,0.0,0.0,0,1,0,0,4,2,0
E0001886,TC0001886,P001711,2026-03-08,DEVELOPMENT,1.0,54,11.5,18,21.0,0,0,1,1,0,0,0,0,0.0,0.0,0,1,0,0,3,6,1
E0001887,TC0001887,P001712,2026-06-09,DEVELOPMENT,1.0,49,6.4,16,21.0,0,0,1,1,0,0,0,0,0.0,0.0,1,0,0,0,6,1,0
E0001888,TC0001888,P001712,2026-06-30,DEVELOPMENT,0.0,49,3.6,18,21.0,1,0,0,1,0,1,1,21,0.047619047619047616,1.0,0,0,0,0,6,1,0
E0001889,TC0001889,P001713,2026-08-10,EVALUATION,,42,22.3,11,30.0,1,0,1,2,1,0,0,0,0.0,0.0,0,1,0,0,8,0,0
E0001890,TC0001890,P001714,2026-02-23,DEVELOPMENT,0.0,71,7.3,15,30.0,0,0,1,1,0,0,0,0,0.0,0.0,0,0,0,0,2,0,0
E0001891,TC0001891,P000078,2026-07-08,EVALUATION,,51,7.3,17,30.0,1,1,1,3,1,1,1,184,0.005434782608695652,1.0,1,0,0,0,7,2,0
E0001892,TC0001892,P001716,2026-04-17,DEVELOPMENT,1.0,87,26.3,24,14.0,1,0,1,2,1,1,1,22,0.045454545454545456,0.0,0,1,1,0,4,4,0
E0001893,TC0001893,P001716,2026-05-23,DEVELOPMENT,1.0,87,29.4,12,21.0,1,1,0,2,1,2,1,58,0.034482758620689655,2.0,1,1,1,0,5,5,1
E0001894,TC0001894,P001717,2026-08-08,EVALUATION,,52,21.0,24,21.0,0,1,0,1,0,0,0,0,0.0,0.0,1,1,0,0,8,5,1
E0001895,TC0001895,P001718,2026-01-25,DEVELOPMENT,1.0,50,27.6,16,30.0,1,0,1,2,1,0,0,0,0.0,0.0,0,1,0,0,1,6,1
E0001896,TC0001896,P001720,2026-03-03,DEVELOPMENT,1.0,45,22.4,17,7.0,1,1,1,3,1,0,0,0,0.0,0.0,0,1,0,1,3,1,0
E0001897,TC0001897,P001103,2026-06-06,DEVELOPMENT,0.0,49,3.6,22,30.0,1,0,1,2,1,0,0,0,0.0,0.0,0,0,0,0,6,5,1
E0001898,TC0001898,P001722,2026-07-26,EVALUATION,,23,16.9,10,14.0,1,1,1,3,1,0,0,0,0.0,0.0,0,1,0,0,7,6,1
E0001899,TC0001899,P001723,2026-06-27,DEVELOPMENT,1.0,53,21.1,18,21.0,1,1,0,2,1,0,0,0,0.0,0.0,0,1,0,0,6,5,1
E0001900,TC0001900,P001724,2026-06-26,DEVELOPMENT,0.0,55,29.7,20,14.0,0,1,1,2,1,0,0,0,0.0,0.0,0,1,0,0,6,4,0
E0001901,TC0001901,P001725,2026-03-12,DEVELOPMENT,0.0,41,26.6,10,21.0,0,1,0,1,0,0,0,0,0.0,0.0,0,1,0,0,3,3,0
E0001902,TC0001902,P001727,2026-03-20,DEVELOPMENT,0.0,53,25.3,15,14.0,1,0,1,2,1,0,0,0,0.0,0.0,0,1,0,1,3,4,0
E0001903,TC0001903,P001728,2026-01-13,DEVELOPMENT,1.0,48,16.8,17,21.0,1,0,0,1,0,0,0,0,0.0,0.0,1,1,0,0,1,1,0
E0001904,TC0001904,P001728,2026-03-02,DEVELOPMENT,0.0,48,13.2,23,7.0,0,1,1,2,1,1,1,48,0.020833333333333332,1.0,1,1,0,0,3,0,0
E0001905,TC0001905,P001729,2026-01-20,DEVELOPMENT,1.0,46,26.6,12,30.0,1,0,1,2,1,0,0,0,0.0,0.0,1,1,0,0,1,1,0
E0001906,TC0001906,P001730,2026-08-10,EVALUATION,,50,22.8,15,30.0,1,0,1,2,1,0,0,0,0.0,0.0,0,1,1,0,8,0,0
E0001907,TC0001907,P001731,2026-02-25,DEVELOPMENT,1.0,40,23.7,11,30.0,1,1,1,3,1,0,0,0,0.0,0.0,1,1,0,0,2,2,0
E0001908,TC0001908,P001732,2026-07-15,EVALUATION,,88,17.9,11,7.0,1,0,1,2,1,0,0,0,0.0,0.0,0,1,0,0,7,2,0
E0001909,TC0001909,P001733,2026-07-28,EVALUATION,,58,11.9,20,14.0,1,1,1,3,1,0,0,0,0.0,0.0,0,1,0,0,7,1,0
E0001910,TC0001910,P001734,2026-01-26,DEVELOPMENT,1.0,60,5.6,14,30.0,1,1,1,3,1,0,0,0,0.0,0.0,0,0,0,0,1,0,0
E0001911,TC0001911,P001735,2026-05-05,DEVELOPMENT,0.0,55,9.4,20,14.0,1,1,1,3,1,0,0,0,0.0,0.0,1,0,1,0,5,1,0
E0001912,TC0001912,P001137,2026-01-20,DEVELOPMENT,1.0,70,21.1,21,30.0,1,0,1,2,1,0,0,0,0.0,2.0,0,1,0,0,1,1,0
E0001913,TC0001913,P001738,2026-05-06,DEVELOPMENT,0.0,46,4.1,9,21.0,1,0,1,2,1,0,0,0,0.0,0.0,1,0,0,0,5,2,0
E0001914,TC0001914,P001738,2026-06-02,DEVELOPMENT,1.0,46,35.0,16,30.0,1,0,1,2,1,1,1,27,0.037037037037037035,2.0,0,1,0,0,6,1,0
E0001915,TC0001915,P001739,2026-01-13,DEVELOPMENT,0.0,69,27.9,21,21.0,1,0,0,1,0,0,0,0,0.0,0.0,1,1,0,0,1,1,0
E0001916,TC0001916,P001740,2026-02-13,DEVELOPMENT,1.0,18,28.2,21,21.0,1,0,0,1,0,0,0,0,0.0,0.0,0,1,0,0,2,4,0
E0001917,TC0001917,P001741,2026-02-19,DEVELOPMENT,0.0,56,16.8,15,7.0,0,0,1,1,0,0,0,0,0.0,0.0,1,1,0,0,2,3,0
E0001918,TC0001918,P001742,2026-07-23,EVALUATION,,58,15.5,12,14.0,1,0,1,2,1,0,0,0,0.0,0.0,0,1,0,0,7,3,0
E0001919,TC0001919,P001744,2026-04-03,DEVELOPMENT,1.0,72,11.3,23,7.0,1,1,1,3,1,0,0,0,0.0,0.0,0,1,0,0,4,4,0
E0001920,TC0001920,P001745,2026-05-13,DEVELOPMENT,0.0,65,13.0,9,21.0,0,1,0,1,0,0,0,0,0.0,0.0,0,1,1,0,5,2,0
E0001921,TC0001921,P001745,2026-06-22,DEVELOPMENT,0.0,65,9.7,12,7.0,1,1,1,3,1,1,1,40,0.025,1.0,0,0,1,0,6,0,0
E0001922,TC0001922,P001745,2026-07-29,EVALUATION,,65,27.9,24,30.0,1,0,1,2,1,2,1,77,0.025974025974025976,4.0,0,1,1,0,7,2,0
E0001923,TC0001923,P001747,2026-03-03,DEVELOPMENT,0.0,75,33.3,20,14.0,1,0,1,2,1,0,0,0,0.0,0.0,0,1,0,0,3,1,0
E0001924,TC0001924,P001748,2026-03-26,DEVELOPMENT,1.0,57,7.3,16,7.0,1,0,1,2,1,0,0,0,0.0,0.0,0,0,0,0,3,3,0
E0001925,TC0001925,P001749,2026-03-16,DEVELOPMENT,0.0,55,6.7,12,21.0,1,0,1,2,1,0,0,0,0.0,0.0,0,0,0,1,3,0,0
E0001926,TC0001926,P001750,2026-01-22,DEVELOPMENT,1.0,72,26.6,8,21.0,1,0,0,1,0,0,0,0,0.0,0.0,1,1,1,0,1,3,0
E0001927,TC0001927,P001751,2026-03-10,DEVELOPMENT,0.0,33,29.2,20,21.0,1,0,1,2,1,0,0,0,0.0,0.0,0,1,0,0,3,1,0
E0001928,TC0001928,P001751,2026-08-05,EVALUATION,,33,22.8,15,7.0,1,0,1,2,1,1,1,148,0.006756756756756757,2.0,1,1,0,0,8,2,0
E0001929,TC0001929,P001752,2026-02-24,DEVELOPMENT,1.0,55,26.6,22,21.0,1,0,1,2,1,0,0,0,0.0,0.0,0,1,0,0,2,1,0
E0001930,TC0001930,P001368,2026-01-27,DEVELOPMENT,0.0,59,18.0,12,21.0,1,0,1,2,1,0,0,0,0.0,2.0,1,1,0,0,1,1,0
E0001931,TC0001931,P001755,2026-08-02,EVALUATION,,52,19.6,9,30.0,0,1,1,2,1,0,0,0,0.0,0.0,0,1,0,0,8,6,1
E0001932,TC0001932,P001757,2026-06-30,DEVELOPMENT,1.0,43,25.4,12,14.0,1,0,1,2,1,0,0,0,0.0,0.0,1,1,0,0,6,1,0
E0001933,TC0001933,P001757,2026-08-06,EVALUATION,,43,25.4,22,14.0,1,0,1,2,1,1,1,37,0.02702702702702703,2.0,1,1,0,0,8,3,0
E0001934,TC0001934,P001759,2026-07-23,EVALUATION,,40,19.2,14,14.0,0,0,1,1,0,1,1,1,1.0,0.0,0,1,0,0,7,3,0
E0001935,TC0001935,P001760,2026-04-10,DEVELOPMENT,0.0,67,2.2,7,21.0,1,0,1,2,1,0,0,0,0.0,0.0,0,0,0,0,4,4,0
E0001936,TC0001936,P001761,2026-02-06,DEVELOPMENT,0.0,62,20.3,9,14.0,1,0,1,2,1,0,0,0,0.0,0.0,0,1,0,0,2,4,0
E0001937,TC0001937,P001762,2026-01-26,DEVELOPMENT,1.0,23,26.6,8,21.0,1,0,1,2,1,0,0,0,0.0,0.0,0,1,0,0,1,0,0
E0001938,TC0001938,P001763,2026-03-22,DEVELOPMENT,0.0,64,14.1,16,30.0,1,0,1,2,1,0,0,0,0.0,0.0,0,1,0,0,3,6,1
E0001939,TC0001939,P001764,2026-07-08,EVALUATION,,59,19.6,10,21.0,1,1,0,2,1,0,0,0,0.0,0.0,0,1,0,0,7,2,0
E0001940,TC0001940,P001765,2026-07-19,EVALUATION,,39,19.2,7,21.0,1,0,1,2,1,0,0,0,0.0,0.0,0,1,0,0,7,6,1
E0001941,TC0001941,P001766,2026-03-07,DEVELOPMENT,0.0,33,3.6,14,30.0,1,0,1,2,1,0,0,0,0.0,0.0,1,0,1,0,3,5,1
E0001942,TC0001942,P001767,2026-06-10,DEVELOPMENT,0.0,61,6.6,11,14.0,1,0,1,2,1,0,0,0,0.0,0.0,0,0,0,0,6,2,0
E0001943,TC0001943,P001767,2026-06-28,DEVELOPMENT,1.0,61,6.6,15,21.0,1,1,0,2,1,1,1,18,0.05555555555555555,2.0,0,0,0,0,6,6,1
E0001944,TC0001944,P001769,2026-07-02,EVALUATION,,57,5.6,8,7.0,1,1,1,3,1,1,1,157,0.006369426751592357,0.0,0,0,0,0,7,3,0
E0001945,TC0001945,P001769,2026-07-28,EVALUATION,,57,18.7,9,30.0,1,0,1,2,1,2,1,183,0.01092896174863388,3.0,0,1,0,0,7,1,0
E0001946,TC0001946,P001770,2026-02-09,DEVELOPMENT,0.0,53,7.0,11,7.0,1,0,1,2,1,0,0,0,0.0,0.0,1,0,0,0,2,0,0
E0001947,TC0001947,P001770,2026-03-20,DEVELOPMENT,1.0,53,23.7,16,14.0,1,0,1,2,1,1,1,39,0.02564102564102564,2.0,1,1,0,0,3,4,0
E0001948,TC0001948,P001775,2026-04-30,DEVELOPMENT,0.0,53,9.4,23,21.0,1,1,0,2,1,0,0,0,0.0,0.0,0,0,1,0,4,3,0
E0001949,TC0001949,P001777,2026-02-25,DEVELOPMENT,0.0,53,21.7,24,21.0,0,1,0,1,0,0,0,0,0.0,0.0,1,1,0,0,2,2,0
E0001950,TC0001950,P001778,2026-05-08,DEVELOPMENT,0.0,57,29.4,24,21.0,0,0,0,0,0,0,0,0,0.0,0.0,1,1,0,0,5,4,0
E0001951,TC0001951,P001779,2026-04-05,DEVELOPMENT,0.0,21,17.6,8,21.0,1,0,1,2,1,0,0,0,0.0,0.0,0,1,0,0,4,6,1
E0001952,TC0001952,P001779,2026-05-20,DEVELOPMENT,0.0,21,16.9,9,21.0,1,0,0,1,0,1,1,45,0.022222222222222223,2.0,1,1,0,0,5,2,0
E0001953,TC0001953,P001780,2026-01-22,DEVELOPMENT,1.0,72,25.3,22,21.0,1,0,0,1,0,0,0,0,0.0,0.0,1,1,1,0,1,3,0
E0001954,TC0001954,P001780,2026-02-14,DEVELOPMENT,1.0,72,28.3,22,21.0,1,1,1,3,1,1,1,23,0.043478260869565216,1.0,0,1,1,0,2,5,1
E0001955,TC0001955,P001781,2026-01-08,DEVELOPMENT,1.0,61,29.6,12,30.0,1,0,1,2,1,0,0,0,0.0,0.0,0,1,0,0,1,3,0
E0001956,TC0001956,P001782,2026-06-27,DEVELOPMENT,0.0,46,18.7,15,21.0,1,0,0,1,0,0,0,0,0.0,0.0,0,1,0,0,6,5,1
E0001957,TC0001957,P001783,2026-08-05,EVALUATION,,30,5.6,22,21.0,1,0,0,1,0,0,0,0,0.0,0.0,0,0,1,0,8,2,0
E0001958,TC0001958,P001787,2026-08-05,EVALUATION,,32,33.3,23,21.0,1,0,1,2,1,0,0,0,0.0,0.0,0,1,0,0,8,2,0
E0001959,TC0001959,P001788,2026-03-12,DEVELOPMENT,0.0,49,22.9,20,14.0,0,0,1,1,0,0,0,0,0.0,0.0,1,1,0,0,3,3,0
E0001960,TC0001960,P001789,2026-05-30,DEVELOPMENT,0.0,65,11.9,22,30.0,0,0,1,1,0,0,0,0,0.0,0.0,0,1,0,0,5,5,1
E0001961,TC0001961,P001790,2026-05-08,DEVELOPMENT,1.0,44,29.4,9,7.0,1,1,1,3,1,1,1,1,1.0,0.0,0,1,0,0,5,4,0
E0001962,TC0001962,P001790,2026-06-10,DEVELOPMENT,0.0,44,29.4,9,21.0,1,1,1,3,1,2,1,34,0.058823529411764705,3.0,1,1,0,0,6,2,0
E0001963,TC0001963,P001791,2026-05-24,DEVELOPMENT,1.0,55,8.7,21,30.0,0,0,1,1,0,0,0,0,0.0,0.0,0,0,0,1,5,6,1
E0001964,TC0001964,P001792,2026-01-25,DEVELOPMENT,0.0,52,6.5,9,21.0,1,0,0,1,0,0,0,0,0.0,0.0,0,0,0,0,1,6,1
E0001965,TC0001965,P001793,2026-01-28,DEVELOPMENT,0.0,66,26.4,7,21.0,0,0,1,1,0,0,0,0,0.0,0.0,0,1,0,0,1,2,0
E0001966,TC0001966,P001794,2026-06-24,DEVELOPMENT,0.0,74,12.8,18,7.0,1,0,1,2,1,0,0,0,0.0,0.0,0,1,0,0,6,2,0
E0001967,TC0001967,P001795,2026-07-29,EVALUATION,,31,13.0,16,21.0,1,0,1,2,1,0,0,0,0.0,0.0,0,1,1,0,7,2,0
E0001968,TC0001968,P001796,2026-07-08,EVALUATION,,60,13.0,17,14.0,1,0,1,2,1,0,0,0,0.0,0.0,0,1,0,0,7,2,0
E0001969,TC0001969,P001797,2026-02-12,DEVELOPMENT,0.0,18,9.4,15,21.0,1,1,0,2,1,0,0,0,0.0,0.0,0,0,0,0,2,3,0
E0001970,TC0001970,P004240,2026-05-25,DEVELOPMENT,1.0,49,18.4,18,21.0,1,0,0,1,0,1,1,118,0.00847457627118644,0.0,1,1,0,0,5,0,0
E0001971,TC0001971,P001798,2026-06-23,DEVELOPMENT,1.0,60,18.4,11,21.0,1,0,0,1,0,0,0,0,0.0,0.0,0,1,0,0,6,1,0
E0001972,TC0001972,P001799,2026-07-02,EVALUATION,,52,22.8,15,14.0,1,1,1,3,1,0,0,0,0.0,0.0,1,1,1,0,7,3,0
E0001973,TC0001973,P001799,2026-08-12,EVALUATION,,52,29.2,9,7.0,0,0,1,1,0,1,1,41,0.024390243902439025,3.0,0,1,1,0,8,2,0
E0001974,TC0001974,P000007,2026-05-18,DEVELOPMENT,0.0,18,29.2,20,21.0,1,0,0,1,0,2,1,81,0.024691358024691357,5.0,1,1,0,1,5,0,0
E0001975,TC0001975,P001802,2026-02-20,DEVELOPMENT,0.0,88,26.6,22,21.0,1,0,0,1,0,0,0,0,0.0,0.0,0,1,0,0,2,4,0
E0001976,TC0001976,P001803,2026-05-24,DEVELOPMENT,1.0,59,29.7,24,14.0,1,0,1,2,1,0,0,0,0.0,0.0,1,1,0,0,5,6,1
E0001977,TC0001977,P001803,2026-06-03,DEVELOPMENT,0.0,59,29.7,16,21.0,1,0,0,1,0,1,1,10,0.1,2.0,0,1,0,0,6,2,0
E0001978,TC0001978,P001804,2026-05-24,DEVELOPMENT,1.0,64,6.4,24,14.0,1,0,1,2,1,0,0,0,0.0,0.0,1,0,0,1,5,6,1
E0001979,TC0001979,P001806,2026-01-22,DEVELOPMENT,0.0,55,3.6,13,7.0,0,0,1,1,0,0,0,0,0.0,0.0,0,0,0,0,1,3,0
E0001980,TC0001980,P001806,2026-06-07,DEVELOPMENT,0.0,55,3.6,11,7.0,1,0,1,2,1,1,1,136,0.007352941176470588,1.0,0,0,0,0,6,6,1
E0001981,TC0001981,P000406,2026-01-03,DEVELOPMENT,0.0,54,25.7,10,21.0,0,0,0,0,0,0,0,0,0.0,2.0,1,1,0,0,1,5,1
E0001982,TC0001982,P001808,2026-07-15,EVALUATION,,44,25.4,11,30.0,0,0,1,1,0,0,0,0,0.0,0.0,0,1,0,0,7,2,0
E0001983,TC0001983,P001809,2026-08-05,EVALUATION,,41,36.5,21,21.0,0,0,0,0,0,0,0,0,0.0,0.0,0,1,0,0,8,2,0
E0001984,TC0001984,P001810,2026-08-07,EVALUATION,,33,35.4,10,21.0,0,0,0,0,0,0,0,0,0.0,0.0,0,1,0,0,8,4,0
E0001985,TC0001985,P001811,2026-02-23,DEVELOPMENT,1.0,59,38.9,15,14.0,1,1,1,3,1,0,0,0,0.0,0.0,0,1,0,0,2,0,0
E0001986,TC0001986,P001580,2026-06-06,DEVELOPMENT,1.0,71,18.7,14,21.0,1,1,1,3,1,1,1,7,0.14285714285714285,4.0,0,1,0,0,6,5,1
E0001987,TC0001987,P001580,2026-07-03,EVALUATION,,71,5.6,16,7.0,0,0,1,1,0,3,1,34,0.08823529411764706,7.0,0,0,0,0,7,4,0
E0001988,TC0001988,P001813,2026-02-01,DEVELOPMENT,0.0,50,6.6,16,14.0,1,0,1,2,1,0,0,0,0.0,0.0,0,0,0,0,2,6,1
E0001989,TC0001989,P001814,2026-05-24,DEVELOPMENT,1.0,42,13.9,14,30.0,1,0,1,2,1,0,0,0,0.0,0.0,1,1,0,0,5,6,1
E0001990,TC0001990,P001815,2026-05-03,DEVELOPMENT,0.0,59,27.8,13,21.0,1,1,0,2,1,0,0,0,0.0,0.0,0,1,0,1,5,6,1
E0001991,TC0001991,P001816,2026-03-19,DEVELOPMENT,1.0,43,17.9,16,21.0,1,0,1,2,1,0,0,0,0.0,0.0,0,1,0,0,3,3,0
E0001992,TC0001992,P000839,2026-05-27,DEVELOPMENT,0.0,70,4.2,18,21.0,1,0,1,2,1,0,0,0,0.0,1.0,0,0,0,0,5,2,0
E0001993,TC0001993,P001817,2026-04-03,DEVELOPMENT,0.0,68,20.2,16,7.0,1,0,1,2,1,0,0,0,0.0,0.0,1,1,0,0,4,4,0
E0001994,TC0001994,P001818,2026-03-28,DEVELOPMENT,1.0,40,4.1,20,21.0,1,1,1,3,1,0,0,0,0.0,0.0,1,0,1,0,3,5,1
E0001995,TC0001995,P001819,2026-01-14,DEVELOPMENT,0.0,26,21.3,19,7.0,0,1,1,2,1,0,0,0,0.0,0.0,0,1,0,0,1,2,0
E0001996,TC0001996,P001819,2026-02-27,DEVELOPMENT,1.0,26,21.3,22,7.0,0,1,1,2,1,1,1,44,0.022727272727272728,2.0,0,1,0,0,2,4,0
E0001997,TC0001997,P001820,2026-01-31,DEVELOPMENT,1.0,88,27.6,12,21.0,1,0,1,2,1,0,0,0,0.0,0.0,0,1,0,0,1,5,1
E0001998,TC0001998,P001821,2026-02-12,DEVELOPMENT,0.0,54,18.7,13,14.0,1,0,1,2,1,0,0,0,0.0,0.0,1,1,0,0,2,3,0
E0001999,TC0001999,P002467,2026-07-06,EVALUATION,,46,22.9,11,14.0,0,0,1,1,0,0,0,0,0.0,0.0,0,1,0,0,7,0,0
E0002000,TC0002000,P001823,2026-05-07,DEVELOPMENT,1.0,48,24.9,20,30.0,1,0,1,2,1,0,0,0,0.0,0.0,0,1,0,0,5,3,0
E0002001,TC0002001,P001823,2026-05-27,DEVELOPMENT,1.0,48,22.9,12,21.0,1,0,0,1,0,1,1,20,0.05,2.0,1,1,0,0,5,2,0
E0002002,TC0002002,P001824,2026-02-28,DEVELOPMENT,0.0,32,20.2,21,30.0,0,0,1,1,0,0,0,0,0.0,0.0,0,1,0,0,2,5,1
E0002003,TC0002003,P001825,2026-08-13,EVALUATION,,53,10.4,21,21.0,1,0,0,1,0,0,0,0,0.0,0.0,0,1,0,0,8,3,0
E0002004,TC0002004,P001826,2026-04-14,DEVELOPMENT,0.0,50,12.6,19,7.0,0,0,1,1,0,0,0,0,0.0,0.0,1,1,0,0,4,1,0
E0002005,TC0002005,P001826,2026-05-29,DEVELOPMENT,0.0,50,12.6,19,21.0,1,0,0,1,0,1,1,45,0.022222222222222223,1.0,1,1,0,0,5,4,0
E0002006,TC0002006,P001826,2026-06-27,DEVELOPMENT,0.0,50,13.9,14,30.0,0,0,1,1,0,2,1,74,0.02702702702702703,2.0,0,1,0,0,6,5,1
E0002007,TC0002007,P001827,2026-05-14,DEVELOPMENT,1.0,45,16.2,22,21.0,1,0,0,1,0,0,0,0,0.0,0.0,1,1,0,0,5,3,0
E0002008,TC0002008,P000763,2026-05-30,DEVELOPMENT,0.0,49,6.7,15,21.0,1,0,0,1,0,3,1,106,0.02830188679245283,3.0,0,0,0,0,5,5,1
E0002009,TC0002009,P001829,2026-07-14,EVALUATION,,50,36.5,16,14.0,1,1,1,3,1,0,0,0,0.0,0.0,0,1,0,0,7,1,0
E0002010,TC0002010,P001830,2026-01-06,DEVELOPMENT,1.0,83,26.3,10,14.0,1,1,1,3,1,0,0,0,0.0,0.0,0,1,0,0,1,1,0
E0002011,TC0002011,P001831,2026-05-04,DEVELOPMENT,1.0,26,13.0,22,30.0,1,1,1,3,1,0,0,0,0.0,0.0,1,1,0,0,5,0,0
E0002012,TC0002012,P001832,2026-06-30,DEVELOPMENT,1.0,73,27.8,24,14.0,1,0,1,2,1,0,0,0,0.0,0.0,0,1,0,0,6,1,0
E0002013,TC0002013,P001832,2026-08-05,EVALUATION,,73,11.9,11,21.0,1,0,0,1,0,1,1,36,0.027777777777777776,2.0,1,1,0,0,8,2,0
E0002014,TC0002014,P001833,2026-05-24,DEVELOPMENT,1.0,76,13.0,12,21.0,1,1,1,3,1,0,0,0,0.0,0.0,0,1,0,0,5,6,1
E0002015,TC0002015,P001834,2026-04-03,DEVELOPMENT,0.0,44,7.3,23,30.0,0,0,1,1,0,0,0,0,0.0,0.0,0,0,0,0,4,4,0
E0002016,TC0002016,P003879,2026-01-17,DEVELOPMENT,0.0,53,25.8,14,7.0,1,0,1,2,1,0,0,0,0.0,0.0,0,1,0,0,1,5,1
E0002017,TC0002017,P001836,2026-07-20,EVALUATION,,48,15.5,24,21.0,1,1,0,2,1,0,0,0,0.0,0.0,1,1,0,0,7,0,0
E0002018,TC0002018,P001837,2026-03-13,DEVELOPMENT,0.0,56,21.1,7,21.0,0,0,0,0,0,0,0,0,0.0,0.0,1,1,1,0,3,4,0
E0002019,TC0002019,P001838,2026-05-15,DEVELOPMENT,0.0,88,7.4,7,21.0,1,0,0,1,0,0,0,0,0.0,0.0,0,0,0,0,5,4,0
E0002020,TC0002020,P001840,2026-02-16,DEVELOPMENT,1.0,42,29.9,12,30.0,1,0,1,2,1,0,0,0,0.0,0.0,0,1,0,0,2,0,0
E0002021,TC0002021,P001840,2026-04-17,DEVELOPMENT,0.0,42,36.1,19,14.0,1,0,1,2,1,1,1,60,0.016666666666666666,2.0,0,1,0,0,4,4,0
E0002022,TC0002022,P001841,2026-06-07,DEVELOPMENT,1.0,48,5.6,11,14.0,0,0,1,1,0,0,0,0,0.0,0.0,1,0,0,0,6,6,1
E0002023,TC0002023,P001841,2026-07-08,EVALUATION,,48,5.6,21,21.0,1,0,0,1,0,1,1,31,0.03225806451612903,1.0,0,0,0,0,7,2,0
E0002024,TC0002024,P001842,2026-05-08,DEVELOPMENT,1.0,71,15.7,21,21.0,0,0,1,1,0,0,0,0,0.0,0.0,1,1,0,0,5,4,0
E0002025,TC0002025,P001843,2026-05-09,DEVELOPMENT,1.0,67,4.2,11,21.0,0,1,0,1,0,0,0,0,0.0,0.0,0,0,0,0,5,5,1
E0002026,TC0002026,P001843,2026-07-05,EVALUATION,,67,12.6,24,7.0,1,0,1,2,1,1,1,57,0.017543859649122806,1.0,1,1,0,0,7,6,1
E0002027,TC0002027,P001844,2026-04-21,DEVELOPMENT,1.0,62,13.2,9,7.0,1,0,1,2,1,0,0,0,0.0,0.0,1,1,0,0,4,1,0
E0002028,TC0002028,P001844,2026-08-10,EVALUATION,,62,13.2,14,21.0,1,0,1,2,1,1,1,111,0.009009009009009009,2.0,0,1,0,0,8,0,0
E0002029,TC0002029,P001845,2026-06-20,DEVELOPMENT,0.0,37,23.7,20,21.0,0,0,1,1,0,0,0,0,0.0,0.0,1,1,0,0,6,5,1
E0002030,TC0002030,P001845,2026-08-02,EVALUATION,,37,7.0,10,30.0,1,0,1,2,1,1,1,43,0.023255813953488372,1.0,0,0,0,0,8,6,1
E0002031,TC0002031,P001701,2026-05-06,DEVELOPMENT,0.0,56,24.9,10,21.0,1,0,0,1,0,1,1,105,0.009523809523809525,5.0,0,1,1,0,5,2,0
E0002032,TC0002032,P001847,2026-01-31,DEVELOPMENT,1.0,40,11.5,8,21.0,1,0,0,1,0,0,0,0,0.0,0.0,0,1,0,1,1,5,1
E0002033,TC0002033,P001848,2026-04-09,DEVELOPMENT,1.0,67,36.5,20,21.0,1,0,1,2,1,1,1,46,0.021739130434782608,0.0,1,1,0,0,4,3,0
E0002034,TC0002034,P001848,2026-05-27,DEVELOPMENT,1.0,67,36.5,22,14.0,1,0,1,2,1,2,1,94,0.02127659574468085,2.0,1,1,0,0,5,2,0
E0002035,TC0002035,P001849,2026-02-03,DEVELOPMENT,0.0,54,15.7,22,21.0,1,0,0,1,0,0,0,0,0.0,0.0,0,1,0,0,2,1,0
E0002036,TC0002036,P001850,2026-03-06,DEVELOPMENT,0.0,55,6.4,18,21.0,0,0,0,0,0,0,0,0,0.0,0.0,0,0,0,0,3,4,0
E0002037,TC0002037,P001851,2026-04-25,DEVELOPMENT,0.0,64,2.2,18,21.0,1,0,0,1,0,0,0,0,0.0,0.0,1,0,1,0,4,5,1
E0002038,TC0002038,P001852,2026-03-31,DEVELOPMENT,0.0,54,20.3,10,14.0,1,0,1,2,1,0,0,0,0.0,0.0,0,1,0,0,3,1,0
E0002039,TC0002039,P001852,2026-06-15,DEVELOPMENT,0.0,54,27.8,7,7.0,1,0,1,2,1,1,1,76,0.013157894736842105,2.0,0,1,0,0,6,0,0
E0002040,TC0002040,P001853,2026-01-12,DEVELOPMENT,1.0,67,35.4,24,7.0,1,0,1,2,1,0,0,0,0.0,0.0,0,1,0,0,1,0,0
E0002041,TC0002041,P001853,2026-08-10,EVALUATION,,67,26.4,17,7.0,1,1,1,3,1,1,1,210,0.004761904761904762,2.0,1,1,0,0,8,0,0
E0002042,TC0002042,P001855,2026-04-24,DEVELOPMENT,0.0,56,26.6,8,21.0,1,0,0,1,0,0,0,0,0.0,0.0,0,1,0,0,4,4,0
E0002043,TC0002043,P001856,2026-02-26,DEVELOPMENT,0.0,60,26.3,12,21.0,1,0,1,2,1,0,0,0,0.0,0.0,0,1,0,0,2,3,0
E0002044,TC0002044,P001856,2026-06-21,DEVELOPMENT,0.0,60,29.4,8,30.0,0,0,1,1,0,1,1,115,0.008695652173913044,2.0,0,1,0,0,6,6,1
E0002045,TC0002045,P001857,2026-07-15,EVALUATION,,74,10.4,24,30.0,1,1,1,3,1,0,0,0,0.0,0.0,1,1,0,0,7,2,0
E0002046,TC0002046,P001858,2026-05-18,DEVELOPMENT,1.0,49,24.9,21,21.0,1,0,0,1,0,0,0,0,0.0,0.0,0,1,1,0,5,0,0
E0002047,TC0002047,P001858,2026-06-22,DEVELOPMENT,1.0,49,29.6,14,21.0,1,1,1,3,1,1,1,35,0.02857142857142857,1.0,1,1,1,0,6,0,0
E0002048,TC0002048,P001859,2026-06-19,DEVELOPMENT,1.0,55,7.6,14,21.0,1,1,1,3,1,0,0,0,0.0,0.0,1,0,0,0,6,4,0
E0002049,TC0002049,P001860,2026-04-25,DEVELOPMENT,0.0,45,20.0,9,21.0,0,0,0,0,0,0,0,0,0.0,0.0,0,1,0,1,4,5,1
E0002050,TC0002050,P001861,2026-06-03,DEVELOPMENT,0.0,35,24.9,24,21.0,0,0,0,0,0,0,0,0,0.0,0.0,0,1,0,0,6,2,0
E0002051,TC0002051,P001862,2026-06-15,DEVELOPMENT,0.0,56,18.4,18,7.0,1,0,1,2,1,0,0,0,0.0,0.0,0,1,0,0,6,0,0
E0002052,TC0002052,P001862,2026-07-10,EVALUATION,,56,12.8,9,21.0,0,0,1,1,0,1,1,25,0.04,2.0,0,1,0,0,7,4,0
E0002053,TC0002053,P001863,2026-08-11,EVALUATION,,60,35.0,20,30.0,1,0,1,2,1,0,0,0,0.0,0.0,0,1,0,0,8,1,0
E0002054,TC0002054,P001864,2026-04-03,DEVELOPMENT,0.0,34,2.6,15,21.0,0,1,0,1,0,0,0,0,0.0,0.0,0,0,0,0,4,4,0
E0002055,TC0002055,P001864,2026-06-25,DEVELOPMENT,0.0,34,5.6,24,21.0,1,1,1,3,1,1,1,83,0.012048192771084338,1.0,0,0,0,0,6,3,0
E0002056,TC0002056,P001865,2026-05-23,DEVELOPMENT,0.0,80,11.3,18,14.0,1,1,1,3,1,0,0,0,0.0,0.0,1,1,0,0,5,5,1
E0002057,TC0002057,P001865,2026-07-16,EVALUATION,,80,11.3,21,7.0,1,1,1,3,1,1,1,54,0.018518518518518517,3.0,1,1,0,0,7,3,0
E0002058,TC0002058,P001867,2026-06-30,DEVELOPMENT,1.0,82,20.0,12,21.0,1,1,1,3,1,0,0,0,0.0,0.0,0,1,0,0,6,1,0
E0002059,TC0002059,P001868,2026-02-11,DEVELOPMENT,1.0,37,22.4,14,30.0,1,1,1,3,1,0,0,0,0.0,0.0,0,1,0,0,2,2,0
E0002060,TC0002060,P001868,2026-05-27,DEVELOPMENT,0.0,37,22.4,16,30.0,0,0,1,1,0,1,1,105,0.009523809523809525,3.0,0,1,0,0,5,2,0
E0002061,TC0002061,P001870,2026-06-16,DEVELOPMENT,0.0,18,17.3,17,7.0,0,1,1,2,1,0,0,0,0.0,0.0,0,1,0,0,6,1,0
E0002062,TC0002062,P001871,2026-06-13,DEVELOPMENT,0.0,33,18.0,16,30.0,1,0,1,2,1,0,0,0,0.0,0.0,1,1,0,0,6,5,1
E0002063,TC0002063,P001872,2026-02-06,DEVELOPMENT,1.0,28,25.7,7,7.0,1,1,1,3,1,0,0,0,0.0,0.0,1,1,0,0,2,4,0
E0002064,TC0002064,P001873,2026-05-06,DEVELOPMENT,0.0,64,21.1,9,21.0,0,0,0,0,0,0,0,0,0.0,0.0,1,1,0,0,5,2,0
E0002065,TC0002065,P001873,2026-06-07,DEVELOPMENT,1.0,64,21.1,13,7.0,1,0,1,2,1,1,1,32,0.03125,0.0,0,1,0,0,6,6,1
E0002066,TC0002066,P001874,2026-08-04,EVALUATION,,41,29.4,18,21.0,1,0,0,1,0,0,0,0,0.0,0.0,1,1,0,0,8,1,0
E0002067,TC0002067,P001876,2026-04-24,DEVELOPMENT,0.0,30,13.0,19,7.0,0,0,1,1,0,0,0,0,0.0,0.0,1,1,0,0,4,4,0
E0002068,TC0002068,P001878,2026-04-12,DEVELOPMENT,0.0,56,22.1,24,30.0,1,1,1,3,1,0,0,0,0.0,0.0,0,1,0,0,4,6,1
E0002069,TC0002069,P000643,2026-05-14,DEVELOPMENT,0.0,18,22.8,23,30.0,1,1,1,3,1,1,1,47,0.02127659574468085,2.0,0,1,0,0,5,3,0
E0002070,TC0002070,P001879,2026-01-13,DEVELOPMENT,0.0,66,6.7,7,21.0,0,1,0,1,0,0,0,0,0.0,0.0,0,0,0,0,1,1,0
E0002071,TC0002071,P001880,2026-08-08,EVALUATION,,26,7.4,12,21.0,1,1,0,2,1,0,0,0,0.0,0.0,0,0,0,0,8,5,1
E0002072,TC0002072,P001881,2026-04-20,DEVELOPMENT,0.0,39,36.5,19,21.0,1,0,0,1,0,0,0,0,0.0,0.0,1,1,0,0,4,0,0
E0002073,TC0002073,P001881,2026-06-13,DEVELOPMENT,0.0,39,6.7,16,21.0,1,0,0,1,0,1,1,54,0.018518518518518517,1.0,1,0,0,0,6,5,1
E0002074,TC0002074,P001881,2026-07-27,EVALUATION,,39,25.8,17,30.0,0,1,1,2,1,2,1,98,0.02040816326530612,2.0,1,1,0,0,7,0,0
E0002075,TC0002075,P001882,2026-03-18,DEVELOPMENT,0.0,60,20.0,24,7.0,1,0,1,2,1,0,0,0,0.0,0.0,1,1,0,0,3,2,0
E0002076,TC0002076,P001883,2026-02-15,DEVELOPMENT,1.0,34,25.3,11,21.0,1,0,0,1,0,0,0,0,0.0,0.0,0,1,0,0,2,6,1
E0002077,TC0002077,P001884,2026-04-29,DEVELOPMENT,1.0,56,23.7,9,14.0,1,1,1,3,1,1,1,77,0.012987012987012988,0.0,0,1,0,0,4,2,0
E0002078,TC0002078,P001885,2026-03-04,DEVELOPMENT,1.0,57,17.3,16,14.0,1,0,1,2,1,0,0,0,0.0,0.0,0,1,1,0,3,2,0
E0002079,TC0002079,P001885,2026-08-05,EVALUATION,,57,25.3,8,21.0,1,1,0,2,1,1,1,154,0.006493506493506494,2.0,0,1,1,0,8,2,0
E0002080,TC0002080,P001887,2026-06-19,DEVELOPMENT,0.0,49,25.3,21,7.0,0,0,1,1,0,0,0,0,0.0,0.0,0,1,0,0,6,4,0
E0002081,TC0002081,P001887,2026-07-14,EVALUATION,,49,25.3,14,21.0,0,0,1,1,0,1,1,25,0.04,1.0,1,1,0,0,7,1,0
E0002082,TC0002082,P001888,2026-02-02,DEVELOPMENT,1.0,47,33.3,16,21.0,1,1,0,2,1,0,0,0,0.0,0.0,0,1,0,0,2,0,0
E0002083,TC0002083,P001889,2026-07-26,EVALUATION,,54,25.7,11,7.0,1,0,1,2,1,0,0,0,0.0,0.0,0,1,0,0,7,6,1
E0002084,TC0002084,P001890,2026-07-14,EVALUATION,,67,2.6,15,21.0,0,0,0,0,0,0,0,0,0.0,0.0,0,0,0,0,7,1,0
E0002085,TC0002085,P001891,2026-07-24,EVALUATION,,48,36.5,13,21.0,1,1,0,2,1,0,0,0,0.0,0.0,1,1,0,0,7,4,0
E0002086,TC0002086,P001894,2026-07-04,EVALUATION,,53,25.4,20,21.0,1,1,0,2,1,0,0,0,0.0,0.0,0,1,0,0,7,5,1
E0002087,TC0002087,P001895,2026-01-23,DEVELOPMENT,0.0,39,22.3,14,21.0,1,0,0,1,0,0,0,0,0.0,0.0,0,1,0,0,1,4,0
E0002088,TC0002088,P001896,2026-06-26,DEVELOPMENT,0.0,56,7.4,16,14.0,1,0,1,2,1,0,0,0,0.0,0.0,0,0,0,0,6,4,0
E0002089,TC0002089,P001897,2026-03-14,DEVELOPMENT,1.0,74,16.9,19,14.0,1,0,1,2,1,0,0,0,0.0,0.0,1,1,0,0,3,5,1
E0002090,TC0002090,P001898,2026-06-19,DEVELOPMENT,1.0,43,7.6,12,21.0,1,0,1,2,1,0,0,0,0.0,0.0,1,0,0,0,6,4,0
E0002091,TC0002091,P001899,2026-07-24,EVALUATION,,48,15.7,13,30.0,1,1,1,3,1,0,0,0,0.0,0.0,0,1,0,1,7,4,0
E0002092,TC0002092,P001900,2026-01-31,DEVELOPMENT,0.0,69,36.3,10,7.0,0,0,1,1,0,0,0,0,0.0,0.0,1,1,1,0,1,5,1
E0002093,TC0002093,P001901,2026-03-17,DEVELOPMENT,1.0,84,18.7,19,7.0,1,0,1,2,1,0,0,0,0.0,0.0,0,1,0,0,3,1,0
E0002094,TC0002094,P001902,2026-05-31,DEVELOPMENT,0.0,18,9.7,14,21.0,1,0,1,2,1,0,0,0,0.0,0.0,0,0,0,1,5,6,1
E0002095,TC0002095,P001904,2026-05-09,DEVELOPMENT,1.0,59,28.3,21,21.0,1,0,0,1,0,0,0,0,0.0,0.0,0,1,0,0,5,5,1
E0002096,TC0002096,P001904,2026-06-24,DEVELOPMENT,1.0,59,17.3,17,7.0,1,1,1,3,1,1,1,46,0.021739130434782608,1.0,1,1,0,0,6,2,0
E0002097,TC0002097,P001904,2026-08-09,EVALUATION,,59,17.3,16,21.0,1,0,0,1,0,2,1,92,0.021739130434782608,4.0,0,1,0,0,8,6,1
E0002098,TC0002098,P001905,2026-04-19,DEVELOPMENT,1.0,44,29.9,21,21.0,1,1,0,2,1,0,0,0,0.0,0.0,0,1,0,0,4,6,1
E0002099,TC0002099,P001906,2026-06-17,DEVELOPMENT,0.0,62,23.7,21,30.0,0,0,1,1,0,0,0,0,0.0,0.0,1,1,1,0,6,2,0
E0002100,TC0002100,P001906,2026-07-21,EVALUATION,,62,7.0,9,21.0,1,1,1,3,1,1,1,34,0.029411764705882353,1.0,0,0,1,0,7,1,0
E0002101,TC0002101,P001907,2026-07-19,EVALUATION,,39,16.8,14,14.0,1,0,1,2,1,0,0,0,0.0,0.0,1,1,0,0,7,6,1
E0002102,TC0002102,P001908,2026-05-18,DEVELOPMENT,1.0,53,10.4,23,7.0,1,1,1,3,1,0,0,0,0.0,0.0,0,1,0,0,5,0,0
E0002103,TC0002103,P001909,2026-05-30,DEVELOPMENT,0.0,40,16.2,15,30.0,1,0,1,2,1,0,0,0,0.0,0.0,0,1,1,0,5,5,1
E0002104,TC0002104,P001910,2026-06-24,DEVELOPMENT,1.0,53,19.9,22,30.0,1,0,1,2,1,0,0,0,0.0,0.0,1,1,0,0,6,2,0
E0002105,TC0002105,P001910,2026-08-12,EVALUATION,,53,5.1,17,7.0,1,0,1,2,1,1,1,49,0.02040816326530612,2.0,0,0,0,0,8,2,0
E0002106,TC0002106,P001911,2026-04-25,DEVELOPMENT,0.0,41,26.6,20,30.0,1,0,1,2,1,0,0,0,0.0,0.0,1,1,0,0,4,5,1
E0002107,TC0002107,P001911,2026-06-15,DEVELOPMENT,1.0,41,27.6,19,14.0,1,1,1,3,1,1,1,51,0.0196078431372549,2.0,0,1,0,0,6,0,0
E0002108,TC0002108,P001912,2026-02-22,DEVELOPMENT,0.0,41,20.3,15,21.0,1,0,0,1,0,0,0,0,0.0,0.0,1,1,0,0,2,6,1
E0002109,TC0002109,P001912,2026-08-15,EVALUATION,,41,20.3,18,30.0,1,0,1,2,1,1,1,174,0.005747126436781609,1.0,1,1,0,0,8,5,1
E0002110,TC0002110,P001913,2026-02-18,DEVELOPMENT,0.0,30,2.2,17,7.0,0,0,1,1,0,0,0,0,0.0,0.0,0,0,0,0,2,2,0
E0002111,TC0002111,P001913,2026-08-07,EVALUATION,,30,29.9,17,21.0,1,0,1,2,1,1,1,170,0.0058823529411764705,1.0,1,1,0,0,8,4,0
E0002112,TC0002112,P001914,2026-07-15,EVALUATION,,45,22.3,11,7.0,1,1,1,3,1,0,0,0,0.0,0.0,0,1,0,0,7,2,0
E0002113,TC0002113,P001915,2026-07-29,EVALUATION,,41,17.6,18,21.0,1,0,0,1,0,0,0,0,0.0,0.0,0,1,0,0,7,2,0
E0002114,TC0002114,P001082,2026-01-08,DEVELOPMENT,0.0,43,12.8,10,30.0,1,0,1,2,1,0,0,0,0.0,4.0,0,1,0,0,1,3,0
E0002115,TC0002115,P001917,2026-03-24,DEVELOPMENT,1.0,65,22.9,17,14.0,1,0,1,2,1,0,0,0,0.0,0.0,0,1,1,0,3,1,0
E0002116,TC0002116,P001918,2026-01-03,DEVELOPMENT,0.0,33,6.6,10,30.0,1,0,1,2,1,0,0,0,0.0,0.0,1,0,0,0,1,5,1
E0002117,TC0002117,P001919,2026-01-07,DEVELOPMENT,0.0,31,21.1,15,21.0,1,1,0,2,1,0,0,0,0.0,0.0,0,1,0,0,1,2,0
E0002118,TC0002118,P001141,2026-04-01,DEVELOPMENT,0.0,40,4.1,20,7.0,1,1,1,3,1,0,0,0,0.0,0.0,0,0,0,0,4,2,0
E0002119,TC0002119,P001141,2026-05-08,DEVELOPMENT,1.0,40,35.0,17,30.0,1,1,1,3,1,1,1,37,0.02702702702702703,3.0,1,1,0,0,5,4,0
E0002120,TC0002120,P001920,2026-03-03,DEVELOPMENT,1.0,30,4.1,9,21.0,0,1,1,2,1,0,0,0,0.0,0.0,0,0,0,1,3,1,0
E0002121,TC0002121,P001921,2026-01-03,DEVELOPMENT,1.0,47,36.3,24,30.0,0,0,1,1,0,0,0,0,0.0,0.0,1,1,0,0,1,5,1
E0002122,TC0002122,P001922,2026-06-03,DEVELOPMENT,0.0,37,8.7,19,30.0,1,0,1,2,1,0,0,0,0.0,0.0,1,0,0,0,6,2,0
E0002123,TC0002123,P001922,2026-06-28,DEVELOPMENT,0.0,37,8.7,17,21.0,0,1,0,1,0,1,1,25,0.04,2.0,1,0,0,0,6,6,1
E0002124,TC0002124,P001923,2026-03-09,DEVELOPMENT,1.0,57,25.4,7,14.0,1,0,1,2,1,0,0,0,0.0,0.0,0,1,0,0,3,0,0
E0002125,TC0002125,P001923,2026-05-09,DEVELOPMENT,0.0,57,36.3,13,21.0,1,0,0,1,0,1,1,61,0.01639344262295082,2.0,1,1,0,0,5,5,1
E0002126,TC0002126,P001924,2026-02-16,DEVELOPMENT,1.0,65,5.6,20,21.0,1,1,0,2,1,0,0,0,0.0,0.0,1,0,0,0,2,0,0
E0002127,TC0002127,P001925,2026-03-23,DEVELOPMENT,1.0,69,22.9,16,21.0,1,0,1,2,1,0,0,0,0.0,0.0,0,1,0,0,3,0,0
E0002128,TC0002128,P001926,2026-08-11,EVALUATION,,69,11.9,9,21.0,1,1,1,3,1,0,0,0,0.0,0.0,1,1,0,0,8,1,0
E0002129,TC0002129,P001927,2026-03-10,DEVELOPMENT,0.0,67,26.6,13,14.0,1,1,1,3,1,0,0,0,0.0,0.0,0,1,0,0,3,1,0
E0002130,TC0002130,P001927,2026-07-16,EVALUATION,,67,33.3,18,14.0,1,1,1,3,1,1,1,128,0.0078125,3.0,1,1,0,0,7,3,0
E0002131,TC0002131,P001928,2026-06-05,DEVELOPMENT,1.0,43,28.3,15,30.0,1,0,1,2,1,0,0,0,0.0,0.0,0,1,0,0,6,4,0
E0002132,TC0002132,P001929,2026-06-05,DEVELOPMENT,1.0,40,25.4,13,30.0,1,0,1,2,1,0,0,0,0.0,0.0,0,1,0,0,6,4,0
E0002133,TC0002133,P001931,2026-06-07,DEVELOPMENT,0.0,41,15.5,17,30.0,1,0,1,2,1,0,0,0,0.0,0.0,1,1,0,0,6,6,1
E0002134,TC0002134,P001932,2026-03-07,DEVELOPMENT,0.0,34,19.5,15,14.0,1,1,1,3,1,0,0,0,0.0,0.0,0,1,1,0,3,5,1
E0002135,TC0002135,P001932,2026-04-07,DEVELOPMENT,0.0,34,7.6,8,14.0,1,1,1,3,1,1,1,31,0.03225806451612903,3.0,1,0,1,0,4,1,0
E0002136,TC0002136,P001933,2026-07-05,EVALUATION,,60,19.6,12,14.0,1,0,1,2,1,0,0,0,0.0,0.0,0,1,0,0,7,6,1
E0002137,TC0002137,P001934,2026-05-26,DEVELOPMENT,0.0,24,25.7,14,21.0,1,0,0,1,0,0,0,0,0.0,0.0,0,1,0,1,5,1,0
E0002138,TC0002138,P001934,2026-07-06,EVALUATION,,24,22.2,11,21.0,1,0,1,2,1,1,1,41,0.024390243902439025,1.0,1,1,0,1,7,0,0
E0002139,TC0002139,P001934,2026-08-14,EVALUATION,,24,7.3,14,21.0,1,0,0,1,0,3,1,80,0.0375,3.0,1,0,0,1,8,4,0
E0002140,TC0002140,P001935,2026-07-01,EVALUATION,,45,23.1,14,21.0,1,1,0,2,1,0,0,0,0.0,0.0,0,1,1,0,7,2,0
E0002141,TC0002141,P001937,2026-07-08,EVALUATION,,50,29.9,17,30.0,1,0,1,2,1,0,0,0,0.0,0.0,0,1,0,0,7,2,0
E0002142,TC0002142,P001938,2026-04-19,DEVELOPMENT,1.0,64,35.0,12,21.0,0,1,1,2,1,0,0,0,0.0,0.0,0,1,0,0,4,6,1
E0002143,TC0002143,P001938,2026-05-08,DEVELOPMENT,0.0,64,4.1,18,21.0,1,1,0,2,1,1,1,19,0.05263157894736842,2.0,0,0,0,0,5,4,0
E0002144,TC0002144,P001939,2026-07-28,EVALUATION,,34,19.6,21,21.0,1,0,0,1,0,0,0,0,0.0,0.0,0,1,0,0,7,1,0
E0002145,TC0002145,P001940,2026-04-08,DEVELOPMENT,0.0,55,21.1,9,21.0,1,0,0,1,0,0,0,0,0.0,0.0,1,1,0,0,4,2,0
E0002146,TC0002146,P001941,2026-04-26,DEVELOPMENT,1.0,42,12.6,17,30.0,1,1,1,3,1,0,0,0,0.0,0.0,0,1,0,1,4,6,1
E0002147,TC0002147,P001941,2026-06-11,DEVELOPMENT,0.0,42,8.7,24,7.0,1,0,1,2,1,1,1,46,0.021739130434782608,3.0,1,0,0,1,6,3,0
E0002148,TC0002148,P001942,2026-06-28,DEVELOPMENT,0.0,33,23.1,22,14.0,1,0,1,2,1,0,0,0,0.0,0.0,0,1,0,0,6,6,1
E0002149,TC0002149,P001942,2026-07-31,EVALUATION,,33,36.3,8,30.0,1,0,1,2,1,1,1,33,0.030303030303030304,2.0,0,1,0,0,7,4,0
E0002150,TC0002150,P001943,2026-03-05,DEVELOPMENT,1.0,30,7.3,23,21.0,1,1,1,3,1,0,0,0,0.0,0.0,0,0,0,0,3,3,0
E0002151,TC0002151,P001943,2026-04-08,DEVELOPMENT,1.0,30,6.5,21,14.0,0,0,1,1,0,1,1,34,0.029411764705882353,3.0,0,0,0,0,4,2,0
E0002152,TC0002152,P001943,2026-05-18,DEVELOPMENT,1.0,30,6.5,14,21.0,0,1,1,2,1,2,1,74,0.02702702702702703,4.0,0,0,0,0,5,0,0
E0002153,TC0002153,P001944,2026-01-05,DEVELOPMENT,0.0,42,1.4,17,14.0,0,0,1,1,0,0,0,0,0.0,0.0,1,0,0,0,1,0,0
E0002154,TC0002154,P001945,2026-05-05,DEVELOPMENT,0.0,59,5.6,22,30.0,1,0,1,2,1,0,0,0,0.0,0.0,0,0,1,0,5,1,0
E0002155,TC0002155,P001947,2026-08-04,EVALUATION,,46,5.6,20,21.0,1,1,0,2,1,0,0,0,0.0,0.0,1,0,0,1,8,1,0
E0002156,TC0002156,P001948,2026-03-05,DEVELOPMENT,1.0,58,15.7,22,21.0,1,1,1,3,1,0,0,0,0.0,0.0,0,1,1,0,3,3,0
E0002157,TC0002157,P001951,2026-06-24,DEVELOPMENT,1.0,76,21.1,14,30.0,1,0,1,2,1,0,0,0,0.0,0.0,0,1,0,0,6,2,0
E0002158,TC0002158,P001951,2026-08-10,EVALUATION,,76,4.1,9,21.0,1,1,0,2,1,1,1,47,0.02127659574468085,2.0,0,0,0,0,8,0,0
E0002159,TC0002159,P001952,2026-04-20,DEVELOPMENT,0.0,37,13.0,13,30.0,1,0,1,2,1,0,0,0,0.0,0.0,0,1,0,0,4,0,0
E0002160,TC0002160,P001952,2026-07-18,EVALUATION,,37,13.0,21,21.0,1,0,1,2,1,1,1,89,0.011235955056179775,2.0,0,1,0,0,7,5,1
E0002161,TC0002161,P000343,2026-01-11,DEVELOPMENT,0.0,29,15.7,13,7.0,1,0,1,2,1,0,0,0,0.0,1.0,1,1,0,0,1,6,1
E0002162,TC0002162,P001654,2026-03-03,DEVELOPMENT,0.0,61,20.0,7,14.0,1,0,1,2,1,0,0,0,0.0,6.0,0,1,0,1,3,1,0
E0002163,TC0002163,P004366,2026-03-05,DEVELOPMENT,1.0,70,16.8,14,14.0,1,0,1,2,1,0,0,0,0.0,0.0,1,1,0,0,3,3,0
E0002164,TC0002164,P001959,2026-04-04,DEVELOPMENT,0.0,22,25.7,8,21.0,1,0,1,2,1,0,0,0,0.0,0.0,1,1,0,0,4,5,1
E0002165,TC0002165,P000912,2026-05-26,DEVELOPMENT,0.0,57,25.7,23,14.0,1,0,1,2,1,1,1,37,0.02702702702702703,2.0,1,1,0,0,5,1,0
E0002166,TC0002166,P001960,2026-04-07,DEVELOPMENT,0.0,71,16.8,14,21.0,0,0,0,0,0,0,0,0,0.0,0.0,0,1,0,1,4,1,0
E0002167,TC0002167,P001961,2026-02-02,DEVELOPMENT,0.0,67,12.8,17,14.0,1,1,1,3,1,0,0,0,0.0,0.0,1,1,0,0,2,0,0
E0002168,TC0002168,P001962,2026-07-06,EVALUATION,,36,13.9,11,21.0,0,0,0,0,0,0,0,0,0.0,0.0,1,1,0,0,7,0,0
E0002169,TC0002169,P001963,2026-04-06,DEVELOPMENT,0.0,66,18.7,7,14.0,0,1,1,2,1,0,0,0,0.0,0.0,1,1,0,0,4,0,0
E0002170,TC0002170,P001965,2026-01-03,DEVELOPMENT,1.0,45,27.6,20,30.0,1,0,1,2,1,0,0,0,0.0,0.0,0,1,0,0,1,5,1
E0002171,TC0002171,P001965,2026-02-25,DEVELOPMENT,1.0,45,33.3,12,21.0,1,0,0,1,0,1,1,53,0.018867924528301886,2.0,1,1,0,0,2,2,0
E0002172,TC0002172,P001966,2026-01-18,DEVELOPMENT,1.0,26,27.6,17,14.0,0,1,1,2,1,0,0,0,0.0,0.0,1,1,0,0,1,6,1
E0002173,TC0002173,P001967,2026-06-02,DEVELOPMENT,0.0,46,6.7,21,30.0,1,1,1,3,1,0,0,0,0.0,0.0,1,0,0,0,6,1,0
E0002174,TC0002174,P001967,2026-08-01,EVALUATION,,46,36.5,11,7.0,1,0,1,2,1,1,1,60,0.016666666666666666,3.0,0,1,0,0,8,5,1
E0002175,TC0002175,P001968,2026-03-31,DEVELOPMENT,1.0,62,19.7,18,21.0,1,1,1,3,1,0,0,0,0.0,0.0,0,1,0,1,3,1,0
E0002176,TC0002176,P001969,2026-08-07,EVALUATION,,42,33.3,17,21.0,0,0,1,1,0,3,1,196,0.015306122448979591,0.0,0,1,0,0,8,4,0
E0002177,TC0002177,P001970,2026-08-05,EVALUATION,,46,7.6,21,7.0,1,0,1,2,1,0,0,0,0.0,0.0,0,0,0,0,8,2,0
E0002178,TC0002178,P001971,2026-04-24,DEVELOPMENT,0.0,79,11.4,24,7.0,0,0,1,1,0,0,0,0,0.0,0.0,1,1,0,0,4,4,0
E0002179,TC0002179,P001972,2026-07-08,EVALUATION,,53,2.2,17,14.0,0,0,1,1,0,0,0,0,0.0,0.0,1,0,0,0,7,2,0
E0002180,TC0002180,P001973,2026-08-11,EVALUATION,,74,22.1,10,7.0,1,1,1,3,1,0,0,0,0.0,0.0,0,1,0,0,8,1,0
E0002181,TC0002181,P001974,2026-03-05,DEVELOPMENT,0.0,55,8.3,17,7.0,0,0,1,1,0,0,0,0,0.0,0.0,1,0,0,0,3,3,0
E0002182,TC0002182,P001974,2026-03-06,DEVELOPMENT,0.0,55,25.4,16,21.0,0,0,0,0,0,1,1,1,1.0,1.0,1,1,0,0,3,4,0
E0002183,TC0002183,P001974,2026-03-16,DEVELOPMENT,1.0,55,21.0,8,21.0,1,1,1,3,1,2,1,11,0.18181818181818182,1.0,1,1,0,0,3,0,0
E0002184,TC0002184,P001975,2026-03-23,DEVELOPMENT,1.0,63,12.8,12,21.0,1,0,0,1,0,0,0,0,0.0,0.0,0,1,0,0,3,0,0
E0002185,TC0002185,P001976,2026-04-05,DEVELOPMENT,0.0,47,11.3,11,7.0,1,0,1,2,1,0,0,0,0.0,0.0,1,1,0,0,4,6,1
E0002186,TC0002186,P001977,2026-02-03,DEVELOPMENT,0.0,38,19.6,10,21.0,1,1,0,2,1,0,0,0,0.0,0.0,1,1,0,0,2,1,0
E0002187,TC0002187,P001978,2026-08-08,EVALUATION,,62,7.4,22,21.0,1,0,0,1,0,0,0,0,0.0,0.0,1,0,0,0,8,5,1
E0002188,TC0002188,P001979,2026-04-02,DEVELOPMENT,1.0,50,7.6,12,7.0,1,0,1,2,1,0,0,0,0.0,0.0,0,0,0,0,4,3,0
E0002189,TC0002189,P000833,2026-07-05,EVALUATION,,88,18.4,12,14.0,1,1,1,3,1,0,0,0,0.0,2.0,1,1,1,0,7,6,1
E0002190,TC0002190,P000833,2026-07-26,EVALUATION,,88,18.7,7,21.0,1,0,0,1,0,1,1,21,0.047619047619047616,5.0,1,1,1,0,7,6,1
E0002191,TC0002191,P001981,2026-06-30,DEVELOPMENT,0.0,54,19.2,20,21.0,1,0,0,1,0,0,0,0,0.0,0.0,0,1,0,0,6,1,0
E0002192,TC0002192,P001981,2026-07-21,EVALUATION,,54,19.2,10,21.0,1,1,1,3,1,1,1,21,0.047619047619047616,1.0,0,1,0,0,7,1,0
E0002193,TC0002193,P001982,2026-06-12,DEVELOPMENT,0.0,70,7.4,20,21.0,1,0,1,2,1,0,0,0,0.0,0.0,0,0,0,0,6,4,0
E0002194,TC0002194,P001983,2026-02-15,DEVELOPMENT,1.0,49,22.1,8,21.0,1,0,0,1,0,0,0,0,0.0,0.0,1,1,0,0,2,6,1
E0002195,TC0002195,P001983,2026-03-08,DEVELOPMENT,0.0,49,22.8,11,21.0,1,0,0,1,0,1,1,21,0.047619047619047616,1.0,0,1,0,0,3,6,1
E0002196,TC0002196,P001983,2026-05-13,DEVELOPMENT,1.0,49,29.2,19,7.0,0,0,1,1,0,2,1,87,0.022988505747126436,2.0,0,1,0,0,5,2,0
E0002197,TC0002197,P001984,2026-01-27,DEVELOPMENT,1.0,61,36.1,22,14.0,1,1,1,3,1,0,0,0,0.0,0.0,0,1,0,0,1,1,0
E0002198,TC0002198,P001985,2026-07-27,EVALUATION,,59,18.7,23,14.0,1,0,1,2,1,1,1,126,0.007936507936507936,0.0,1,1,0,1,7,0,0
E0002199,TC0002199,P001986,2026-03-03,DEVELOPMENT,1.0,54,29.6,23,7.0,1,0,1,2,1,0,0,0,0.0,0.0,1,1,0,0,3,1,0
E0002200,TC0002200,P001987,2026-08-06,EVALUATION,,44,18.0,17,7.0,1,0,1,2,1,0,0,0,0.0,0.0,0,1,0,1,8,3,0
E0002201,TC0002201,P001989,2026-08-09,EVALUATION,,58,26.2,12,21.0,1,0,0,1,0,0,0,0,0.0,0.0,1,1,1,0,8,6,1
E0002202,TC0002202,P001990,2026-05-21,DEVELOPMENT,0.0,53,38.9,20,14.0,1,0,1,2,1,0,0,0,0.0,0.0,0,1,0,0,5,3,0
E0002203,TC0002203,P001209,2026-06-30,DEVELOPMENT,0.0,61,10.4,15,30.0,1,0,1,2,1,1,1,96,0.010416666666666666,2.0,0,1,0,1,6,1,0
E0002204,TC0002204,P001993,2026-04-17,DEVELOPMENT,0.0,61,7.3,12,21.0,0,1,0,1,0,0,0,0,0.0,0.0,0,0,0,0,4,4,0
E0002205,TC0002205,P001994,2026-01-18,DEVELOPMENT,1.0,55,26.6,10,21.0,1,1,0,2,1,0,0,0,0.0,0.0,0,1,1,0,1,6,1
E0002206,TC0002206,P001994,2026-05-22,DEVELOPMENT,0.0,55,7.3,24,30.0,1,1,1,3,1,1,1,124,0.008064516129032258,2.0,0,0,1,0,5,4,0
E0002207,TC0002207,P001995,2026-05-21,DEVELOPMENT,0.0,46,29.4,23,21.0,1,0,0,1,0,0,0,0,0.0,0.0,1,1,0,0,5,3,0
E0002208,TC0002208,P001996,2026-06-06,DEVELOPMENT,0.0,49,27.6,11,21.0,1,0,0,1,0,0,0,0,0.0,0.0,0,1,0,1,6,5,1
E0002209,TC0002209,P001997,2026-07-21,EVALUATION,,62,16.9,13,21.0,1,0,0,1,0,0,0,0,0.0,0.0,0,1,0,0,7,1,0
E0002210,TC0002210,P001998,2026-06-21,DEVELOPMENT,0.0,34,33.3,16,21.0,1,0,0,1,0,0,0,0,0.0,0.0,0,1,1,0,6,6,1
E0002211,TC0002211,P001999,2026-06-08,DEVELOPMENT,1.0,58,18.7,9,14.0,1,1,1,3,1,0,0,0,0.0,0.0,0,1,1,0,6,0,0
E0002212,TC0002212,P001999,2026-07-01,EVALUATION,,58,12.8,9,21.0,1,0,0,1,0,1,1,23,0.043478260869565216,3.0,0,1,1,0,7,2,0
E0002213,TC0002213,P001524,2026-03-21,DEVELOPMENT,1.0,39,29.4,9,21.0,1,0,0,1,0,0,0,0,0.0,0.0,0,1,0,0,3,5,1
E0002214,TC0002214,P002002,2026-02-21,DEVELOPMENT,0.0,30,21.0,7,30.0,1,1,1,3,1,0,0,0,0.0,0.0,0,1,0,0,2,5,1
E0002215,TC0002215,P002003,2026-01-04,DEVELOPMENT,0.0,25,33.3,17,30.0,0,1,1,2,1,0,0,0,0.0,0.0,0,1,0,0,1,6,1
E0002216,TC0002216,P002005,2026-08-11,EVALUATION,,52,17.6,16,21.0,1,0,0,1,0,0,0,0,0.0,0.0,1,1,0,0,8,1,0
E0002217,TC0002217,P002006,2026-03-02,DEVELOPMENT,1.0,69,21.0,7,7.0,1,1,1,3,1,0,0,0,0.0,0.0,0,1,0,0,3,0,0
E0002218,TC0002218,P002007,2026-02-07,DEVELOPMENT,1.0,71,35.0,14,21.0,1,0,0,1,0,0,0,0,0.0,0.0,0,1,0,0,2,5,1
E0002219,TC0002219,P002008,2026-03-11,DEVELOPMENT,1.0,40,22.3,16,30.0,1,1,1,3,1,0,0,0,0.0,0.0,0,1,0,1,3,2,0
E0002220,TC0002220,P002009,2026-01-09,DEVELOPMENT,1.0,37,21.3,24,30.0,1,1,1,3,1,0,0,0,0.0,0.0,0,1,0,0,1,4,0
E0002221,TC0002221,P002009,2026-07-25,EVALUATION,,37,20.6,13,7.0,1,0,1,2,1,1,1,197,0.005076142131979695,3.0,1,1,0,0,7,5,1
E0002222,TC0002222,P002010,2026-08-02,EVALUATION,,42,7.3,22,21.0,0,0,0,0,0,1,1,161,0.006211180124223602,0.0,1,0,1,0,8,6,1
E0002223,TC0002223,P002011,2026-05-16,DEVELOPMENT,1.0,35,17.3,9,30.0,1,0,1,2,1,0,0,0,0.0,0.0,0,1,1,0,5,5,1
E0002224,TC0002224,P002011,2026-06-06,DEVELOPMENT,0.0,35,17.3,13,21.0,1,0,0,1,0,1,1,21,0.047619047619047616,2.0,0,1,1,0,6,5,1
E0002225,TC0002225,P002013,2026-06-08,DEVELOPMENT,1.0,59,22.2,15,21.0,0,1,0,1,0,0,0,0,0.0,0.0,0,1,0,1,6,0,0
E0002226,TC0002226,P002015,2026-04-17,DEVELOPMENT,1.0,25,26.4,12,30.0,1,1,1,3,1,0,0,0,0.0,0.0,0,1,0,0,4,4,0
E0002227,TC0002227,P002016,2026-01-12,DEVELOPMENT,0.0,68,10.4,19,7.0,1,0,1,2,1,0,0,0,0.0,0.0,0,1,0,0,1,0,0
E0002228,TC0002228,P002016,2026-06-03,DEVELOPMENT,1.0,68,10.4,12,14.0,1,1,1,3,1,1,1,142,0.007042253521126761,2.0,0,1,0,0,6,2,0
E0002229,TC0002229,P002017,2026-03-04,DEVELOPMENT,0.0,46,12.8,23,21.0,0,0,0,0,0,0,0,0,0.0,0.0,1,1,1,0,3,2,0
E0002230,TC0002230,P002017,2026-04-17,DEVELOPMENT,1.0,46,18.7,13,21.0,1,0,1,2,1,1,1,44,0.022727272727272728,0.0,0,1,1,0,4,4,0
E0002231,TC0002231,P002018,2026-08-13,EVALUATION,,58,21.7,23,21.0,1,0,0,1,0,0,0,0,0.0,0.0,0,1,0,0,8,3,0
E0002232,TC0002232,P002020,2026-01-02,DEVELOPMENT,1.0,36,26.6,18,7.0,1,1,1,3,1,0,0,0,0.0,0.0,1,1,0,0,1,4,0
E0002233,TC0002233,P002020,2026-04-05,DEVELOPMENT,0.0,36,7.3,10,21.0,1,0,0,1,0,1,1,93,0.010752688172043012,3.0,1,0,0,0,4,6,1
E0002234,TC0002234,P002021,2026-05-12,DEVELOPMENT,1.0,45,35.4,8,14.0,0,1,1,2,1,0,0,0,0.0,0.0,0,1,0,1,5,1,0
E0002235,TC0002235,P002021,2026-07-08,EVALUATION,,45,26.2,11,21.0,1,0,0,1,0,1,1,57,0.017543859649122806,2.0,1,1,0,1,7,2,0
E0002236,TC0002236,P002022,2026-03-12,DEVELOPMENT,1.0,42,1.4,18,7.0,1,0,1,2,1,0,0,0,0.0,0.0,0,0,0,0,3,3,0
E0002237,TC0002237,P002023,2026-04-18,DEVELOPMENT,1.0,40,15.5,8,7.0,0,0,1,1,0,0,0,0,0.0,0.0,0,1,0,0,4,5,1
E0002238,TC0002238,P002023,2026-05-31,DEVELOPMENT,0.0,40,33.3,24,21.0,0,0,0,0,0,1,1,43,0.023255813953488372,1.0,0,1,0,0,5,6,1
E0002239,TC0002239,P002024,2026-08-02,EVALUATION,,68,36.3,16,30.0,1,0,1,2,1,0,0,0,0.0,0.0,0,1,0,0,8,6,1
E0002240,TC0002240,P002025,2026-02-20,DEVELOPMENT,1.0,40,13.9,16,21.0,0,1,1,2,1,0,0,0,0.0,0.0,0,1,1,0,2,4,0
E0002241,TC0002241,P002026,2026-07-09,EVALUATION,,18,25.7,14,21.0,1,0,0,1,0,0,0,0,0.0,0.0,0,1,0,0,7,3,0
E0002242,TC0002242,P002027,2026-05-04,DEVELOPMENT,1.0,59,33.3,21,21.0,1,1,1,3,1,0,0,0,0.0,0.0,1,1,0,0,5,0,0
E0002243,TC0002243,P002028,2026-08-15,EVALUATION,,28,21.0,20,21.0,1,0,1,2,1,0,0,0,0.0,0.0,0,1,0,0,8,5,1
E0002244,TC0002244,P002029,2026-05-25,DEVELOPMENT,1.0,23,20.3,7,14.0,1,1,1,3,1,1,1,109,0.009174311926605505,0.0,1,1,1,0,5,0,0
E0002245,TC0002245,P002031,2026-07-28,EVALUATION,,40,18.7,13,21.0,1,0,0,1,0,0,0,0,0.0,0.0,0,1,0,0,7,1,0
E0002246,TC0002246,P002032,2026-06-05,DEVELOPMENT,0.0,46,8.7,24,21.0,0,0,0,0,0,0,0,0,0.0,0.0,0,0,0,0,6,4,0
E0002247,TC0002247,P002033,2026-01-01,DEVELOPMENT,0.0,49,33.3,19,14.0,1,1,1,3,1,0,0,0,0.0,0.0,0,1,0,1,1,3,0
E0002248,TC0002248,P002034,2026-04-27,DEVELOPMENT,1.0,37,16.2,21,14.0,1,0,1,2,1,0,0,0,0.0,0.0,1,1,1,0,4,0,0
E0002249,TC0002249,P002035,2026-01-21,DEVELOPMENT,0.0,18,17.2,7,14.0,1,1,1,3,1,0,0,0,0.0,0.0,0,1,0,0,1,2,0
E0002250,TC0002250,P002035,2026-07-19,EVALUATION,,18,17.2,23,30.0,1,1,1,3,1,1,1,179,0.00558659217877095,3.0,1,1,0,0,7,6,1
E0002251,TC0002251,P002036,2026-01-19,DEVELOPMENT,1.0,44,6.5,12,21.0,1,0,0,1,0,0,0,0,0.0,0.0,0,0,0,0,1,0,0
E0002252,TC0002252,P002037,2026-02-02,DEVELOPMENT,0.0,59,27.8,14,14.0,1,0,1,2,1,0,0,0,0.0,0.0,0,1,1,0,2,0,0
E0002253,TC0002253,P002037,2026-02-06,DEVELOPMENT,0.0,59,27.8,10,21.0,0,0,0,0,0,1,1,4,0.25,2.0,0,1,1,0,2,4,0
E0002254,TC0002254,P002038,2026-02-20,DEVELOPMENT,1.0,41,11.4,15,7.0,1,0,1,2,1,0,0,0,0.0,0.0,1,1,0,0,2,4,0
E0002255,TC0002255,P002039,2026-07-31,EVALUATION,,55,25.7,21,30.0,1,1,1,3,1,0,0,0,0.0,0.0,1,1,0,0,7,4,0
E0002256,TC0002256,P002040,2026-05-22,DEVELOPMENT,1.0,71,26.2,20,21.0,1,1,0,2,1,0,0,0,0.0,0.0,0,1,0,1,5,4,0
E0002257,TC0002257,P002041,2026-02-20,DEVELOPMENT,1.0,62,29.9,12,14.0,1,1,1,3,1,0,0,0,0.0,0.0,0,1,0,0,2,4,0
E0002258,TC0002258,P002042,2026-03-15,DEVELOPMENT,1.0,58,21.3,7,21.0,1,0,0,1,0,0,0,0,0.0,0.0,0,1,0,0,3,6,1
E0002259,TC0002259,P002042,2026-04-02,DEVELOPMENT,1.0,58,20.6,7,21.0,0,1,1,2,1,1,1,18,0.05555555555555555,1.0,0,1,0,0,4,3,0
E0002260,TC0002260,P002043,2026-08-08,EVALUATION,,36,35.5,10,21.0,1,0,1,2,1,0,0,0,0.0,0.0,0,1,0,0,8,5,1
E0002261,TC0002261,P002044,2026-06-09,DEVELOPMENT,1.0,30,9.4,24,21.0,1,0,1,2,1,0,0,0,0.0,0.0,0,0,0,0,6,1,0
E0002262,TC0002262,P002046,2026-05-22,DEVELOPMENT,1.0,60,36.5,18,30.0,1,0,1,2,1,0,0,0,0.0,0.0,0,1,0,0,5,4,0
E0002263,TC0002263,P002047,2026-05-23,DEVELOPMENT,0.0,33,29.2,16,21.0,1,0,0,1,0,0,0,0,0.0,0.0,0,1,0,0,5,5,1
E0002264,TC0002264,P002047,2026-07-11,EVALUATION,,33,29.2,24,14.0,1,0,1,2,1,1,1,49,0.02040816326530612,1.0,1,1,0,0,7,5,1
E0002265,TC0002265,P000453,2026-01-25,DEVELOPMENT,1.0,45,22.8,9,14.0,1,0,1,2,1,0,0,0,0.0,2.0,1,1,0,0,1,6,1
E0002266,TC0002266,P002050,2026-02-13,DEVELOPMENT,0.0,38,20.2,11,7.0,1,0,1,2,1,0,0,0,0.0,0.0,1,1,0,0,2,4,0
E0002267,TC0002267,P002050,2026-03-12,DEVELOPMENT,1.0,38,26.4,13,7.0,1,0,1,2,1,1,1,27,0.037037037037037035,2.0,0,1,0,0,3,3,0
E0002268,TC0002268,P002051,2026-03-12,DEVELOPMENT,1.0,30,25.3,10,7.0,1,0,1,2,1,0,0,0,0.0,0.0,0,1,0,0,3,3,0
E0002269,TC0002269,P002053,2026-05-13,DEVELOPMENT,1.0,61,35.4,16,14.0,1,0,1,2,1,0,0,0,0.0,0.0,0,1,0,1,5,2,0
E0002270,TC0002270,P002055,2026-03-27,DEVELOPMENT,1.0,53,17.2,13,7.0,1,0,1,2,1,0,0,0,0.0,0.0,0,1,0,0,3,4,0
E0002271,TC0002271,P002055,2026-04-22,DEVELOPMENT,0.0,53,12.8,22,7.0,1,1,1,3,1,1,1,26,0.038461538461538464,2.0,0,1,0,0,4,2,0
E0002272,TC0002272,P002055,2026-08-14,EVALUATION,,53,17.2,19,21.0,1,0,0,1,0,2,1,140,0.014285714285714285,5.0,0,1,0,0,8,4,0
E0002273,TC0002273,P002056,2026-06-13,DEVELOPMENT,0.0,61,29.4,22,21.0,1,0,0,1,0,0,0,0,0.0,0.0,0,1,0,0,6,5,1
E0002274,TC0002274,P002057,2026-04-01,DEVELOPMENT,1.0,65,19.7,7,14.0,1,0,1,2,1,0,0,0,0.0,0.0,0,1,0,0,4,2,0
E0002275,TC0002275,P002058,2026-02-03,DEVELOPMENT,1.0,40,7.3,22,21.0,1,1,0,2,1,0,0,0,0.0,0.0,0,0,0,0,2,1,0
E0002276,TC0002276,P002059,2026-07-13,EVALUATION,,59,29.4,15,30.0,1,0,1,2,1,0,0,0,0.0,0.0,0,1,0,0,7,0,0
E0002277,TC0002277,P002060,2026-02-06,DEVELOPMENT,1.0,45,29.2,10,21.0,1,0,0,1,0,0,0,0,0.0,0.0,0,1,0,0,2,4,0
E0002278,TC0002278,P002061,2026-03-30,DEVELOPMENT,1.0,30,33.3,10,21.0,1,1,1,3,1,0,0,0,0.0,0.0,1,1,0,0,3,0,0
E0002279,TC0002279,P002061,2026-07-06,EVALUATION,,30,26.6,20,21.0,1,0,0,1,0,1,1,98,0.01020408163265306,3.0,0,1,0,0,7,0,0
E0002280,TC0002280,P002062,2026-04-17,DEVELOPMENT,1.0,18,19.6,23,21.0,1,0,1,2,1,0,0,0,0.0,0.0,0,1,0,0,4,4,0
E0002281,TC0002281,P002062,2026-06-04,DEVELOPMENT,0.0,18,20.0,20,21.0,1,1,0,2,1,1,1,48,0.020833333333333332,2.0,0,1,0,0,6,3,0
E0002282,TC0002282,P002064,2026-08-04,EVALUATION,,44,1.4,13,14.0,1,1,1,3,1,0,0,0,0.0,0.0,0,0,0,0,8,1,0
E0002283,TC0002283,P002065,2026-01-06,DEVELOPMENT,1.0,19,25.4,20,21.0,1,0,1,2,1,0,0,0,0.0,0.0,0,1,0,0,1,1,0
E0002284,TC0002284,P002066,2026-07-30,EVALUATION,,42,11.3,8,21.0,0,0,0,0,0,0,0,0,0.0,0.0,1,1,0,0,7,3,0
E0002285,TC0002285,P002068,2026-04-06,DEVELOPMENT,0.0,35,20.3,13,21.0,1,0,0,1,0,0,0,0,0.0,0.0,0,1,0,0,4,0,0
E0002286,TC0002286,P002069,2026-06-15,DEVELOPMENT,1.0,33,29.4,18,21.0,0,1,1,2,1,0,0,0,0.0,0.0,0,1,0,0,6,0,0
E0002287,TC0002287,P002070,2026-06-10,DEVELOPMENT,0.0,50,25.7,14,30.0,0,1,1,2,1,0,0,0,0.0,0.0,0,1,0,0,6,2,0
E0002288,TC0002288,P002071,2026-04-02,DEVELOPMENT,0.0,44,19.2,7,7.0,1,0,1,2,1,0,0,0,0.0,0.0,0,1,0,1,4,3,0
E0002289,TC0002289,P002071,2026-06-15,DEVELOPMENT,0.0,44,19.7,9,21.0,1,0,0,1,0,1,1,74,0.013513513513513514,2.0,0,1,0,1,6,0,0
E0002290,TC0002290,P002072,2026-05-30,DEVELOPMENT,0.0,23,36.1,22,7.0,1,0,1,2,1,0,0,0,0.0,0.0,1,1,1,0,5,5,1
E0002291,TC0002291,P002073,2026-02-12,DEVELOPMENT,1.0,53,26.3,15,30.0,1,0,1,2,1,0,0,0,0.0,0.0,0,1,0,1,2,3,0
E0002292,TC0002292,P002074,2026-02-27,DEVELOPMENT,0.0,42,10.4,14,14.0,1,1,1,3,1,0,0,0,0.0,0.0,0,1,0,0,2,4,0
E0002293,TC0002293,P002075,2026-06-19,DEVELOPMENT,0.0,80,22.8,8,14.0,1,0,1,2,1,0,0,0,0.0,0.0,0,1,0,0,6,4,0
E0002294,TC0002294,P002076,2026-06-26,DEVELOPMENT,0.0,61,23.1,11,7.0,1,0,1,2,1,0,0,0,0.0,0.0,0,1,1,0,6,4,0
E0002295,TC0002295,P002077,2026-07-03,EVALUATION,,28,25.7,18,21.0,1,1,1,3,1,0,0,0,0.0,0.0,0,1,0,0,7,4,0
E0002296,TC0002296,P002079,2026-03-19,DEVELOPMENT,0.0,81,21.1,16,21.0,1,0,1,2,1,0,0,0,0.0,0.0,0,1,0,0,3,3,0
E0002297,TC0002297,P002080,2026-03-21,DEVELOPMENT,0.0,37,11.9,17,21.0,1,0,0,1,0,0,0,0,0.0,0.0,0,1,0,0,3,5,1
E0002298,TC0002298,P002081,2026-04-08,DEVELOPMENT,1.0,42,22.4,13,14.0,1,1,1,3,1,0,0,0,0.0,0.0,0,1,0,0,4,2,0
E0002299,TC0002299,P002082,2026-03-18,DEVELOPMENT,0.0,54,23.7,11,21.0,1,1,0,2,1,0,0,0,0.0,0.0,0,1,0,0,3,2,0
E0002300,TC0002300,P002083,2026-03-03,DEVELOPMENT,0.0,33,17.9,19,30.0,0,0,1,1,0,0,0,0,0.0,0.0,1,1,0,0,3,1,0
E0002301,TC0002301,P002083,2026-05-23,DEVELOPMENT,0.0,33,17.9,24,21.0,0,0,0,0,0,1,1,81,0.012345679012345678,1.0,0,1,0,0,5,5,1
E0002302,TC0002302,P001769,2026-01-26,DEVELOPMENT,0.0,57,18.7,23,21.0,0,1,0,1,0,0,0,0,0.0,5.0,0,1,0,0,1,0,0
E0002303,TC0002303,P002085,2026-04-24,DEVELOPMENT,0.0,57,26.4,17,14.0,1,1,1,3,1,0,0,0,0.0,0.0,0,1,0,0,4,4,0
E0002304,TC0002304,P002086,2026-07-14,EVALUATION,,50,19.2,9,14.0,0,1,1,2,1,1,1,105,0.009523809523809525,0.0,1,1,0,0,7,1,0
E0002305,TC0002305,P002086,2026-08-04,EVALUATION,,50,19.2,17,7.0,1,0,1,2,1,2,1,126,0.015873015873015872,2.0,0,1,0,0,8,1,0
E0002306,TC0002306,P002088,2026-02-11,DEVELOPMENT,0.0,39,2.2,23,21.0,1,1,0,2,1,0,0,0,0.0,0.0,1,0,0,0,2,2,0
E0002307,TC0002307,P003428,2026-02-05,DEVELOPMENT,1.0,50,7.3,10,14.0,1,0,1,2,1,0,0,0,0.0,0.0,1,0,0,0,2,3,0
E0002308,TC0002308,P002090,2026-01-17,DEVELOPMENT,1.0,57,7.6,8,21.0,1,0,0,1,0,0,0,0,0.0,0.0,0,0,0,0,1,5,1
E0002309,TC0002309,P002091,2026-05-19,DEVELOPMENT,1.0,50,25.7,20,7.0,1,1,1,3,1,0,0,0,0.0,0.0,1,1,0,0,5,1,0
E0002310,TC0002310,P002093,2026-03-25,DEVELOPMENT,0.0,27,27.9,17,21.0,1,0,0,1,0,0,0,0,0.0,0.0,1,1,0,0,3,2,0
E0002311,TC0002311,P002094,2026-07-23,EVALUATION,,30,19.2,13,21.0,0,1,1,2,1,0,0,0,0.0,0.0,1,1,0,0,7,3,0
E0002312,TC0002312,P002095,2026-02-15,DEVELOPMENT,1.0,65,29.6,21,7.0,1,0,1,2,1,0,0,0,0.0,0.0,0,1,0,0,2,6,1
E0002313,TC0002313,P002096,2026-07-21,EVALUATION,,21,18.7,17,14.0,1,0,1,2,1,0,0,0,0.0,0.0,1,1,0,0,7,1,0
E0002314,TC0002314,P002097,2026-06-08,DEVELOPMENT,0.0,28,14.1,10,30.0,1,1,1,3,1,0,0,0,0.0,0.0,0,1,0,0,6,0,0
E0002315,TC0002315,P002098,2026-02-03,DEVELOPMENT,0.0,18,38.9,9,7.0,1,0,1,2,1,0,0,0,0.0,0.0,0,1,1,0,2,1,0
E0002316,TC0002316,P002099,2026-02-03,DEVELOPMENT,0.0,51,36.5,18,21.0,0,0,0,0,0,0,0,0,0.0,0.0,0,1,0,0,2,1,0
E0002317,TC0002317,P002099,2026-04-28,DEVELOPMENT,1.0,51,35.5,21,30.0,1,0,1,2,1,1,1,84,0.011904761904761904,0.0,0,1,0,0,4,1,0
E0002318,TC0002318,P002100,2026-02-17,DEVELOPMENT,0.0,19,27.8,19,21.0,0,0,0,0,0,0,0,0,0.0,0.0,0,1,0,0,2,1,0
E0002319,TC0002319,P002101,2026-07-05,EVALUATION,,37,22.8,21,30.0,0,0,1,1,0,0,0,0,0.0,0.0,0,1,0,0,7,6,1
E0002320,TC0002320,P002102,2026-02-17,DEVELOPMENT,0.0,33,2.2,14,21.0,1,0,0,1,0,0,0,0,0.0,0.0,1,0,0,0,2,1,0
E0002321,TC0002321,P002103,2026-07-15,EVALUATION,,29,12.6,18,21.0,1,1,0,2,1,0,0,0,0.0,0.0,0,1,0,0,7,2,0
E0002322,TC0002322,P002103,2026-08-10,EVALUATION,,29,4.2,10,7.0,0,0,1,1,0,1,1,26,0.038461538461538464,2.0,0,0,0,0,8,0,0
E0002323,TC0002323,P002105,2026-03-09,DEVELOPMENT,0.0,57,26.6,8,21.0,1,0,0,1,0,0,0,0,0.0,0.0,0,1,0,0,3,0,0
E0002324,TC0002324,P002105,2026-04-20,DEVELOPMENT,1.0,57,7.3,16,14.0,1,0,1,2,1,1,1,42,0.023809523809523808,1.0,0,0,0,0,4,0,0
E0002325,TC0002325,P002105,2026-05-29,DEVELOPMENT,1.0,57,26.6,16,30.0,1,0,1,2,1,2,1,81,0.024691358024691357,3.0,1,1,0,0,5,4,0
E0002326,TC0002326,P002106,2026-01-19,DEVELOPMENT,1.0,56,6.5,8,7.0,1,1,1,3,1,0,0,0,0.0,0.0,0,0,0,0,1,0,0
E0002327,TC0002327,P002106,2026-06-24,DEVELOPMENT,0.0,56,7.3,19,21.0,1,0,0,1,0,1,1,156,0.00641025641025641,3.0,0,0,0,0,6,2,0
E0002328,TC0002328,P002108,2026-07-21,EVALUATION,,39,27.9,12,21.0,0,0,0,0,0,1,1,69,0.014492753623188406,0.0,0,1,0,0,7,1,0
E0002329,TC0002329,P002109,2026-04-29,DEVELOPMENT,1.0,79,36.5,9,14.0,0,1,1,2,1,0,0,0,0.0,0.0,0,1,0,0,4,2,0
E0002330,TC0002330,P002109,2026-05-28,DEVELOPMENT,1.0,79,36.5,11,30.0,1,0,1,2,1,1,1,29,0.034482758620689655,2.0,1,1,0,0,5,3,0
E0002331,TC0002331,P002110,2026-05-12,DEVELOPMENT,1.0,60,16.2,16,21.0,1,0,0,1,0,0,0,0,0.0,0.0,1,1,0,0,5,1,0
E0002332,TC0002332,P002111,2026-02-06,DEVELOPMENT,0.0,43,15.7,9,21.0,1,0,0,1,0,0,0,0,0.0,0.0,0,1,0,0,2,4,0
E0002333,TC0002333,P002113,2026-05-24,DEVELOPMENT,0.0,35,27.8,22,21.0,0,0,0,0,0,0,0,0,0.0,0.0,0,1,0,0,5,6,1
E0002334,TC0002334,P002114,2026-08-03,EVALUATION,,50,16.8,12,30.0,1,1,1,3,1,0,0,0,0.0,0.0,0,1,0,0,8,0,0
E0002335,TC0002335,P002115,2026-05-11,DEVELOPMENT,1.0,52,17.2,16,30.0,1,1,1,3,1,0,0,0,0.0,0.0,1,1,0,0,5,0,0
E0002336,TC0002336,P002116,2026-04-06,DEVELOPMENT,1.0,59,29.6,9,21.0,1,1,0,2,1,0,0,0,0.0,0.0,1,1,1,0,4,0,0
E0002337,TC0002337,P002117,2026-08-12,EVALUATION,,22,18.4,7,30.0,0,0,1,1,0,0,0,0,0.0,0.0,0,1,0,0,8,2,0
E0002338,TC0002338,P002118,2026-01-22,DEVELOPMENT,0.0,53,6.5,9,21.0,1,1,0,2,1,0,0,0,0.0,0.0,0,0,0,0,1,3,0
E0002339,TC0002339,P002119,2026-08-03,EVALUATION,,71,25.4,10,21.0,0,0,0,0,0,0,0,0,0.0,0.0,0,1,0,0,8,0,0
E0002340,TC0002340,P002120,2026-05-07,DEVELOPMENT,0.0,61,26.3,10,21.0,1,0,1,2,1,0,0,0,0.0,0.0,1,1,0,1,5,3,0
E0002341,TC0002341,P002121,2026-06-08,DEVELOPMENT,0.0,71,8.3,10,21.0,1,1,0,2,1,0,0,0,0.0,0.0,0,0,0,0,6,0,0
E0002342,TC0002342,P002122,2026-01-02,DEVELOPMENT,0.0,47,35.5,12,21.0,1,0,0,1,0,0,0,0,0.0,0.0,0,1,0,0,1,4,0
E0002343,TC0002343,P002123,2026-03-17,DEVELOPMENT,1.0,45,26.4,24,21.0,1,1,1,3,1,0,0,0,0.0,0.0,1,1,0,0,3,1,0
E0002344,TC0002344,P002124,2026-08-05,EVALUATION,,46,15.5,13,14.0,1,1,1,3,1,0,0,0,0.0,0.0,0,1,1,0,8,2,0
E0002345,TC0002345,P002125,2026-06-14,DEVELOPMENT,1.0,59,19.5,17,30.0,1,0,1,2,1,1,1,79,0.012658227848101266,0.0,0,1,0,0,6,6,1
E0002346,TC0002346,P002126,2026-06-28,DEVELOPMENT,1.0,69,13.2,19,21.0,1,0,0,1,0,0,0,0,0.0,0.0,0,1,0,0,6,6,1
E0002347,TC0002347,P002127,2026-04-14,DEVELOPMENT,1.0,42,11.5,18,21.0,1,1,0,2,1,0,0,0,0.0,0.0,1,1,0,0,4,1,0
E0002348,TC0002348,P002128,2026-01-19,DEVELOPMENT,1.0,56,21.3,10,30.0,0,1,1,2,1,0,0,0,0.0,0.0,1,1,0,0,1,0,0
E0002349,TC0002349,P002128,2026-05-29,DEVELOPMENT,0.0,56,29.7,23,7.0,0,1,1,2,1,1,1,130,0.007692307692307693,2.0,0,1,0,0,5,4,0
E0002350,TC0002350,P002129,2026-01-14,DEVELOPMENT,1.0,34,12.8,20,21.0,1,1,1,3,1,0,0,0,0.0,0.0,1,1,0,0,1,2,0
E0002351,TC0002351,P002130,2026-04-29,DEVELOPMENT,0.0,31,21.0,16,7.0,1,0,1,2,1,0,0,0,0.0,0.0,0,1,0,0,4,2,0
E0002352,TC0002352,P002131,2026-06-09,DEVELOPMENT,0.0,51,22.4,23,30.0,1,0,1,2,1,0,0,0,0.0,0.0,1,1,0,0,6,1,0
E0002353,TC0002353,P002131,2026-07-25,EVALUATION,,51,19.7,15,30.0,1,0,1,2,1,1,1,46,0.021739130434782608,2.0,0,1,0,0,7,5,1
E0002354,TC0002354,P002132,2026-02-11,DEVELOPMENT,0.0,58,19.6,15,14.0,1,0,1,2,1,0,0,0,0.0,0.0,0,1,1,0,2,2,0
E0002355,TC0002355,P002133,2026-02-19,DEVELOPMENT,1.0,39,35.5,23,21.0,1,1,0,2,1,0,0,0,0.0,0.0,0,1,0,0,2,3,0
E0002356,TC0002356,P002134,2026-06-02,DEVELOPMENT,1.0,63,13.2,20,14.0,0,1,1,2,1,0,0,0,0.0,0.0,0,1,0,1,6,1,0
E0002357,TC0002357,P002134,2026-06-04,DEVELOPMENT,0.0,63,13.2,11,7.0,1,1,1,3,1,1,1,2,0.5,2.0,0,1,0,1,6,3,0
E0002358,TC0002358,P002135,2026-01-24,DEVELOPMENT,0.0,51,11.5,12,21.0,1,1,0,2,1,0,0,0,0.0,0.0,1,1,0,0,1,5,1
E0002359,TC0002359,P002135,2026-04-22,DEVELOPMENT,0.0,51,11.5,21,21.0,0,0,0,0,0,1,1,88,0.011363636363636364,2.0,0,1,0,0,4,2,0
E0002360,TC0002360,P002136,2026-05-07,DEVELOPMENT,1.0,28,26.6,10,30.0,1,0,1,2,1,0,0,0,0.0,0.0,0,1,0,0,5,3,0
E0002361,TC0002361,P002138,2026-02-23,DEVELOPMENT,1.0,56,12.6,23,14.0,1,0,1,2,1,0,0,0,0.0,0.0,0,1,0,0,2,0,0
E0002362,TC0002362,P002141,2026-07-07,EVALUATION,,37,33.3,14,21.0,1,0,0,1,0,0,0,0,0.0,0.0,0,1,0,0,7,1,0
E0002363,TC0002363,P002142,2026-04-16,DEVELOPMENT,0.0,35,14.1,22,21.0,1,0,0,1,0,0,0,0,0.0,0.0,1,1,0,0,4,3,0
E0002364,TC0002364,P002143,2026-06-02,DEVELOPMENT,0.0,62,29.6,10,14.0,0,0,1,1,0,0,0,0,0.0,0.0,0,1,0,0,6,1,0
E0002365,TC0002365,P002144,2026-05-21,DEVELOPMENT,1.0,64,19.6,16,21.0,1,0,1,2,1,0,0,0,0.0,0.0,1,1,0,0,5,3,0
E0002366,TC0002366,P002144,2026-07-20,EVALUATION,,64,25.7,18,30.0,1,0,1,2,1,1,1,60,0.016666666666666666,2.0,0,1,0,0,7,0,0
E0002367,TC0002367,P002146,2026-05-15,DEVELOPMENT,0.0,18,25.4,13,7.0,0,1,1,2,1,0,0,0,0.0,0.0,0,1,0,0,5,4,0
E0002368,TC0002368,P002149,2026-02-21,DEVELOPMENT,0.0,30,6.5,11,7.0,0,0,1,1,0,0,0,0,0.0,0.0,0,0,0,0,2,5,1
E0002369,TC0002369,P002150,2026-02-14,DEVELOPMENT,0.0,20,22.3,7,7.0,1,0,1,2,1,0,0,0,0.0,0.0,1,1,0,0,2,5,1
E0002370,TC0002370,P002150,2026-08-02,EVALUATION,,20,19.2,15,14.0,1,1,1,3,1,1,1,169,0.005917159763313609,2.0,1,1,0,0,8,6,1
E0002371,TC0002371,P002151,2026-05-11,DEVELOPMENT,0.0,47,10.4,20,21.0,0,0,0,0,0,0,0,0,0.0,0.0,0,1,0,0,5,0,0
E0002372,TC0002372,P002152,2026-06-26,DEVELOPMENT,1.0,56,25.8,15,21.0,1,1,0,2,1,0,0,0,0.0,0.0,0,1,0,0,6,4,0
E0002373,TC0002373,P002153,2026-07-07,EVALUATION,,33,22.8,17,21.0,0,1,1,2,1,0,0,0,0.0,0.0,0,1,0,0,7,1,0
E0002374,TC0002374,P002153,2026-07-28,EVALUATION,,33,29.2,11,14.0,1,0,1,2,1,1,1,21,0.047619047619047616,2.0,0,1,0,0,7,1,0
E0002375,TC0002375,P002154,2026-05-28,DEVELOPMENT,0.0,48,6.4,13,21.0,0,0,0,0,0,0,0,0,0.0,0.0,0,0,0,0,5,3,0
E0002376,TC0002376,P002156,2026-04-01,DEVELOPMENT,1.0,76,29.6,18,7.0,1,1,1,3,1,0,0,0,0.0,0.0,1,1,1,0,4,2,0
E0002377,TC0002377,P002156,2026-05-12,DEVELOPMENT,0.0,76,24.9,18,7.0,1,0,1,2,1,1,1,41,0.024390243902439025,3.0,0,1,1,0,5,1,0
E0002378,TC0002378,P002157,2026-06-04,DEVELOPMENT,0.0,78,19.5,20,21.0,0,0,0,0,0,0,0,0,0.0,0.0,0,1,0,0,6,3,0
E0002379,TC0002379,P002157,2026-07-28,EVALUATION,,78,19.5,24,30.0,0,1,1,2,1,1,1,54,0.018518518518518517,0.0,0,1,0,0,7,1,0
E0002380,TC0002380,P002158,2026-07-31,EVALUATION,,57,27.8,9,21.0,1,0,1,2,1,0,0,0,0.0,0.0,0,1,0,0,7,4,0
E0002381,TC0002381,P002159,2026-08-06,EVALUATION,,19,27.6,11,14.0,0,0,1,1,0,0,0,0,0.0,0.0,0,1,0,0,8,3,0
E0002382,TC0002382,P002160,2026-01-01,DEVELOPMENT,0.0,36,26.2,7,21.0,0,0,0,0,0,0,0,0,0.0,0.0,1,1,0,0,1,3,0
E0002383,TC0002383,P002161,2026-02-10,DEVELOPMENT,1.0,70,7.6,19,21.0,0,0,1,1,0,0,0,0,0.0,0.0,0,0,1,0,2,1,0
E0002384,TC0002384,P002163,2026-02-22,DEVELOPMENT,1.0,69,18.7,24,21.0,1,1,0,2,1,0,0,0,0.0,0.0,1,1,0,1,2,6,1
E0002385,TC0002385,P002164,2026-01-15,DEVELOPMENT,0.0,34,15.5,12,14.0,1,0,1,2,1,0,0,0,0.0,0.0,0,1,0,0,1,3,0
E0002386,TC0002386,P002165,2026-04-17,DEVELOPMENT,0.0,42,23.1,23,21.0,1,0,0,1,0,0,0,0,0.0,0.0,0,1,0,0,4,4,0
E0002387,TC0002387,P002166,2026-04-07,DEVELOPMENT,1.0,52,17.3,7,21.0,1,1,1,3,1,0,0,0,0.0,0.0,0,1,0,0,4,1,0
E0002388,TC0002388,P002168,2026-05-12,DEVELOPMENT,0.0,50,5.1,22,21.0,1,0,1,2,1,0,0,0,0.0,0.0,0,0,0,0,5,1,0
E0002389,TC0002389,P002168,2026-06-27,DEVELOPMENT,0.0,50,11.4,13,7.0,0,0,1,1,0,1,1,46,0.021739130434782608,2.0,1,1,0,0,6,5,1
E0002390,TC0002390,P002169,2026-03-05,DEVELOPMENT,1.0,44,25.7,8,21.0,1,1,1,3,1,0,0,0,0.0,0.0,0,1,0,0,3,3,0
E0002391,TC0002391,P002169,2026-07-26,EVALUATION,,44,19.6,15,21.0,1,1,0,2,1,1,1,143,0.006993006993006993,3.0,0,1,0,0,7,6,1
E0002392,TC0002392,P002170,2026-06-01,DEVELOPMENT,0.0,67,7.6,18,7.0,0,1,1,2,1,0,0,0,0.0,0.0,1,0,0,0,6,0,0
E0002393,TC0002393,P002171,2026-02-08,DEVELOPMENT,1.0,49,36.5,24,21.0,1,0,0,1,0,0,0,0,0.0,0.0,0,1,1,0,2,6,1
E0002394,TC0002394,P002172,2026-05-09,DEVELOPMENT,0.0,61,15.5,14,21.0,1,0,0,1,0,0,0,0,0.0,0.0,0,1,0,1,5,5,1
E0002395,TC0002395,P002173,2026-02-18,DEVELOPMENT,1.0,42,19.7,8,30.0,1,0,1,2,1,0,0,0,0.0,0.0,1,1,0,0,2,2,0
E0002396,TC0002396,P002174,2026-02-23,DEVELOPMENT,1.0,57,17.9,8,21.0,1,0,1,2,1,0,0,0,0.0,0.0,1,1,0,0,2,0,0
E0002397,TC0002397,P002175,2026-05-28,DEVELOPMENT,0.0,34,10.4,13,7.0,0,0,1,1,0,1,1,25,0.04,0.0,0,1,0,0,5,3,0
E0002398,TC0002398,P002175,2026-06-17,DEVELOPMENT,0.0,34,10.8,22,7.0,1,0,1,2,1,2,1,45,0.044444444444444446,1.0,0,1,0,0,6,2,0
E0002399,TC0002399,P002176,2026-01-11,DEVELOPMENT,0.0,48,22.1,9,30.0,1,0,1,2,1,0,0,0,0.0,0.0,1,1,0,0,1,6,1
E0002400,TC0002400,P002178,2026-07-14,EVALUATION,,33,14.1,8,30.0,0,0,1,1,0,0,0,0,0.0,0.0,0,1,0,0,7,1,0
E0002401,TC0002401,P002179,2026-01-18,DEVELOPMENT,0.0,70,36.1,22,21.0,0,0,0,0,0,0,0,0,0.0,0.0,0,1,0,0,1,6,1
E0002402,TC0002402,P002180,2026-07-07,EVALUATION,,35,2.6,11,21.0,1,0,0,1,0,0,0,0,0.0,0.0,0,0,0,0,7,1,0
E0002403,TC0002403,P002180,2026-08-02,EVALUATION,,35,5.6,18,21.0,1,0,0,1,0,1,1,26,0.038461538461538464,1.0,1,0,0,0,8,6,1
E0002404,TC0002404,P000126,2026-03-08,DEVELOPMENT,0.0,66,25.7,8,14.0,1,0,1,2,1,0,0,0,0.0,2.0,0,1,0,0,3,6,1
E0002405,TC0002405,P002183,2026-07-30,EVALUATION,,51,1.4,12,21.0,1,0,0,1,0,0,0,0,0.0,0.0,1,0,0,0,7,3,0
E0002406,TC0002406,P002184,2026-05-02,DEVELOPMENT,0.0,51,33.3,9,21.0,0,0,0,0,0,0,0,0,0.0,0.0,0,1,0,0,5,5,1
E0002407,TC0002407,P002185,2026-02-25,DEVELOPMENT,0.0,42,25.7,12,21.0,1,1,0,2,1,0,0,0,0.0,0.0,0,1,0,0,2,2,0
E0002408,TC0002408,P001882,2026-05-27,DEVELOPMENT,0.0,60,19.6,21,30.0,1,0,1,2,1,1,1,70,0.014285714285714285,2.0,0,1,0,0,5,2,0
E0002409,TC0002409,P002187,2026-01-06,DEVELOPMENT,0.0,72,5.6,16,21.0,1,0,0,1,0,0,0,0,0.0,0.0,0,0,0,0,1,1,0
E0002410,TC0002410,P002187,2026-03-27,DEVELOPMENT,1.0,72,2.6,13,21.0,1,0,0,1,0,1,1,80,0.0125,1.0,0,0,0,0,3,4,0
E0002411,TC0002411,P002188,2026-03-29,DEVELOPMENT,1.0,74,22.3,18,21.0,0,0,1,1,0,0,0,0,0.0,0.0,0,1,0,0,3,6,1
E0002412,TC0002412,P002188,2026-05-02,DEVELOPMENT,0.0,74,19.2,12,21.0,0,0,0,0,0,1,1,34,0.029411764705882353,1.0,0,1,0,0,5,5,1
E0002413,TC0002413,P002189,2026-03-20,DEVELOPMENT,0.0,64,6.6,21,21.0,1,0,0,1,0,0,0,0,0.0,0.0,0,0,0,0,3,4,0
E0002414,TC0002414,P002190,2026-02-13,DEVELOPMENT,1.0,55,33.3,16,21.0,1,0,0,1,0,0,0,0,0.0,0.0,1,1,0,0,2,4,0
E0002415,TC0002415,P002191,2026-07-05,EVALUATION,,46,23.7,20,7.0,0,0,1,1,0,0,0,0,0.0,0.0,0,1,1,0,7,6,1
E0002416,TC0002416,P002191,2026-08-07,EVALUATION,,46,23.7,21,21.0,1,0,0,1,0,1,1,33,0.030303030303030304,1.0,1,1,1,0,8,4,0
E0002417,TC0002417,P002192,2026-02-06,DEVELOPMENT,0.0,22,5.1,24,21.0,0,0,0,0,0,0,0,0,0.0,0.0,0,0,0,0,2,4,0
E0002418,TC0002418,P002193,2026-01-14,DEVELOPMENT,0.0,40,16.9,15,7.0,0,0,1,1,0,0,0,0,0.0,0.0,0,1,0,0,1,2,0
E0002419,TC0002419,P002194,2026-08-10,EVALUATION,,37,19.9,21,21.0,1,1,0,2,1,0,0,0,0.0,0.0,1,1,0,0,8,0,0
E0002420,TC0002420,P002195,2026-05-25,DEVELOPMENT,0.0,28,15.5,24,21.0,1,1,1,3,1,0,0,0,0.0,0.0,0,1,0,0,5,0,0
E0002421,TC0002421,P001808,2026-08-15,EVALUATION,,44,26.3,9,30.0,1,0,1,2,1,1,1,31,0.03225806451612903,1.0,0,1,0,0,8,5,1
E0002422,TC0002422,P002197,2026-01-31,DEVELOPMENT,0.0,48,15.7,15,30.0,1,0,1,2,1,0,0,0,0.0,0.0,0,1,0,0,1,5,1
E0002423,TC0002423,P002198,2026-03-26,DEVELOPMENT,0.0,18,3.6,14,7.0,1,1,1,3,1,1,1,22,0.045454545454545456,0.0,1,0,0,1,3,3,0
E0002424,TC0002424,P002199,2026-01-07,DEVELOPMENT,1.0,54,12.8,7,21.0,1,1,0,2,1,0,0,0,0.0,0.0,0,1,0,0,1,2,0
E0002425,TC0002425,P002199,2026-07-03,EVALUATION,,54,18.7,15,21.0,1,0,1,2,1,1,1,177,0.005649717514124294,2.0,0,1,0,0,7,4,0
E0002426,TC0002426,P002200,2026-01-16,DEVELOPMENT,1.0,33,17.3,18,7.0,0,1,1,2,1,0,0,0,0.0,0.0,0,1,0,0,1,4,0
E0002427,TC0002427,P002200,2026-04-04,DEVELOPMENT,1.0,33,17.3,22,7.0,1,1,1,3,1,1,1,78,0.01282051282051282,2.0,0,1,0,0,4,5,1
E0002428,TC0002428,P002201,2026-05-08,DEVELOPMENT,1.0,54,29.7,20,21.0,1,0,0,1,0,0,0,0,0.0,0.0,1,1,0,0,5,4,0
E0002429,TC0002429,P002202,2026-07-29,EVALUATION,,66,6.7,14,21.0,0,1,0,1,0,0,0,0,0.0,0.0,0,0,0,0,7,2,0
E0002430,TC0002430,P002203,2026-05-13,DEVELOPMENT,1.0,54,25.7,21,7.0,1,0,1,2,1,0,0,0,0.0,0.0,0,1,0,0,5,2,0
E0002431,TC0002431,P002205,2026-06-09,DEVELOPMENT,0.0,49,10.8,24,21.0,1,0,0,1,0,0,0,0,0.0,0.0,0,1,0,0,6,1,0
E0002432,TC0002432,P002205,2026-07-18,EVALUATION,,49,10.8,22,21.0,1,0,1,2,1,1,1,39,0.02564102564102564,1.0,0,1,0,0,7,5,1
E0002433,TC0002433,P002206,2026-03-21,DEVELOPMENT,1.0,52,36.5,18,7.0,1,1,1,3,1,0,0,0,0.0,0.0,0,1,0,0,3,5,1
E0002434,TC0002434,P002207,2026-05-03,DEVELOPMENT,0.0,34,3.6,9,21.0,0,0,0,0,0,0,0,0,0.0,0.0,0,0,0,0,5,6,1
E0002435,TC0002435,P002208,2026-01-09,DEVELOPMENT,1.0,42,27.8,16,14.0,1,0,1,2,1,0,0,0,0.0,0.0,0,1,1,0,1,4,0
E0002436,TC0002436,P002209,2026-05-07,DEVELOPMENT,1.0,61,4.1,23,21.0,1,1,0,2,1,0,0,0,0.0,0.0,0,0,0,0,5,3,0
E0002437,TC0002437,P002210,2026-01-08,DEVELOPMENT,0.0,40,29.4,21,30.0,0,1,1,2,1,0,0,0,0.0,0.0,0,1,0,0,1,3,0
E0002438,TC0002438,P002210,2026-04-30,DEVELOPMENT,1.0,40,29.4,16,30.0,1,0,1,2,1,1,1,112,0.008928571428571428,2.0,0,1,0,0,4,3,0
E0002439,TC0002439,P002210,2026-05-01,DEVELOPMENT,0.0,40,17.2,11,21.0,1,1,0,2,1,2,1,113,0.017699115044247787,4.0,1,1,0,0,5,4,0
E0002440,TC0002440,P000992,2026-02-15,DEVELOPMENT,1.0,18,4.1,21,14.0,1,0,1,2,1,0,0,0,0.0,0.0,1,0,0,0,2,6,1
E0002441,TC0002441,P002211,2026-03-05,DEVELOPMENT,1.0,68,21.1,20,21.0,1,0,0,1,0,0,0,0,0.0,0.0,0,1,1,0,3,3,0
E0002442,TC0002442,P002212,2026-02-16,DEVELOPMENT,0.0,61,27.6,8,21.0,0,0,1,1,0,0,0,0,0.0,0.0,0,1,0,0,2,0,0
E0002443,TC0002443,P002213,2026-06-08,DEVELOPMENT,0.0,44,11.5,15,30.0,1,0,1,2,1,0,0,0,0.0,0.0,0,1,0,0,6,0,0
E0002444,TC0002444,P002214,2026-01-31,DEVELOPMENT,0.0,51,7.3,9,21.0,0,0,1,1,0,0,0,0,0.0,0.0,1,0,0,0,1,5,1
E0002445,TC0002445,P002214,2026-06-04,DEVELOPMENT,0.0,51,6.5,19,14.0,1,1,1,3,1,1,1,124,0.008064516129032258,1.0,1,0,0,0,6,3,0
E0002446,TC0002446,P002215,2026-05-27,DEVELOPMENT,1.0,53,36.3,23,21.0,1,1,0,2,1,0,0,0,0.0,0.0,1,1,1,0,5,2,0
E0002447,TC0002447,P002215,2026-07-08,EVALUATION,,53,23.1,18,21.0,1,0,0,1,0,1,1,42,0.023809523809523808,2.0,1,1,1,0,7,2,0
E0002448,TC0002448,P002216,2026-01-01,DEVELOPMENT,1.0,54,25.4,13,14.0,1,1,1,3,1,0,0,0,0.0,0.0,0,1,0,0,1,3,0
E0002449,TC0002449,P002218,2026-01-15,DEVELOPMENT,1.0,55,19.2,17,14.0,1,1,1,3,1,0,0,0,0.0,0.0,0,1,0,0,1,3,0
E0002450,TC0002450,P002219,2026-04-28,DEVELOPMENT,0.0,47,29.9,10,21.0,0,0,0,0,0,0,0,0,0.0,0.0,0,1,1,0,4,1,0
E0002451,TC0002451,P002220,2026-02-13,DEVELOPMENT,0.0,58,4.1,13,21.0,1,0,0,1,0,0,0,0,0.0,0.0,1,0,0,0,2,4,0
E0002452,TC0002452,P002220,2026-04-12,DEVELOPMENT,1.0,58,4.1,11,30.0,0,0,1,1,0,1,1,58,0.017241379310344827,1.0,1,0,0,0,4,6,1
E0002453,TC0002453,P002223,2026-02-14,DEVELOPMENT,1.0,46,11.4,14,21.0,1,1,0,2,1,0,0,0,0.0,0.0,0,1,0,0,2,5,1
E0002454,TC0002454,P002223,2026-07-13,EVALUATION,,46,11.4,22,21.0,1,0,0,1,0,1,1,149,0.006711409395973154,2.0,0,1,0,0,7,0,0
E0002455,TC0002455,P002224,2026-03-02,DEVELOPMENT,0.0,61,2.6,23,21.0,1,0,0,1,0,0,0,0,0.0,0.0,0,0,0,0,3,0,0
E0002456,TC0002456,P002224,2026-03-31,DEVELOPMENT,0.0,61,2.6,20,30.0,1,1,1,3,1,1,1,29,0.034482758620689655,1.0,0,0,0,0,3,1,0
E0002457,TC0002457,P002225,2026-04-05,DEVELOPMENT,0.0,26,26.3,10,30.0,1,0,1,2,1,0,0,0,0.0,0.0,0,1,0,0,4,6,1
E0002458,TC0002458,P000476,2026-04-27,DEVELOPMENT,1.0,39,9.7,13,7.0,1,1,1,3,1,0,0,0,0.0,2.0,1,0,0,0,4,0,0
E0002459,TC0002459,P002229,2026-01-20,DEVELOPMENT,1.0,33,22.2,16,30.0,1,1,1,3,1,0,0,0,0.0,0.0,0,1,0,1,1,1,0
E0002460,TC0002460,P002229,2026-06-11,DEVELOPMENT,1.0,33,25.7,20,7.0,1,1,1,3,1,1,1,142,0.007042253521126761,3.0,0,1,0,1,6,3,0
E0002461,TC0002461,P002231,2026-01-18,DEVELOPMENT,1.0,75,12.8,15,7.0,1,0,1,2,1,0,0,0,0.0,0.0,1,1,0,0,1,6,1
E0002462,TC0002462,P002231,2026-07-18,EVALUATION,,75,18.7,12,7.0,0,0,1,1,0,1,1,181,0.0055248618784530384,2.0,0,1,0,0,7,5,1
E0002463,TC0002463,P002233,2026-02-14,DEVELOPMENT,1.0,45,25.7,9,7.0,1,1,1,3,1,0,0,0,0.0,0.0,0,1,0,0,2,5,1
E0002464,TC0002464,P002234,2026-04-15,DEVELOPMENT,1.0,47,10.8,12,7.0,0,0,1,1,0,0,0,0,0.0,0.0,0,1,0,0,4,2,0
E0002465,TC0002465,P002234,2026-04-20,DEVELOPMENT,1.0,47,10.4,17,21.0,1,1,0,2,1,1,1,5,0.2,1.0,0,1,0,0,4,0,0
E0002466,TC0002466,P002235,2026-03-29,DEVELOPMENT,1.0,41,36.5,8,30.0,1,0,1,2,1,0,0,0,0.0,0.0,0,1,0,0,3,6,1
E0002467,TC0002467,P002236,2026-08-14,EVALUATION,,48,22.4,19,14.0,0,1,1,2,1,0,0,0,0.0,0.0,1,1,0,0,8,4,0
E0002468,TC0002468,P002238,2026-01-25,DEVELOPMENT,1.0,18,15.5,8,30.0,1,0,1,2,1,0,0,0,0.0,0.0,1,1,1,0,1,6,1
E0002469,TC0002469,P002239,2026-04-06,DEVELOPMENT,1.0,67,19.9,23,21.0,1,1,0,2,1,0,0,0,0.0,0.0,1,1,0,1,4,0,0
E0002470,TC0002470,P002240,2026-03-22,DEVELOPMENT,0.0,20,6.6,23,30.0,1,0,1,2,1,0,0,0,0.0,0.0,1,0,0,0,3,6,1
E0002471,TC0002471,P002241,2026-06-26,DEVELOPMENT,1.0,57,26.6,13,30.0,1,0,1,2,1,0,0,0,0.0,0.0,0,1,0,0,6,4,0
E0002472,TC0002472,P002241,2026-07-18,EVALUATION,,57,6.5,10,30.0,1,0,1,2,1,1,1,22,0.045454545454545456,2.0,1,0,0,0,7,5,1
E0002473,TC0002473,P002242,2026-04-24,DEVELOPMENT,0.0,24,21.3,13,21.0,1,0,1,2,1,0,0,0,0.0,0.0,0,1,0,0,4,4,0
E0002474,TC0002474,P002243,2026-03-06,DEVELOPMENT,1.0,60,35.5,10,7.0,1,0,1,2,1,0,0,0,0.0,0.0,0,1,0,1,3,4,0
E0002475,TC0002475,P002244,2026-04-10,DEVELOPMENT,0.0,34,22.8,18,21.0,1,0,0,1,0,0,0,0,0.0,0.0,0,1,0,0,4,4,0
E0002476,TC0002476,P002244,2026-08-06,EVALUATION,,34,29.2,23,7.0,1,1,1,3,1,1,1,118,0.00847457627118644,1.0,1,1,0,0,8,3,0
E0002477,TC0002477,P002245,2026-03-10,DEVELOPMENT,1.0,71,20.0,12,30.0,1,0,1,2,1,0,0,0,0.0,0.0,0,1,0,0,3,1,0
E0002478,TC0002478,P002245,2026-05-06,DEVELOPMENT,1.0,71,25.7,12,14.0,1,0,1,2,1,1,1,57,0.017543859649122806,2.0,0,1,0,0,5,2,0
E0002479,TC0002479,P002246,2026-06-05,DEVELOPMENT,1.0,61,28.2,18,30.0,1,1,1,3,1,0,0,0,0.0,0.0,0,1,0,0,6,4,0
E0002480,TC0002480,P002247,2026-03-18,DEVELOPMENT,0.0,61,26.4,17,21.0,1,1,1,3,1,0,0,0,0.0,0.0,0,1,0,0,3,2,0
E0002481,TC0002481,P001411,2026-03-21,DEVELOPMENT,0.0,53,4.2,9,30.0,1,0,1,2,1,0,0,0,0.0,2.0,1,0,0,0,3,5,1
E0002482,TC0002482,P002249,2026-07-16,EVALUATION,,34,29.6,14,21.0,1,1,0,2,1,0,0,0,0.0,0.0,1,1,1,0,7,3,0
E0002483,TC0002483,P002250,2026-03-29,DEVELOPMENT,1.0,51,18.0,20,30.0,1,1,1,3,1,0,0,0,0.0,0.0,0,1,0,0,3,6,1
E0002484,TC0002484,P002252,2026-01-17,DEVELOPMENT,1.0,54,22.3,23,14.0,1,0,1,2,1,0,0,0,0.0,0.0,0,1,0,0,1,5,1
E0002485,TC0002485,P002252,2026-08-09,EVALUATION,,54,13.2,14,21.0,1,1,1,3,1,1,1,204,0.004901960784313725,2.0,1,1,0,0,8,6,1
E0002486,TC0002486,P002253,2026-07-23,EVALUATION,,36,16.9,19,21.0,0,1,0,1,0,0,0,0,0.0,0.0,0,1,0,0,7,3,0
E0002487,TC0002487,P000825,2026-05-20,DEVELOPMENT,1.0,61,6.5,21,30.0,1,0,1,2,1,1,1,55,0.01818181818181818,2.0,0,0,0,0,5,2,0
E0002488,TC0002488,P002255,2026-02-12,DEVELOPMENT,0.0,44,25.7,23,14.0,0,0,1,1,0,0,0,0,0.0,0.0,0,1,0,0,2,3,0
E0002489,TC0002489,P002256,2026-06-05,DEVELOPMENT,1.0,62,20.2,16,14.0,1,0,1,2,1,0,0,0,0.0,0.0,0,1,0,0,6,4,0
E0002490,TC0002490,P002257,2026-05-12,DEVELOPMENT,0.0,74,7.3,14,21.0,1,1,1,3,1,0,0,0,0.0,0.0,0,0,0,0,5,1,0
E0002491,TC0002491,P002257,2026-06-06,DEVELOPMENT,1.0,74,26.6,12,21.0,1,0,1,2,1,1,1,25,0.04,3.0,0,1,0,0,6,5,1
E0002492,TC0002492,P002259,2026-05-11,DEVELOPMENT,1.0,61,6.5,8,30.0,1,0,1,2,1,0,0,0,0.0,0.0,1,0,0,0,5,0,0
E0002493,TC0002493,P002259,2026-07-10,EVALUATION,,61,26.6,11,21.0,1,1,0,2,1,1,1,60,0.016666666666666666,2.0,0,1,0,0,7,4,0
E0002494,TC0002494,P002260,2026-05-12,DEVELOPMENT,1.0,37,25.4,14,7.0,0,0,1,1,0,1,1,129,0.007751937984496124,0.0,0,1,1,0,5,1,0
E0002495,TC0002495,P002260,2026-06-07,DEVELOPMENT,0.0,37,23.1,16,21.0,0,0,0,0,0,2,1,155,0.012903225806451613,1.0,0,1,1,0,6,6,1
E0002496,TC0002496,P002261,2026-02-19,DEVELOPMENT,1.0,55,14.1,21,30.0,1,1,1,3,1,0,0,0,0.0,0.0,1,1,0,0,2,3,0
E0002497,TC0002497,P002262,2026-05-21,DEVELOPMENT,1.0,31,28.2,20,30.0,1,0,1,2,1,0,0,0,0.0,0.0,0,1,0,0,5,3,0
E0002498,TC0002498,P002263,2026-01-04,DEVELOPMENT,0.0,52,15.5,8,21.0,1,0,1,2,1,0,0,0,0.0,0.0,0,1,0,0,1,6,1
E0002499,TC0002499,P002264,2026-04-29,DEVELOPMENT,0.0,69,17.9,16,21.0,1,0,0,1,0,0,0,0,0.0,0.0,0,1,0,0,4,2,0
E0002500,TC0002500,P002265,2026-04-03,DEVELOPMENT,0.0,56,7.4,19,30.0,1,1,1,3,1,0,0,0,0.0,0.0,1,0,0,0,4,4,0
E0002501,TC0002501,P002267,2026-06-27,DEVELOPMENT,0.0,46,26.4,15,14.0,0,1,1,2,1,0,0,0,0.0,0.0,1,1,1,0,6,5,1
E0002502,TC0002502,P002268,2026-06-17,DEVELOPMENT,1.0,18,22.4,24,21.0,1,1,0,2,1,0,0,0,0.0,0.0,1,1,1,0,6,2,0
E0002503,TC0002503,P002269,2026-06-08,DEVELOPMENT,0.0,53,29.2,23,21.0,0,0,1,1,0,0,0,0,0.0,0.0,1,1,0,0,6,0,0
E0002504,TC0002504,P002270,2026-04-15,DEVELOPMENT,0.0,46,20.0,22,30.0,1,0,1,2,1,0,0,0,0.0,0.0,0,1,0,0,4,2,0
E0002505,TC0002505,P002270,2026-06-14,DEVELOPMENT,1.0,46,25.7,21,21.0,0,1,1,2,1,1,1,60,0.016666666666666666,2.0,0,1,0,0,6,6,1
E0002506,TC0002506,P002271,2026-01-28,DEVELOPMENT,0.0,62,25.4,23,14.0,1,0,1,2,1,0,0,0,0.0,0.0,0,1,0,0,1,2,0
E0002507,TC0002507,P002271,2026-07-07,EVALUATION,,62,21.0,14,21.0,1,0,0,1,0,1,1,160,0.00625,2.0,0,1,0,0,7,1,0
E0002508,TC0002508,P002272,2026-03-29,DEVELOPMENT,0.0,61,15.7,10,21.0,1,1,1,3,1,0,0,0,0.0,0.0,1,1,0,0,3,6,1
E0002509,TC0002509,P002273,2026-03-30,DEVELOPMENT,0.0,54,26.6,18,7.0,1,0,1,2,1,0,0,0,0.0,0.0,1,1,0,0,3,0,0
E0002510,TC0002510,P002273,2026-05-15,DEVELOPMENT,1.0,54,26.6,18,30.0,1,1,1,3,1,1,1,46,0.021739130434782608,2.0,0,1,0,0,5,4,0
E0002511,TC0002511,P002274,2026-02-21,DEVELOPMENT,1.0,69,7.3,9,14.0,1,1,1,3,1,0,0,0,0.0,0.0,0,0,0,0,2,5,1
E0002512,TC0002512,P002274,2026-07-13,EVALUATION,,69,26.6,15,21.0,1,0,0,1,0,1,1,142,0.007042253521126761,3.0,1,1,0,0,7,0,0
E0002513,TC0002513,P002276,2026-02-03,DEVELOPMENT,1.0,59,38.9,23,30.0,0,0,1,1,0,0,0,0,0.0,0.0,0,1,0,0,2,1,0
E0002514,TC0002514,P002276,2026-03-02,DEVELOPMENT,0.0,59,20.2,18,21.0,1,1,0,2,1,1,1,27,0.037037037037037035,1.0,0,1,0,0,3,0,0
E0002515,TC0002515,P000207,2026-05-05,DEVELOPMENT,1.0,21,23.7,24,14.0,1,0,1,2,1,3,1,72,0.041666666666666664,7.0,0,1,0,0,5,1,0
E0002516,TC0002516,P000207,2026-08-12,EVALUATION,,21,9.4,20,14.0,0,0,1,1,0,4,1,171,0.023391812865497075,9.0,0,0,0,0,8,2,0
E0002517,TC0002517,P000493,2026-07-22,EVALUATION,,18,17.6,7,21.0,0,0,0,0,0,2,1,102,0.0196078431372549,2.0,1,1,0,0,7,2,0
E0002518,TC0002518,P002279,2026-02-23,DEVELOPMENT,1.0,49,33.3,24,21.0,1,1,0,2,1,0,0,0,0.0,0.0,0,1,0,0,2,0,0
E0002519,TC0002519,P002280,2026-04-06,DEVELOPMENT,0.0,45,13.9,13,21.0,1,0,0,1,0,0,0,0,0.0,0.0,0,1,0,0,4,0,0
E0002520,TC0002520,P002281,2026-02-13,DEVELOPMENT,1.0,40,21.0,15,7.0,1,0,1,2,1,0,0,0,0.0,0.0,0,1,0,0,2,4,0
E0002521,TC0002521,P002282,2026-04-19,DEVELOPMENT,0.0,72,19.6,9,21.0,1,0,0,1,0,0,0,0,0.0,0.0,1,1,0,0,4,6,1
E0002522,TC0002522,P000292,2026-02-19,DEVELOPMENT,0.0,53,9.4,15,21.0,1,0,1,2,1,0,0,0,0.0,4.0,0,0,0,0,2,3,0
E0002523,TC0002523,P002285,2026-01-04,DEVELOPMENT,0.0,64,17.9,9,14.0,1,1,1,3,1,0,0,0,0.0,0.0,0,1,0,0,1,6,1
E0002524,TC0002524,P002285,2026-05-18,DEVELOPMENT,1.0,64,4.2,13,21.0,1,1,1,3,1,1,1,134,0.007462686567164179,3.0,1,0,0,0,5,0,0
E0002525,TC0002525,P002285,2026-07-05,EVALUATION,,64,17.9,15,21.0,1,1,1,3,1,2,1,182,0.01098901098901099,6.0,0,1,0,0,7,6,1
E0002526,TC0002526,P002286,2026-01-30,DEVELOPMENT,1.0,52,36.5,12,7.0,1,0,1,2,1,0,0,0,0.0,0.0,0,1,1,0,1,4,0
E0002527,TC0002527,P002287,2026-05-14,DEVELOPMENT,1.0,45,6.5,9,14.0,0,1,1,2,1,0,0,0,0.0,0.0,0,0,0,0,5,3,0
E0002528,TC0002528,P002287,2026-06-14,DEVELOPMENT,1.0,45,26.6,20,7.0,1,1,1,3,1,1,1,31,0.03225806451612903,2.0,0,1,0,0,6,6,1
E0002529,TC0002529,P002287,2026-06-21,DEVELOPMENT,0.0,45,6.5,14,30.0,1,0,1,2,1,2,1,38,0.05263157894736842,5.0,1,0,0,0,6,6,1
E0002530,TC0002530,P002288,2026-01-30,DEVELOPMENT,1.0,50,21.1,12,30.0,1,0,1,2,1,0,0,0,0.0,0.0,1,1,0,0,1,4,0
E0002531,TC0002531,P002289,2026-03-16,DEVELOPMENT,1.0,40,21.3,13,21.0,1,0,1,2,1,0,0,0,0.0,0.0,1,1,0,0,3,0,0
E0002532,TC0002532,P002289,2026-05-07,DEVELOPMENT,1.0,40,20.6,17,21.0,0,1,1,2,1,1,1,52,0.019230769230769232,2.0,1,1,0,0,5,3,0
E0002533,TC0002533,P000258,2026-08-10,EVALUATION,,48,36.1,9,14.0,0,1,1,2,1,1,1,202,0.0049504950495049506,2.0,1,1,0,0,8,0,0
E0002534,TC0002534,P002291,2026-04-19,DEVELOPMENT,1.0,58,4.1,20,21.0,1,0,0,1,0,0,0,0,0.0,0.0,1,0,0,0,4,6,1
E0002535,TC0002535,P002292,2026-02-09,DEVELOPMENT,1.0,53,38.9,10,14.0,1,0,1,2,1,0,0,0,0.0,0.0,0,1,0,0,2,0,0
E0002536,TC0002536,P002293,2026-01-27,DEVELOPMENT,1.0,53,36.5,15,7.0,1,1,1,3,1,0,0,0,0.0,0.0,1,1,0,0,1,1,0
E0002537,TC0002537,P002294,2026-03-18,DEVELOPMENT,1.0,66,35.0,7,21.0,0,1,1,2,1,0,0,0,0.0,0.0,0,1,0,0,3,2,0
E0002538,TC0002538,P002295,2026-01-10,DEVELOPMENT,0.0,40,11.3,11,21.0,1,0,0,1,0,0,0,0,0.0,0.0,0,1,0,0,1,5,1
E0002539,TC0002539,P002296,2026-02-20,DEVELOPMENT,0.0,36,6.7,14,14.0,1,1,1,3,1,0,0,0,0.0,0.0,0,0,0,0,2,4,0
E0002540,TC0002540,P002296,2026-03-14,DEVELOPMENT,0.0,36,6.7,8,30.0,1,0,1,2,1,1,1,22,0.045454545454545456,3.0,0,0,0,0,3,5,1
E0002541,TC0002541,P002297,2026-03-30,DEVELOPMENT,1.0,66,22.3,24,14.0,1,1,1,3,1,0,0,0,0.0,0.0,0,1,0,0,3,0,0
E0002542,TC0002542,P002298,2026-04-29,DEVELOPMENT,1.0,36,12.6,13,14.0,1,0,1,2,1,0,0,0,0.0,2.0,1,1,0,0,4,2,0
E0002543,TC0002543,P002299,2026-02-23,DEVELOPMENT,1.0,18,19.6,8,30.0,0,1,1,2,1,0,0,0,0.0,0.0,0,1,0,0,2,0,0
E0002544,TC0002544,P002299,2026-06-06,DEVELOPMENT,1.0,18,19.6,15,30.0,1,1,1,3,1,1,1,103,0.009708737864077669,2.0,0,1,0,0,6,5,1
E0002545,TC0002545,P002300,2026-02-05,DEVELOPMENT,1.0,57,21.1,23,30.0,1,0,1,2,1,0,0,0,0.0,0.0,0,1,0,0,2,3,0
E0002546,TC0002546,P002300,2026-04-06,DEVELOPMENT,1.0,57,4.1,22,30.0,1,1,1,3,1,1,1,60,0.016666666666666666,2.0,0,0,0,0,4,0,0
E0002547,TC0002547,P002301,2026-02-11,DEVELOPMENT,1.0,25,13.9,7,21.0,1,0,1,2,1,0,0,0,0.0,0.0,0,1,1,0,2,2,0
E0002548,TC0002548,P002302,2026-01-13,DEVELOPMENT,1.0,68,29.6,9,7.0,1,0,1,2,1,0,0,0,0.0,0.0,0,1,0,0,1,1,0
E0002549,TC0002549,P002302,2026-01-25,DEVELOPMENT,1.0,68,24.9,24,30.0,1,1,1,3,1,1,1,12,0.08333333333333333,2.0,0,1,0,0,1,6,1
E0002550,TC0002550,P002302,2026-05-25,DEVELOPMENT,0.0,68,22.9,12,21.0,0,1,0,1,0,2,1,132,0.015151515151515152,5.0,1,1,0,0,5,0,0
E0002551,TC0002551,P002303,2026-01-23,DEVELOPMENT,1.0,52,16.9,13,21.0,1,1,0,2,1,0,0,0,0.0,0.0,0,1,0,0,1,4,0
E0002552,TC0002552,P002303,2026-08-13,EVALUATION,,52,17.6,10,21.0,1,1,0,2,1,1,1,202,0.0049504950495049506,2.0,0,1,0,0,8,3,0
E0002553,TC0002553,P002304,2026-07-15,EVALUATION,,86,16.2,12,14.0,0,0,1,1,0,0,0,0,0.0,0.0,0,1,0,0,7,2,0
E0002554,TC0002554,P002304,2026-08-12,EVALUATION,,86,16.2,10,21.0,0,0,0,0,0,1,1,28,0.03571428571428571,1.0,0,1,0,0,8,2,0
E0002555,TC0002555,P002305,2026-02-18,DEVELOPMENT,0.0,47,35.5,7,21.0,1,0,1,2,1,0,0,0,0.0,0.0,1,1,0,0,2,2,0
E0002556,TC0002556,P002307,2026-03-31,DEVELOPMENT,1.0,41,25.4,11,14.0,0,1,1,2,1,0,0,0,0.0,0.0,0,1,0,0,3,1,0
E0002557,TC0002557,P002307,2026-05-04,DEVELOPMENT,1.0,41,25.4,21,21.0,1,0,0,1,0,1,1,34,0.029411764705882353,2.0,0,1,0,0,5,0,0
E0002558,TC0002558,P002308,2026-07-08,EVALUATION,,88,17.3,11,7.0,1,0,1,2,1,0,0,0,0.0,0.0,1,1,1,0,7,2,0
E0002559,TC0002559,P002309,2026-08-07,EVALUATION,,34,2.6,11,30.0,1,0,1,2,1,0,0,0,0.0,0.0,1,0,0,0,8,4,0
E0002560,TC0002560,P002311,2026-01-25,DEVELOPMENT,1.0,34,26.6,10,21.0,1,0,0,1,0,0,0,0,0.0,0.0,0,1,0,1,1,6,1
E0002561,TC0002561,P002311,2026-03-02,DEVELOPMENT,0.0,34,27.6,22,21.0,1,0,0,1,0,1,1,36,0.027777777777777776,1.0,0,1,0,1,3,0,0
E0002562,TC0002562,P002312,2026-07-17,EVALUATION,,27,26.4,17,14.0,1,0,1,2,1,0,0,0,0.0,0.0,0,1,0,0,7,4,0
E0002563,TC0002563,P002314,2026-05-11,DEVELOPMENT,0.0,64,22.3,20,7.0,0,1,1,2,1,0,0,0,0.0,0.0,0,1,1,0,5,0,0
E0002564,TC0002564,P002315,2026-02-14,DEVELOPMENT,0.0,35,5.6,9,21.0,0,0,0,0,0,0,0,0,0.0,0.0,0,0,1,0,2,5,1
E0002565,TC0002565,P002316,2026-06-27,DEVELOPMENT,1.0,46,13.9,24,21.0,1,0,0,1,0,0,0,0,0.0,0.0,0,1,0,0,6,5,1
E0002566,TC0002566,P002319,2026-05-02,DEVELOPMENT,0.0,50,17.3,13,21.0,1,0,1,2,1,0,0,0,0.0,0.0,0,1,0,0,5,5,1
E0002567,TC0002567,P002320,2026-06-01,DEVELOPMENT,1.0,34,19.2,21,7.0,1,0,1,2,1,0,0,0,0.0,0.0,0,1,0,0,6,0,0
E0002568,TC0002568,P002321,2026-03-23,DEVELOPMENT,1.0,53,36.5,15,30.0,1,1,1,3,1,0,0,0,0.0,0.0,1,1,0,0,3,0,0
E0002569,TC0002569,P001557,2026-04-29,DEVELOPMENT,1.0,77,11.5,15,30.0,1,0,1,2,1,0,0,0,0.0,2.0,0,1,0,0,4,2,0
E0002570,TC0002570,P002324,2026-01-01,DEVELOPMENT,0.0,47,27.9,11,21.0,0,0,1,1,0,0,0,0,0.0,0.0,0,1,0,0,1,3,0
E0002571,TC0002571,P002324,2026-06-25,DEVELOPMENT,1.0,47,9.7,12,30.0,1,1,1,3,1,1,1,175,0.005714285714285714,1.0,0,0,0,0,6,3,0
E0002572,TC0002572,P002325,2026-01-03,DEVELOPMENT,0.0,65,8.7,19,21.0,0,0,1,1,0,0,0,0,0.0,0.0,0,0,0,0,1,5,1
E0002573,TC0002573,P002327,2026-01-09,DEVELOPMENT,0.0,44,26.6,13,21.0,1,0,0,1,0,0,0,0,0.0,0.0,0,1,1,0,1,4,0
E0002574,TC0002574,P002328,2026-03-14,DEVELOPMENT,1.0,66,25.8,7,21.0,1,0,0,1,0,0,0,0,0.0,0.0,0,1,0,0,3,5,1
E0002575,TC0002575,P002329,2026-04-17,DEVELOPMENT,0.0,78,25.4,12,21.0,1,0,0,1,0,0,0,0,0.0,0.0,1,1,0,0,4,4,0
E0002576,TC0002576,P001716,2026-03-26,DEVELOPMENT,1.0,87,29.4,16,21.0,0,1,0,1,0,0,0,0,0.0,4.0,0,1,1,0,3,3,0
E0002577,TC0002577,P000757,2026-02-27,DEVELOPMENT,0.0,56,36.3,8,7.0,0,0,1,1,0,1,1,43,0.023255813953488372,1.0,1,1,0,0,2,4,0
E0002578,TC0002578,P002332,2026-01-11,DEVELOPMENT,1.0,33,4.1,22,7.0,1,0,1,2,1,0,0,0,0.0,0.0,1,0,0,0,1,6,1
E0002579,TC0002579,P002332,2026-08-11,EVALUATION,,33,35.0,18,14.0,0,0,1,1,0,1,1,212,0.0047169811320754715,2.0,0,1,0,0,8,1,0
E0002580,TC0002580,P002333,2026-05-30,DEVELOPMENT,1.0,74,22.4,14,21.0,1,1,0,2,1,0,0,0,0.0,0.0,1,1,0,0,5,5,1
E0002581,TC0002581,P002334,2026-02-04,DEVELOPMENT,0.0,34,11.5,7,21.0,1,0,0,1,0,0,0,0,0.0,0.0,0,1,0,1,2,2,0
E0002582,TC0002582,P002335,2026-07-17,EVALUATION,,36,25.8,19,7.0,1,0,1,2,1,0,0,0,0.0,0.0,1,1,1,0,7,4,0
E0002583,TC0002583,P002335,2026-08-09,EVALUATION,,36,25.8,12,21.0,1,0,1,2,1,1,1,23,0.043478260869565216,2.0,0,1,1,0,8,6,1
E0002584,TC0002584,P001774,2026-01-13,DEVELOPMENT,0.0,41,6.7,14,30.0,1,0,1,2,1,0,0,0,0.0,0.0,0,0,0,0,1,1,0
E0002585,TC0002585,P002337,2026-03-19,DEVELOPMENT,1.0,21,23.1,11,30.0,1,1,1,3,1,0,0,0,0.0,0.0,0,1,0,0,3,3,0
E0002586,TC0002586,P002337,2026-05-02,DEVELOPMENT,0.0,21,36.3,21,30.0,0,0,1,1,0,1,1,44,0.022727272727272728,3.0,0,1,0,0,5,5,1
E0002587,TC0002587,P002338,2026-05-26,DEVELOPMENT,0.0,63,26.4,10,21.0,1,1,0,2,1,0,0,0,0.0,0.0,0,1,0,0,5,1,0
E0002588,TC0002588,P002339,2026-05-29,DEVELOPMENT,0.0,60,17.6,17,21.0,1,0,0,1,0,0,0,0,0.0,0.0,1,1,0,0,5,4,0
E0002589,TC0002589,P002340,2026-08-05,EVALUATION,,64,17.9,20,21.0,0,1,0,1,0,0,0,0,0.0,0.0,0,1,0,0,8,2,0
E0002590,TC0002590,P002341,2026-06-18,DEVELOPMENT,0.0,39,9.7,21,30.0,1,0,1,2,1,0,0,0,0.0,0.0,1,0,0,0,6,3,0
E0002591,TC0002591,P002342,2026-04-17,DEVELOPMENT,0.0,55,26.3,19,30.0,0,0,1,1,0,0,0,0,0.0,0.0,1,1,0,0,4,4,0
E0002592,TC0002592,P002343,2026-06-01,DEVELOPMENT,0.0,20,25.7,22,21.0,1,0,0,1,0,0,0,0,0.0,0.0,0,1,1,0,6,0,0
E0002593,TC0002593,P002344,2026-01-01,DEVELOPMENT,0.0,35,16.9,21,14.0,1,0,1,2,1,0,0,0,0.0,0.0,1,1,0,0,1,3,0
E0002594,TC0002594,P002345,2026-04-14,DEVELOPMENT,0.0,27,7.4,9,21.0,1,1,1,3,1,0,0,0,0.0,0.0,0,0,0,0,4,1,0
E0002595,TC0002595,P002346,2026-03-15,DEVELOPMENT,1.0,59,6.7,8,7.0,1,1,1,3,1,0,0,0,0.0,0.0,0,0,0,0,3,6,1
E0002596,TC0002596,P002347,2026-02-22,DEVELOPMENT,0.0,32,12.8,13,14.0,1,1,1,3,1,0,0,0,0.0,0.0,1,1,0,0,2,6,1
E0002597,TC0002597,P002347,2026-03-13,DEVELOPMENT,0.0,32,17.2,19,21.0,1,0,0,1,0,1,1,19,0.05263157894736842,3.0,0,1,0,0,3,4,0
E0002598,TC0002598,P002348,2026-05-27,DEVELOPMENT,0.0,24,4.1,18,30.0,1,1,1,3,1,0,0,0,0.0,0.0,0,0,0,0,5,2,0
E0002599,TC0002599,P002349,2026-06-28,DEVELOPMENT,0.0,36,23.7,21,21.0,0,0,1,1,0,0,0,0,0.0,0.0,0,1,0,0,6,6,1
E0002600,TC0002600,P002349,2026-07-27,EVALUATION,,36,23.7,11,21.0,1,0,0,1,0,1,1,29,0.034482758620689655,1.0,1,1,0,0,7,0,0
E0002601,TC0002601,P002350,2026-04-12,DEVELOPMENT,0.0,74,22.3,21,21.0,1,0,1,2,1,0,0,0,0.0,0.0,0,1,0,0,4,6,1
E0002602,TC0002602,P002350,2026-07-03,EVALUATION,,74,11.5,23,14.0,1,0,1,2,1,1,1,82,0.012195121951219513,2.0,0,1,0,0,7,4,0
E0002603,TC0002603,P002351,2026-07-13,EVALUATION,,46,29.9,7,7.0,1,0,1,2,1,0,0,0,0.0,0.0,0,1,0,0,7,0,0
E0002604,TC0002604,P002352,2026-02-04,DEVELOPMENT,1.0,32,13.9,14,21.0,1,0,0,1,0,0,0,0,0.0,0.0,1,1,0,0,2,2,0
E0002605,TC0002605,P002354,2026-04-21,DEVELOPMENT,0.0,45,29.6,12,30.0,1,1,1,3,1,0,0,0,0.0,0.0,0,1,0,0,4,1,0
E0002606,TC0002606,P002356,2026-03-06,DEVELOPMENT,0.0,34,22.3,19,30.0,1,0,1,2,1,0,0,0,0.0,0.0,0,1,0,0,3,4,0
E0002607,TC0002607,P002356,2026-05-25,DEVELOPMENT,0.0,34,19.2,15,7.0,1,0,1,2,1,2,1,80,0.025,2.0,0,1,0,0,5,0,0
E0002608,TC0002608,P002357,2026-01-05,DEVELOPMENT,1.0,39,16.8,24,30.0,1,0,1,2,1,0,0,0,0.0,0.0,1,1,0,0,1,0,0
E0002609,TC0002609,P002358,2026-01-06,DEVELOPMENT,0.0,67,22.3,20,7.0,1,1,1,3,1,0,0,0,0.0,0.0,0,1,0,1,1,1,0
E0002610,TC0002610,P002358,2026-04-17,DEVELOPMENT,0.0,67,16.8,10,21.0,1,0,1,2,1,1,1,101,0.009900990099009901,3.0,1,1,0,1,4,4,0
E0002611,TC0002611,P002118,2026-07-22,EVALUATION,,53,26.6,20,7.0,1,0,1,2,1,1,1,181,0.0055248618784530384,2.0,1,1,0,0,7,2,0
E0002612,TC0002612,P002361,2026-03-12,DEVELOPMENT,1.0,44,22.1,21,21.0,1,1,1,3,1,0,0,0,0.0,0.0,0,1,0,0,3,3,0
E0002613,TC0002613,P002362,2026-01-26,DEVELOPMENT,1.0,40,27.9,15,30.0,1,1,1,3,1,0,0,0,0.0,0.0,0,1,0,0,1,0,0
E0002614,TC0002614,P002362,2026-07-06,EVALUATION,,40,9.7,10,14.0,1,0,1,2,1,1,1,161,0.006211180124223602,3.0,0,0,0,0,7,0,0
E0002615,TC0002615,P002365,2026-01-19,DEVELOPMENT,1.0,45,22.1,21,21.0,1,1,1,3,1,0,0,0,0.0,0.0,0,1,0,0,1,0,0
E0002616,TC0002616,P002365,2026-05-25,DEVELOPMENT,1.0,45,22.8,7,7.0,0,0,1,1,0,1,1,126,0.007936507936507936,3.0,1,1,0,0,5,0,0
E0002617,TC0002617,P001637,2026-05-19,DEVELOPMENT,1.0,52,17.3,14,21.0,1,1,1,3,1,2,1,64,0.03125,2.0,0,1,1,0,5,1,0
E0002618,TC0002618,P002367,2026-06-04,DEVELOPMENT,0.0,46,13.2,18,21.0,1,0,0,1,0,0,0,0,0.0,0.0,1,1,0,0,6,3,0
E0002619,TC0002619,P002367,2026-07-27,EVALUATION,,46,22.3,9,14.0,1,1,1,3,1,1,1,53,0.018867924528301886,1.0,0,1,0,0,7,0,0
E0002620,TC0002620,P002368,2026-07-28,EVALUATION,,78,14.1,16,21.0,1,1,0,2,1,0,0,0,0.0,0.0,0,1,0,0,7,1,0
E0002621,TC0002621,P002369,2026-03-06,DEVELOPMENT,1.0,68,25.4,23,7.0,1,0,1,2,1,0,0,0,0.0,0.0,0,1,0,0,3,4,0
E0002622,TC0002622,P002370,2026-06-10,DEVELOPMENT,0.0,28,19.5,9,21.0,0,0,0,0,0,0,0,0,0.0,0.0,0,1,0,0,6,2,0
E0002623,TC0002623,P002371,2026-05-06,DEVELOPMENT,0.0,43,1.4,9,21.0,1,1,0,2,1,0,0,0,0.0,0.0,0,0,0,0,5,2,0
E0002624,TC0002624,P002373,2026-03-17,DEVELOPMENT,1.0,59,29.4,16,7.0,1,1,1,3,1,0,0,0,0.0,0.0,0,1,0,0,3,1,0
E0002625,TC0002625,P002374,2026-04-17,DEVELOPMENT,1.0,61,9.4,20,7.0,1,1,1,3,1,0,0,0,0.0,0.0,0,0,1,0,4,4,0
E0002626,TC0002626,P002375,2026-05-12,DEVELOPMENT,0.0,34,21.7,24,21.0,1,0,0,1,0,0,0,0,0.0,0.0,0,1,0,0,5,1,0
E0002627,TC0002627,P002376,2026-08-09,EVALUATION,,56,16.8,13,21.0,0,0,0,0,0,0,0,0,0.0,0.0,1,1,0,0,8,6,1
E0002628,TC0002628,P002258,2026-03-10,DEVELOPMENT,1.0,30,13.2,14,21.0,0,1,1,2,1,0,0,0,0.0,0.0,1,1,0,0,3,1,0
E0002629,TC0002629,P002378,2026-07-23,EVALUATION,,46,38.9,16,7.0,1,0,1,2,1,0,0,0,0.0,0.0,0,1,0,0,7,3,0
E0002630,TC0002630,P001924,2026-05-07,DEVELOPMENT,0.0,65,18.7,9,21.0,1,0,0,1,0,1,1,80,0.0125,2.0,0,1,0,0,5,3,0
E0002631,TC0002631,P002380,2026-07-21,EVALUATION,,38,19.2,7,21.0,1,0,0,1,0,0,0,0,0.0,0.0,0,1,0,0,7,1,0
E0002632,TC0002632,P002381,2026-01-03,DEVELOPMENT,0.0,63,4.1,14,30.0,0,0,1,1,0,0,0,0,0.0,0.0,0,0,0,0,1,5,1
E0002633,TC0002633,P002381,2026-06-11,DEVELOPMENT,1.0,63,4.1,12,21.0,1,0,1,2,1,1,1,159,0.006289308176100629,1.0,0,0,0,0,6,3,0
E0002634,TC0002634,P002381,2026-07-07,EVALUATION,,63,21.1,8,21.0,0,0,0,0,0,2,1,185,0.010810810810810811,3.0,0,1,0,0,7,1,0
E0002635,TC0002635,P002382,2026-05-03,DEVELOPMENT,1.0,35,20.2,7,30.0,0,1,1,2,1,0,0,0,0.0,0.0,0,1,0,1,5,6,1
E0002636,TC0002636,P002383,2026-01-22,DEVELOPMENT,0.0,39,11.9,22,21.0,1,1,1,3,1,0,0,0,0.0,0.0,0,1,0,0,1,3,0
E0002637,TC0002637,P001934,2026-08-09,EVALUATION,,24,22.2,10,21.0,1,0,1,2,1,2,1,75,0.02666666666666667,4.0,0,1,0,1,8,6,1
E0002638,TC0002638,P002385,2026-06-26,DEVELOPMENT,0.0,48,29.7,10,21.0,1,0,0,1,0,0,0,0,0.0,0.0,1,1,0,0,6,4,0
E0002639,TC0002639,P002386,2026-07-23,EVALUATION,,65,12.6,18,21.0,1,0,0,1,0,0,0,0,0.0,0.0,0,1,0,1,7,3,0
E0002640,TC0002640,P002387,2026-04-16,DEVELOPMENT,0.0,67,26.6,22,14.0,1,1,1,3,1,0,0,0,0.0,0.0,0,1,1,0,4,3,0
E0002641,TC0002641,P002388,2026-06-18,DEVELOPMENT,1.0,37,7.4,12,21.0,1,0,1,2,1,0,0,0,0.0,0.0,0,0,0,0,6,3,0
E0002642,TC0002642,P002390,2026-04-29,DEVELOPMENT,1.0,88,12.8,13,21.0,1,0,0,1,0,0,0,0,0.0,0.0,1,1,1,0,4,2,0
E0002643,TC0002643,P002391,2026-02-17,DEVELOPMENT,1.0,41,13.2,16,14.0,1,0,1,2,1,0,0,0,0.0,0.0,0,1,0,0,2,1,0
E0002644,TC0002644,P002392,2026-04-12,DEVELOPMENT,1.0,34,36.5,24,21.0,1,0,1,2,1,0,0,0,0.0,0.0,1,1,0,1,4,6,1
E0002645,TC0002645,P002393,2026-06-18,DEVELOPMENT,0.0,57,6.6,10,30.0,0,0,1,1,0,0,0,0,0.0,0.0,0,0,0,0,6,3,0
E0002646,TC0002646,P002394,2026-02-12,DEVELOPMENT,1.0,79,20.6,23,21.0,1,0,0,1,0,1,1,7,0.14285714285714285,0.0,1,1,0,0,2,3,0
E0002647,TC0002647,P002394,2026-04-09,DEVELOPMENT,0.0,79,21.3,22,21.0,1,0,1,2,1,2,1,63,0.031746031746031744,1.0,1,1,0,0,4,3,0
E0002648,TC0002648,P002395,2026-05-31,DEVELOPMENT,1.0,58,29.9,15,21.0,1,1,1,3,1,0,0,0,0.0,0.0,1,1,1,0,5,6,1
E0002649,TC0002649,P002395,2026-06-18,DEVELOPMENT,0.0,58,29.9,8,30.0,0,0,1,1,0,1,1,18,0.05555555555555555,3.0,0,1,1,0,6,3,0
E0002650,TC0002650,P002396,2026-04-16,DEVELOPMENT,0.0,63,35.4,20,21.0,1,0,1,2,1,0,0,0,0.0,0.0,0,1,0,0,4,3,0
E0002651,TC0002651,P002396,2026-06-01,DEVELOPMENT,1.0,63,35.4,23,30.0,0,0,1,1,0,1,1,46,0.021739130434782608,2.0,0,1,0,0,6,0,0
E0002652,TC0002652,P002396,2026-08-01,EVALUATION,,63,35.4,10,21.0,1,1,1,3,1,2,1,107,0.018691588785046728,3.0,1,1,0,0,8,5,1
E0002653,TC0002653,P002397,2026-06-03,DEVELOPMENT,0.0,60,33.3,9,21.0,0,1,0,1,0,0,0,0,0.0,0.0,0,1,0,1,6,2,0
E0002654,TC0002654,P002398,2026-06-17,DEVELOPMENT,0.0,47,12.6,20,21.0,1,0,1,2,1,1,1,126,0.007936507936507936,0.0,0,1,1,0,6,2,0
E0002655,TC0002655,P002399,2026-03-16,DEVELOPMENT,1.0,54,33.3,12,21.0,1,1,1,3,1,0,0,0,0.0,0.0,0,1,0,1,3,0,0
E0002656,TC0002656,P002400,2026-08-02,EVALUATION,,21,26.4,19,7.0,1,1,1,3,1,0,0,0,0.0,0.0,0,1,0,0,8,6,1
E0002657,TC0002657,P002401,2026-03-26,DEVELOPMENT,0.0,60,18.7,13,21.0,0,0,0,0,0,0,0,0,0.0,0.0,0,1,0,0,3,3,0
E0002658,TC0002658,P001035,2026-04-28,DEVELOPMENT,0.0,39,19.9,17,21.0,1,1,0,2,1,0,0,0,0.0,1.0,0,1,0,0,4,1,0
E0002659,TC0002659,P001035,2026-05-25,DEVELOPMENT,0.0,39,11.4,13,14.0,1,0,1,2,1,2,1,27,0.07407407407407407,3.0,1,1,0,0,5,0,0
E0002660,TC0002660,P002404,2026-06-11,DEVELOPMENT,0.0,32,28.3,10,14.0,1,0,1,2,1,0,0,0,0.0,0.0,1,1,0,0,6,3,0
E0002661,TC0002661,P002404,2026-06-16,DEVELOPMENT,1.0,32,28.3,18,21.0,1,0,0,1,0,1,1,5,0.2,2.0,1,1,0,0,6,1,0
E0002662,TC0002662,P002405,2026-03-27,DEVELOPMENT,0.0,51,26.4,12,7.0,1,1,1,3,1,0,0,0,0.0,0.0,0,1,0,0,3,4,0
E0002663,TC0002663,P002405,2026-05-05,DEVELOPMENT,1.0,51,26.2,23,14.0,1,0,1,2,1,1,1,39,0.02564102564102564,3.0,1,1,0,0,5,1,0
E0002664,TC0002664,P002406,2026-03-19,DEVELOPMENT,0.0,54,11.5,21,14.0,0,1,1,2,1,0,0,0,0.0,0.0,0,1,0,0,3,3,0
E0002665,TC0002665,P002408,2026-02-24,DEVELOPMENT,0.0,53,18.0,7,30.0,0,0,1,1,0,0,0,0,0.0,0.0,1,1,0,0,2,1,0
E0002666,TC0002666,P002410,2026-03-29,DEVELOPMENT,1.0,41,22.1,16,21.0,1,0,1,2,1,0,0,0,0.0,0.0,0,1,1,0,3,6,1
E0002667,TC0002667,P002411,2026-04-03,DEVELOPMENT,1.0,71,5.6,24,14.0,1,0,1,2,1,0,0,0,0.0,0.0,0,0,0,0,4,4,0
E0002668,TC0002668,P002411,2026-05-02,DEVELOPMENT,0.0,71,18.7,21,30.0,1,1,1,3,1,1,1,29,0.034482758620689655,2.0,0,1,0,0,5,5,1
E0002669,TC0002669,P002412,2026-07-27,EVALUATION,,75,20.0,14,14.0,0,1,1,2,1,0,0,0,0.0,0.0,1,1,1,0,7,0,0
E0002670,TC0002670,P002413,2026-06-04,DEVELOPMENT,0.0,41,21.7,24,21.0,1,0,1,2,1,0,0,0,0.0,0.0,0,1,0,1,6,3,0
E0002671,TC0002671,P002414,2026-04-09,DEVELOPMENT,0.0,83,17.3,17,7.0,1,0,1,2,1,0,0,0,0.0,0.0,1,1,0,0,4,3,0
E0002672,TC0002672,P002414,2026-06-20,DEVELOPMENT,0.0,83,25.3,17,21.0,0,0,1,1,0,1,1,72,0.013888888888888888,2.0,0,1,0,0,6,5,1
E0002673,TC0002673,P001893,2026-05-27,DEVELOPMENT,1.0,18,20.0,7,14.0,1,1,1,3,1,0,0,0,0.0,0.0,0,1,0,0,5,2,0
E0002674,TC0002674,P002416,2026-04-12,DEVELOPMENT,0.0,41,10.8,16,14.0,1,1,1,3,1,0,0,0,0.0,0.0,0,1,0,0,4,6,1
E0002675,TC0002675,P002416,2026-04-21,DEVELOPMENT,0.0,41,10.8,19,7.0,0,0,1,1,0,1,1,9,0.1111111111111111,3.0,0,1,0,0,4,1,0
E0002676,TC0002676,P002416,2026-06-16,DEVELOPMENT,0.0,41,10.8,22,21.0,1,0,0,1,0,2,1,65,0.03076923076923077,4.0,0,1,0,0,6,1,0
E0002677,TC0002677,P002417,2026-02-13,DEVELOPMENT,0.0,37,22.4,22,21.0,1,0,0,1,0,0,0,0,0.0,0.0,0,1,0,0,2,4,0
E0002678,TC0002678,P002418,2026-04-26,DEVELOPMENT,0.0,20,7.3,8,21.0,1,0,1,2,1,0,0,0,0.0,0.0,0,0,0,0,4,6,1
E0002679,TC0002679,P002418,2026-06-05,DEVELOPMENT,0.0,20,22.2,18,21.0,1,0,0,1,0,1,1,40,0.025,2.0,0,1,0,0,6,4,0
E0002680,TC0002680,P002419,2026-02-06,DEVELOPMENT,0.0,27,38.9,19,21.0,1,0,0,1,0,0,0,0,0.0,0.0,0,1,0,1,2,4,0
E0002681,TC0002681,P002420,2026-02-22,DEVELOPMENT,0.0,44,2.6,8,21.0,0,1,1,2,1,0,0,0,0.0,0.0,0,0,0,0,2,6,1
E0002682,TC0002682,P002421,2026-04-23,DEVELOPMENT,0.0,24,26.3,11,14.0,1,1,1,3,1,0,0,0,0.0,0.0,0,1,0,0,4,3,0
E0002683,TC0002683,P002422,2026-06-10,DEVELOPMENT,0.0,43,2.6,18,21.0,1,1,0,2,1,0,0,0,0.0,0.0,0,0,0,0,6,2,0
E0002684,TC0002684,P002422,2026-08-02,EVALUATION,,43,2.6,11,21.0,1,0,0,1,0,1,1,53,0.018867924528301886,2.0,1,0,0,0,8,6,1
E0002685,TC0002685,P002423,2026-07-09,EVALUATION,,34,12.8,10,14.0,1,0,1,2,1,0,0,0,0.0,0.0,0,1,1,0,7,3,0
E0002686,TC0002686,P002424,2026-01-28,DEVELOPMENT,1.0,44,24.9,20,21.0,1,1,1,3,1,0,0,0,0.0,0.0,1,1,0,0,1,2,0
E0002687,TC0002687,P002424,2026-08-06,EVALUATION,,44,22.9,19,21.0,0,0,0,0,0,1,1,190,0.005263157894736842,3.0,1,1,0,0,8,3,0
E0002688,TC0002688,P000658,2026-05-21,DEVELOPMENT,1.0,68,8.3,16,21.0,1,1,1,3,1,2,1,130,0.015384615384615385,2.0,1,0,0,0,5,3,0
E0002689,TC0002689,P002426,2026-03-27,DEVELOPMENT,1.0,66,23.1,19,7.0,1,0,1,2,1,0,0,0,0.0,0.0,0,1,0,0,3,4,0
E0002690,TC0002690,P002426,2026-06-02,DEVELOPMENT,1.0,66,36.3,21,30.0,1,0,1,2,1,1,1,67,0.014925373134328358,2.0,0,1,0,0,6,1,0
E0002691,TC0002691,P002427,2026-07-16,EVALUATION,,42,19.6,14,21.0,1,0,0,1,0,0,0,0,0.0,0.0,1,1,0,0,7,3,0
E0002692,TC0002692,P002428,2026-08-10,EVALUATION,,60,11.9,20,21.0,1,1,0,2,1,0,0,0,0.0,0.0,0,1,0,0,8,0,0
E0002693,TC0002693,P002429,2026-03-30,DEVELOPMENT,1.0,63,24.9,14,21.0,1,1,1,3,1,0,0,0,0.0,0.0,0,1,0,0,3,0,0
E0002694,TC0002694,P002430,2026-05-07,DEVELOPMENT,0.0,54,16.2,9,30.0,0,0,1,1,0,0,0,0,0.0,0.0,1,1,0,0,5,3,0
E0002695,TC0002695,P002431,2026-02-10,DEVELOPMENT,0.0,53,20.6,12,30.0,1,0,1,2,1,0,0,0,0.0,0.0,1,1,0,0,2,1,0
E0002696,TC0002696,P002431,2026-04-16,DEVELOPMENT,0.0,53,20.6,22,30.0,1,0,1,2,1,1,1,65,0.015384615384615385,2.0,0,1,0,0,4,3,0
E0002697,TC0002697,P002432,2026-04-06,DEVELOPMENT,1.0,43,4.2,7,7.0,1,0,1,2,1,0,0,0,0.0,0.0,0,0,0,0,4,0,0
E0002698,TC0002698,P002434,2026-06-05,DEVELOPMENT,1.0,64,36.1,8,7.0,1,0,1,2,1,0,0,0,0.0,0.0,0,1,0,0,6,4,0
E0002699,TC0002699,P002435,2026-07-25,EVALUATION,,28,17.3,14,21.0,1,0,1,2,1,0,0,0,0.0,0.0,0,1,1,0,7,5,1
E0002700,TC0002700,P002436,2026-07-02,EVALUATION,,68,17.6,23,21.0,1,0,0,1,0,0,0,0,0.0,0.0,0,1,1,0,7,3,0
E0002701,TC0002701,P002437,2026-05-24,DEVELOPMENT,0.0,42,26.3,11,14.0,0,0,1,1,0,0,0,0,0.0,0.0,0,1,1,0,5,6,1
E0002702,TC0002702,P002438,2026-04-05,DEVELOPMENT,0.0,68,25.4,9,21.0,0,1,1,2,1,0,0,0,0.0,0.0,0,1,0,0,4,6,1
E0002703,TC0002703,P002440,2026-05-20,DEVELOPMENT,1.0,74,26.6,20,21.0,0,0,1,1,0,0,0,0,0.0,0.0,0,1,0,0,5,2,0
E0002704,TC0002704,P002443,2026-06-04,DEVELOPMENT,1.0,42,16.2,17,14.0,1,1,1,3,1,0,0,0,0.0,0.0,0,1,0,0,6,3,0
E0002705,TC0002705,P002444,2026-01-13,DEVELOPMENT,1.0,71,18.0,12,21.0,1,0,1,2,1,0,0,0,0.0,0.0,0,1,0,0,1,1,0
E0002706,TC0002706,P002444,2026-03-10,DEVELOPMENT,1.0,71,16.9,16,7.0,1,1,1,3,1,1,1,56,0.017857142857142856,2.0,0,1,0,0,3,1,0
E0002707,TC0002707,P002446,2026-06-01,DEVELOPMENT,0.0,68,29.9,14,21.0,1,0,0,1,0,0,0,0,0.0,0.0,1,1,0,0,6,0,0
E0002708,TC0002708,P002446,2026-07-30,EVALUATION,,68,36.1,18,7.0,0,0,1,1,0,1,1,59,0.01694915254237288,1.0,1,1,0,0,7,3,0
E0002709,TC0002709,P002447,2026-07-15,EVALUATION,,28,5.1,22,30.0,1,1,1,3,1,0,0,0,0.0,0.0,0,0,0,0,7,2,0
E0002710,TC0002710,P002448,2026-07-13,EVALUATION,,62,4.2,19,7.0,1,0,1,2,1,0,0,0,0.0,0.0,1,0,0,0,7,0,0
E0002711,TC0002711,P002449,2026-06-29,DEVELOPMENT,1.0,44,26.3,17,21.0,1,0,0,1,0,0,0,0,0.0,0.0,1,1,1,0,6,0,0
E0002712,TC0002712,P002451,2026-04-24,DEVELOPMENT,0.0,47,26.4,13,21.0,0,1,0,1,0,0,0,0,0.0,0.0,1,1,0,0,4,4,0
E0002713,TC0002713,P002451,2026-07-06,EVALUATION,,47,26.4,11,21.0,0,1,1,2,1,1,1,73,0.0136986301369863,1.0,1,1,0,0,7,0,0
E0002714,TC0002714,P002452,2026-08-13,EVALUATION,,43,16.2,16,14.0,1,1,1,3,1,0,0,0,0.0,0.0,0,1,1,0,8,3,0
E0002715,TC0002715,P002453,2026-03-18,DEVELOPMENT,0.0,34,22.3,22,7.0,1,1,1,3,1,0,0,0,0.0,0.0,0,1,0,0,3,2,0
E0002716,TC0002716,P002356,2026-04-13,DEVELOPMENT,0.0,34,11.5,17,21.0,1,1,0,2,1,1,1,38,0.02631578947368421,4.0,0,1,0,0,4,0,0
E0002717,TC0002717,P002454,2026-02-01,DEVELOPMENT,1.0,41,21.1,16,21.0,1,0,1,2,1,0,0,0,0.0,0.0,0,1,1,0,2,6,1
E0002718,TC0002718,P002455,2026-01-12,DEVELOPMENT,0.0,88,2.6,9,21.0,1,0,0,1,0,0,0,0,0.0,0.0,0,0,0,0,1,0,0
E0002719,TC0002719,P002455,2026-03-20,DEVELOPMENT,1.0,88,18.7,13,14.0,0,0,1,1,0,1,1,67,0.014925373134328358,1.0,1,1,0,0,3,4,0
E0002720,TC0002720,P002455,2026-05-19,DEVELOPMENT,1.0,88,18.7,16,30.0,1,0,1,2,1,2,1,127,0.015748031496062992,2.0,0,1,0,0,5,1,0
E0002721,TC0002721,P001273,2026-04-21,DEVELOPMENT,1.0,61,6.7,12,21.0,1,0,1,2,1,0,0,0,0.0,1.0,0,0,0,0,4,1,0
E0002722,TC0002722,P002457,2026-02-07,DEVELOPMENT,1.0,48,27.8,24,30.0,1,0,1,2,1,0,0,0,0.0,0.0,1,1,0,0,2,5,1
E0002723,TC0002723,P002457,2026-05-18,DEVELOPMENT,1.0,48,20.3,15,21.0,1,0,0,1,0,1,1,100,0.01,2.0,1,1,0,0,5,0,0
E0002724,TC0002724,P002459,2026-07-17,EVALUATION,,58,18.7,17,21.0,1,1,0,2,1,0,0,0,0.0,0.0,0,1,0,0,7,4,0
E0002725,TC0002725,P002460,2026-06-08,DEVELOPMENT,0.0,53,26.2,21,21.0,1,1,0,2,1,0,0,0,0.0,0.0,0,1,0,0,6,0,0
E0002726,TC0002726,P002460,2026-06-25,DEVELOPMENT,1.0,53,35.4,11,7.0,1,1,1,3,1,1,1,17,0.058823529411764705,2.0,1,1,0,0,6,3,0
E0002727,TC0002727,P002462,2026-02-10,DEVELOPMENT,1.0,74,33.3,17,21.0,1,0,1,2,1,0,0,0,0.0,0.0,1,1,1,0,2,1,0
E0002728,TC0002728,P002463,2026-05-11,DEVELOPMENT,0.0,55,6.6,16,30.0,1,0,1,2,1,0,0,0,0.0,0.0,1,0,0,1,5,0,0
E0002729,TC0002729,P002465,2026-05-25,DEVELOPMENT,1.0,31,25.4,11,30.0,1,0,1,2,1,0,0,0,0.0,0.0,1,1,0,0,5,0,0
E0002730,TC0002730,P002466,2026-05-01,DEVELOPMENT,0.0,54,2.2,14,21.0,1,0,0,1,0,0,0,0,0.0,0.0,1,0,0,0,5,4,0
E0002731,TC0002731,P002467,2026-07-12,EVALUATION,,46,22.9,16,21.0,1,1,0,2,1,1,1,6,0.16666666666666666,1.0,1,1,0,0,7,6,1
E0002732,TC0002732,P002468,2026-01-08,DEVELOPMENT,0.0,18,29.4,16,21.0,0,0,0,0,0,0,0,0,0.0,0.0,0,1,0,0,1,3,0
E0002733,TC0002733,P002469,2026-06-19,DEVELOPMENT,0.0,57,6.6,16,30.0,1,1,1,3,1,0,0,0,0.0,0.0,0,0,0,0,6,4,0
E0002734,TC0002734,P002469,2026-07-24,EVALUATION,,57,6.6,7,30.0,1,0,1,2,1,1,1,35,0.02857142857142857,3.0,0,0,0,0,7,4,0
E0002735,TC0002735,P002470,2026-03-29,DEVELOPMENT,0.0,31,4.1,21,21.0,0,0,1,1,0,0,0,0,0.0,0.0,0,0,0,0,3,6,1
E0002736,TC0002736,P002471,2026-05-27,DEVELOPMENT,0.0,44,4.2,9,21.0,1,0,0,1,0,0,0,0,0.0,0.0,0,0,0,0,5,2,0
E0002737,TC0002737,P002471,2026-07-16,EVALUATION,,44,17.9,9,21.0,1,0,1,2,1,1,1,50,0.02,1.0,1,1,0,0,7,3,0
E0002738,TC0002738,P002010,2026-02-22,DEVELOPMENT,1.0,42,25.7,14,14.0,1,1,1,3,1,0,0,0,0.0,0.0,0,1,1,0,2,6,1
E0002739,TC0002739,P002473,2026-04-26,DEVELOPMENT,1.0,50,23.1,7,30.0,1,1,1,3,1,0,0,0,0.0,0.0,1,1,0,0,4,6,1
E0002740,TC0002740,P002474,2026-02-20,DEVELOPMENT,0.0,65,26.4,16,30.0,0,0,1,1,0,0,0,0,0.0,0.0,1,1,0,0,2,4,0
E0002741,TC0002741,P002475,2026-01-08,DEVELOPMENT,0.0,64,26.2,10,7.0,1,1,1,3,1,0,0,0,0.0,0.0,0,1,0,0,1,3,0
E0002742,TC0002742,P002476,2026-03-07,DEVELOPMENT,0.0,46,13.0,17,14.0,1,1,1,3,1,0,0,0,0.0,0.0,0,1,0,0,3,5,1
E0002743,TC0002743,P002477,2026-01-20,DEVELOPMENT,1.0,65,23.1,24,21.0,1,0,0,1,0,0,0,0,0.0,0.0,0,1,0,0,1,1,0
E0002744,TC0002744,P002478,2026-07-31,EVALUATION,,33,22.8,10,21.0,1,0,1,2,1,0,0,0,0.0,0.0,0,1,0,0,7,4,0
E0002745,TC0002745,P002481,2026-05-31,DEVELOPMENT,0.0,36,6.7,12,21.0,1,1,0,2,1,0,0,0,0.0,0.0,0,0,0,0,5,6,1
E0002746,TC0002746,P002481,2026-06-30,DEVELOPMENT,1.0,36,25.8,17,21.0,1,0,1,2,1,1,1,30,0.03333333333333333,2.0,1,1,0,0,6,1,0
E0002747,TC0002747,P002481,2026-08-09,EVALUATION,,36,36.5,19,21.0,1,0,0,1,0,2,1,70,0.02857142857142857,4.0,1,1,0,0,8,6,1
E0002748,TC0002748,P002482,2026-05-31,DEVELOPMENT,1.0,33,20.2,20,7.0,1,0,1,2,1,0,0,0,0.0,0.0,0,1,0,0,5,6,1
E0002749,TC0002749,P002482,2026-06-21,DEVELOPMENT,1.0,33,20.2,8,14.0,1,1,1,3,1,1,1,21,0.047619047619047616,2.0,0,1,0,0,6,6,1
E0002750,TC0002750,P002482,2026-08-05,EVALUATION,,33,38.9,8,21.0,0,0,1,1,0,2,1,66,0.030303030303030304,5.0,1,1,0,0,8,2,0
E0002751,TC0002751,P002483,2026-07-25,EVALUATION,,56,21.7,22,21.0,1,0,0,1,0,0,0,0,0.0,0.0,0,1,0,0,7,5,1
E0002752,TC0002752,P002485,2026-04-03,DEVELOPMENT,0.0,51,6.5,13,30.0,1,1,1,3,1,0,0,0,0.0,0.0,1,0,0,0,4,4,0
E0002753,TC0002753,P002485,2026-05-13,DEVELOPMENT,1.0,51,26.6,11,21.0,1,1,0,2,1,1,1,40,0.025,3.0,1,1,0,0,5,2,0
E0002754,TC0002754,P001438,2026-04-10,DEVELOPMENT,1.0,63,17.2,21,21.0,1,0,1,2,1,0,0,0,0.0,3.0,1,1,0,0,4,4,0
E0002755,TC0002755,P002487,2026-07-15,EVALUATION,,20,26.6,22,7.0,1,0,1,2,1,0,0,0,0.0,0.0,0,1,0,0,7,2,0
E0002756,TC0002756,P002489,2026-02-12,DEVELOPMENT,0.0,50,35.4,14,14.0,1,0,1,2,1,0,0,0,0.0,0.0,0,1,0,0,2,3,0
E0002757,TC0002757,P002489,2026-04-12,DEVELOPMENT,0.0,50,26.4,13,21.0,1,1,0,2,1,1,1,59,0.01694915254237288,2.0,0,1,0,0,4,6,1
E0002758,TC0002758,P002491,2026-02-22,DEVELOPMENT,1.0,76,26.6,20,7.0,1,1,1,3,1,0,0,0,0.0,0.0,0,1,0,0,2,6,1
E0002759,TC0002759,P002492,2026-05-06,DEVELOPMENT,1.0,70,6.7,18,30.0,1,0,1,2,1,0,0,0,0.0,0.0,0,0,0,0,5,2,0
E0002760,TC0002760,P002493,2026-07-02,EVALUATION,,37,36.5,13,30.0,1,1,1,3,1,0,0,0,0.0,0.0,0,1,0,0,7,3,0
E0002761,TC0002761,P002493,2026-07-21,EVALUATION,,37,35.5,10,7.0,1,0,1,2,1,1,1,19,0.05263157894736842,3.0,0,1,0,0,7,1,0
E0002762,TC0002762,P002494,2026-03-18,DEVELOPMENT,1.0,42,9.7,22,21.0,1,1,0,2,1,0,0,0,0.0,0.0,0,0,0,0,3,2,0
E0002763,TC0002763,P002495,2026-06-29,DEVELOPMENT,0.0,71,21.1,23,21.0,0,0,1,1,0,0,0,0,0.0,0.0,1,1,0,0,6,0,0
E0002764,TC0002764,P002496,2026-07-13,EVALUATION,,38,11.3,22,30.0,0,0,1,1,0,0,0,0,0.0,0.0,0,1,0,0,7,0,0
E0002765,TC0002765,P002497,2026-01-01,DEVELOPMENT,0.0,38,27.8,7,14.0,1,0,1,2,1,0,0,0,0.0,0.0,1,1,0,0,1,3,0
E0002766,TC0002766,P002499,2026-03-08,DEVELOPMENT,0.0,71,25.7,10,21.0,1,0,0,1,0,0,0,0,0.0,0.0,0,1,0,0,3,6,1
E0002767,TC0002767,P002500,2026-05-25,DEVELOPMENT,1.0,66,22.3,24,21.0,1,1,0,2,1,0,0,0,0.0,0.0,0,1,0,0,5,0,0
E0002768,TC0002768,P002501,2026-07-17,EVALUATION,,63,19.5,14,21.0,1,1,1,3,1,0,0,0,0.0,0.0,0,1,0,0,7,4,0
E0002769,TC0002769,P002503,2026-05-22,DEVELOPMENT,0.0,38,11.5,8,7.0,1,1,1,3,1,0,0,0,0.0,0.0,0,1,0,0,5,4,0
E0002770,TC0002770,P002504,2026-05-04,DEVELOPMENT,0.0,37,18.7,8,21.0,0,0,0,0,0,0,0,0,0.0,0.0,0,1,0,0,5,0,0
E0002771,TC0002771,P002505,2026-07-11,EVALUATION,,52,13.0,11,21.0,1,0,0,1,0,0,0,0,0.0,0.0,0,1,1,0,7,5,1
E0002772,TC0002772,P002506,2026-05-29,DEVELOPMENT,0.0,19,15.7,9,21.0,1,0,0,1,0,0,0,0,0.0,0.0,0,1,0,0,5,4,0
E0002773,TC0002773,P002507,2026-01-18,DEVELOPMENT,0.0,30,21.3,11,21.0,1,0,0,1,0,0,0,0,0.0,0.0,0,1,0,0,1,6,1
E0002774,TC0002774,P002507,2026-02-04,DEVELOPMENT,0.0,30,21.3,9,21.0,1,0,0,1,0,1,1,17,0.058823529411764705,1.0,1,1,0,0,2,2,0
E0002775,TC0002775,P002508,2026-04-25,DEVELOPMENT,0.0,83,18.7,21,14.0,1,1,1,3,1,0,0,0,0.0,0.0,0,1,0,0,4,5,1
E0002776,TC0002776,P002510,2026-07-09,EVALUATION,,73,38.9,20,21.0,1,0,1,2,1,0,0,0,0.0,0.0,0,1,0,0,7,3,0
E0002777,TC0002777,P001337,2026-05-30,DEVELOPMENT,0.0,33,11.4,19,30.0,1,0,1,2,1,1,1,7,0.14285714285714285,3.0,1,1,0,0,5,5,1
E0002778,TC0002778,P002512,2026-06-16,DEVELOPMENT,0.0,58,8.3,24,14.0,1,0,1,2,1,0,0,0,0.0,0.0,1,0,0,0,6,1,0
E0002779,TC0002779,P002512,2026-07-31,EVALUATION,,58,21.0,9,21.0,0,1,1,2,1,1,1,45,0.022222222222222223,2.0,0,1,0,0,7,4,0
E0002780,TC0002780,P000545,2026-06-03,DEVELOPMENT,0.0,18,25.7,9,14.0,0,1,1,2,1,2,1,150,0.013333333333333334,5.0,0,1,0,0,6,2,0
E0002781,TC0002781,P002514,2026-03-30,DEVELOPMENT,1.0,36,35.4,12,14.0,1,1,1,3,1,0,0,0,0.0,0.0,0,1,0,0,3,0,0
E0002782,TC0002782,P002515,2026-01-15,DEVELOPMENT,0.0,27,21.7,23,30.0,0,0,1,1,0,0,0,0,0.0,0.0,1,1,0,0,1,3,0
E0002783,TC0002783,P002516,2026-07-13,EVALUATION,,47,18.4,14,14.0,1,0,1,2,1,0,0,0,0.0,0.0,0,1,0,0,7,0,0
E0002784,TC0002784,P002517,2026-01-06,DEVELOPMENT,0.0,88,19.5,17,14.0,1,0,1,2,1,0,0,0,0.0,0.0,1,1,0,0,1,1,0
E0002785,TC0002785,P002518,2026-08-06,EVALUATION,,65,25.7,23,30.0,1,1,1,3,1,0,0,0,0.0,0.0,0,1,0,0,8,3,0
E0002786,TC0002786,P002519,2026-02-13,DEVELOPMENT,0.0,50,29.2,7,21.0,1,0,0,1,0,0,0,0,0.0,0.0,1,1,0,0,2,4,0
E0002787,TC0002787,P002521,2026-03-06,DEVELOPMENT,0.0,51,5.6,14,30.0,1,0,1,2,1,0,0,0,0.0,0.0,0,0,0,0,3,4,0
E0002788,TC0002788,P002522,2026-07-20,EVALUATION,,26,9.7,14,21.0,1,0,0,1,0,0,0,0,0.0,0.0,0,0,0,0,7,0,0
E0002789,TC0002789,P002523,2026-08-08,EVALUATION,,40,17.2,12,14.0,0,1,1,2,1,0,0,0,0.0,0.0,0,1,1,0,8,5,1
E0002790,TC0002790,P000496,2026-01-03,DEVELOPMENT,0.0,29,36.3,16,14.0,0,0,1,1,0,0,0,0,0.0,3.0,0,1,0,0,1,5,1
E0002791,TC0002791,P000496,2026-05-13,DEVELOPMENT,0.0,29,36.3,16,21.0,0,1,1,2,1,2,1,130,0.015384615384615385,4.0,0,1,0,0,5,2,0
E0002792,TC0002792,P000496,2026-05-31,DEVELOPMENT,0.0,29,36.3,20,14.0,1,0,1,2,1,3,1,148,0.02027027027027027,6.0,0,1,0,0,5,6,1
E0002793,TC0002793,P002525,2026-04-27,DEVELOPMENT,1.0,76,13.9,18,21.0,1,0,0,1,0,0,0,0,0.0,0.0,0,1,0,0,4,0,0
E0002794,TC0002794,P002527,2026-03-08,DEVELOPMENT,0.0,33,6.7,18,7.0,0,0,1,1,0,0,0,0,0.0,0.0,0,0,0,0,3,6,1
E0002795,TC0002795,P002528,2026-05-24,DEVELOPMENT,0.0,52,18.4,23,21.0,1,0,0,1,0,0,0,0,0.0,0.0,1,1,0,0,5,6,1
E0002796,TC0002796,P002528,2026-08-10,EVALUATION,,52,18.7,20,21.0,0,1,0,1,0,1,1,78,0.01282051282051282,1.0,0,1,0,0,8,0,0
E0002797,TC0002797,P002530,2026-07-09,EVALUATION,,48,13.9,19,21.0,0,1,0,1,0,0,0,0,0.0,0.0,0,1,0,0,7,3,0
E0002798,TC0002798,P002532,2026-03-28,DEVELOPMENT,1.0,52,19.2,22,14.0,1,0,1,2,1,0,0,0,0.0,0.0,1,1,0,1,3,5,1
E0002799,TC0002799,P002533,2026-02-21,DEVELOPMENT,0.0,61,10.4,22,14.0,0,1,1,2,1,0,0,0,0.0,0.0,0,1,0,0,2,5,1
E0002800,TC0002800,P002533,2026-04-14,DEVELOPMENT,0.0,61,1.4,10,21.0,1,0,1,2,1,1,1,52,0.019230769230769232,2.0,0,0,0,0,4,1,0
E0002801,TC0002801,P002534,2026-02-02,DEVELOPMENT,1.0,49,27.9,15,21.0,1,0,1,2,1,0,0,0,0.0,0.0,0,1,0,0,2,0,0
E0002802,TC0002802,P002535,2026-07-05,EVALUATION,,63,12.6,16,14.0,1,0,1,2,1,0,0,0,0.0,0.0,0,1,0,0,7,6,1
E0002803,TC0002803,P002536,2026-02-10,DEVELOPMENT,0.0,61,10.8,17,14.0,1,0,1,2,1,0,0,0,0.0,0.0,1,1,0,0,2,1,0
E0002804,TC0002804,P002537,2026-05-23,DEVELOPMENT,1.0,64,22.2,14,7.0,1,0,1,2,1,0,0,0,0.0,0.0,0,1,0,0,5,5,1
E0002805,TC0002805,P002538,2026-02-27,DEVELOPMENT,1.0,18,13.0,8,21.0,1,1,1,3,1,0,0,0,0.0,0.0,0,1,0,0,2,4,0
E0002806,TC0002806,P002539,2026-05-06,DEVELOPMENT,0.0,25,12.6,10,7.0,1,0,1,2,1,0,0,0,0.0,0.0,1,1,0,0,5,2,0
E0002807,TC0002807,P002539,2026-06-12,DEVELOPMENT,0.0,25,12.6,18,14.0,1,1,1,3,1,1,1,37,0.02702702702702703,2.0,0,1,0,0,6,4,0
E0002808,TC0002808,P002540,2026-01-26,DEVELOPMENT,0.0,42,36.5,16,7.0,0,0,1,1,0,0,0,0,0.0,3.0,0,1,0,0,1,0,0
E0002809,TC0002809,P002540,2026-04-13,DEVELOPMENT,1.0,42,36.5,23,7.0,1,1,1,3,1,1,1,77,0.012987012987012988,4.0,1,1,0,0,4,0,0
E0002810,TC0002810,P002541,2026-06-23,DEVELOPMENT,0.0,35,29.4,15,7.0,1,0,1,2,1,0,0,0,0.0,0.0,0,1,0,0,6,1,0
E0002811,TC0002811,P002542,2026-05-08,DEVELOPMENT,0.0,28,29.4,8,21.0,1,1,0,2,1,0,0,0,0.0,0.0,1,1,0,0,5,4,0
E0002812,TC0002812,P002543,2026-02-16,DEVELOPMENT,1.0,19,6.7,17,7.0,1,0,1,2,1,0,0,0,0.0,0.0,1,0,1,0,2,0,0
E0002813,TC0002813,P002543,2026-04-04,DEVELOPMENT,1.0,19,25.8,12,30.0,1,0,1,2,1,1,1,47,0.02127659574468085,2.0,0,1,1,0,4,5,1
E0002814,TC0002814,P002544,2026-01-22,DEVELOPMENT,0.0,33,28.3,16,21.0,1,0,0,1,0,0,0,0,0.0,0.0,1,1,0,0,1,3,0
E0002815,TC0002815,P002545,2026-04-13,DEVELOPMENT,0.0,53,35.5,21,30.0,1,0,1,2,1,0,0,0,0.0,0.0,0,1,0,0,4,0,0
E0002816,TC0002816,P002545,2026-04-28,DEVELOPMENT,1.0,53,36.5,18,21.0,1,0,1,2,1,1,1,15,0.06666666666666667,2.0,0,1,0,0,4,1,0
E0002817,TC0002817,P002546,2026-07-30,EVALUATION,,67,13.2,14,14.0,0,0,1,1,0,0,0,0,0.0,0.0,1,1,0,0,7,3,0
E0002818,TC0002818,P002547,2026-02-24,DEVELOPMENT,1.0,32,27.8,11,21.0,1,1,0,2,1,0,0,0,0.0,0.0,1,1,0,0,2,1,0
E0002819,TC0002819,P002547,2026-07-15,EVALUATION,,32,11.9,15,21.0,1,1,1,3,1,1,1,141,0.0070921985815602835,2.0,0,1,0,0,7,2,0
E0002820,TC0002820,P002548,2026-06-19,DEVELOPMENT,0.0,41,15.7,9,21.0,1,0,0,1,0,0,0,0,0.0,0.0,0,1,0,0,6,4,0
E0002821,TC0002821,P002549,2026-06-30,DEVELOPMENT,1.0,47,24.9,7,7.0,1,1,1,3,1,0,0,0,0.0,0.0,0,1,0,0,6,1,0
E0002822,TC0002822,P002550,2026-05-16,DEVELOPMENT,1.0,33,29.2,12,21.0,1,0,1,2,1,0,0,0,0.0,0.0,0,1,0,0,5,5,1
E0002823,TC0002823,P002551,2026-08-15,EVALUATION,,48,25.3,7,21.0,0,0,0,0,0,0,0,0,0.0,0.0,0,1,0,0,8,5,1
E0002824,TC0002824,P002552,2026-06-20,DEVELOPMENT,1.0,66,23.7,13,21.0,1,1,0,2,1,1,1,24,0.041666666666666664,0.0,1,1,0,1,6,5,1
E0002825,TC0002825,P002552,2026-07-18,EVALUATION,,66,14.1,11,21.0,1,0,0,1,0,2,1,52,0.038461538461538464,2.0,0,1,0,1,7,5,1
E0002826,TC0002826,P002553,2026-06-13,DEVELOPMENT,1.0,42,36.3,8,30.0,1,1,1,3,1,0,0,0,0.0,0.0,0,1,0,1,6,5,1
E0002827,TC0002827,P002554,2026-06-04,DEVELOPMENT,1.0,66,13.2,10,30.0,1,1,1,3,1,0,0,0,0.0,0.0,0,1,0,1,6,3,0
E0002828,TC0002828,P002554,2026-07-31,EVALUATION,,66,13.2,21,30.0,1,1,1,3,1,1,1,57,0.017543859649122806,3.0,0,1,0,1,7,4,0
E0002829,TC0002829,P002555,2026-07-01,EVALUATION,,45,9.7,17,21.0,1,1,0,2,1,0,0,0,0.0,0.0,1,0,1,0,7,2,0
E0002830,TC0002830,P002556,2026-05-08,DEVELOPMENT,0.0,34,6.5,23,21.0,1,1,0,2,1,0,0,0,0.0,0.0,0,0,0,0,5,4,0
E0002831,TC0002831,P002557,2026-04-14,DEVELOPMENT,1.0,40,19.2,13,21.0,1,1,0,2,1,0,0,0,0.0,0.0,1,1,0,0,4,1,0
E0002832,TC0002832,P002558,2026-02-12,DEVELOPMENT,1.0,42,18.7,18,21.0,1,0,1,2,1,0,0,0,0.0,0.0,1,1,1,0,2,3,0
E0002833,TC0002833,P002559,2026-03-20,DEVELOPMENT,0.0,29,19.5,24,30.0,1,1,1,3,1,0,0,0,0.0,0.0,1,1,0,0,3,4,0
E0002834,TC0002834,P002560,2026-04-04,DEVELOPMENT,0.0,31,21.1,8,21.0,1,0,1,2,1,0,0,0,0.0,0.0,1,1,1,0,4,5,1
E0002835,TC0002835,P002560,2026-04-26,DEVELOPMENT,1.0,31,4.1,22,21.0,1,1,1,3,1,1,1,22,0.045454545454545456,2.0,1,0,1,0,4,6,1
E0002836,TC0002836,P002561,2026-06-15,DEVELOPMENT,0.0,44,29.4,13,30.0,1,0,1,2,1,0,0,0,0.0,0.0,0,1,1,0,6,0,0
E0002837,TC0002837,P001463,2026-07-04,EVALUATION,,44,26.3,12,21.0,1,0,0,1,0,4,1,59,0.06779661016949153,5.0,0,1,0,0,7,5,1
E0002838,TC0002838,P002563,2026-02-22,DEVELOPMENT,1.0,37,7.6,20,14.0,1,0,1,2,1,0,0,0,0.0,0.0,1,0,1,0,2,6,1
E0002839,TC0002839,P002563,2026-05-31,DEVELOPMENT,0.0,37,19.5,18,21.0,1,1,0,2,1,1,1,98,0.01020408163265306,2.0,0,1,1,0,5,6,1
E0002840,TC0002840,P002564,2026-02-21,DEVELOPMENT,1.0,55,22.8,14,14.0,1,1,1,3,1,0,0,0,0.0,0.0,1,1,0,0,2,5,1
E0002841,TC0002841,P002565,2026-03-28,DEVELOPMENT,1.0,58,14.1,19,21.0,0,0,1,1,0,0,0,0,0.0,0.0,0,1,0,0,3,5,1
E0002842,TC0002842,P002565,2026-04-09,DEVELOPMENT,0.0,58,9.4,12,21.0,0,1,0,1,0,1,1,12,0.08333333333333333,1.0,0,0,0,0,4,3,0
E0002843,TC0002843,P002565,2026-05-06,DEVELOPMENT,0.0,58,23.7,11,21.0,0,0,0,0,0,2,1,39,0.05128205128205128,2.0,0,1,0,0,5,2,0
E0002844,TC0002844,P002566,2026-04-26,DEVELOPMENT,0.0,26,26.2,24,30.0,1,0,1,2,1,0,0,0,0.0,0.0,0,1,0,1,4,6,1
E0002845,TC0002845,P002566,2026-08-14,EVALUATION,,26,26.4,19,7.0,1,0,1,2,1,1,1,110,0.00909090909090909,2.0,0,1,0,1,8,4,0
E0002846,TC0002846,P002567,2026-05-13,DEVELOPMENT,1.0,38,26.6,11,30.0,1,0,1,2,1,0,0,0,0.0,0.0,1,1,0,0,5,2,0
E0002847,TC0002847,P002568,2026-05-24,DEVELOPMENT,0.0,65,25.3,14,30.0,1,0,1,2,1,0,0,0,0.0,0.0,0,1,0,0,5,6,1
E0002848,TC0002848,P002569,2026-03-02,DEVELOPMENT,1.0,55,15.5,17,30.0,1,0,1,2,1,0,0,0,0.0,0.0,0,1,0,0,3,0,0
E0002849,TC0002849,P002569,2026-04-22,DEVELOPMENT,0.0,55,15.5,8,14.0,1,1,1,3,1,1,1,51,0.0196078431372549,2.0,1,1,0,0,4,2,0
E0002850,TC0002850,P002570,2026-07-21,EVALUATION,,56,19.2,15,14.0,0,1,1,2,1,0,0,0,0.0,0.0,0,1,0,0,7,1,0
E0002851,TC0002851,P002571,2026-04-07,DEVELOPMENT,0.0,62,6.5,11,14.0,1,0,1,2,1,0,0,0,0.0,0.0,1,0,0,0,4,1,0
E0002852,TC0002852,P002572,2026-01-24,DEVELOPMENT,0.0,37,17.9,15,21.0,1,0,0,1,0,0,0,0,0.0,0.0,0,1,1,0,1,5,1
E0002853,TC0002853,P002573,2026-03-12,DEVELOPMENT,1.0,18,33.3,19,30.0,1,1,1,3,1,0,0,0,0.0,0.0,1,1,1,0,3,3,0
E0002854,TC0002854,P002573,2026-05-04,DEVELOPMENT,1.0,18,26.6,12,30.0,1,0,1,2,1,1,1,53,0.018867924528301886,3.0,1,1,1,0,5,0,0
E0002855,TC0002855,P002574,2026-03-20,DEVELOPMENT,0.0,44,23.7,10,21.0,0,1,1,2,1,0,0,0,0.0,0.0,0,1,0,0,3,4,0
E0002856,TC0002856,P002574,2026-04-01,DEVELOPMENT,0.0,44,14.1,24,30.0,1,1,1,3,1,1,1,12,0.08333333333333333,2.0,1,1,0,0,4,2,0
E0002857,TC0002857,P002575,2026-01-17,DEVELOPMENT,1.0,32,26.6,15,21.0,1,1,1,3,1,0,0,0,0.0,0.0,0,1,0,0,1,5,1
E0002858,TC0002858,P002576,2026-08-01,EVALUATION,,39,12.6,10,21.0,1,1,1,3,1,0,0,0,0.0,0.0,0,1,0,1,8,5,1
E0002859,TC0002859,P002578,2026-06-14,DEVELOPMENT,1.0,51,15.5,9,21.0,1,1,1,3,1,0,0,0,0.0,0.0,0,1,0,0,6,6,1
E0002860,TC0002860,P002580,2026-02-04,DEVELOPMENT,0.0,47,27.8,10,14.0,1,0,1,2,1,0,0,0,0.0,0.0,1,1,0,0,2,2,0
E0002861,TC0002861,P000875,2026-06-10,DEVELOPMENT,1.0,18,35.0,22,21.0,1,0,0,1,0,1,1,126,0.007936507936507936,3.0,0,1,0,0,6,2,0
E0002862,TC0002862,P002582,2026-04-14,DEVELOPMENT,1.0,44,22.9,19,14.0,1,0,1,2,1,0,0,0,0.0,0.0,0,1,0,0,4,1,0
E0002863,TC0002863,P002582,2026-06-04,DEVELOPMENT,1.0,44,22.9,18,14.0,1,0,1,2,1,1,1,51,0.0196078431372549,2.0,1,1,0,0,6,3,0
E0002864,TC0002864,P002582,2026-06-28,DEVELOPMENT,0.0,44,29.6,17,21.0,0,0,0,0,0,2,1,75,0.02666666666666667,4.0,0,1,0,0,6,6,1
E0002865,TC0002865,P002583,2026-02-02,DEVELOPMENT,0.0,60,22.9,7,21.0,0,1,1,2,1,0,0,0,0.0,0.0,1,1,0,0,2,0,0
E0002866,TC0002866,P002583,2026-04-19,DEVELOPMENT,0.0,60,29.6,11,30.0,1,1,1,3,1,1,1,76,0.013157894736842105,2.0,0,1,0,0,4,6,1
E0002867,TC0002867,P002584,2026-04-25,DEVELOPMENT,1.0,46,35.5,13,21.0,1,1,0,2,1,0,0,0,0.0,0.0,1,1,0,0,4,5,1
E0002868,TC0002868,P000467,2026-03-05,DEVELOPMENT,1.0,47,29.9,24,7.0,0,0,1,1,0,0,0,0,0.0,0.0,0,1,1,0,3,3,0
E0002869,TC0002869,P002586,2026-07-16,EVALUATION,,18,33.3,24,21.0,1,0,0,1,0,0,0,0,0.0,0.0,1,1,1,0,7,3,0
E0002870,TC0002870,P002587,2026-01-27,DEVELOPMENT,0.0,49,26.3,21,21.0,1,0,0,1,0,0,0,0,0.0,0.0,0,1,0,0,1,1,0
E0002871,TC0002871,P000326,2026-02-24,DEVELOPMENT,1.0,24,22.1,19,21.0,1,0,1,2,1,0,0,0,0.0,0.0,0,1,1,0,2,1,0
E0002872,TC0002872,P002590,2026-02-25,DEVELOPMENT,0.0,88,10.4,7,21.0,1,1,1,3,1,0,0,0,0.0,0.0,0,1,1,0,2,2,0
E0002873,TC0002873,P002591,2026-03-08,DEVELOPMENT,0.0,58,28.2,18,21.0,1,1,0,2,1,0,0,0,0.0,0.0,0,1,0,0,3,6,1
E0002874,TC0002874,P002592,2026-02-04,DEVELOPMENT,1.0,21,22.1,21,14.0,0,1,1,2,1,0,0,0,0.0,0.0,0,1,0,0,2,2,0
E0002875,TC0002875,P002593,2026-04-27,DEVELOPMENT,0.0,62,19.2,8,30.0,1,0,1,2,1,0,0,0,0.0,0.0,0,1,0,0,4,0,0
E0002876,TC0002876,P002593,2026-05-09,DEVELOPMENT,1.0,62,19.2,9,21.0,1,0,0,1,0,1,1,12,0.08333333333333333,2.0,0,1,0,0,5,5,1
E0002877,TC0002877,P002594,2026-06-14,DEVELOPMENT,0.0,50,25.4,11,21.0,1,0,0,1,0,0,0,0,0.0,0.0,0,1,0,0,6,6,1
E0002878,TC0002878,P002594,2026-07-07,EVALUATION,,50,25.4,17,21.0,0,1,0,1,0,1,1,23,0.043478260869565216,1.0,0,1,0,0,7,1,0
E0002879,TC0002879,P002595,2026-06-13,DEVELOPMENT,1.0,33,5.1,18,14.0,1,1,1,3,1,0,0,0,0.0,0.0,0,0,0,0,6,5,1
E0002880,TC0002880,P002595,2026-08-08,EVALUATION,,33,5.1,18,21.0,0,1,0,1,0,1,1,56,0.017857142857142856,3.0,0,0,0,0,8,5,1
E0002881,TC0002881,P002596,2026-02-27,DEVELOPMENT,0.0,45,18.0,18,21.0,1,0,1,2,1,0,0,0,0.0,0.0,0,1,0,0,2,4,0
E0002882,TC0002882,P002597,2026-03-15,DEVELOPMENT,0.0,41,13.9,17,21.0,1,0,0,1,0,0,0,0,0.0,0.0,0,1,0,0,3,6,1
E0002883,TC0002883,P002598,2026-06-17,DEVELOPMENT,1.0,31,7.0,16,14.0,1,0,1,2,1,0,0,0,0.0,0.0,0,0,0,0,6,2,0
E0002884,TC0002884,P002599,2026-07-06,EVALUATION,,40,7.3,13,21.0,1,1,1,3,1,0,0,0,0.0,0.0,1,0,0,0,7,0,0
E0002885,TC0002885,P002600,2026-08-08,EVALUATION,,44,27.9,17,7.0,1,1,1,3,1,0,0,0,0.0,0.0,0,1,0,0,8,5,1
E0002886,TC0002886,P002601,2026-08-13,EVALUATION,,37,22.3,21,21.0,1,0,1,2,1,0,0,0,0.0,0.0,0,1,0,0,8,3,0
E0002887,TC0002887,P002602,2026-06-01,DEVELOPMENT,0.0,35,18.0,16,30.0,1,0,1,2,1,0,0,0,0.0,0.0,1,1,0,0,6,0,0
E0002888,TC0002888,P002603,2026-04-15,DEVELOPMENT,0.0,22,6.7,10,21.0,1,0,0,1,0,0,0,0,0.0,0.0,0,0,1,0,4,2,0
E0002889,TC0002889,P002605,2026-02-09,DEVELOPMENT,0.0,46,19.5,24,14.0,1,1,1,3,1,0,0,0,0.0,0.0,0,1,0,0,2,0,0
E0002890,TC0002890,P002605,2026-03-27,DEVELOPMENT,1.0,46,19.5,21,21.0,1,1,1,3,1,1,1,46,0.021739130434782608,3.0,0,1,0,0,3,4,0
E0002891,TC0002891,P002605,2026-06-22,DEVELOPMENT,0.0,46,7.6,19,30.0,1,1,1,3,1,2,1,133,0.015037593984962405,6.0,1,0,0,0,6,0,0
E0002892,TC0002892,P002608,2026-01-07,DEVELOPMENT,1.0,44,26.4,21,14.0,1,1,1,3,1,0,0,0,0.0,0.0,0,1,0,0,1,2,0
E0002893,TC0002893,P002609,2026-07-03,EVALUATION,,46,11.5,20,21.0,0,1,0,1,0,0,0,0,0.0,0.0,0,1,0,1,7,4,0
E0002894,TC0002894,P002611,2026-02-12,DEVELOPMENT,0.0,51,14.1,9,21.0,0,0,1,1,0,0,0,0,0.0,0.0,0,1,0,0,2,3,0
E0002895,TC0002895,P002612,2026-02-05,DEVELOPMENT,0.0,55,18.7,10,21.0,1,1,0,2,1,0,0,0,0.0,0.0,0,1,0,0,2,3,0
E0002896,TC0002896,P002612,2026-04-28,DEVELOPMENT,1.0,55,18.7,17,30.0,1,1,1,3,1,1,1,82,0.012195121951219513,2.0,0,1,0,0,4,1,0
E0002897,TC0002897,P002612,2026-07-04,EVALUATION,,55,18.7,7,21.0,1,1,1,3,1,2,1,149,0.013422818791946308,5.0,0,1,0,0,7,5,1
E0002898,TC0002898,P002614,2026-01-22,DEVELOPMENT,1.0,79,29.6,14,14.0,1,1,1,3,1,0,0,0,0.0,0.0,0,1,0,0,1,3,0
E0002899,TC0002899,P002616,2026-05-25,DEVELOPMENT,1.0,34,24.9,16,21.0,1,0,1,2,1,0,0,0,0.0,0.0,0,1,0,0,5,0,0
E0002900,TC0002900,P002616,2026-07-13,EVALUATION,,34,22.9,13,14.0,1,0,1,2,1,1,1,49,0.02040816326530612,2.0,0,1,0,0,7,0,0
E0002901,TC0002901,P002619,2026-07-16,EVALUATION,,47,16.9,12,14.0,1,1,1,3,1,0,0,0,0.0,0.0,0,1,0,0,7,3,0
E0002902,TC0002902,P002621,2026-04-25,DEVELOPMENT,1.0,40,13.2,11,30.0,0,1,1,2,1,0,0,0,0.0,0.0,1,1,0,0,4,5,1
E0002903,TC0002903,P002621,2026-06-01,DEVELOPMENT,1.0,40,22.3,9,30.0,1,1,1,3,1,1,1,37,0.02702702702702703,2.0,0,1,0,0,6,0,0
E0002904,TC0002904,P002622,2026-02-11,DEVELOPMENT,1.0,38,6.4,18,21.0,1,0,1,2,1,0,0,0,0.0,0.0,0,0,0,0,2,2,0
E0002905,TC0002905,P002622,2026-07-20,EVALUATION,,38,6.4,16,14.0,0,0,1,1,0,1,1,159,0.006289308176100629,2.0,0,0,0,0,7,0,0
E0002906,TC0002906,P002624,2026-06-14,DEVELOPMENT,0.0,25,20.2,19,21.0,1,1,0,2,1,0,0,0,0.0,0.0,1,1,0,0,6,6,1
E0002907,TC0002907,P002625,2026-03-02,DEVELOPMENT,0.0,76,5.1,11,21.0,1,0,0,1,0,0,0,0,0.0,0.0,0,0,0,0,3,0,0
E0002908,TC0002908,P002626,2026-04-03,DEVELOPMENT,1.0,71,21.1,18,21.0,1,1,0,2,1,0,0,0,0.0,0.0,0,1,0,0,4,4,0
E0002909,TC0002909,P000928,2026-05-08,DEVELOPMENT,1.0,79,15.7,22,30.0,1,1,1,3,1,0,0,0,0.0,1.0,0,1,0,0,5,4,0
E0002910,TC0002910,P000928,2026-07-17,EVALUATION,,79,3.6,15,7.0,1,0,1,2,1,1,1,70,0.014285714285714285,4.0,1,0,0,0,7,4,0
E0002911,TC0002911,P002628,2026-05-08,DEVELOPMENT,0.0,46,19.6,11,21.0,0,1,1,2,1,0,0,0,0.0,0.0,1,1,0,0,5,4,0
E0002912,TC0002912,P002629,2026-04-17,DEVELOPMENT,0.0,43,35.4,24,7.0,1,0,1,2,1,0,0,0,0.0,0.0,0,1,0,0,4,4,0
E0002913,TC0002913,P002629,2026-05-29,DEVELOPMENT,1.0,43,26.2,12,14.0,1,0,1,2,1,1,1,42,0.023809523809523808,2.0,0,1,0,0,5,4,0
E0002914,TC0002914,P002630,2026-01-24,DEVELOPMENT,1.0,41,33.3,11,14.0,0,0,1,1,0,0,0,0,0.0,0.0,0,1,0,0,1,5,1
E0002915,TC0002915,P001029,2026-04-27,DEVELOPMENT,0.0,70,6.5,18,21.0,0,0,0,0,0,1,1,55,0.01818181818181818,1.0,0,0,1,0,4,0,0
E0002916,TC0002916,P001029,2026-05-21,DEVELOPMENT,0.0,70,6.5,17,14.0,1,0,1,2,1,2,1,79,0.02531645569620253,1.0,0,0,1,0,5,3,0
E0002917,TC0002917,P002633,2026-01-11,DEVELOPMENT,1.0,60,21.3,23,7.0,1,1,1,3,1,0,0,0,0.0,0.0,1,1,0,0,1,6,1
E0002918,TC0002918,P000976,2026-05-20,DEVELOPMENT,0.0,51,28.2,10,21.0,0,0,0,0,0,1,1,133,0.007518796992481203,2.0,0,1,1,0,5,2,0
E0002919,TC0002919,P002637,2026-08-07,EVALUATION,,58,24.9,15,30.0,1,0,1,2,1,1,1,188,0.005319148936170213,0.0,0,1,0,0,8,4,0
E0002920,TC0002920,P002638,2026-06-15,DEVELOPMENT,1.0,40,33.3,24,21.0,1,1,1,3,1,0,0,0,0.0,0.0,0,1,0,0,6,0,0
E0002921,TC0002921,P002638,2026-07-22,EVALUATION,,40,15.5,24,30.0,0,0,1,1,0,1,1,37,0.02702702702702703,3.0,0,1,0,0,7,2,0
E0002922,TC0002922,P002639,2026-05-04,DEVELOPMENT,0.0,40,35.4,18,30.0,1,0,1,2,1,0,0,0,0.0,0.0,1,1,0,0,5,0,0
E0002923,TC0002923,P002639,2026-06-24,DEVELOPMENT,0.0,40,26.4,18,14.0,1,0,1,2,1,1,1,51,0.0196078431372549,2.0,0,1,0,0,6,2,0
E0002924,TC0002924,P002640,2026-05-21,DEVELOPMENT,1.0,54,7.0,18,14.0,1,0,1,2,1,0,0,0,0.0,0.0,0,0,0,0,5,3,0
E0002925,TC0002925,P002641,2026-06-28,DEVELOPMENT,1.0,48,25.7,22,30.0,1,0,1,2,1,0,0,0,0.0,0.0,0,1,0,0,6,6,1
E0002926,TC0002926,P002643,2026-07-05,EVALUATION,,25,10.4,12,7.0,1,0,1,2,1,0,0,0,0.0,0.0,0,1,0,0,7,6,1
E0002927,TC0002927,P002644,2026-06-13,DEVELOPMENT,0.0,51,5.1,14,21.0,1,0,0,1,0,0,0,0,0.0,0.0,0,0,0,0,6,5,1
E0002928,TC0002928,P002644,2026-07-24,EVALUATION,,51,5.1,24,7.0,1,0,1,2,1,2,1,41,0.04878048780487805,1.0,1,0,0,0,7,4,0
E0002929,TC0002929,P000314,2026-05-19,DEVELOPMENT,0.0,51,27.8,11,14.0,0,1,1,2,1,0,0,0,0.0,0.0,0,1,0,0,5,1,0
E0002930,TC0002930,P002646,2026-03-08,DEVELOPMENT,1.0,35,20.0,19,21.0,1,0,0,1,0,0,0,0,0.0,0.0,1,1,0,0,3,6,1
E0002931,TC0002931,P002648,2026-07-17,EVALUATION,,30,22.3,14,21.0,0,0,0,0,0,0,0,0,0.0,0.0,0,1,0,0,7,4,0
E0002932,TC0002932,P000040,2026-03-27,DEVELOPMENT,0.0,47,27.6,17,21.0,0,0,0,0,0,1,1,84,0.011904761904761904,3.0,1,1,0,0,3,4,0
E0002933,TC0002933,P000040,2026-04-06,DEVELOPMENT,1.0,47,26.6,11,7.0,1,0,1,2,1,2,1,94,0.02127659574468085,3.0,0,1,0,0,4,0,0
E0002934,TC0002934,P000040,2026-04-20,DEVELOPMENT,1.0,47,26.6,14,14.0,1,0,1,2,1,3,1,108,0.027777777777777776,5.0,1,1,0,0,4,0,0
E0002935,TC0002935,P002650,2026-01-03,DEVELOPMENT,1.0,87,22.8,9,7.0,1,0,1,2,1,0,0,0,0.0,0.0,0,1,0,0,1,5,1
E0002936,TC0002936,P002651,2026-01-26,DEVELOPMENT,1.0,50,4.2,23,14.0,1,0,1,2,1,0,0,0,0.0,0.0,1,0,0,0,1,0,0
E0002937,TC0002937,P002652,2026-03-22,DEVELOPMENT,0.0,49,11.5,11,14.0,0,0,1,1,0,0,0,0,0.0,0.0,1,1,0,0,3,6,1
E0002938,TC0002938,P002654,2026-05-15,DEVELOPMENT,1.0,66,22.1,14,21.0,0,0,1,1,0,0,0,0,0.0,0.0,0,1,0,0,5,4,0
E0002939,TC0002939,P002655,2026-02-13,DEVELOPMENT,0.0,31,12.8,7,7.0,0,0,1,1,0,0,0,0,0.0,0.0,1,1,0,0,2,4,0
E0002940,TC0002940,P002656,2026-04-06,DEVELOPMENT,0.0,66,20.0,14,30.0,1,1,1,3,1,0,0,0,0.0,0.0,1,1,0,0,4,0,0
E0002941,TC0002941,P002657,2026-05-10,DEVELOPMENT,0.0,51,21.0,10,30.0,0,0,1,1,0,0,0,0,0.0,0.0,0,1,1,0,5,6,1
E0002942,TC0002942,P002657,2026-06-27,DEVELOPMENT,1.0,51,25.4,16,14.0,1,0,1,2,1,1,1,48,0.020833333333333332,1.0,0,1,1,0,6,5,1
E0002943,TC0002943,P002658,2026-04-07,DEVELOPMENT,0.0,68,22.2,18,21.0,1,0,0,1,0,0,0,0,0.0,0.0,0,1,0,0,4,1,0
E0002944,TC0002944,P002552,2026-05-27,DEVELOPMENT,1.0,66,22.2,22,7.0,1,0,1,2,1,0,0,0,0.0,3.0,0,1,0,1,5,2,0
E0002945,TC0002945,P002659,2026-05-21,DEVELOPMENT,1.0,55,20.3,16,21.0,1,0,0,1,0,0,0,0,0.0,0.0,0,1,0,0,5,3,0
E0002946,TC0002946,P002659,2026-06-23,DEVELOPMENT,1.0,55,11.9,10,21.0,1,1,1,3,1,1,1,33,0.030303030303030304,1.0,0,1,0,0,6,1,0
E0002947,TC0002947,P002660,2026-06-06,DEVELOPMENT,0.0,47,27.9,17,21.0,0,1,0,1,0,0,0,0,0.0,0.0,1,1,0,0,6,5,1
E0002948,TC0002948,P002660,2026-08-04,EVALUATION,,47,9.7,10,21.0,0,0,0,0,0,1,1,59,0.01694915254237288,1.0,1,0,0,0,8,1,0
E0002949,TC0002949,P002661,2026-07-11,EVALUATION,,18,29.9,22,21.0,1,1,0,2,1,0,0,0,0.0,0.0,0,1,0,0,7,5,1
E0002950,TC0002950,P002662,2026-04-23,DEVELOPMENT,0.0,31,25.4,17,21.0,0,0,0,0,0,0,0,0,0.0,0.0,1,1,0,0,4,3,0
E0002951,TC0002951,P002662,2026-07-25,EVALUATION,,31,25.4,24,7.0,1,0,1,2,1,1,1,93,0.010752688172043012,0.0,0,1,0,0,7,5,1
E0002952,TC0002952,P001835,2026-05-24,DEVELOPMENT,0.0,51,36.5,24,7.0,0,0,1,1,0,0,0,0,0.0,0.0,0,1,0,0,5,6,1
E0002953,TC0002953,P002664,2026-01-15,DEVELOPMENT,1.0,47,36.3,20,7.0,1,0,1,2,1,0,0,0,0.0,0.0,0,1,0,0,1,3,0
E0002954,TC0002954,P002298,2026-07-12,EVALUATION,,36,12.6,15,21.0,1,1,1,3,1,2,1,74,0.02702702702702703,4.0,1,1,0,0,7,6,1
E0002955,TC0002955,P002666,2026-03-05,DEVELOPMENT,0.0,40,26.2,11,21.0,1,0,1,2,1,0,0,0,0.0,0.0,0,1,0,0,3,3,0
E0002956,TC0002956,P002667,2026-02-20,DEVELOPMENT,1.0,37,21.1,8,21.0,1,1,1,3,1,0,0,0,0.0,0.0,0,1,0,0,2,4,0
E0002957,TC0002957,P002668,2026-02-20,DEVELOPMENT,0.0,42,22.9,20,21.0,0,1,0,1,0,0,0,0,0.0,0.0,0,1,1,0,2,4,0
E0002958,TC0002958,P002669,2026-06-21,DEVELOPMENT,1.0,62,25.4,22,7.0,1,1,1,3,1,0,0,0,0.0,0.0,0,1,0,0,6,6,1
E0002959,TC0002959,P002670,2026-07-23,EVALUATION,,43,11.4,13,21.0,1,0,1,2,1,0,0,0,0.0,0.0,0,1,0,1,7,3,0
E0002960,TC0002960,P002672,2026-02-27,DEVELOPMENT,0.0,38,11.3,7,14.0,1,1,1,3,1,0,0,0,0.0,0.0,0,1,0,0,2,4,0
E0002961,TC0002961,P002672,2026-03-19,DEVELOPMENT,1.0,38,19.5,23,21.0,1,1,0,2,1,1,1,20,0.05,3.0,1,1,0,0,3,3,0
E0002962,TC0002962,P002675,2026-05-28,DEVELOPMENT,1.0,46,17.6,19,21.0,1,1,1,3,1,0,0,0,0.0,0.0,1,1,0,0,5,3,0
E0002963,TC0002963,P002676,2026-01-21,DEVELOPMENT,1.0,65,26.2,9,21.0,1,0,1,2,1,0,0,0,0.0,0.0,0,1,0,0,1,2,0
E0002964,TC0002964,P002677,2026-03-04,DEVELOPMENT,1.0,38,29.9,10,7.0,1,1,1,3,1,0,0,0,0.0,0.0,0,1,0,0,3,2,0
E0002965,TC0002965,P002678,2026-03-25,DEVELOPMENT,1.0,70,6.4,8,21.0,1,1,0,2,1,0,0,0,0.0,0.0,0,0,1,0,3,2,0
E0002966,TC0002966,P002679,2026-04-22,DEVELOPMENT,1.0,33,22.3,22,21.0,1,1,0,2,1,0,0,0,0.0,0.0,0,1,0,0,4,2,0
E0002967,TC0002967,P002679,2026-06-10,DEVELOPMENT,0.0,33,11.5,17,21.0,1,1,0,2,1,1,1,49,0.02040816326530612,2.0,0,1,0,0,6,2,0
E0002968,TC0002968,P001345,2026-03-07,DEVELOPMENT,0.0,75,25.4,17,30.0,0,0,1,1,0,1,1,41,0.024390243902439025,2.0,0,1,0,0,3,5,1
E0002969,TC0002969,P002681,2026-01-16,DEVELOPMENT,0.0,68,19.2,23,21.0,1,1,0,2,1,0,0,0,0.0,0.0,0,1,0,0,1,4,0
E0002970,TC0002970,P002682,2026-05-23,DEVELOPMENT,0.0,46,2.6,16,21.0,1,1,0,2,1,0,0,0,0.0,0.0,0,0,0,0,5,5,1
E0002971,TC0002971,P002683,2026-06-20,DEVELOPMENT,1.0,18,28.2,7,21.0,1,0,0,1,0,0,0,0,0.0,0.0,0,1,1,0,6,5,1
E0002972,TC0002972,P002684,2026-08-08,EVALUATION,,21,6.6,16,21.0,1,0,0,1,0,0,0,0,0.0,0.0,1,0,0,0,8,5,1
E0002973,TC0002973,P000316,2026-03-17,DEVELOPMENT,1.0,50,16.8,15,21.0,1,1,0,2,1,0,0,0,0.0,1.0,0,1,0,0,3,1,0
E0002974,TC0002974,P000316,2026-05-05,DEVELOPMENT,1.0,50,22.3,19,21.0,1,0,0,1,0,1,1,49,0.02040816326530612,3.0,0,1,0,0,5,1,0
E0002975,TC0002975,P002317,2026-01-12,DEVELOPMENT,0.0,26,12.8,17,14.0,1,1,1,3,1,0,0,0,0.0,0.0,0,1,0,0,1,0,0
E0002976,TC0002976,P002687,2026-01-25,DEVELOPMENT,1.0,45,7.6,21,30.0,0,1,1,2,1,0,0,0,0.0,0.0,0,0,0,0,1,6,1
E0002977,TC0002977,P002688,2026-08-12,EVALUATION,,26,7.3,11,7.0,1,0,1,2,1,0,0,0,0.0,0.0,0,0,0,0,8,2,0
E0002978,TC0002978,P002204,2026-02-13,DEVELOPMENT,0.0,38,35.0,16,21.0,1,0,0,1,0,0,0,0,0.0,0.0,0,1,0,0,2,4,0
E0002979,TC0002979,P002690,2026-06-26,DEVELOPMENT,0.0,25,26.4,11,30.0,0,1,1,2,1,0,0,0,0.0,0.0,0,1,0,0,6,4,0
E0002980,TC0002980,P002692,2026-08-14,EVALUATION,,53,25.7,13,21.0,1,0,1,2,1,1,1,8,0.125,0.0,1,1,0,0,8,4,0
E0002981,TC0002981,P002693,2026-08-03,EVALUATION,,65,16.2,11,21.0,0,0,0,0,0,0,0,0,0.0,0.0,0,1,0,0,8,0,0
E0002982,TC0002982,P002695,2026-05-30,DEVELOPMENT,0.0,50,7.0,19,30.0,1,0,1,2,1,0,0,0,0.0,0.0,1,0,0,0,5,5,1
E0002983,TC0002983,P002696,2026-05-06,DEVELOPMENT,1.0,42,18.4,24,21.0,1,1,0,2,1,0,0,0,0.0,0.0,0,1,1,0,5,2,0
E0002984,TC0002984,P002699,2026-04-28,DEVELOPMENT,1.0,74,33.3,12,30.0,1,1,1,3,1,0,0,0,0.0,0.0,1,1,0,0,4,1,0
E0002985,TC0002985,P002700,2026-02-07,DEVELOPMENT,1.0,44,23.7,12,21.0,1,0,1,2,1,0,0,0,0.0,0.0,0,1,0,0,2,5,1
E0002986,TC0002986,P002125,2026-03-27,DEVELOPMENT,0.0,59,19.5,14,14.0,1,0,1,2,1,0,0,0,0.0,2.0,0,1,0,0,3,4,0
E0002987,TC0002987,P002702,2026-08-11,EVALUATION,,65,17.3,19,21.0,0,0,0,0,0,0,0,0,0.0,0.0,0,1,0,0,8,1,0
E0002988,TC0002988,P002703,2026-07-15,EVALUATION,,88,29.7,17,21.0,1,0,1,2,1,0,0,0,0.0,0.0,1,1,1,0,7,2,0
E0002989,TC0002989,P002703,2026-08-02,EVALUATION,,88,21.3,8,7.0,1,0,1,2,1,1,1,18,0.05555555555555555,2.0,1,1,1,0,8,6,1
E0002990,TC0002990,P002704,2026-04-28,DEVELOPMENT,0.0,36,25.8,14,21.0,1,0,0,1,0,0,0,0,0.0,0.0,1,1,1,0,4,1,0
E0002991,TC0002991,P002705,2026-04-29,DEVELOPMENT,0.0,67,19.2,15,21.0,1,0,1,2,1,0,0,0,0.0,0.0,0,1,0,0,4,2,0
E0002992,TC0002992,P002705,2026-06-05,DEVELOPMENT,1.0,67,19.2,19,7.0,1,0,1,2,1,1,1,37,0.02702702702702703,2.0,1,1,0,0,6,4,0
E0002993,TC0002993,P002706,2026-03-03,DEVELOPMENT,0.0,26,24.9,13,30.0,1,0,1,2,1,0,0,0,0.0,0.0,0,1,0,0,3,1,0
E0002994,TC0002994,P002198,2026-03-04,DEVELOPMENT,0.0,18,3.6,18,21.0,0,1,0,1,0,0,0,0,0.0,3.0,0,0,0,1,3,2,0
E0002995,TC0002995,P002708,2026-06-11,DEVELOPMENT,0.0,45,2.6,13,21.0,1,0,1,2,1,0,0,0,0.0,0.0,0,0,0,0,6,3,0
E0002996,TC0002996,P002708,2026-08-09,EVALUATION,,45,2.6,13,21.0,1,0,0,1,0,1,1,59,0.01694915254237288,2.0,0,0,0,0,8,6,1
E0002997,TC0002997,P002709,2026-02-05,DEVELOPMENT,0.0,43,20.0,8,7.0,1,1,1,3,1,0,0,0,0.0,0.0,0,1,0,0,2,3,0
E0002998,TC0002998,P002709,2026-04-05,DEVELOPMENT,0.0,43,25.7,19,21.0,1,0,0,1,0,1,1,59,0.01694915254237288,3.0,1,1,0,0,4,6,1
E0002999,TC0002999,P002709,2026-05-30,DEVELOPMENT,0.0,43,25.7,21,21.0,1,0,0,1,0,2,1,114,0.017543859649122806,4.0,0,1,0,0,5,5,1
E0003000,TC0003000,P002710,2026-08-13,EVALUATION,,62,5.6,7,21.0,1,1,0,2,1,0,0,0,0.0,0.0,0,0,0,0,8,3,0
E0003001,TC0003001,P002711,2026-04-26,DEVELOPMENT,0.0,53,12.8,19,21.0,1,0,1,2,1,0,0,0,0.0,0.0,0,1,0,0,4,6,1
E0003002,TC0003002,P002711,2026-05-05,DEVELOPMENT,1.0,53,17.2,21,7.0,1,1,1,3,1,1,1,9,0.1111111111111111,2.0,0,1,0,0,5,1,0
E0003003,TC0003003,P002713,2026-07-24,EVALUATION,,43,18.4,10,14.0,1,0,1,2,1,0,0,0,0.0,0.0,0,1,0,0,7,4,0
E0003004,TC0003004,P002714,2026-01-01,DEVELOPMENT,1.0,45,13.9,7,30.0,0,1,1,2,1,0,0,0,0.0,0.0,0,1,0,0,1,3,0
E0003005,TC0003005,P002714,2026-04-27,DEVELOPMENT,0.0,45,7.4,21,21.0,1,1,0,2,1,1,1,116,0.008620689655172414,2.0,1,0,0,0,4,0,0
E0003006,TC0003006,P002716,2026-08-11,EVALUATION,,51,26.4,24,14.0,1,0,1,2,1,0,0,0,0.0,0.0,1,1,0,0,8,1,0
E0003007,TC0003007,P000971,2026-02-03,DEVELOPMENT,0.0,57,33.3,23,21.0,0,1,1,2,1,0,0,0,0.0,4.0,1,1,0,0,2,1,0
E0003008,TC0003008,P001087,2026-08-13,EVALUATION,,44,7.6,11,14.0,1,0,1,2,1,1,1,13,0.07692307692307693,2.0,0,0,0,0,8,3,0
E0003009,TC0003009,P002719,2026-07-11,EVALUATION,,60,17.2,11,7.0,0,1,1,2,1,0,0,0,0.0,0.0,0,1,0,0,7,5,1
E0003010,TC0003010,P002719,2026-08-13,EVALUATION,,60,29.4,9,21.0,1,1,1,3,1,1,1,33,0.030303030303030304,2.0,0,1,0,0,8,3,0
E0003011,TC0003011,P002720,2026-08-07,EVALUATION,,43,6.7,8,14.0,0,0,1,1,0,0,0,0,0.0,0.0,1,0,0,0,8,4,0
E0003012,TC0003012,P002721,2026-08-15,EVALUATION,,33,10.4,17,21.0,0,0,0,0,0,0,0,0,0.0,0.0,0,1,0,0,8,5,1
E0003013,TC0003013,P002722,2026-02-24,DEVELOPMENT,1.0,52,7.3,13,30.0,1,1,1,3,1,0,0,0,0.0,0.0,0,0,0,0,2,1,0
E0003014,TC0003014,P002722,2026-03-02,DEVELOPMENT,0.0,52,7.3,14,21.0,1,0,0,1,0,1,1,6,0.16666666666666666,3.0,0,0,0,0,3,0,0
E0003015,TC0003015,P004003,2026-04-01,DEVELOPMENT,1.0,55,35.4,21,14.0,1,0,1,2,1,0,0,0,0.0,0.0,1,1,0,0,4,2,0
E0003016,TC0003016,P002724,2026-03-05,DEVELOPMENT,0.0,54,1.4,16,30.0,1,1,1,3,1,0,0,0,0.0,0.0,1,0,0,0,3,3,0
E0003017,TC0003017,P002726,2026-06-28,DEVELOPMENT,1.0,42,25.7,16,14.0,0,0,1,1,0,0,0,0,0.0,0.0,1,1,0,0,6,6,1
E0003018,TC0003018,P002727,2026-01-16,DEVELOPMENT,0.0,58,22.4,15,21.0,1,0,0,1,0,0,0,0,0.0,0.0,0,1,0,0,1,4,0
E0003019,TC0003019,P002729,2026-05-12,DEVELOPMENT,1.0,45,26.4,11,7.0,1,0,1,2,1,0,0,0,0.0,0.0,0,1,0,0,5,1,0
E0003020,TC0003020,P002730,2026-02-18,DEVELOPMENT,0.0,64,19.9,9,21.0,0,0,0,0,0,0,0,0,0.0,0.0,1,1,0,0,2,2,0
E0003021,TC0003021,P002731,2026-06-18,DEVELOPMENT,1.0,65,22.9,13,21.0,1,0,0,1,0,1,1,91,0.01098901098901099,0.0,0,1,1,0,6,3,0
E0003022,TC0003022,P002732,2026-01-27,DEVELOPMENT,1.0,69,23.7,15,21.0,1,0,0,1,0,0,0,0,0.0,0.0,1,1,0,0,1,1,0
E0003023,TC0003023,P002732,2026-04-21,DEVELOPMENT,1.0,69,7.0,7,7.0,1,0,1,2,1,1,1,84,0.011904761904761904,1.0,0,0,0,0,4,1,0
E0003024,TC0003024,P002734,2026-05-07,DEVELOPMENT,0.0,50,4.1,13,21.0,1,0,0,1,0,0,0,0,0.0,0.0,1,0,0,0,5,3,0
E0003025,TC0003025,P002734,2026-06-30,DEVELOPMENT,1.0,50,21.1,20,14.0,1,0,1,2,1,1,1,54,0.018518518518518517,1.0,0,1,0,0,6,1,0
E0003026,TC0003026,P002736,2026-01-25,DEVELOPMENT,0.0,42,19.2,17,21.0,0,1,0,1,0,0,0,0,0.0,0.0,0,1,1,0,1,6,1
E0003027,TC0003027,P002736,2026-03-05,DEVELOPMENT,1.0,42,19.7,10,21.0,1,0,1,2,1,1,1,39,0.02564102564102564,1.0,0,1,1,0,3,3,0
E0003028,TC0003028,P002736,2026-05-03,DEVELOPMENT,1.0,42,19.2,11,30.0,1,1,1,3,1,2,1,98,0.02040816326530612,3.0,1,1,1,0,5,6,1
E0003029,TC0003029,P002737,2026-02-27,DEVELOPMENT,1.0,43,15.7,17,7.0,1,1,1,3,1,0,0,0,0.0,0.0,1,1,0,0,2,4,0
E0003030,TC0003030,P002025,2026-07-09,EVALUATION,,40,13.9,15,21.0,1,0,1,2,1,1,1,139,0.007194244604316547,2.0,0,1,1,0,7,3,0
E0003031,TC0003031,P002738,2026-07-30,EVALUATION,,77,7.4,7,14.0,1,0,1,2,1,0,0,0,0.0,0.0,0,0,0,0,7,3,0
E0003032,TC0003032,P002739,2026-01-14,DEVELOPMENT,0.0,18,20.6,21,7.0,1,0,1,2,1,0,0,0,0.0,0.0,0,1,0,0,1,2,0
E0003033,TC0003033,P002740,2026-08-10,EVALUATION,,65,7.6,11,21.0,1,1,0,2,1,0,0,0,0.0,0.0,0,0,0,0,8,0,0
E0003034,TC0003034,P000149,2026-08-11,EVALUATION,,40,26.2,11,21.0,1,0,0,1,0,1,1,17,0.058823529411764705,3.0,0,1,1,0,8,1,0
E0003035,TC0003035,P002742,2026-05-14,DEVELOPMENT,1.0,43,23.1,21,21.0,1,1,1,3,1,0,0,0,0.0,0.0,0,1,1,0,5,3,0
E0003036,TC0003036,P002743,2026-01-07,DEVELOPMENT,1.0,63,12.6,21,21.0,1,0,0,1,0,0,0,0,0.0,0.0,0,1,0,0,1,2,0
E0003037,TC0003037,P002743,2026-08-05,EVALUATION,,63,4.2,10,21.0,1,1,0,2,1,3,1,210,0.014285714285714285,1.0,1,0,0,0,8,2,0
E0003038,TC0003038,P002744,2026-06-13,DEVELOPMENT,0.0,45,20.6,23,30.0,1,1,1,3,1,0,0,0,0.0,0.0,0,1,0,0,6,5,1
E0003039,TC0003039,P000945,2026-05-01,DEVELOPMENT,0.0,30,7.3,24,21.0,1,0,0,1,0,0,0,0,0.0,0.0,0,0,0,1,5,4,0
E0003040,TC0003040,P000945,2026-07-23,EVALUATION,,30,26.6,22,21.0,1,0,1,2,1,1,1,83,0.012048192771084338,1.0,0,1,0,1,7,3,0
E0003041,TC0003041,P002746,2026-05-30,DEVELOPMENT,0.0,43,22.4,23,21.0,1,1,1,3,1,0,0,0,0.0,0.0,1,1,0,0,5,5,1
E0003042,TC0003042,P002747,2026-01-25,DEVELOPMENT,1.0,50,19.5,15,7.0,1,0,1,2,1,0,0,0,0.0,0.0,0,1,0,0,1,6,1
E0003043,TC0003043,P002747,2026-08-06,EVALUATION,,50,7.6,19,21.0,0,0,0,0,0,1,1,193,0.0051813471502590676,2.0,0,0,0,0,8,3,0
E0003044,TC0003044,P000255,2026-07-07,EVALUATION,,40,2.6,8,14.0,0,1,1,2,1,3,1,116,0.02586206896551724,1.0,1,0,0,0,7,1,0
E0003045,TC0003045,P002749,2026-02-10,DEVELOPMENT,0.0,24,12.8,15,30.0,0,0,1,1,0,0,0,0,0.0,0.0,0,1,0,0,2,1,0
E0003046,TC0003046,P002750,2026-01-31,DEVELOPMENT,0.0,70,15.5,10,14.0,0,0,1,1,0,0,0,0,0.0,0.0,1,1,0,0,1,5,1
E0003047,TC0003047,P002751,2026-06-19,DEVELOPMENT,0.0,59,20.3,7,21.0,0,0,0,0,0,0,0,0,0.0,0.0,0,1,0,0,6,4,0
E0003048,TC0003048,P002751,2026-07-20,EVALUATION,,59,11.9,21,21.0,1,1,0,2,1,1,1,31,0.03225806451612903,0.0,0,1,0,0,7,0,0
E0003049,TC0003049,P002754,2026-03-31,DEVELOPMENT,1.0,31,22.3,12,21.0,1,0,1,2,1,0,0,0,0.0,0.0,0,1,0,0,3,1,0
E0003050,TC0003050,P002755,2026-01-09,DEVELOPMENT,1.0,27,26.3,20,21.0,1,1,1,3,1,0,0,0,0.0,0.0,0,1,0,0,1,4,0
E0003051,TC0003051,P002756,2026-01-28,DEVELOPMENT,0.0,42,36.3,7,7.0,0,0,1,1,0,0,0,0,0.0,0.0,1,1,0,0,1,2,0
E0003052,TC0003052,P002757,2026-06-16,DEVELOPMENT,1.0,65,20.6,12,21.0,1,1,0,2,1,0,0,0,0.0,0.0,0,1,0,0,6,1,0
E0003053,TC0003053,P002758,2026-03-24,DEVELOPMENT,1.0,33,18.4,20,30.0,0,0,1,1,0,0,0,0,0.0,0.0,0,1,0,0,3,1,0
E0003054,TC0003054,P002759,2026-04-04,DEVELOPMENT,0.0,42,25.4,9,14.0,0,0,1,1,0,0,0,0,0.0,0.0,1,1,0,0,4,5,1
E0003055,TC0003055,P002759,2026-04-20,DEVELOPMENT,1.0,42,21.0,19,7.0,1,0,1,2,1,1,1,16,0.0625,1.0,0,1,0,0,4,0,0
E0003056,TC0003056,P002761,2026-04-23,DEVELOPMENT,0.0,75,1.4,22,21.0,1,0,1,2,1,0,0,0,0.0,0.0,1,0,0,1,4,3,0
E0003057,TC0003057,P002761,2026-05-23,DEVELOPMENT,0.0,75,10.4,22,21.0,0,0,0,0,0,1,1,30,0.03333333333333333,2.0,0,1,0,1,5,5,1
E0003058,TC0003058,P002761,2026-05-29,DEVELOPMENT,0.0,75,10.4,10,30.0,1,1,1,3,1,2,1,36,0.05555555555555555,2.0,1,1,0,1,5,4,0
E0003059,TC0003059,P002763,2026-07-28,EVALUATION,,54,12.6,13,7.0,1,0,1,2,1,0,0,0,0.0,0.0,1,1,0,0,7,1,0
E0003060,TC0003060,P002765,2026-04-19,DEVELOPMENT,0.0,50,15.5,20,21.0,1,0,0,1,0,0,0,0,0.0,0.0,1,1,0,0,4,6,1
E0003061,TC0003061,P002766,2026-06-04,DEVELOPMENT,0.0,49,26.6,18,21.0,1,0,1,2,1,0,0,0,0.0,0.0,0,1,0,1,6,3,0
E0003062,TC0003062,P002767,2026-01-06,DEVELOPMENT,0.0,60,25.4,17,30.0,1,0,1,2,1,0,0,0,0.0,0.0,1,1,0,0,1,1,0
E0003063,TC0003063,P002768,2026-01-16,DEVELOPMENT,0.0,52,23.1,16,14.0,0,0,1,1,0,0,0,0,0.0,0.0,0,1,0,0,1,4,0
E0003064,TC0003064,P002769,2026-07-13,EVALUATION,,33,35.4,14,30.0,1,0,1,2,1,0,0,0,0.0,0.0,0,1,0,0,7,0,0
E0003065,TC0003065,P002770,2026-03-08,DEVELOPMENT,0.0,46,4.2,23,30.0,1,1,1,3,1,0,0,0,0.0,0.0,1,0,0,0,3,6,1
E0003066,TC0003066,P002771,2026-05-01,DEVELOPMENT,0.0,51,17.6,14,21.0,1,0,0,1,0,0,0,0,0.0,0.0,1,1,0,0,5,4,0
E0003067,TC0003067,P002772,2026-08-11,EVALUATION,,59,3.6,16,30.0,1,0,1,2,1,0,0,0,0.0,0.0,0,0,0,0,8,1,0
E0003068,TC0003068,P002773,2026-04-11,DEVELOPMENT,0.0,39,6.4,7,30.0,1,1,1,3,1,0,0,0,0.0,0.0,0,0,0,0,4,5,1
E0003069,TC0003069,P002774,2026-05-23,DEVELOPMENT,0.0,49,21.0,21,21.0,1,1,0,2,1,0,0,0,0.0,0.0,0,1,0,0,5,5,1
E0003070,TC0003070,P002775,2026-07-19,EVALUATION,,47,15.7,9,30.0,0,1,1,2,1,0,0,0,0.0,0.0,0,1,0,0,7,6,1
E0003071,TC0003071,P002777,2026-07-27,EVALUATION,,60,15.7,13,21.0,1,0,1,2,1,1,1,22,0.045454545454545456,0.0,0,1,0,0,7,0,0
E0003072,TC0003072,P002779,2026-02-22,DEVELOPMENT,0.0,59,22.3,19,21.0,1,0,0,1,0,0,0,0,0.0,0.0,1,1,0,0,2,6,1
E0003073,TC0003073,P002779,2026-03-01,DEVELOPMENT,1.0,59,11.5,22,21.0,0,1,1,2,1,1,1,7,0.14285714285714285,1.0,1,1,0,0,3,6,1
E0003074,TC0003074,P002780,2026-07-26,EVALUATION,,45,21.0,22,7.0,1,0,1,2,1,1,1,36,0.027777777777777776,0.0,0,1,0,0,7,6,1
E0003075,TC0003075,P001668,2026-02-13,DEVELOPMENT,1.0,29,7.3,18,7.0,1,0,1,2,1,0,0,0,0.0,5.0,1,0,0,0,2,4,0
E0003076,TC0003076,P002783,2026-07-03,EVALUATION,,54,7.6,15,21.0,1,0,0,1,0,0,0,0,0.0,0.0,1,0,0,0,7,4,0
E0003077,TC0003077,P002783,2026-08-10,EVALUATION,,54,7.6,20,21.0,1,1,0,2,1,1,1,38,0.02631578947368421,1.0,0,0,0,0,8,0,0
E0003078,TC0003078,P000770,2026-04-20,DEVELOPMENT,0.0,41,7.0,10,21.0,1,0,0,1,0,0,0,0,0.0,2.0,1,0,0,0,4,0,0
E0003079,TC0003079,P002785,2026-03-20,DEVELOPMENT,1.0,51,27.8,13,30.0,1,1,1,3,1,0,0,0,0.0,0.0,0,1,0,0,3,4,0
E0003080,TC0003080,P002786,2026-01-26,DEVELOPMENT,0.0,50,10.4,22,30.0,0,0,1,1,0,0,0,0,0.0,0.0,1,1,0,0,1,0,0
E0003081,TC0003081,P002786,2026-04-16,DEVELOPMENT,0.0,50,10.8,12,21.0,1,1,1,3,1,1,1,80,0.0125,1.0,0,1,0,0,4,3,0
E0003082,TC0003082,P002786,2026-05-28,DEVELOPMENT,1.0,50,10.4,20,21.0,1,1,0,2,1,2,1,122,0.01639344262295082,4.0,0,1,0,0,5,3,0
E0003083,TC0003083,P002787,2026-03-09,DEVELOPMENT,0.0,42,33.3,11,21.0,1,0,0,1,0,0,0,0,0.0,0.0,1,1,0,0,3,0,0
E0003084,TC0003084,P002789,2026-02-23,DEVELOPMENT,1.0,61,4.1,13,30.0,0,0,1,1,0,0,0,0,0.0,0.0,0,0,0,0,2,0,0
E0003085,TC0003085,P003615,2026-04-13,DEVELOPMENT,1.0,51,26.3,12,21.0,1,0,0,1,0,0,0,0,0.0,0.0,1,1,0,0,4,0,0
E0003086,TC0003086,P002791,2026-04-07,DEVELOPMENT,0.0,47,21.7,8,30.0,1,0,1,2,1,0,0,0,0.0,0.0,1,1,0,0,4,1,0
E0003087,TC0003087,P002792,2026-06-20,DEVELOPMENT,0.0,36,17.9,13,21.0,1,1,0,2,1,0,0,0,0.0,0.0,1,1,0,0,6,5,1
E0003088,TC0003088,P002792,2026-08-05,EVALUATION,,36,17.9,20,21.0,1,1,0,2,1,1,1,46,0.021739130434782608,2.0,0,1,0,0,8,2,0
E0003089,TC0003089,P002794,2026-01-10,DEVELOPMENT,0.0,43,21.7,18,30.0,1,0,1,2,1,0,0,0,0.0,0.0,0,1,0,0,1,5,1
E0003090,TC0003090,P002794,2026-01-25,DEVELOPMENT,1.0,43,33.3,11,30.0,1,0,1,2,1,1,1,15,0.06666666666666667,2.0,0,1,0,0,1,6,1
E0003091,TC0003091,P002795,2026-01-27,DEVELOPMENT,0.0,58,24.9,13,30.0,1,1,1,3,1,0,0,0,0.0,0.0,0,1,0,0,1,1,0
E0003092,TC0003092,P002796,2026-02-11,DEVELOPMENT,1.0,48,18.0,24,21.0,1,1,1,3,1,0,0,0,0.0,0.0,0,1,0,0,2,2,0
E0003093,TC0003093,P002797,2026-01-15,DEVELOPMENT,0.0,35,1.4,13,7.0,1,0,1,2,1,0,0,0,0.0,0.0,0,0,0,0,1,3,0
E0003094,TC0003094,P002797,2026-05-07,DEVELOPMENT,0.0,35,1.4,8,30.0,1,0,1,2,1,1,1,112,0.008928571428571428,2.0,1,0,0,0,5,3,0
E0003095,TC0003095,P002798,2026-03-16,DEVELOPMENT,1.0,54,16.9,20,7.0,1,1,1,3,1,0,0,0,0.0,0.0,1,1,0,0,3,0,0
E0003096,TC0003096,P002798,2026-07-26,EVALUATION,,54,16.9,10,7.0,1,0,1,2,1,1,1,132,0.007575757575757576,3.0,0,1,0,0,7,6,1
E0003097,TC0003097,P002799,2026-01-02,DEVELOPMENT,0.0,41,19.2,20,21.0,1,1,0,2,1,0,0,0,0.0,0.0,1,1,0,1,1,4,0
E0003098,TC0003098,P002800,2026-04-30,DEVELOPMENT,1.0,63,15.7,19,14.0,0,1,1,2,1,0,0,0,0.0,0.0,0,1,0,0,4,3,0
E0003099,TC0003099,P002801,2026-07-15,EVALUATION,,61,26.6,23,21.0,1,1,1,3,1,0,0,0,0.0,0.0,1,1,0,0,7,2,0
E0003100,TC0003100,P001392,2026-04-15,DEVELOPMENT,0.0,64,11.4,14,30.0,1,0,1,2,1,1,1,66,0.015151515151515152,2.0,0,1,0,0,4,2,0
E0003101,TC0003101,P002803,2026-07-26,EVALUATION,,40,6.4,7,30.0,1,0,1,2,1,0,0,0,0.0,0.0,0,0,1,0,7,6,1
E0003102,TC0003102,P002804,2026-04-30,DEVELOPMENT,1.0,61,27.9,15,30.0,1,1,1,3,1,2,1,113,0.017699115044247787,0.0,0,1,0,0,4,3,0
E0003103,TC0003103,P002804,2026-07-15,EVALUATION,,61,27.9,18,7.0,1,1,1,3,1,3,1,189,0.015873015873015872,3.0,0,1,0,0,7,2,0
E0003104,TC0003104,P000763,2026-02-13,DEVELOPMENT,0.0,49,6.7,22,21.0,1,0,1,2,1,0,0,0,0.0,4.0,0,0,0,0,2,4,0
E0003105,TC0003105,P002807,2026-02-28,DEVELOPMENT,1.0,58,8.7,10,21.0,1,1,1,3,1,0,0,0,0.0,0.0,0,0,0,0,2,5,1
E0003106,TC0003106,P000344,2026-04-27,DEVELOPMENT,0.0,62,24.9,14,30.0,1,0,1,2,1,0,0,0,0.0,3.0,1,1,0,0,4,0,0
E0003107,TC0003107,P002809,2026-07-05,EVALUATION,,40,25.4,9,21.0,1,1,0,2,1,0,0,0,0.0,0.0,1,1,0,0,7,6,1
E0003108,TC0003108,P002810,2026-07-21,EVALUATION,,70,25.8,18,21.0,1,0,0,1,0,0,0,0,0.0,0.0,1,1,0,0,7,1,0
E0003109,TC0003109,P002811,2026-07-14,EVALUATION,,18,12.6,18,30.0,0,0,1,1,0,0,0,0,0.0,0.0,1,1,0,0,7,1,0
E0003110,TC0003110,P002812,2026-05-14,DEVELOPMENT,1.0,37,7.6,7,14.0,1,1,1,3,1,0,0,0,0.0,0.0,0,0,0,0,5,3,0
E0003111,TC0003111,P002812,2026-07-05,EVALUATION,,37,7.6,22,21.0,1,1,1,3,1,1,1,52,0.019230769230769232,3.0,0,0,0,0,7,6,1
E0003112,TC0003112,P002812,2026-08-07,EVALUATION,,37,11.3,11,21.0,0,0,1,1,0,2,1,85,0.023529411764705882,6.0,1,1,0,0,8,4,0
E0003113,TC0003113,P002814,2026-01-29,DEVELOPMENT,0.0,69,14.1,20,7.0,0,1,1,2,1,0,0,0,0.0,0.0,0,1,0,0,1,3,0
E0003114,TC0003114,P002814,2026-08-08,EVALUATION,,69,23.7,23,21.0,1,0,1,2,1,1,1,191,0.005235602094240838,2.0,0,1,0,0,8,5,1
E0003115,TC0003115,P002815,2026-06-11,DEVELOPMENT,1.0,60,25.7,22,21.0,1,0,0,1,0,0,0,0,0.0,0.0,0,1,0,1,6,3,0
E0003116,TC0003116,P002815,2026-07-25,EVALUATION,,60,25.7,23,21.0,1,0,1,2,1,1,1,44,0.022727272727272728,1.0,0,1,0,1,7,5,1
E0003117,TC0003117,P002816,2026-07-21,EVALUATION,,45,23.7,18,21.0,0,1,0,1,0,0,0,0,0.0,0.0,0,1,0,0,7,1,0
E0003118,TC0003118,P002817,2026-03-28,DEVELOPMENT,0.0,22,18.7,11,30.0,1,0,1,2,1,0,0,0,0.0,0.0,1,1,0,1,3,5,1
E0003119,TC0003119,P002817,2026-05-08,DEVELOPMENT,1.0,22,18.7,17,30.0,1,0,1,2,1,1,1,41,0.024390243902439025,2.0,0,1,0,1,5,4,0
E0003120,TC0003120,P002818,2026-02-22,DEVELOPMENT,0.0,35,19.2,24,14.0,1,0,1,2,1,0,0,0,0.0,0.0,0,1,0,0,2,6,1
E0003121,TC0003121,P002819,2026-03-19,DEVELOPMENT,1.0,56,22.1,9,21.0,1,0,0,1,0,0,0,0,0.0,0.0,0,1,0,0,3,3,0
E0003122,TC0003122,P002819,2026-04-14,DEVELOPMENT,1.0,56,22.1,14,30.0,1,0,1,2,1,1,1,26,0.038461538461538464,1.0,0,1,0,0,4,1,0
E0003123,TC0003123,P002819,2026-05-26,DEVELOPMENT,1.0,56,29.2,11,21.0,1,0,1,2,1,2,1,68,0.029411764705882353,3.0,1,1,0,0,5,1,0
E0003124,TC0003124,P002820,2026-03-27,DEVELOPMENT,0.0,77,17.2,8,14.0,0,0,1,1,0,0,0,0,0.0,0.0,1,1,0,0,3,4,0
E0003125,TC0003125,P002820,2026-04-17,DEVELOPMENT,0.0,77,29.4,14,21.0,0,0,0,0,0,1,1,21,0.047619047619047616,1.0,0,1,0,0,4,4,0
E0003126,TC0003126,P002821,2026-07-23,EVALUATION,,52,13.2,7,21.0,1,0,1,2,1,0,0,0,0.0,0.0,0,1,0,0,7,3,0
E0003127,TC0003127,P002822,2026-06-29,DEVELOPMENT,0.0,85,26.6,22,7.0,1,0,1,2,1,0,0,0,0.0,0.0,0,1,0,0,6,0,0
E0003128,TC0003128,P002823,2026-03-21,DEVELOPMENT,1.0,51,11.3,21,21.0,1,1,1,3,1,0,0,0,0.0,0.0,0,1,0,0,3,5,1
E0003129,TC0003129,P002823,2026-05-01,DEVELOPMENT,1.0,51,19.5,19,21.0,1,1,0,2,1,1,1,41,0.024390243902439025,3.0,1,1,0,0,5,4,0
E0003130,TC0003130,P002823,2026-07-05,EVALUATION,,51,19.5,9,21.0,1,1,0,2,1,2,1,106,0.018867924528301886,5.0,1,1,0,0,7,6,1
E0003131,TC0003131,P002825,2026-02-18,DEVELOPMENT,0.0,40,6.7,21,21.0,1,1,1,3,1,0,0,0,0.0,0.0,0,0,0,0,2,2,0
E0003132,TC0003132,P002825,2026-06-18,DEVELOPMENT,1.0,40,36.5,20,14.0,1,0,1,2,1,1,1,120,0.008333333333333333,3.0,0,1,0,0,6,3,0
E0003133,TC0003133,P002825,2026-08-02,EVALUATION,,40,36.5,9,7.0,1,0,1,2,1,2,1,165,0.012121212121212121,5.0,0,1,0,0,8,6,1
E0003134,TC0003134,P002826,2026-06-04,DEVELOPMENT,1.0,62,18.7,15,14.0,1,0,1,2,1,0,0,0,0.0,0.0,0,1,0,0,6,3,0
E0003135,TC0003135,P002827,2026-07-21,EVALUATION,,49,36.5,9,21.0,1,0,1,2,1,0,0,0,0.0,0.0,0,1,0,0,7,1,0
E0003136,TC0003136,P002828,2026-01-11,DEVELOPMENT,1.0,55,10.4,22,30.0,1,0,1,2,1,0,0,0,0.0,0.0,1,1,0,0,1,6,1
E0003137,TC0003137,P002828,2026-06-29,DEVELOPMENT,0.0,55,1.4,16,7.0,1,1,1,3,1,1,1,169,0.005917159763313609,2.0,1,0,0,0,6,0,0
E0003138,TC0003138,P002829,2026-05-25,DEVELOPMENT,0.0,39,35.0,21,21.0,0,0,0,0,0,0,0,0,0.0,0.0,0,1,0,0,5,0,0
E0003139,TC0003139,P002830,2026-02-16,DEVELOPMENT,1.0,56,2.2,7,21.0,0,1,1,2,1,0,0,0,0.0,0.0,1,0,0,0,2,0,0
E0003140,TC0003140,P002831,2026-08-14,EVALUATION,,69,13.0,14,14.0,1,1,1,3,1,0,0,0,0.0,0.0,0,1,0,0,8,4,0
E0003141,TC0003141,P002832,2026-06-11,DEVELOPMENT,0.0,62,26.6,21,30.0,1,0,1,2,1,0,0,0,0.0,0.0,0,1,1,0,6,3,0
E0003142,TC0003142,P002832,2026-07-06,EVALUATION,,62,6.5,19,21.0,1,0,0,1,0,1,1,25,0.04,2.0,0,0,1,0,7,0,0
E0003143,TC0003143,P002833,2026-01-07,DEVELOPMENT,0.0,27,29.4,7,7.0,1,0,1,2,1,0,0,0,0.0,0.0,0,1,0,0,1,2,0
E0003144,TC0003144,P002834,2026-07-24,EVALUATION,,43,23.7,9,14.0,0,0,1,1,0,0,0,0,0.0,0.0,1,1,0,0,7,4,0
E0003145,TC0003145,P002834,2026-08-04,EVALUATION,,43,9.4,16,14.0,1,0,1,2,1,1,1,11,0.09090909090909091,1.0,1,0,0,0,8,1,0
E0003146,TC0003146,P002835,2026-01-08,DEVELOPMENT,1.0,51,18.7,13,21.0,1,0,1,2,1,0,0,0,0.0,0.0,1,1,0,0,1,3,0
E0003147,TC0003147,P000953,2026-01-14,DEVELOPMENT,1.0,29,17.3,9,7.0,1,1,1,3,1,0,0,0,0.0,2.0,0,1,0,0,1,2,0
E0003148,TC0003148,P002837,2026-07-05,EVALUATION,,32,29.4,19,14.0,1,0,1,2,1,0,0,0,0.0,0.0,1,1,0,0,7,6,1
E0003149,TC0003149,P004370,2026-01-08,DEVELOPMENT,0.0,30,20.2,23,30.0,1,0,1,2,1,0,0,0,0.0,0.0,0,1,0,0,1,3,0
E0003150,TC0003150,P002838,2026-08-09,EVALUATION,,54,38.9,22,21.0,1,1,1,3,1,0,0,0,0.0,0.0,0,1,0,0,8,6,1
E0003151,TC0003151,P002840,2026-08-05,EVALUATION,,32,2.6,14,21.0,0,0,1,1,0,0,0,0,0.0,0.0,0,0,0,0,8,2,0
E0003152,TC0003152,P002841,2026-04-26,DEVELOPMENT,1.0,29,13.9,11,21.0,1,0,0,1,0,0,0,0,0.0,0.0,1,1,0,0,4,6,1
E0003153,TC0003153,P002841,2026-05-26,DEVELOPMENT,1.0,29,13.9,12,14.0,1,1,1,3,1,1,1,30,0.03333333333333333,1.0,0,1,0,0,5,1,0
E0003154,TC0003154,P002843,2026-07-30,EVALUATION,,64,19.5,22,30.0,0,1,1,2,1,0,0,0,0.0,0.0,1,1,0,0,7,3,0
E0003155,TC0003155,P002844,2026-03-16,DEVELOPMENT,0.0,69,21.3,16,21.0,1,0,0,1,0,0,0,0,0.0,0.0,0,1,0,0,3,0,0
E0003156,TC0003156,P002845,2026-03-25,DEVELOPMENT,1.0,78,19.2,8,14.0,1,0,1,2,1,0,0,0,0.0,0.0,1,1,0,0,3,2,0
E0003157,TC0003157,P002846,2026-03-02,DEVELOPMENT,0.0,34,11.4,22,7.0,1,0,1,2,1,0,0,0,0.0,0.0,1,1,0,0,3,0,0
E0003158,TC0003158,P002848,2026-03-31,DEVELOPMENT,0.0,80,5.6,22,7.0,1,0,1,2,1,0,0,0,0.0,0.0,0,0,0,0,3,1,0
E0003159,TC0003159,P002850,2026-01-16,DEVELOPMENT,1.0,34,23.7,13,7.0,1,0,1,2,1,0,0,0,0.0,0.0,1,1,1,0,1,4,0
E0003160,TC0003160,P002851,2026-06-23,DEVELOPMENT,0.0,35,19.2,8,21.0,1,1,1,3,1,0,0,0,0.0,0.0,1,1,0,1,6,1,0
E0003161,TC0003161,P002851,2026-07-12,EVALUATION,,35,22.4,10,21.0,1,0,0,1,0,1,1,19,0.05263157894736842,3.0,0,1,0,1,7,6,1
E0003162,TC0003162,P002852,2026-03-25,DEVELOPMENT,1.0,64,25.4,17,21.0,1,0,0,1,0,0,0,0,0.0,0.0,0,1,0,0,3,2,0
E0003163,TC0003163,P001265,2026-03-05,DEVELOPMENT,0.0,46,26.6,18,21.0,0,1,1,2,1,0,0,0,0.0,2.0,0,1,0,0,3,3,0
E0003164,TC0003164,P002854,2026-03-18,DEVELOPMENT,0.0,45,2.6,24,7.0,1,0,1,2,1,0,0,0,0.0,0.0,1,0,0,0,3,2,0
E0003165,TC0003165,P000219,2026-08-08,EVALUATION,,38,21.0,14,30.0,0,0,1,1,0,1,1,194,0.005154639175257732,1.0,0,1,0,0,8,5,1
E0003166,TC0003166,P002856,2026-01-10,DEVELOPMENT,1.0,45,36.3,15,7.0,1,1,1,3,1,0,0,0,0.0,0.0,0,1,0,0,1,5,1
E0003167,TC0003167,P002857,2026-01-05,DEVELOPMENT,0.0,48,22.4,23,21.0,1,0,1,2,1,0,0,0,0.0,0.0,1,1,0,0,1,0,0
E0003168,TC0003168,P002857,2026-01-06,DEVELOPMENT,0.0,48,22.4,15,21.0,1,0,0,1,0,1,1,1,1.0,2.0,0,1,0,0,1,1,0
E0003169,TC0003169,P002857,2026-04-26,DEVELOPMENT,0.0,48,19.2,14,21.0,1,0,0,1,0,2,1,111,0.018018018018018018,3.0,1,1,0,0,4,6,1
E0003170,TC0003170,P002858,2026-04-19,DEVELOPMENT,0.0,38,29.4,15,21.0,1,0,1,2,1,0,0,0,0.0,0.0,0,1,0,0,4,6,1
E0003171,TC0003171,P002859,2026-04-09,DEVELOPMENT,1.0,33,27.6,22,21.0,1,0,1,2,1,0,0,0,0.0,0.0,0,1,0,0,4,3,0
E0003172,TC0003172,P002860,2026-06-24,DEVELOPMENT,1.0,18,21.0,18,7.0,1,0,1,2,1,0,0,0,0.0,0.0,1,1,0,1,6,2,0
E0003173,TC0003173,P002861,2026-05-19,DEVELOPMENT,1.0,50,6.6,22,7.0,1,0,1,2,1,0,0,0,0.0,0.0,0,0,0,0,5,1,0
E0003174,TC0003174,P002861,2026-07-17,EVALUATION,,50,7.4,21,21.0,1,0,0,1,0,1,1,59,0.01694915254237288,2.0,0,0,0,0,7,4,0
E0003175,TC0003175,P002863,2026-06-05,DEVELOPMENT,1.0,75,35.5,8,21.0,1,1,0,2,1,0,0,0,0.0,0.0,1,1,0,0,6,4,0
E0003176,TC0003176,P002865,2026-08-07,EVALUATION,,26,33.3,24,7.0,1,1,1,3,1,0,0,0,0.0,0.0,1,1,0,0,8,4,0
E0003177,TC0003177,P002866,2026-06-05,DEVELOPMENT,0.0,47,13.2,20,21.0,1,0,0,1,0,1,1,70,0.014285714285714285,0.0,0,1,0,0,6,4,0
E0003178,TC0003178,P002868,2026-05-15,DEVELOPMENT,1.0,32,27.8,18,14.0,1,0,1,2,1,0,0,0,0.0,0.0,0,1,0,0,5,4,0
E0003179,TC0003179,P002868,2026-08-07,EVALUATION,,32,27.8,12,21.0,1,0,0,1,0,1,1,84,0.011904761904761904,2.0,1,1,0,0,8,4,0
E0003180,TC0003180,P002870,2026-05-13,DEVELOPMENT,0.0,38,19.5,18,14.0,0,1,1,2,1,0,0,0,0.0,0.0,0,1,0,0,5,2,0
E0003181,TC0003181,P002870,2026-06-14,DEVELOPMENT,1.0,38,7.6,17,21.0,0,1,0,1,0,1,1,32,0.03125,2.0,0,0,0,0,6,6,1
E0003182,TC0003182,P002871,2026-01-01,DEVELOPMENT,0.0,68,25.4,11,21.0,1,0,0,1,0,0,0,0,0.0,0.0,1,1,0,0,1,3,0
E0003183,TC0003183,P002872,2026-01-29,DEVELOPMENT,1.0,47,11.3,20,14.0,1,1,1,3,1,0,0,0,0.0,0.0,1,1,0,0,1,3,0
E0003184,TC0003184,P002873,2026-06-23,DEVELOPMENT,0.0,31,20.2,20,21.0,1,0,1,2,1,0,0,0,0.0,0.0,0,1,0,1,6,1,0
E0003185,TC0003185,P002875,2026-07-09,EVALUATION,,40,20.0,19,21.0,1,1,1,3,1,0,0,0,0.0,0.0,0,1,1,0,7,3,0
E0003186,TC0003186,P002875,2026-08-05,EVALUATION,,40,25.7,15,7.0,1,1,1,3,1,1,1,27,0.037037037037037035,3.0,0,1,1,0,8,2,0
E0003187,TC0003187,P002876,2026-08-15,EVALUATION,,56,22.2,7,14.0,1,1,1,3,1,0,0,0,0.0,0.0,1,1,0,0,8,5,1
E0003188,TC0003188,P002877,2026-01-13,DEVELOPMENT,0.0,50,12.8,10,7.0,1,0,1,2,1,0,0,0,0.0,0.0,0,1,1,0,1,1,0
E0003189,TC0003189,P002880,2026-07-20,EVALUATION,,61,22.3,11,14.0,0,1,1,2,1,0,0,0,0.0,0.0,0,1,0,1,7,0,0
E0003190,TC0003190,P002880,2026-08-08,EVALUATION,,61,11.5,18,14.0,1,0,1,2,1,1,1,19,0.05263157894736842,2.0,1,1,0,1,8,5,1
E0003191,TC0003191,P002881,2026-07-02,EVALUATION,,60,6.6,24,21.0,1,0,1,2,1,0,0,0,0.0,0.0,0,0,0,0,7,3,0
E0003192,TC0003192,P002881,2026-08-04,EVALUATION,,60,7.4,20,14.0,0,1,1,2,1,1,1,33,0.030303030303030304,2.0,0,0,0,0,8,1,0
E0003193,TC0003193,P002882,2026-02-02,DEVELOPMENT,0.0,54,11.5,15,21.0,1,1,0,2,1,0,0,0,0.0,0.0,0,1,0,1,2,0,0
E0003194,TC0003194,P002883,2026-04-17,DEVELOPMENT,0.0,48,7.6,12,21.0,1,0,0,1,0,0,0,0,0.0,0.0,1,0,1,0,4,4,0
E0003195,TC0003195,P002883,2026-05-19,DEVELOPMENT,0.0,48,19.5,24,14.0,1,0,1,2,1,1,1,32,0.03125,1.0,1,1,1,0,5,1,0
E0003196,TC0003196,P002884,2026-06-19,DEVELOPMENT,1.0,18,29.2,10,7.0,1,0,1,2,1,0,0,0,0.0,0.0,1,1,0,0,6,4,0
E0003197,TC0003197,P002884,2026-07-18,EVALUATION,,18,29.2,16,30.0,1,1,1,3,1,1,1,29,0.034482758620689655,2.0,1,1,0,0,7,5,1
E0003198,TC0003198,P002885,2026-04-15,DEVELOPMENT,0.0,47,7.3,7,30.0,0,0,1,1,0,0,0,0,0.0,0.0,0,0,0,0,4,2,0
E0003199,TC0003199,P002886,2026-02-10,DEVELOPMENT,1.0,40,27.9,7,14.0,1,0,1,2,1,0,0,0,0.0,0.0,0,1,0,0,2,1,0
E0003200,TC0003200,P002887,2026-04-13,DEVELOPMENT,0.0,63,7.0,11,21.0,1,0,0,1,0,0,0,0,0.0,0.0,0,0,0,0,4,0,0
E0003201,TC0003201,P002804,2026-04-19,DEVELOPMENT,0.0,61,13.0,13,21.0,1,0,0,1,0,1,1,102,0.00980392156862745,6.0,0,1,0,0,4,6,1
E0003202,TC0003202,P002891,2026-06-04,DEVELOPMENT,1.0,76,18.7,20,14.0,1,0,1,2,1,0,0,0,0.0,0.0,0,1,0,0,6,3,0
E0003203,TC0003203,P000376,2026-06-20,DEVELOPMENT,1.0,49,22.3,9,14.0,0,1,1,2,1,1,1,82,0.012195121951219513,3.0,0,1,0,0,6,5,1
E0003204,TC0003204,P002895,2026-05-25,DEVELOPMENT,1.0,37,27.9,9,21.0,1,0,1,2,1,0,0,0,0.0,0.0,1,1,0,0,5,0,0
E0003205,TC0003205,P002896,2026-05-24,DEVELOPMENT,0.0,48,14.1,22,21.0,0,1,1,2,1,0,0,0,0.0,0.0,1,1,0,0,5,6,1
E0003206,TC0003206,P002899,2026-04-07,DEVELOPMENT,1.0,39,2.2,23,21.0,1,0,0,1,0,0,0,0,0.0,0.0,0,0,1,0,4,1,0
E0003207,TC0003207,P002901,2026-05-04,DEVELOPMENT,1.0,64,19.9,24,14.0,1,0,1,2,1,0,0,0,0.0,0.0,1,1,1,0,5,0,0
E0003208,TC0003208,P002901,2026-05-29,DEVELOPMENT,1.0,64,19.9,20,7.0,1,0,1,2,1,1,1,25,0.04,2.0,1,1,1,0,5,4,0
E0003209,TC0003209,P002903,2026-04-28,DEVELOPMENT,1.0,48,25.4,16,14.0,1,1,1,3,1,0,0,0,0.0,0.0,1,1,0,0,4,1,0
E0003210,TC0003210,P002905,2026-06-09,DEVELOPMENT,0.0,53,8.3,9,21.0,0,0,0,0,0,0,0,0,0.0,0.0,0,0,1,0,6,1,0
E0003211,TC0003211,P002905,2026-08-03,EVALUATION,,53,25.4,10,21.0,1,0,0,1,0,1,1,55,0.01818181818181818,0.0,0,1,1,0,8,0,0
E0003212,TC0003212,P002907,2026-07-15,EVALUATION,,76,22.4,16,30.0,0,1,1,2,1,0,0,0,0.0,0.0,0,1,0,0,7,2,0
E0003213,TC0003213,P002909,2026-03-08,DEVELOPMENT,0.0,52,4.2,9,30.0,0,0,1,1,0,0,0,0,0.0,0.0,0,0,0,0,3,6,1
E0003214,TC0003214,P002909,2026-07-28,EVALUATION,,52,17.9,16,7.0,1,1,1,3,1,1,1,142,0.007042253521126761,1.0,1,1,0,0,7,1,0
E0003215,TC0003215,P002910,2026-03-26,DEVELOPMENT,0.0,42,23.1,12,14.0,1,0,1,2,1,0,0,0,0.0,0.0,0,1,0,0,3,3,0
E0003216,TC0003216,P002913,2026-05-22,DEVELOPMENT,1.0,62,29.6,16,14.0,1,1,1,3,1,0,0,0,0.0,0.0,1,1,0,0,5,4,0
E0003217,TC0003217,P002913,2026-07-04,EVALUATION,,62,22.9,13,21.0,0,0,1,1,0,1,1,43,0.023255813953488372,3.0,0,1,0,0,7,5,1
E0003218,TC0003218,P002914,2026-06-27,DEVELOPMENT,1.0,46,20.0,10,7.0,1,1,1,3,1,0,0,0,0.0,0.0,0,1,0,1,6,5,1
E0003219,TC0003219,P002915,2026-06-30,DEVELOPMENT,1.0,29,36.5,9,14.0,1,0,1,2,1,0,0,0,0.0,0.0,0,1,0,0,6,1,0
E0003220,TC0003220,P002915,2026-07-21,EVALUATION,,29,6.7,8,14.0,0,0,1,1,0,1,1,21,0.047619047619047616,2.0,0,0,0,0,7,1,0
E0003221,TC0003221,P002917,2026-02-18,DEVELOPMENT,1.0,54,21.0,13,7.0,1,0,1,2,1,0,0,0,0.0,3.0,0,1,1,0,2,2,0
E0003222,TC0003222,P002917,2026-07-22,EVALUATION,,54,8.3,19,21.0,1,0,0,1,0,2,1,154,0.012987012987012988,5.0,0,0,1,0,7,2,0
E0003223,TC0003223,P000528,2026-06-20,DEVELOPMENT,0.0,62,22.2,19,30.0,1,0,1,2,1,1,1,17,0.058823529411764705,3.0,0,1,0,0,6,5,1
E0003224,TC0003224,P002919,2026-05-04,DEVELOPMENT,0.0,18,25.7,13,21.0,1,1,0,2,1,0,0,0,0.0,0.0,0,1,1,0,5,0,0
E0003225,TC0003225,P002920,2026-03-18,DEVELOPMENT,0.0,58,25.7,9,21.0,1,1,0,2,1,0,0,0,0.0,0.0,0,1,1,0,3,2,0
E0003226,TC0003226,P002920,2026-08-02,EVALUATION,,58,25.7,9,14.0,1,0,1,2,1,1,1,137,0.0072992700729927005,2.0,0,1,1,0,8,6,1
E0003227,TC0003227,P002921,2026-01-06,DEVELOPMENT,0.0,39,25.7,14,21.0,0,0,0,0,0,0,0,0,0.0,0.0,0,1,0,0,1,1,0
E0003228,TC0003228,P002922,2026-07-07,EVALUATION,,27,36.5,24,21.0,1,0,0,1,0,0,0,0,0.0,0.0,1,1,0,0,7,1,0
E0003229,TC0003229,P002922,2026-07-28,EVALUATION,,27,6.7,7,14.0,1,0,1,2,1,1,1,21,0.047619047619047616,1.0,0,0,0,0,7,1,0
E0003230,TC0003230,P002923,2026-03-18,DEVELOPMENT,0.0,51,12.8,17,21.0,1,1,0,2,1,0,0,0,0.0,0.0,0,1,0,0,3,2,0
E0003231,TC0003231,P002923,2026-05-09,DEVELOPMENT,0.0,51,17.2,9,21.0,1,1,0,2,1,1,1,52,0.019230769230769232,2.0,0,1,0,0,5,5,1
E0003232,TC0003232,P002924,2026-06-17,DEVELOPMENT,0.0,56,2.2,17,14.0,1,0,1,2,1,0,0,0,0.0,0.0,1,0,0,1,6,2,0
E0003233,TC0003233,P002924,2026-07-03,EVALUATION,,56,2.2,15,14.0,0,0,1,1,0,1,1,16,0.0625,2.0,0,0,0,1,7,4,0
E0003234,TC0003234,P002925,2026-03-20,DEVELOPMENT,1.0,65,7.0,13,21.0,1,0,0,1,0,0,0,0,0.0,0.0,0,0,1,0,3,4,0
E0003235,TC0003235,P002926,2026-05-19,DEVELOPMENT,0.0,48,15.5,10,30.0,0,0,1,1,0,0,0,0,0.0,0.0,1,1,0,0,5,1,0
E0003236,TC0003236,P002927,2026-06-30,DEVELOPMENT,0.0,61,29.4,9,7.0,0,0,1,1,0,0,0,0,0.0,0.0,0,1,0,0,6,1,0
E0003237,TC0003237,P000029,2026-02-07,DEVELOPMENT,0.0,24,6.6,22,21.0,0,0,0,0,0,0,0,0,0.0,1.0,0,0,0,0,2,5,1
E0003238,TC0003238,P002929,2026-04-07,DEVELOPMENT,0.0,51,21.7,9,21.0,1,0,0,1,0,0,0,0,0.0,0.0,1,1,0,0,4,1,0
E0003239,TC0003239,P002929,2026-07-21,EVALUATION,,51,21.7,18,7.0,1,1,1,3,1,1,1,105,0.009523809523809525,1.0,0,1,0,0,7,1,0
E0003240,TC0003240,P002930,2026-05-16,DEVELOPMENT,1.0,51,13.9,14,21.0,1,0,1,2,1,0,0,0,0.0,0.0,0,1,1,0,5,5,1
E0003241,TC0003241,P002931,2026-03-31,DEVELOPMENT,0.0,63,36.5,16,21.0,1,1,0,2,1,0,0,0,0.0,0.0,1,1,0,0,3,1,0
E0003242,TC0003242,P002932,2026-02-26,DEVELOPMENT,1.0,38,20.6,13,14.0,1,0,1,2,1,0,0,0,0.0,0.0,0,1,0,1,2,3,0
E0003243,TC0003243,P002933,2026-07-19,EVALUATION,,49,13.2,15,7.0,1,0,1,2,1,0,0,0,0.0,0.0,1,1,0,0,7,6,1
E0003244,TC0003244,P002934,2026-02-23,DEVELOPMENT,1.0,59,23.1,14,30.0,1,1,1,3,1,0,0,0,0.0,0.0,1,1,0,0,2,0,0
E0003245,TC0003245,P002935,2026-04-16,DEVELOPMENT,0.0,87,35.4,15,21.0,1,1,0,2,1,0,0,0,0.0,0.0,0,1,0,0,4,3,0
E0003246,TC0003246,P002936,2026-07-29,EVALUATION,,46,13.9,14,30.0,1,1,1,3,1,0,0,0,0.0,0.0,0,1,0,0,7,2,0
E0003247,TC0003247,P002937,2026-06-28,DEVELOPMENT,0.0,56,26.4,23,21.0,1,0,0,1,0,1,1,146,0.00684931506849315,0.0,1,1,0,0,6,6,1
E0003248,TC0003248,P002938,2026-07-27,EVALUATION,,66,28.3,11,30.0,1,0,1,2,1,0,0,0,0.0,0.0,1,1,0,0,7,0,0
E0003249,TC0003249,P002940,2026-05-30,DEVELOPMENT,1.0,42,5.1,24,30.0,1,1,1,3,1,0,0,0,0.0,0.0,0,0,0,0,5,5,1
E0003250,TC0003250,P002940,2026-07-13,EVALUATION,,42,19.9,21,21.0,0,1,0,1,0,1,1,44,0.022727272727272728,3.0,0,1,0,0,7,0,0
E0003251,TC0003251,P002941,2026-05-20,DEVELOPMENT,0.0,33,6.5,7,21.0,1,0,0,1,0,0,0,0,0.0,0.0,0,0,0,0,5,2,0
E0003252,TC0003252,P002941,2026-07-15,EVALUATION,,33,7.3,23,7.0,0,0,1,1,0,1,1,56,0.017857142857142856,1.0,1,0,0,0,7,2,0
E0003253,TC0003253,P002942,2026-04-22,DEVELOPMENT,0.0,51,20.6,11,21.0,0,0,0,0,0,0,0,0,0.0,0.0,1,1,0,0,4,2,0
E0003254,TC0003254,P002944,2026-02-17,DEVELOPMENT,1.0,64,12.8,9,14.0,1,0,1,2,1,0,0,0,0.0,0.0,0,1,0,0,2,1,0
E0003255,TC0003255,P002945,2026-01-30,DEVELOPMENT,1.0,27,10.4,21,21.0,1,0,0,1,0,0,0,0,0.0,0.0,0,1,0,0,1,4,0
E0003256,TC0003256,P002945,2026-07-04,EVALUATION,,27,10.8,8,7.0,1,0,1,2,1,1,1,155,0.0064516129032258064,1.0,1,1,0,0,7,5,1
E0003257,TC0003257,P002946,2026-02-03,DEVELOPMENT,0.0,67,13.9,9,21.0,1,0,0,1,0,0,0,0,0.0,0.0,1,1,0,0,2,1,0
E0003258,TC0003258,P002947,2026-06-01,DEVELOPMENT,1.0,50,28.2,14,7.0,1,1,1,3,1,0,0,0,0.0,0.0,0,1,0,0,6,0,0
E0003259,TC0003259,P002491,2026-03-14,DEVELOPMENT,1.0,76,6.5,15,30.0,0,0,1,1,0,1,1,20,0.05,3.0,0,0,0,0,3,5,1
E0003260,TC0003260,P002950,2026-07-26,EVALUATION,,40,22.1,16,14.0,1,1,1,3,1,0,0,0,0.0,0.0,1,1,0,0,7,6,1
E0003261,TC0003261,P001848,2026-02-22,DEVELOPMENT,1.0,67,35.5,16,21.0,1,1,1,3,1,0,0,0,0.0,4.0,0,1,0,0,2,6,1
E0003262,TC0003262,P002951,2026-04-23,DEVELOPMENT,1.0,76,35.5,7,21.0,1,0,0,1,0,0,0,0,0.0,0.0,0,1,0,0,4,3,0
E0003263,TC0003263,P002952,2026-05-22,DEVELOPMENT,1.0,49,35.5,21,21.0,0,1,1,2,1,0,0,0,0.0,0.0,1,1,0,0,5,4,0
E0003264,TC0003264,P002953,2026-05-26,DEVELOPMENT,0.0,46,2.6,17,21.0,1,0,0,1,0,0,0,0,0.0,0.0,1,0,0,0,5,1,0
E0003265,TC0003265,P002954,2026-06-26,DEVELOPMENT,1.0,36,28.3,14,7.0,1,0,1,2,1,0,0,0,0.0,0.0,0,1,0,0,6,4,0
E0003266,TC0003266,P002955,2026-02-21,DEVELOPMENT,1.0,31,22.8,16,21.0,1,0,0,1,0,0,0,0,0.0,0.0,0,1,0,1,2,5,1
E0003267,TC0003267,P002957,2026-06-22,DEVELOPMENT,1.0,28,25.3,19,14.0,1,0,1,2,1,0,0,0,0.0,0.0,0,1,0,0,6,0,0
E0003268,TC0003268,P002959,2026-02-13,DEVELOPMENT,1.0,88,22.8,19,21.0,1,1,0,2,1,0,0,0,0.0,0.0,0,1,0,1,2,4,0
E0003269,TC0003269,P002960,2026-01-18,DEVELOPMENT,1.0,67,19.2,19,14.0,1,1,1,3,1,0,0,0,0.0,0.0,1,1,0,0,1,6,1
E0003270,TC0003270,P002960,2026-03-04,DEVELOPMENT,0.0,67,11.5,17,21.0,0,1,1,2,1,1,1,45,0.022222222222222223,3.0,0,1,0,0,3,2,0
E0003271,TC0003271,P002961,2026-05-08,DEVELOPMENT,0.0,35,18.7,18,21.0,1,0,0,1,0,0,0,0,0.0,0.0,0,1,0,0,5,4,0
E0003272,TC0003272,P002961,2026-05-22,DEVELOPMENT,0.0,35,12.8,23,7.0,1,0,1,2,1,1,1,14,0.07142857142857142,1.0,1,1,0,0,5,4,0
E0003273,TC0003273,P002961,2026-06-01,DEVELOPMENT,1.0,35,12.8,18,21.0,1,0,0,1,0,2,1,24,0.08333333333333333,3.0,0,1,0,0,6,0,0
E0003274,TC0003274,P002962,2026-05-15,DEVELOPMENT,0.0,88,35.5,7,21.0,1,0,0,1,0,0,0,0,0.0,0.0,0,1,0,0,5,4,0
E0003275,TC0003275,P002963,2026-05-27,DEVELOPMENT,1.0,63,11.4,9,14.0,1,0,1,2,1,0,0,0,0.0,0.0,0,1,0,0,5,2,0
E0003276,TC0003276,P002964,2026-07-22,EVALUATION,,50,3.6,7,21.0,1,1,1,3,1,1,1,192,0.005208333333333333,0.0,0,0,0,0,7,2,0
E0003277,TC0003277,P002966,2026-03-31,DEVELOPMENT,1.0,50,22.3,17,7.0,0,0,1,1,0,0,0,0,0.0,0.0,0,1,0,0,3,1,0
E0003278,TC0003278,P002967,2026-06-20,DEVELOPMENT,1.0,38,23.7,10,7.0,1,0,1,2,1,0,0,0,0.0,0.0,0,1,1,0,6,5,1
E0003279,TC0003279,P002968,2026-04-17,DEVELOPMENT,0.0,50,26.6,18,14.0,1,0,1,2,1,0,0,0,0.0,0.0,0,1,1,0,4,4,0
E0003280,TC0003280,P002969,2026-01-07,DEVELOPMENT,1.0,30,21.1,12,21.0,1,1,1,3,1,0,0,0,0.0,0.0,1,1,0,0,1,2,0
E0003281,TC0003281,P001618,2026-07-18,EVALUATION,,60,5.6,10,30.0,1,0,1,2,1,1,1,172,0.005813953488372093,2.0,1,0,0,0,7,5,1
E0003282,TC0003282,P002971,2026-02-03,DEVELOPMENT,0.0,30,22.4,9,21.0,0,0,0,0,0,0,0,0,0.0,0.0,1,1,0,0,2,1,0
E0003283,TC0003283,P002973,2026-01-12,DEVELOPMENT,1.0,65,17.9,12,7.0,1,1,1,3,1,0,0,0,0.0,0.0,0,1,0,0,1,0,0
E0003284,TC0003284,P002974,2026-06-13,DEVELOPMENT,1.0,34,23.7,15,30.0,1,0,1,2,1,0,0,0,0.0,0.0,0,1,1,0,6,5,1
E0003285,TC0003285,P002974,2026-07-15,EVALUATION,,34,7.0,15,21.0,1,1,0,2,1,1,1,32,0.03125,2.0,1,0,1,0,7,2,0
E0003286,TC0003286,P002975,2026-02-08,DEVELOPMENT,1.0,37,4.1,15,21.0,1,0,0,1,0,0,0,0,0.0,0.0,0,0,0,0,2,6,1
E0003287,TC0003287,P002975,2026-07-04,EVALUATION,,37,35.0,22,30.0,1,0,1,2,1,1,1,146,0.00684931506849315,1.0,0,1,0,0,7,5,1
E0003288,TC0003288,P002979,2026-04-03,DEVELOPMENT,1.0,58,22.2,8,7.0,1,0,1,2,1,0,0,0,0.0,0.0,0,1,0,0,4,4,0
E0003289,TC0003289,P002980,2026-03-24,DEVELOPMENT,1.0,23,23.1,11,7.0,1,1,1,3,1,0,0,0,0.0,0.0,0,1,0,0,3,1,0
E0003290,TC0003290,P002980,2026-04-21,DEVELOPMENT,1.0,23,23.1,18,7.0,0,0,1,1,0,1,1,28,0.03571428571428571,3.0,0,1,0,0,4,1,0
E0003291,TC0003291,P002981,2026-04-14,DEVELOPMENT,1.0,74,26.6,17,21.0,1,1,1,3,1,0,0,0,0.0,0.0,1,1,0,0,4,1,0
E0003292,TC0003292,P002982,2026-05-28,DEVELOPMENT,1.0,45,13.2,18,30.0,1,1,1,3,1,0,0,0,0.0,0.0,0,1,0,0,5,3,0
E0003293,TC0003293,P002982,2026-06-29,DEVELOPMENT,1.0,45,13.2,22,21.0,1,0,0,1,0,1,1,32,0.03125,3.0,0,1,0,0,6,0,0
E0003294,TC0003294,P002983,2026-04-21,DEVELOPMENT,0.0,56,6.6,17,21.0,1,1,1,3,1,0,0,0,0.0,0.0,1,0,0,0,4,1,0
E0003295,TC0003295,P002984,2026-07-11,EVALUATION,,67,11.3,19,14.0,1,0,1,2,1,0,0,0,0.0,0.0,1,1,0,0,7,5,1
E0003296,TC0003296,P002985,2026-05-23,DEVELOPMENT,1.0,59,22.3,15,30.0,1,1,1,3,1,0,0,0,0.0,0.0,1,1,0,0,5,5,1
E0003297,TC0003297,P002985,2026-06-16,DEVELOPMENT,1.0,59,19.2,9,21.0,1,1,0,2,1,1,1,24,0.041666666666666664,3.0,1,1,0,0,6,1,0
E0003298,TC0003298,P002986,2026-08-06,EVALUATION,,23,20.2,19,21.0,1,0,0,1,0,0,0,0,0.0,0.0,0,1,0,0,8,3,0
E0003299,TC0003299,P002987,2026-08-09,EVALUATION,,59,15.7,11,14.0,0,0,1,1,0,0,0,0,0.0,0.0,0,1,0,0,8,6,1
E0003300,TC0003300,P004431,2026-02-25,DEVELOPMENT,0.0,57,2.2,20,21.0,1,0,0,1,0,0,0,0,0.0,0.0,1,0,0,0,2,2,0
E0003301,TC0003301,P002989,2026-04-19,DEVELOPMENT,0.0,56,2.2,9,21.0,1,1,1,3,1,1,1,53,0.018867924528301886,0.0,0,0,0,0,4,6,1
E0003302,TC0003302,P002175,2026-05-03,DEVELOPMENT,1.0,34,1.4,11,14.0,1,1,1,3,1,0,0,0,0.0,3.0,1,0,0,0,5,6,1
E0003303,TC0003303,P002991,2026-03-06,DEVELOPMENT,0.0,50,7.6,7,21.0,0,0,1,1,0,0,0,0,0.0,0.0,0,0,0,0,3,4,0
E0003304,TC0003304,P002992,2026-08-11,EVALUATION,,27,17.2,7,21.0,1,1,0,2,1,0,0,0,0.0,0.0,1,1,0,0,8,1,0
E0003305,TC0003305,P002993,2026-07-19,EVALUATION,,45,18.4,9,14.0,1,0,1,2,1,0,0,0,0.0,0.0,0,1,1,0,7,6,1
E0003306,TC0003306,P002994,2026-06-25,DEVELOPMENT,1.0,78,16.9,19,14.0,1,1,1,3,1,0,0,0,0.0,0.0,0,1,0,0,6,3,0
E0003307,TC0003307,P002994,2026-08-01,EVALUATION,,78,17.6,11,21.0,1,0,0,1,0,1,1,37,0.02702702702702703,3.0,0,1,0,0,8,5,1
E0003308,TC0003308,P002995,2026-05-09,DEVELOPMENT,0.0,38,8.7,20,21.0,1,1,0,2,1,0,0,0,0.0,0.0,0,0,0,0,5,5,1
E0003309,TC0003309,P002996,2026-07-30,EVALUATION,,44,5.6,11,21.0,0,1,1,2,1,0,0,0,0.0,0.0,0,0,0,0,7,3,0
E0003310,TC0003310,P002997,2026-04-12,DEVELOPMENT,1.0,67,22.3,12,21.0,1,1,0,2,1,0,0,0,0.0,0.0,0,1,0,0,4,6,1
E0003311,TC0003311,P002999,2026-04-27,DEVELOPMENT,1.0,47,18.7,23,21.0,1,1,0,2,1,0,0,0,0.0,0.0,0,1,0,0,4,0,0
E0003312,TC0003312,P002999,2026-06-16,DEVELOPMENT,0.0,47,18.7,9,7.0,1,0,1,2,1,1,1,50,0.02,2.0,1,1,0,0,6,1,0
E0003313,TC0003313,P003000,2026-08-11,EVALUATION,,58,25.8,7,14.0,1,0,1,2,1,0,0,0,0.0,0.0,0,1,0,0,8,1,0
E0003314,TC0003314,P003001,2026-06-16,DEVELOPMENT,1.0,62,14.1,14,21.0,1,0,1,2,1,0,0,0,0.0,0.0,0,1,0,0,6,1,0
E0003315,TC0003315,P000004,2026-04-26,DEVELOPMENT,0.0,45,26.6,24,21.0,1,0,1,2,1,0,0,0,0.0,2.0,1,1,0,0,4,6,1
E0003316,TC0003316,P000004,2026-05-26,DEVELOPMENT,1.0,45,33.3,8,21.0,1,0,1,2,1,1,1,30,0.03333333333333333,4.0,1,1,0,0,5,1,0
E0003317,TC0003317,P003003,2026-04-27,DEVELOPMENT,1.0,51,36.1,11,30.0,1,1,1,3,1,0,0,0,0.0,0.0,0,1,0,0,4,0,0
E0003318,TC0003318,P003005,2026-07-03,EVALUATION,,48,11.9,16,21.0,1,0,0,1,0,0,0,0,0.0,0.0,0,1,0,0,7,4,0
E0003319,TC0003319,P003006,2026-06-17,DEVELOPMENT,1.0,63,13.0,21,14.0,1,0,1,2,1,0,0,0,0.0,0.0,0,1,0,0,6,2,0
E0003320,TC0003320,P003007,2026-06-10,DEVELOPMENT,1.0,44,4.2,22,21.0,1,0,1,2,1,0,0,0,0.0,0.0,0,0,1,0,6,2,0
E0003321,TC0003321,P003007,2026-07-02,EVALUATION,,44,12.6,17,21.0,1,0,1,2,1,1,1,22,0.045454545454545456,2.0,0,1,1,0,7,3,0
E0003322,TC0003322,P003008,2026-04-10,DEVELOPMENT,0.0,18,18.7,8,14.0,0,1,1,2,1,0,0,0,0.0,0.0,0,1,0,0,4,4,0
E0003323,TC0003323,P003009,2026-03-24,DEVELOPMENT,0.0,20,16.2,10,21.0,1,0,0,1,0,0,0,0,0.0,0.0,0,1,0,0,3,1,0
E0003324,TC0003324,P003011,2026-06-01,DEVELOPMENT,0.0,58,25.4,13,21.0,1,0,0,1,0,0,0,0,0.0,0.0,0,1,0,0,6,0,0
E0003325,TC0003325,P003011,2026-08-07,EVALUATION,,58,26.3,12,21.0,1,1,0,2,1,1,1,67,0.014925373134328358,1.0,0,1,0,0,8,4,0
E0003326,TC0003326,P003012,2026-01-26,DEVELOPMENT,1.0,30,20.2,15,7.0,1,0,1,2,1,0,0,0,0.0,0.0,1,1,1,0,1,0,0
E0003327,TC0003327,P003013,2026-07-20,EVALUATION,,26,33.3,13,7.0,1,1,1,3,1,0,0,0,0.0,0.0,0,1,1,0,7,0,0
E0003328,TC0003328,P003014,2026-03-24,DEVELOPMENT,0.0,59,21.0,14,21.0,1,0,0,1,0,0,0,0,0.0,0.0,0,1,0,0,3,1,0
E0003329,TC0003329,P003015,2026-06-14,DEVELOPMENT,1.0,32,22.4,13,7.0,0,1,1,2,1,0,0,0,0.0,0.0,0,1,0,0,6,6,1
E0003330,TC0003330,P003015,2026-06-20,DEVELOPMENT,1.0,32,19.7,23,30.0,0,0,1,1,0,1,1,6,0.16666666666666666,2.0,0,1,0,0,6,5,1
E0003331,TC0003331,P002804,2026-01-07,DEVELOPMENT,1.0,61,27.9,17,30.0,1,0,1,2,1,0,0,0,0.0,7.0,1,1,0,0,1,2,0
E0003332,TC0003332,P003017,2026-06-07,DEVELOPMENT,1.0,53,21.1,21,21.0,0,0,1,1,0,0,0,0,0.0,0.0,0,1,0,0,6,6,1
E0003333,TC0003333,P003019,2026-01-16,DEVELOPMENT,0.0,55,12.8,23,21.0,0,0,0,0,0,0,0,0,0.0,0.0,1,1,0,0,1,4,0
E0003334,TC0003334,P003019,2026-03-10,DEVELOPMENT,0.0,55,17.2,8,21.0,1,0,0,1,0,1,1,53,0.018867924528301886,0.0,1,1,0,0,3,1,0
E0003335,TC0003335,P002199,2026-08-04,EVALUATION,,54,18.7,23,7.0,1,1,1,3,1,2,1,209,0.009569377990430622,4.0,1,1,0,0,8,1,0
E0003336,TC0003336,P003021,2026-03-14,DEVELOPMENT,1.0,35,24.9,11,21.0,1,0,0,1,0,0,0,0,0.0,0.0,0,1,0,0,3,5,1
E0003337,TC0003337,P003024,2026-01-11,DEVELOPMENT,1.0,53,28.3,13,21.0,1,1,0,2,1,0,0,0,0.0,0.0,0,1,0,0,1,6,1
E0003338,TC0003338,P003025,2026-01-16,DEVELOPMENT,0.0,49,7.0,19,7.0,1,1,1,3,1,0,0,0,0.0,0.0,1,0,0,0,1,4,0
E0003339,TC0003339,P003026,2026-03-05,DEVELOPMENT,1.0,40,13.9,21,14.0,1,1,1,3,1,0,0,0,0.0,0.0,1,1,1,0,3,3,0
E0003340,TC0003340,P003027,2026-07-08,EVALUATION,,45,11.9,7,14.0,1,0,1,2,1,0,0,0,0.0,0.0,0,1,0,0,7,2,0
E0003341,TC0003341,P003028,2026-06-23,DEVELOPMENT,1.0,47,20.6,18,21.0,1,0,0,1,0,0,0,0,0.0,0.0,1,1,0,0,6,1,0
E0003342,TC0003342,P003029,2026-01-21,DEVELOPMENT,1.0,18,21.1,18,30.0,1,1,1,3,1,0,0,0,0.0,0.0,0,1,0,1,1,2,0
E0003343,TC0003343,P003030,2026-02-24,DEVELOPMENT,1.0,64,6.5,12,30.0,1,0,1,2,1,0,0,0,0.0,0.0,0,0,1,0,2,1,0
E0003344,TC0003344,P003031,2026-06-02,DEVELOPMENT,1.0,83,7.4,22,21.0,1,0,1,2,1,0,0,0,0.0,0.0,1,0,0,0,6,1,0
E0003345,TC0003345,P003032,2026-07-04,EVALUATION,,18,22.1,21,21.0,1,0,0,1,0,0,0,0,0.0,0.0,0,1,0,0,7,5,1
E0003346,TC0003346,P003033,2026-01-06,DEVELOPMENT,0.0,49,11.3,22,21.0,1,1,0,2,1,0,0,0,0.0,0.0,1,1,0,0,1,1,0
E0003347,TC0003347,P003034,2026-01-09,DEVELOPMENT,1.0,61,7.3,18,30.0,1,0,1,2,1,0,0,0,0.0,0.0,1,0,0,0,1,4,0
E0003348,TC0003348,P003034,2026-03-16,DEVELOPMENT,0.0,61,25.7,16,21.0,0,1,1,2,1,1,1,66,0.015151515151515152,2.0,0,1,0,0,3,0,0
E0003349,TC0003349,P003035,2026-02-02,DEVELOPMENT,1.0,25,26.6,10,7.0,1,1,1,3,1,0,0,0,0.0,0.0,0,1,0,0,2,0,0
E0003350,TC0003350,P001258,2026-02-22,DEVELOPMENT,0.0,80,25.3,20,21.0,1,0,0,1,0,1,1,40,0.025,5.0,0,1,0,0,2,6,1
E0003351,TC0003351,P001258,2026-04-07,DEVELOPMENT,1.0,80,28.3,22,21.0,1,1,0,2,1,2,1,84,0.023809523809523808,6.0,0,1,0,0,4,1,0
E0003352,TC0003352,P003038,2026-07-02,EVALUATION,,62,7.3,8,21.0,1,0,0,1,0,1,1,9,0.1111111111111111,0.0,0,0,0,0,7,3,0
E0003353,TC0003353,P003039,2026-05-16,DEVELOPMENT,0.0,44,15.7,22,7.0,0,1,1,2,1,0,0,0,0.0,0.0,1,1,0,0,5,5,1
E0003354,TC0003354,P003040,2026-05-26,DEVELOPMENT,1.0,60,17.9,24,21.0,1,1,1,3,1,0,0,0,0.0,0.0,1,1,0,0,5,1,0
E0003355,TC0003355,P003041,2026-03-18,DEVELOPMENT,1.0,34,35.5,20,14.0,1,0,1,2,1,0,0,0,0.0,0.0,0,1,0,0,3,2,0
E0003356,TC0003356,P003042,2026-04-18,DEVELOPMENT,0.0,54,22.1,19,30.0,1,0,1,2,1,0,0,0,0.0,0.0,0,1,1,0,4,5,1
E0003357,TC0003357,P003043,2026-04-14,DEVELOPMENT,1.0,36,7.6,21,7.0,0,1,1,2,1,0,0,0,0.0,0.0,0,0,0,0,4,1,0
E0003358,TC0003358,P002029,2026-02-05,DEVELOPMENT,0.0,23,11.9,12,21.0,0,0,0,0,0,0,0,0,0.0,3.0,0,1,1,0,2,3,0
E0003359,TC0003359,P003045,2026-03-06,DEVELOPMENT,1.0,24,17.9,12,30.0,1,0,1,2,1,0,0,0,0.0,0.0,1,1,0,0,3,4,0
E0003360,TC0003360,P003045,2026-08-10,EVALUATION,,24,17.9,23,30.0,0,1,1,2,1,1,1,157,0.006369426751592357,2.0,0,1,0,0,8,0,0
E0003361,TC0003361,P003047,2026-08-15,EVALUATION,,55,22.8,18,21.0,1,1,0,2,1,0,0,0,0.0,0.0,0,1,0,0,8,5,1
E0003362,TC0003362,P003048,2026-08-15,EVALUATION,,78,12.8,16,7.0,1,0,1,2,1,0,0,0,0.0,0.0,1,1,0,0,8,5,1
E0003363,TC0003363,P003049,2026-04-19,DEVELOPMENT,1.0,45,27.9,23,14.0,1,1,1,3,1,0,0,0,0.0,0.0,0,1,0,0,4,6,1
E0003364,TC0003364,P003050,2026-04-15,DEVELOPMENT,0.0,33,35.4,7,21.0,1,1,0,2,1,0,0,0,0.0,0.0,0,1,0,0,4,2,0
E0003365,TC0003365,P003052,2026-07-29,EVALUATION,,58,12.8,13,30.0,1,1,1,3,1,0,0,0,0.0,0.0,1,1,0,0,7,2,0
E0003366,TC0003366,P003053,2026-07-23,EVALUATION,,36,2.6,14,30.0,1,1,1,3,1,0,0,0,0.0,0.0,0,0,0,0,7,3,0
E0003367,TC0003367,P003055,2026-07-14,EVALUATION,,88,35.4,23,21.0,1,1,0,2,1,0,0,0,0.0,0.0,0,1,0,0,7,1,0
E0003368,TC0003368,P003056,2026-08-08,EVALUATION,,58,25.4,15,30.0,1,1,1,3,1,0,0,0,0.0,0.0,1,1,1,0,8,5,1
E0003369,TC0003369,P003057,2026-03-23,DEVELOPMENT,1.0,61,20.6,23,30.0,1,0,1,2,1,0,0,0,0.0,0.0,0,1,0,0,3,0,0
E0003370,TC0003370,P003057,2026-05-15,DEVELOPMENT,1.0,61,21.3,13,14.0,1,0,1,2,1,1,1,53,0.018867924528301886,2.0,0,1,0,0,5,4,0
E0003371,TC0003371,P003058,2026-03-18,DEVELOPMENT,1.0,62,29.6,12,7.0,1,0,1,2,1,0,0,0,0.0,0.0,0,1,0,0,3,2,0
E0003372,TC0003372,P003059,2026-07-29,EVALUATION,,18,11.3,8,21.0,0,1,0,1,0,0,0,0,0.0,0.0,1,1,0,0,7,2,0
E0003373,TC0003373,P003060,2026-06-10,DEVELOPMENT,1.0,26,13.2,19,21.0,1,0,0,1,0,0,0,0,0.0,0.0,0,1,0,0,6,2,0
E0003374,TC0003374,P003060,2026-07-05,EVALUATION,,26,16.8,12,21.0,0,0,1,1,0,1,1,25,0.04,1.0,1,1,0,0,7,6,1
E0003375,TC0003375,P003061,2026-03-01,DEVELOPMENT,0.0,42,25.4,9,7.0,1,0,1,2,1,0,0,0,0.0,0.0,0,1,0,0,3,6,1
E0003376,TC0003376,P003061,2026-06-01,DEVELOPMENT,1.0,42,26.3,12,14.0,1,0,1,2,1,1,1,92,0.010869565217391304,2.0,0,1,0,0,6,0,0
E0003377,TC0003377,P003062,2026-07-24,EVALUATION,,54,36.1,8,21.0,1,0,0,1,0,0,0,0,0.0,0.0,1,1,0,0,7,4,0
E0003378,TC0003378,P003063,2026-07-28,EVALUATION,,43,10.4,13,14.0,1,0,1,2,1,0,0,0,0.0,0.0,0,1,0,0,7,1,0
E0003379,TC0003379,P003064,2026-03-10,DEVELOPMENT,1.0,63,26.4,16,21.0,1,0,1,2,1,0,0,0,0.0,0.0,0,1,0,0,3,1,0
E0003380,TC0003380,P003064,2026-06-27,DEVELOPMENT,1.0,63,35.4,22,30.0,1,0,1,2,1,1,1,109,0.009174311926605505,2.0,1,1,0,0,6,5,1
E0003381,TC0003381,P003065,2026-08-02,EVALUATION,,76,38.9,8,21.0,1,1,1,3,1,0,0,0,0.0,0.0,0,1,0,0,8,6,1
E0003382,TC0003382,P003066,2026-07-10,EVALUATION,,44,15.7,19,21.0,0,0,0,0,0,0,0,0,0.0,0.0,1,1,1,0,7,4,0
E0003383,TC0003383,P003067,2026-03-31,DEVELOPMENT,0.0,50,13.0,13,21.0,0,0,1,1,0,0,0,0,0.0,0.0,1,1,0,0,3,1,0
E0003384,TC0003384,P003068,2026-02-09,DEVELOPMENT,1.0,63,22.9,13,21.0,1,0,1,2,1,0,0,0,0.0,0.0,0,1,0,0,2,0,0
E0003385,TC0003385,P003068,2026-07-11,EVALUATION,,63,24.9,22,21.0,1,0,1,2,1,1,1,152,0.006578947368421052,2.0,0,1,0,0,7,5,1
E0003386,TC0003386,P003070,2026-02-07,DEVELOPMENT,1.0,41,4.1,12,21.0,1,1,1,3,1,0,0,0,0.0,0.0,1,0,1,0,2,5,1
E0003387,TC0003387,P000575,2026-05-23,DEVELOPMENT,1.0,44,26.6,8,14.0,1,1,1,3,1,1,1,134,0.007462686567164179,2.0,1,1,0,0,5,5,1
E0003388,TC0003388,P003072,2026-03-12,DEVELOPMENT,0.0,58,16.8,14,21.0,1,0,0,1,0,0,0,0,0.0,0.0,1,1,1,0,3,3,0
E0003389,TC0003389,P003072,2026-06-04,DEVELOPMENT,0.0,58,13.2,22,21.0,1,0,0,1,0,1,1,84,0.011904761904761904,1.0,0,1,1,0,6,3,0
E0003390,TC0003390,P003073,2026-03-06,DEVELOPMENT,1.0,52,36.5,9,21.0,1,1,0,2,1,0,0,0,0.0,0.0,0,1,0,0,3,4,0
E0003391,TC0003391,P003074,2026-03-14,DEVELOPMENT,1.0,52,6.5,20,21.0,1,0,1,2,1,0,0,0,0.0,0.0,1,0,0,0,3,5,1
E0003392,TC0003392,P003075,2026-07-21,EVALUATION,,77,20.3,18,21.0,1,1,0,2,1,0,0,0,0.0,0.0,0,1,0,0,7,1,0
E0003393,TC0003393,P003076,2026-01-27,DEVELOPMENT,1.0,39,29.4,16,7.0,1,1,1,3,1,0,0,0,0.0,0.0,0,1,0,0,1,1,0
E0003394,TC0003394,P003077,2026-02-08,DEVELOPMENT,1.0,51,19.5,8,30.0,0,1,1,2,1,0,0,0,0.0,0.0,0,1,0,0,2,6,1
E0003395,TC0003395,P003077,2026-04-20,DEVELOPMENT,0.0,51,7.6,21,21.0,1,0,1,2,1,1,1,71,0.014084507042253521,2.0,0,0,0,0,4,0,0
E0003396,TC0003396,P003078,2026-03-22,DEVELOPMENT,0.0,44,25.4,18,21.0,1,1,0,2,1,0,0,0,0.0,0.0,1,1,0,0,3,6,1
E0003397,TC0003397,P003079,2026-04-25,DEVELOPMENT,0.0,41,11.5,9,14.0,0,1,1,2,1,0,0,0,0.0,0.0,0,1,1,0,4,5,1
E0003398,TC0003398,P003080,2026-07-28,EVALUATION,,49,22.3,13,7.0,1,0,1,2,1,0,0,0,0.0,0.0,0,1,0,0,7,1,0
E0003399,TC0003399,P003082,2026-01-09,DEVELOPMENT,1.0,51,24.9,18,21.0,1,0,0,1,0,0,0,0,0.0,0.0,0,1,0,0,1,4,0
E0003400,TC0003400,P003083,2026-03-09,DEVELOPMENT,0.0,49,1.4,22,14.0,1,0,1,2,1,0,0,0,0.0,0.0,0,0,1,0,3,0,0
E0003401,TC0003401,P003083,2026-08-14,EVALUATION,,49,1.4,9,30.0,1,1,1,3,1,1,1,158,0.006329113924050633,2.0,0,0,1,0,8,4,0
E0003402,TC0003402,P003084,2026-01-06,DEVELOPMENT,1.0,42,25.3,14,7.0,1,1,1,3,1,0,0,0,0.0,0.0,1,1,0,0,1,1,0
E0003403,TC0003403,P001522,2026-07-29,EVALUATION,,43,17.3,9,21.0,1,0,0,1,0,0,0,0,0.0,0.0,1,1,1,0,7,2,0
E0003404,TC0003404,P003085,2026-05-29,DEVELOPMENT,1.0,37,35.5,14,30.0,0,1,1,2,1,0,0,0,0.0,0.0,0,1,1,0,5,4,0
E0003405,TC0003405,P003085,2026-06-15,DEVELOPMENT,0.0,37,36.5,9,21.0,0,0,0,0,0,1,1,17,0.058823529411764705,2.0,0,1,1,0,6,0,0
E0003406,TC0003406,P003086,2026-03-26,DEVELOPMENT,1.0,44,36.5,18,7.0,1,0,1,2,1,0,0,0,0.0,0.0,1,1,0,0,3,3,0
E0003407,TC0003407,P003086,2026-06-22,DEVELOPMENT,1.0,44,36.5,8,14.0,0,1,1,2,1,1,1,88,0.011363636363636364,2.0,1,1,0,0,6,0,0
E0003408,TC0003408,P003087,2026-05-26,DEVELOPMENT,0.0,59,25.4,24,30.0,1,0,1,2,1,0,0,0,0.0,0.0,0,1,0,0,5,1,0
E0003409,TC0003409,P003088,2026-04-25,DEVELOPMENT,0.0,38,4.2,14,21.0,1,0,0,1,0,0,0,0,0.0,0.0,0,0,0,0,4,5,1
E0003410,TC0003410,P003091,2026-07-03,EVALUATION,,46,21.3,7,7.0,1,1,1,3,1,0,0,0,0.0,0.0,0,1,0,0,7,4,0
E0003411,TC0003411,P003092,2026-04-03,DEVELOPMENT,0.0,74,9.7,15,21.0,1,0,1,2,1,0,0,0,0.0,0.0,0,0,0,0,4,4,0
E0003412,TC0003412,P000273,2026-01-28,DEVELOPMENT,0.0,35,20.2,11,21.0,1,0,0,1,0,0,0,0,0.0,1.0,1,1,0,0,1,2,0
E0003413,TC0003413,P000273,2026-04-23,DEVELOPMENT,1.0,35,38.9,9,21.0,0,0,1,1,0,1,1,85,0.011764705882352941,2.0,1,1,0,0,4,3,0
E0003414,TC0003414,P003097,2026-04-27,DEVELOPMENT,1.0,48,38.9,16,21.0,1,0,0,1,0,0,0,0,0.0,0.0,0,1,0,0,4,0,0
E0003415,TC0003415,P003097,2026-05-17,DEVELOPMENT,1.0,48,20.2,7,21.0,1,0,0,1,0,1,1,20,0.05,1.0,0,1,0,0,5,6,1
E0003416,TC0003416,P003097,2026-06-04,DEVELOPMENT,0.0,48,26.4,8,30.0,1,0,1,2,1,2,1,38,0.05263157894736842,2.0,1,1,0,0,6,3,0
E0003417,TC0003417,P003098,2026-06-27,DEVELOPMENT,0.0,62,6.6,12,21.0,1,1,0,2,1,0,0,0,0.0,0.0,0,0,0,0,6,5,1
E0003418,TC0003418,P003099,2026-07-23,EVALUATION,,69,12.6,21,21.0,0,1,1,2,1,0,0,0,0.0,0.0,1,1,0,0,7,3,0
E0003419,TC0003419,P003100,2026-05-29,DEVELOPMENT,1.0,51,6.6,8,14.0,1,0,1,2,1,0,0,0,0.0,0.0,0,0,0,0,5,4,0
E0003420,TC0003420,P003100,2026-06-30,DEVELOPMENT,0.0,51,13.9,11,14.0,1,0,1,2,1,1,1,32,0.03125,2.0,1,1,0,0,6,1,0
E0003421,TC0003421,P003101,2026-01-20,DEVELOPMENT,0.0,73,21.1,10,21.0,0,0,0,0,0,0,0,0,0.0,0.0,0,1,0,0,1,1,0
E0003422,TC0003422,P003102,2026-01-10,DEVELOPMENT,1.0,64,20.2,23,7.0,1,0,1,2,1,0,0,0,0.0,0.0,0,1,1,0,1,5,1
E0003423,TC0003423,P003104,2026-04-19,DEVELOPMENT,0.0,30,22.3,24,21.0,1,1,1,3,1,0,0,0,0.0,0.0,1,1,0,0,4,6,1
E0003424,TC0003424,P003105,2026-01-25,DEVELOPMENT,1.0,47,35.0,10,21.0,1,1,1,3,1,0,0,0,0.0,0.0,0,1,0,0,1,6,1
E0003425,TC0003425,P003106,2026-01-04,DEVELOPMENT,1.0,66,22.1,17,21.0,1,1,0,2,1,0,0,0,0.0,0.0,0,1,0,0,1,6,1
E0003426,TC0003426,P003107,2026-02-23,DEVELOPMENT,0.0,55,7.6,7,7.0,0,0,1,1,0,0,0,0,0.0,0.0,1,0,0,1,2,0,0
E0003427,TC0003427,P003109,2026-02-14,DEVELOPMENT,1.0,18,12.8,11,14.0,1,1,1,3,1,0,0,0,0.0,0.0,0,1,0,0,2,5,1
E0003428,TC0003428,P003109,2026-03-23,DEVELOPMENT,1.0,18,29.4,24,21.0,0,0,1,1,0,1,1,37,0.02702702702702703,3.0,1,1,0,0,3,0,0
E0003429,TC0003429,P003110,2026-01-27,DEVELOPMENT,0.0,70,16.8,24,21.0,0,0,0,0,0,0,0,0,0.0,0.0,1,1,0,0,1,1,0
E0003430,TC0003430,P003111,2026-08-06,EVALUATION,,60,26.6,19,21.0,1,0,0,1,0,0,0,0,0.0,0.0,1,1,0,0,8,3,0
E0003431,TC0003431,P003112,2026-07-27,EVALUATION,,61,23.7,19,7.0,1,1,1,3,1,0,0,0,0.0,0.0,0,1,0,0,7,0,0
E0003432,TC0003432,P003113,2026-03-03,DEVELOPMENT,0.0,43,28.3,18,21.0,1,1,0,2,1,0,0,0,0.0,0.0,0,1,0,0,3,1,0
E0003433,TC0003433,P001019,2026-06-11,DEVELOPMENT,1.0,43,35.0,10,21.0,1,1,1,3,1,2,1,127,0.015748031496062992,2.0,0,1,0,0,6,3,0
E0003434,TC0003434,P003115,2026-06-15,DEVELOPMENT,1.0,26,33.3,10,7.0,1,1,1,3,1,0,0,0,0.0,0.0,0,1,0,0,6,0,0
E0003435,TC0003435,P003115,2026-07-18,EVALUATION,,26,33.3,12,21.0,1,0,0,1,0,1,1,33,0.030303030303030304,3.0,0,1,0,0,7,5,1
E0003436,TC0003436,P003116,2026-06-06,DEVELOPMENT,0.0,21,7.6,22,30.0,0,0,1,1,0,0,0,0,0.0,0.0,1,0,0,0,6,5,1
E0003437,TC0003437,P003117,2026-01-18,DEVELOPMENT,0.0,53,25.4,22,7.0,0,0,1,1,0,0,0,0,0.0,0.0,1,1,0,0,1,6,1
E0003438,TC0003438,P003118,2026-07-04,EVALUATION,,39,18.7,9,21.0,1,0,0,1,0,0,0,0,0.0,0.0,0,1,0,0,7,5,1
E0003439,TC0003439,P003119,2026-03-14,DEVELOPMENT,1.0,51,11.3,8,21.0,0,1,1,2,1,0,0,0,0.0,0.0,0,1,0,0,3,5,1
E0003440,TC0003440,P003119,2026-04-29,DEVELOPMENT,0.0,51,19.5,9,7.0,0,1,1,2,1,1,1,46,0.021739130434782608,2.0,1,1,0,0,4,2,0
E0003441,TC0003441,P003120,2026-07-04,EVALUATION,,74,26.6,20,14.0,1,0,1,2,1,0,0,0,0.0,0.0,0,1,1,0,7,5,1
E0003442,TC0003442,P003121,2026-07-02,EVALUATION,,76,4.1,23,30.0,1,0,1,2,1,0,0,0,0.0,0.0,1,0,0,0,7,3,0
E0003443,TC0003443,P000885,2026-05-15,DEVELOPMENT,0.0,48,21.1,15,30.0,0,0,1,1,0,0,0,0,0.0,2.0,0,1,0,0,5,4,0
E0003444,TC0003444,P000885,2026-07-09,EVALUATION,,48,35.0,18,21.0,0,1,1,2,1,2,1,55,0.03636363636363636,3.0,1,1,0,0,7,3,0
E0003445,TC0003445,P003123,2026-04-19,DEVELOPMENT,0.0,55,11.3,22,21.0,1,0,0,1,0,1,1,81,0.012345679012345678,0.0,0,1,0,0,4,6,1
E0003446,TC0003446,P003123,2026-07-31,EVALUATION,,55,7.6,18,7.0,1,1,1,3,1,2,1,184,0.010869565217391304,1.0,0,0,0,0,7,4,0
E0003447,TC0003447,P003124,2026-02-03,DEVELOPMENT,0.0,18,29.2,21,21.0,1,0,1,2,1,0,0,0,0.0,0.0,1,1,0,0,2,1,0
E0003448,TC0003448,P003124,2026-02-08,DEVELOPMENT,0.0,18,22.8,11,14.0,1,1,1,3,1,1,1,5,0.2,2.0,0,1,0,0,2,6,1
E0003449,TC0003449,P003126,2026-02-12,DEVELOPMENT,1.0,41,20.0,23,14.0,0,1,1,2,1,0,0,0,0.0,0.0,0,1,0,0,2,3,0
E0003450,TC0003450,P000543,2026-03-01,DEVELOPMENT,0.0,45,2.6,12,21.0,1,0,1,2,1,0,0,0,0.0,1.0,0,0,0,0,3,6,1
E0003451,TC0003451,P003128,2026-02-16,DEVELOPMENT,1.0,39,29.9,7,7.0,1,0,1,2,1,0,0,0,0.0,0.0,1,1,0,1,2,0,0
E0003452,TC0003452,P003129,2026-06-05,DEVELOPMENT,1.0,76,33.3,22,21.0,1,0,1,2,1,0,0,0,0.0,0.0,1,1,0,0,6,4,0
E0003453,TC0003453,P003129,2026-07-01,EVALUATION,,76,33.3,22,30.0,1,1,1,3,1,1,1,26,0.038461538461538464,2.0,1,1,0,0,7,2,0
E0003454,TC0003454,P003130,2026-04-01,DEVELOPMENT,1.0,32,20.0,16,21.0,1,1,1,3,1,1,1,81,0.012345679012345678,0.0,1,1,0,0,4,2,0
E0003455,TC0003455,P003131,2026-03-14,DEVELOPMENT,0.0,36,26.6,18,30.0,1,0,1,2,1,0,0,0,0.0,0.0,0,1,0,0,3,5,1
E0003456,TC0003456,P003132,2026-01-18,DEVELOPMENT,0.0,62,29.9,10,30.0,1,0,1,2,1,0,0,0,0.0,0.0,0,1,0,0,1,6,1
E0003457,TC0003457,P003133,2026-01-23,DEVELOPMENT,0.0,42,7.3,11,14.0,1,0,1,2,1,0,0,0,0.0,0.0,0,0,1,0,1,4,0
E0003458,TC0003458,P003135,2026-02-04,DEVELOPMENT,1.0,74,10.8,18,21.0,1,1,0,2,1,0,0,0,0.0,0.0,0,1,0,0,2,2,0
E0003459,TC0003459,P003136,2026-03-29,DEVELOPMENT,0.0,42,3.6,18,30.0,1,0,1,2,1,0,0,0,0.0,0.0,1,0,0,0,3,6,1
E0003460,TC0003460,P003136,2026-05-09,DEVELOPMENT,0.0,42,3.6,20,30.0,0,1,1,2,1,1,1,41,0.024390243902439025,2.0,1,0,0,0,5,5,1
E0003461,TC0003461,P003136,2026-06-25,DEVELOPMENT,0.0,42,6.4,17,21.0,1,1,1,3,1,2,1,88,0.022727272727272728,4.0,0,0,0,0,6,3,0
E0003462,TC0003462,P003137,2026-03-13,DEVELOPMENT,1.0,30,25.4,12,30.0,1,1,1,3,1,0,0,0,0.0,0.0,0,1,0,0,3,4,0
E0003463,TC0003463,P003138,2026-07-16,EVALUATION,,51,29.6,20,21.0,1,0,0,1,0,0,0,0,0.0,0.0,0,1,0,0,7,3,0
E0003464,TC0003464,P003139,2026-03-11,DEVELOPMENT,0.0,26,11.5,9,30.0,0,1,1,2,1,0,0,0,0.0,0.0,0,1,0,0,3,2,0
E0003465,TC0003465,P003140,2026-01-23,DEVELOPMENT,1.0,29,22.1,23,21.0,1,1,1,3,1,0,0,0,0.0,0.0,0,1,0,0,1,4,0
E0003466,TC0003466,P003141,2026-01-31,DEVELOPMENT,0.0,46,25.7,18,21.0,0,1,0,1,0,0,0,0,0.0,0.0,0,1,1,0,1,5,1
E0003467,TC0003467,P000888,2026-02-04,DEVELOPMENT,0.0,86,21.0,22,7.0,1,0,1,2,1,0,0,0,0.0,0.0,1,1,0,0,2,2,0
E0003468,TC0003468,P003143,2026-07-03,EVALUATION,,32,12.6,13,14.0,1,0,1,2,1,0,0,0,0.0,0.0,1,1,0,0,7,4,0
E0003469,TC0003469,P000255,2026-05-27,DEVELOPMENT,0.0,40,2.6,7,21.0,1,0,0,1,0,1,1,75,0.013333333333333334,3.0,0,0,0,0,5,2,0
E0003470,TC0003470,P000255,2026-06-29,DEVELOPMENT,1.0,40,18.7,9,30.0,1,0,1,2,1,2,1,108,0.018518518518518517,4.0,1,1,0,0,6,0,0
E0003471,TC0003471,P003145,2026-08-11,EVALUATION,,26,17.2,13,14.0,1,0,1,2,1,0,0,0,0.0,0.0,1,1,0,0,8,1,0
E0003472,TC0003472,P003146,2026-06-29,DEVELOPMENT,1.0,18,9.4,13,7.0,1,0,1,2,1,0,0,0,0.0,0.0,0,0,1,0,6,0,0
E0003473,TC0003473,P003147,2026-07-28,EVALUATION,,73,14.1,13,14.0,1,0,1,2,1,0,0,0,0.0,0.0,1,1,0,0,7,1,0
E0003474,TC0003474,P003148,2026-01-03,DEVELOPMENT,1.0,63,19.9,11,21.0,1,1,1,3,1,0,0,0,0.0,0.0,1,1,0,0,1,5,1
E0003475,TC0003475,P003149,2026-04-30,DEVELOPMENT,1.0,30,11.9,23,21.0,1,0,1,2,1,0,0,0,0.0,0.0,1,1,0,0,4,3,0
E0003476,TC0003476,P003149,2026-05-30,DEVELOPMENT,0.0,30,11.9,16,21.0,0,1,1,2,1,1,1,30,0.03333333333333333,2.0,1,1,0,0,5,5,1
E0003477,TC0003477,P003150,2026-01-17,DEVELOPMENT,0.0,56,11.3,19,21.0,0,0,1,1,0,0,0,0,0.0,0.0,0,1,1,0,1,5,1
E0003478,TC0003478,P003151,2026-05-30,DEVELOPMENT,1.0,56,29.9,22,14.0,0,0,1,1,0,0,0,0,0.0,0.0,1,1,1,0,5,5,1
E0003479,TC0003479,P003151,2026-07-04,EVALUATION,,56,2.2,18,21.0,0,1,1,2,1,1,1,35,0.02857142857142857,1.0,0,0,1,0,7,5,1
E0003480,TC0003480,P003152,2026-06-14,DEVELOPMENT,0.0,47,6.5,17,21.0,1,0,1,2,1,0,0,0,0.0,0.0,0,0,0,0,6,6,1
E0003481,TC0003481,P003152,2026-08-08,EVALUATION,,47,7.3,8,21.0,0,0,1,1,0,1,1,55,0.01818181818181818,2.0,0,0,0,0,8,5,1
E0003482,TC0003482,P003153,2026-01-22,DEVELOPMENT,1.0,41,22.3,21,7.0,1,0,1,2,1,0,0,0,0.0,0.0,0,1,0,0,1,3,0
E0003483,TC0003483,P003153,2026-02-16,DEVELOPMENT,0.0,41,19.2,22,30.0,0,0,1,1,0,1,1,25,0.04,2.0,0,1,0,0,2,0,0
E0003484,TC0003484,P000936,2026-04-24,DEVELOPMENT,1.0,35,18.7,20,14.0,1,1,1,3,1,0,0,0,0.0,2.0,0,1,1,0,4,4,0
E0003485,TC0003485,P003155,2026-04-14,DEVELOPMENT,1.0,47,26.6,9,30.0,1,0,1,2,1,0,0,0,0.0,0.0,0,1,1,0,4,1,0
E0003486,TC0003486,P003156,2026-03-12,DEVELOPMENT,0.0,57,1.4,18,30.0,1,0,1,2,1,0,0,0,0.0,0.0,0,0,0,0,3,3,0
E0003487,TC0003487,P003157,2026-01-02,DEVELOPMENT,0.0,41,12.6,14,21.0,1,1,0,2,1,0,0,0,0.0,0.0,0,1,0,0,1,4,0
E0003488,TC0003488,P003158,2026-01-16,DEVELOPMENT,0.0,83,4.1,24,21.0,1,0,0,1,0,0,0,0,0.0,0.0,0,0,0,1,1,4,0
E0003489,TC0003489,P003158,2026-07-21,EVALUATION,,83,35.0,14,7.0,0,0,1,1,0,1,1,186,0.005376344086021506,1.0,1,1,0,1,7,1,0
E0003490,TC0003490,P003161,2026-01-20,DEVELOPMENT,0.0,56,7.3,16,7.0,1,1,1,3,1,0,0,0,0.0,0.0,0,0,0,1,1,1,0
E0003491,TC0003491,P003161,2026-07-10,EVALUATION,,56,6.5,15,14.0,1,0,1,2,1,1,1,171,0.005847953216374269,3.0,0,0,0,1,7,4,0
E0003492,TC0003492,P002044,2026-07-08,EVALUATION,,30,14.1,10,21.0,1,0,1,2,1,1,1,29,0.034482758620689655,2.0,0,1,0,0,7,2,0
E0003493,TC0003493,P003164,2026-08-13,EVALUATION,,43,21.0,22,30.0,1,1,1,3,1,0,0,0,0.0,0.0,0,1,0,0,8,3,0
E0003494,TC0003494,P003165,2026-03-22,DEVELOPMENT,0.0,18,7.3,21,14.0,0,0,1,1,0,0,0,0,0.0,0.0,1,0,1,0,3,6,1
E0003495,TC0003495,P003166,2026-05-14,DEVELOPMENT,0.0,52,8.3,8,21.0,0,0,0,0,0,0,0,0,0.0,0.0,1,0,0,0,5,3,0
E0003496,TC0003496,P000669,2026-02-19,DEVELOPMENT,1.0,65,26.2,20,21.0,1,1,0,2,1,0,0,0,0.0,4.0,0,1,1,0,2,3,0
E0003497,TC0003497,P003168,2026-03-11,DEVELOPMENT,1.0,50,22.3,21,7.0,1,0,1,2,1,0,0,0,0.0,0.0,0,1,0,0,3,2,0
E0003498,TC0003498,P003169,2026-02-21,DEVELOPMENT,1.0,52,25.3,15,30.0,0,0,1,1,0,0,0,0,0.0,0.0,0,1,0,0,2,5,1
E0003499,TC0003499,P003169,2026-03-19,DEVELOPMENT,0.0,52,17.3,14,14.0,1,0,1,2,1,1,1,26,0.038461538461538464,1.0,0,1,0,0,3,3,0
E0003500,TC0003500,P003213,2026-06-07,DEVELOPMENT,0.0,48,17.3,17,14.0,0,0,1,1,0,1,1,147,0.006802721088435374,0.0,0,1,0,0,6,6,1
E0003501,TC0003501,P003171,2026-01-22,DEVELOPMENT,0.0,54,36.5,11,21.0,1,1,0,2,1,0,0,0,0.0,0.0,1,1,0,0,1,3,0
E0003502,TC0003502,P003172,2026-08-02,EVALUATION,,47,36.1,8,21.0,0,0,1,1,0,0,0,0,0.0,0.0,1,1,0,0,8,6,1
E0003503,TC0003503,P003173,2026-06-02,DEVELOPMENT,1.0,38,33.3,22,14.0,1,0,1,2,1,0,0,0,0.0,0.0,0,1,1,0,6,1,0
E0003504,TC0003504,P003173,2026-07-28,EVALUATION,,38,33.3,22,21.0,1,0,0,1,0,1,1,56,0.017857142857142856,2.0,0,1,1,0,7,1,0
E0003505,TC0003505,P003173,2026-08-15,EVALUATION,,38,33.3,17,21.0,0,1,1,2,1,2,1,74,0.02702702702702703,3.0,1,1,1,0,8,5,1
E0003506,TC0003506,P000094,2026-06-30,DEVELOPMENT,0.0,28,35.4,13,7.0,1,0,1,2,1,0,0,0,0.0,0.0,0,1,0,0,6,1,0
E0003507,TC0003507,P003175,2026-05-16,DEVELOPMENT,1.0,61,19.9,14,30.0,1,1,1,3,1,0,0,0,0.0,0.0,0,1,0,0,5,5,1
E0003508,TC0003508,P003175,2026-06-17,DEVELOPMENT,0.0,61,5.1,20,21.0,0,0,1,1,0,1,1,32,0.03125,3.0,0,0,0,0,6,2,0
E0003509,TC0003509,P003176,2026-05-31,DEVELOPMENT,0.0,49,7.6,10,14.0,0,0,1,1,0,0,0,0,0.0,0.0,0,0,1,0,5,6,1
E0003510,TC0003510,P003177,2026-08-01,EVALUATION,,73,11.9,22,21.0,0,1,1,2,1,0,0,0,0.0,0.0,0,1,0,0,8,5,1
E0003511,TC0003511,P003178,2026-04-17,DEVELOPMENT,0.0,62,17.3,21,21.0,1,0,1,2,1,0,0,0,0.0,0.0,1,1,0,0,4,4,0
E0003512,TC0003512,P003179,2026-03-05,DEVELOPMENT,1.0,31,36.5,9,14.0,1,0,1,2,1,0,0,0,0.0,0.0,0,1,0,0,3,3,0
E0003513,TC0003513,P003180,2026-01-29,DEVELOPMENT,1.0,52,25.8,18,7.0,1,0,1,2,1,0,0,0,0.0,0.0,1,1,0,1,1,3,0
E0003514,TC0003514,P003181,2026-04-28,DEVELOPMENT,0.0,24,35.4,19,21.0,1,0,0,1,0,0,0,0,0.0,0.0,0,1,0,0,4,1,0
E0003515,TC0003515,P003185,2026-01-17,DEVELOPMENT,1.0,59,25.3,13,30.0,1,0,1,2,1,0,0,0,0.0,0.0,0,1,0,0,1,5,1
E0003516,TC0003516,P001509,2026-01-25,DEVELOPMENT,1.0,62,23.1,18,21.0,1,0,0,1,0,0,0,0,0.0,1.0,0,1,0,0,1,6,1
E0003517,TC0003517,P000786,2026-05-18,DEVELOPMENT,0.0,44,13.9,7,14.0,1,0,1,2,1,0,0,0,0.0,2.0,1,1,1,0,5,0,0
E0003518,TC0003518,P000786,2026-07-16,EVALUATION,,44,13.9,15,21.0,1,1,0,2,1,2,1,59,0.03389830508474576,4.0,0,1,1,0,7,3,0
E0003519,TC0003519,P003188,2026-06-15,DEVELOPMENT,0.0,64,29.6,13,21.0,1,1,1,3,1,0,0,0,0.0,0.0,0,1,0,0,6,0,0
E0003520,TC0003520,P000561,2026-03-12,DEVELOPMENT,1.0,32,11.9,22,21.0,1,0,0,1,0,0,0,0,0.0,3.0,0,1,0,0,3,3,0
E0003521,TC0003521,P000561,2026-05-03,DEVELOPMENT,1.0,32,20.3,12,21.0,1,0,0,1,0,1,1,52,0.019230769230769232,4.0,1,1,0,0,5,6,1
E0003522,TC0003522,P003190,2026-05-06,DEVELOPMENT,0.0,44,17.9,20,30.0,1,0,1,2,1,0,0,0,0.0,0.0,1,1,0,1,5,2,0
E0003523,TC0003523,P003190,2026-07-08,EVALUATION,,44,17.9,17,21.0,1,1,0,2,1,1,1,63,0.015873015873015872,2.0,0,1,0,1,7,2,0
E0003524,TC0003524,P003191,2026-08-13,EVALUATION,,53,29.6,18,21.0,1,1,0,2,1,0,0,0,0.0,0.0,0,1,0,0,8,3,0
E0003525,TC0003525,P003192,2026-02-25,DEVELOPMENT,1.0,74,29.7,17,30.0,1,0,1,2,1,0,0,0,0.0,0.0,1,1,0,0,2,2,0
E0003526,TC0003526,P003193,2026-03-18,DEVELOPMENT,0.0,46,22.3,15,21.0,1,0,0,1,0,0,0,0,0.0,0.0,0,1,0,0,3,2,0
E0003527,TC0003527,P003193,2026-05-16,DEVELOPMENT,1.0,46,16.8,16,30.0,1,0,1,2,1,1,1,59,0.01694915254237288,1.0,0,1,0,0,5,5,1
E0003528,TC0003528,P003194,2026-05-01,DEVELOPMENT,1.0,53,18.0,22,30.0,1,0,1,2,1,0,0,0,0.0,0.0,1,1,0,0,5,4,0
E0003529,TC0003529,P003195,2026-06-23,DEVELOPMENT,1.0,57,4.1,9,21.0,1,1,1,3,1,0,0,0,0.0,0.0,0,0,1,0,6,1,0
E0003530,TC0003530,P003196,2026-03-15,DEVELOPMENT,0.0,21,20.0,7,21.0,1,0,0,1,0,0,0,0,0.0,0.0,0,1,0,0,3,6,1
E0003531,TC0003531,P002394,2026-02-05,DEVELOPMENT,0.0,79,20.6,21,21.0,1,1,0,2,1,0,0,0,0.0,3.0,0,1,0,0,2,3,0
E0003532,TC0003532,P003198,2026-07-09,EVALUATION,,58,20.6,17,14.0,1,0,1,2,1,0,0,0,0.0,0.0,0,1,0,0,7,3,0
E0003533,TC0003533,P003486,2026-02-16,DEVELOPMENT,0.0,47,7.0,11,21.0,1,0,0,1,0,0,0,0,0.0,0.0,0,0,0,0,2,0,0
E0003534,TC0003534,P003201,2026-06-28,DEVELOPMENT,1.0,71,13.9,15,21.0,1,1,0,2,1,0,0,0,0.0,0.0,0,1,1,0,6,6,1
E0003535,TC0003535,P003203,2026-06-06,DEVELOPMENT,1.0,66,38.9,12,21.0,1,0,0,1,0,0,0,0,0.0,0.0,1,1,0,0,6,5,1
E0003536,TC0003536,P003204,2026-03-02,DEVELOPMENT,1.0,51,22.1,21,21.0,1,1,1,3,1,0,0,0,0.0,0.0,1,1,0,0,3,0,0
E0003537,TC0003537,P003205,2026-07-18,EVALUATION,,70,22.3,10,30.0,1,0,1,2,1,0,0,0,0.0,0.0,0,1,0,0,7,5,1
E0003538,TC0003538,P003206,2026-05-14,DEVELOPMENT,0.0,42,23.7,8,14.0,0,0,1,1,0,0,0,0,0.0,0.0,0,1,1,0,5,3,0
E0003539,TC0003539,P003207,2026-06-13,DEVELOPMENT,1.0,35,19.6,14,21.0,0,0,1,1,0,0,0,0,0.0,0.0,1,1,0,0,6,5,1
E0003540,TC0003540,P003208,2026-06-16,DEVELOPMENT,1.0,60,36.3,19,21.0,1,1,0,2,1,0,0,0,0.0,0.0,0,1,0,0,6,1,0
E0003541,TC0003541,P003209,2026-02-21,DEVELOPMENT,0.0,50,26.3,17,30.0,1,0,1,2,1,0,0,0,0.0,0.0,1,1,0,0,2,5,1
E0003542,TC0003542,P003209,2026-08-03,EVALUATION,,50,25.4,21,21.0,1,0,0,1,0,1,1,163,0.006134969325153374,2.0,0,1,0,0,8,0,0
E0003543,TC0003543,P003210,2026-05-14,DEVELOPMENT,1.0,54,36.3,17,7.0,1,0,1,2,1,0,0,0,0.0,0.0,0,1,0,0,5,3,0
E0003544,TC0003544,P003211,2026-02-20,DEVELOPMENT,1.0,32,36.5,21,21.0,1,0,1,2,1,0,0,0,0.0,0.0,0,1,0,0,2,4,0
E0003545,TC0003545,P001298,2026-07-30,EVALUATION,,72,29.2,20,21.0,1,0,1,2,1,2,1,147,0.013605442176870748,3.0,0,1,0,0,7,3,0
E0003546,TC0003546,P003213,2026-01-11,DEVELOPMENT,1.0,48,25.3,24,21.0,1,0,0,1,0,0,0,0,0.0,1.0,0,1,0,0,1,6,1
E0003547,TC0003547,P003214,2026-05-29,DEVELOPMENT,0.0,43,4.2,17,21.0,1,1,0,2,1,0,0,0,0.0,0.0,0,0,0,0,5,4,0
E0003548,TC0003548,P003214,2026-07-07,EVALUATION,,43,4.2,16,30.0,1,0,1,2,1,1,1,39,0.02564102564102564,2.0,1,0,0,0,7,1,0
E0003549,TC0003549,P003216,2026-02-05,DEVELOPMENT,1.0,45,22.1,8,21.0,1,0,0,1,0,0,0,0,0.0,0.0,0,1,0,1,2,3,0
E0003550,TC0003550,P003217,2026-06-18,DEVELOPMENT,1.0,44,35.5,7,30.0,0,1,1,2,1,0,0,0,0.0,0.0,0,1,0,0,6,3,0
E0003551,TC0003551,P003219,2026-07-30,EVALUATION,,57,5.1,20,30.0,1,1,1,3,1,0,0,0,0.0,0.0,0,0,0,0,7,3,0
E0003552,TC0003552,P003220,2026-07-20,EVALUATION,,57,25.7,12,14.0,1,1,1,3,1,0,0,0,0.0,0.0,1,1,0,0,7,0,0
E0003553,TC0003553,P003220,2026-08-13,EVALUATION,,57,7.3,17,14.0,0,0,1,1,0,1,1,24,0.041666666666666664,3.0,1,0,0,0,8,3,0
E0003554,TC0003554,P003221,2026-05-06,DEVELOPMENT,0.0,53,17.2,21,21.0,0,0,0,0,0,0,0,0,0.0,0.0,0,1,0,0,5,2,0
E0003555,TC0003555,P003222,2026-01-20,DEVELOPMENT,1.0,53,25.3,24,14.0,1,0,1,2,1,0,0,0,0.0,0.0,0,1,0,0,1,1,0
E0003556,TC0003556,P003222,2026-04-23,DEVELOPMENT,1.0,53,28.3,14,30.0,1,0,1,2,1,1,1,93,0.010752688172043012,2.0,0,1,0,0,4,3,0
E0003557,TC0003557,P003223,2026-05-25,DEVELOPMENT,0.0,27,11.5,20,21.0,1,0,0,1,0,0,0,0,0.0,0.0,1,1,0,0,5,0,0
E0003558,TC0003558,P003224,2026-04-17,DEVELOPMENT,1.0,33,18.7,17,21.0,1,1,0,2,1,0,0,0,0.0,0.0,1,1,0,0,4,4,0
E0003559,TC0003559,P003225,2026-02-14,DEVELOPMENT,1.0,39,36.1,23,14.0,1,0,1,2,1,0,0,0,0.0,0.0,1,1,1,0,2,5,1
E0003560,TC0003560,P003225,2026-07-18,EVALUATION,,39,2.2,7,30.0,1,1,1,3,1,1,1,154,0.006493506493506494,2.0,0,0,1,0,7,5,1
E0003561,TC0003561,P003226,2026-06-10,DEVELOPMENT,0.0,56,20.0,16,21.0,1,0,0,1,0,0,0,0,0.0,0.0,1,1,0,0,6,2,0
E0003562,TC0003562,P003227,2026-01-04,DEVELOPMENT,0.0,55,29.9,11,21.0,1,0,1,2,1,0,0,0,0.0,0.0,1,1,0,0,1,6,1
E0003563,TC0003563,P003228,2026-06-14,DEVELOPMENT,1.0,46,36.5,15,14.0,1,1,1,3,1,0,0,0,0.0,0.0,0,1,0,0,6,6,1
E0003564,TC0003564,P000434,2026-06-19,DEVELOPMENT,1.0,57,18.7,19,14.0,1,1,1,3,1,1,1,102,0.00980392156862745,1.0,0,1,0,0,6,4,0
E0003565,TC0003565,P000434,2026-06-26,DEVELOPMENT,1.0,57,2.6,12,21.0,1,0,1,2,1,2,1,109,0.01834862385321101,4.0,0,0,0,0,6,4,0
E0003566,TC0003566,P003230,2026-05-13,DEVELOPMENT,0.0,44,25.3,14,21.0,1,0,0,1,0,0,0,0,0.0,0.0,1,1,0,0,5,2,0
E0003567,TC0003567,P003230,2026-07-31,EVALUATION,,44,17.3,20,21.0,0,0,0,0,0,1,1,79,0.012658227848101266,1.0,0,1,0,0,7,4,0
E0003568,TC0003568,P003231,2026-08-14,EVALUATION,,44,14.1,8,21.0,1,0,0,1,0,0,0,0,0.0,0.0,0,1,1,0,8,4,0
E0003569,TC0003569,P003232,2026-07-19,EVALUATION,,61,27.6,9,14.0,1,0,1,2,1,0,0,0,0.0,0.0,0,1,0,0,7,6,1
E0003570,TC0003570,P003233,2026-01-27,DEVELOPMENT,0.0,40,29.2,23,21.0,1,1,1,3,1,0,0,0,0.0,0.0,1,1,0,0,1,1,0
E0003571,TC0003571,P003234,2026-01-31,DEVELOPMENT,1.0,47,28.3,7,21.0,1,0,0,1,0,0,0,0,0.0,0.0,1,1,1,0,1,5,1
E0003572,TC0003572,P001264,2026-08-01,EVALUATION,,43,36.5,8,21.0,1,1,1,3,1,1,1,154,0.006493506493506494,3.0,0,1,0,0,8,5,1
E0003573,TC0003573,P003236,2026-04-23,DEVELOPMENT,0.0,57,20.6,14,21.0,0,0,1,1,0,0,0,0,0.0,0.0,0,1,0,1,4,3,0
E0003574,TC0003574,P003237,2026-02-03,DEVELOPMENT,0.0,27,12.6,10,7.0,0,0,1,1,0,0,0,0,0.0,0.0,1,1,0,0,2,1,0
E0003575,TC0003575,P003240,2026-03-29,DEVELOPMENT,1.0,73,33.3,15,21.0,1,1,0,2,1,0,0,0,0.0,0.0,0,1,0,0,3,6,1
E0003576,TC0003576,P003241,2026-01-14,DEVELOPMENT,1.0,38,16.9,10,7.0,1,1,1,3,1,0,0,0,0.0,0.0,1,1,0,0,1,2,0
E0003577,TC0003577,P003241,2026-06-17,DEVELOPMENT,0.0,38,18.0,7,21.0,1,0,1,2,1,1,1,154,0.006493506493506494,3.0,0,1,0,0,6,2,0
E0003578,TC0003578,P003242,2026-06-04,DEVELOPMENT,0.0,49,36.1,17,21.0,1,0,0,1,0,0,0,0,0.0,0.0,0,1,0,0,6,3,0
E0003579,TC0003579,P003242,2026-07-13,EVALUATION,,49,36.1,20,14.0,0,0,1,1,0,1,1,39,0.02564102564102564,1.0,0,1,0,0,7,0,0
E0003580,TC0003580,P003243,2026-05-29,DEVELOPMENT,0.0,48,29.7,13,21.0,1,1,0,2,1,0,0,0,0.0,0.0,1,1,0,0,5,4,0
E0003581,TC0003581,P003244,2026-03-19,DEVELOPMENT,0.0,54,36.5,12,14.0,1,0,1,2,1,0,0,0,0.0,0.0,1,1,0,0,3,3,0
E0003582,TC0003582,P002937,2026-02-02,DEVELOPMENT,1.0,56,38.9,10,7.0,1,0,1,2,1,0,0,0,0.0,1.0,0,1,0,0,2,0,0
E0003583,TC0003583,P003246,2026-04-16,DEVELOPMENT,0.0,62,36.1,16,21.0,0,0,0,0,0,0,0,0,0.0,0.0,1,1,0,0,4,3,0
E0003584,TC0003584,P003247,2026-07-16,EVALUATION,,54,29.4,12,21.0,1,1,0,2,1,0,0,0,0.0,0.0,1,1,0,0,7,3,0
E0003585,TC0003585,P003248,2026-01-27,DEVELOPMENT,0.0,48,16.9,21,7.0,1,0,1,2,1,0,0,0,0.0,0.0,0,1,0,0,1,1,0
E0003586,TC0003586,P003249,2026-07-05,EVALUATION,,63,11.5,16,7.0,0,1,1,2,1,0,0,0,0.0,0.0,1,1,0,0,7,6,1
E0003587,TC0003587,P003250,2026-05-25,DEVELOPMENT,1.0,64,25.7,9,21.0,1,1,1,3,1,0,0,0,0.0,0.0,1,1,1,0,5,0,0
E0003588,TC0003588,P003252,2026-04-30,DEVELOPMENT,1.0,36,25.8,23,30.0,1,0,1,2,1,0,0,0,0.0,0.0,1,1,0,0,4,3,0
E0003589,TC0003589,P003253,2026-04-15,DEVELOPMENT,1.0,36,25.4,20,30.0,1,0,1,2,1,0,0,0,0.0,0.0,1,1,0,0,4,2,0
E0003590,TC0003590,P003253,2026-05-27,DEVELOPMENT,1.0,36,36.3,14,21.0,1,0,0,1,0,1,1,42,0.023809523809523808,2.0,0,1,0,0,5,2,0
E0003591,TC0003591,P003254,2026-01-13,DEVELOPMENT,0.0,66,38.9,21,30.0,0,0,1,1,0,0,0,0,0.0,0.0,1,1,0,0,1,1,0
E0003592,TC0003592,P003255,2026-07-19,EVALUATION,,33,19.5,20,21.0,0,0,1,1,0,0,0,0,0.0,0.0,0,1,0,0,7,6,1
E0003593,TC0003593,P002014,2026-06-19,DEVELOPMENT,0.0,34,11.4,23,14.0,0,0,1,1,0,0,0,0,0.0,0.0,1,1,0,0,6,4,0
E0003594,TC0003594,P003258,2026-03-03,DEVELOPMENT,1.0,50,17.9,7,14.0,1,0,1,2,1,0,0,0,0.0,0.0,0,1,0,0,3,1,0
E0003595,TC0003595,P003259,2026-04-02,DEVELOPMENT,1.0,29,22.8,7,14.0,0,0,1,1,0,0,0,0,0.0,0.0,1,1,0,0,4,3,0
E0003596,TC0003596,P003260,2026-05-02,DEVELOPMENT,1.0,49,1.4,17,21.0,1,0,1,2,1,0,0,0,0.0,0.0,0,0,0,0,5,5,1
E0003597,TC0003597,P003261,2026-04-17,DEVELOPMENT,0.0,62,6.4,15,7.0,1,0,1,2,1,0,0,0,0.0,0.0,0,0,0,0,4,4,0
E0003598,TC0003598,P003262,2026-04-19,DEVELOPMENT,1.0,69,22.3,16,14.0,1,0,1,2,1,0,0,0,0.0,0.0,0,1,0,0,4,6,1
E0003599,TC0003599,P001790,2026-05-07,DEVELOPMENT,1.0,44,26.3,23,14.0,1,0,1,2,1,0,0,0,0.0,6.0,0,1,0,0,5,3,0
E0003600,TC0003600,P003264,2026-05-21,DEVELOPMENT,1.0,49,18.7,10,21.0,1,0,1,2,1,0,0,0,0.0,0.0,1,1,0,0,5,3,0
E0003601,TC0003601,P003265,2026-04-21,DEVELOPMENT,0.0,68,26.6,16,21.0,1,1,0,2,1,0,0,0,0.0,0.0,0,1,0,0,4,1,0
E0003602,TC0003602,P003265,2026-07-15,EVALUATION,,68,6.5,21,30.0,1,1,1,3,1,1,1,85,0.011764705882352941,2.0,0,0,0,0,7,2,0
E0003603,TC0003603,P003266,2026-01-08,DEVELOPMENT,0.0,78,12.6,14,7.0,0,1,1,2,1,0,0,0,0.0,0.0,1,1,0,0,1,3,0
E0003604,TC0003604,P003266,2026-07-15,EVALUATION,,78,4.2,23,7.0,1,1,1,3,1,1,1,188,0.005319148936170213,2.0,0,0,0,0,7,2,0
E0003605,TC0003605,P003266,2026-08-03,EVALUATION,,78,12.6,20,30.0,1,0,1,2,1,2,1,207,0.00966183574879227,5.0,1,1,0,0,8,0,0
E0003606,TC0003606,P003267,2026-03-12,DEVELOPMENT,0.0,54,12.6,12,30.0,0,0,1,1,0,0,0,0,0.0,0.0,0,1,0,0,3,3,0
E0003607,TC0003607,P003268,2026-07-23,EVALUATION,,54,8.7,23,14.0,1,1,1,3,1,1,1,2,0.5,0.0,0,0,0,0,7,3,0
E0003608,TC0003608,P003269,2026-01-07,DEVELOPMENT,1.0,73,29.4,7,21.0,1,0,1,2,1,0,0,0,0.0,0.0,1,1,0,0,1,2,0
E0003609,TC0003609,P003270,2026-06-12,DEVELOPMENT,1.0,29,18.7,7,21.0,1,0,0,1,0,0,0,0,0.0,0.0,0,1,0,0,6,4,0
E0003610,TC0003610,P003271,2026-01-06,DEVELOPMENT,1.0,87,17.3,11,30.0,1,0,1,2,1,0,0,0,0.0,0.0,0,1,0,0,1,1,0
E0003611,TC0003611,P003272,2026-01-29,DEVELOPMENT,0.0,65,12.8,9,21.0,0,0,1,1,0,0,0,0,0.0,0.0,0,1,0,0,1,3,0
E0003612,TC0003612,P003273,2026-04-20,DEVELOPMENT,1.0,71,18.0,13,7.0,1,0,1,2,1,0,0,0,0.0,0.0,0,1,0,0,4,0,0
E0003613,TC0003613,P003274,2026-06-24,DEVELOPMENT,1.0,38,22.2,20,7.0,1,0,1,2,1,0,0,0,0.0,0.0,0,1,0,0,6,2,0
E0003614,TC0003614,P003275,2026-07-19,EVALUATION,,58,29.7,10,14.0,1,0,1,2,1,0,0,0,0.0,0.0,1,1,0,0,7,6,1
E0003615,TC0003615,P003277,2026-05-23,DEVELOPMENT,1.0,32,26.2,20,14.0,1,1,1,3,1,0,0,0,0.0,0.0,0,1,0,0,5,5,1
E0003616,TC0003616,P003277,2026-06-15,DEVELOPMENT,1.0,32,26.4,8,14.0,1,1,1,3,1,1,1,23,0.043478260869565216,3.0,0,1,0,0,6,0,0
E0003617,TC0003617,P003281,2026-05-07,DEVELOPMENT,0.0,36,25.7,18,21.0,0,1,0,1,0,0,0,0,0.0,0.0,0,1,0,1,5,3,0
E0003618,TC0003618,P003282,2026-02-08,DEVELOPMENT,1.0,29,7.0,19,21.0,1,1,0,2,1,0,0,0,0.0,0.0,0,0,0,0,2,6,1
E0003619,TC0003619,P002731,2026-03-19,DEVELOPMENT,1.0,65,24.9,10,21.0,1,0,0,1,0,0,0,0,0.0,1.0,0,1,1,0,3,3,0
E0003620,TC0003620,P002731,2026-08-09,EVALUATION,,65,24.9,7,21.0,1,0,1,2,1,2,1,143,0.013986013986013986,2.0,0,1,1,0,8,6,1
E0003621,TC0003621,P003284,2026-01-13,DEVELOPMENT,1.0,47,27.8,7,14.0,1,0,1,2,1,0,0,0,0.0,0.0,0,1,0,0,1,1,0
E0003622,TC0003622,P003284,2026-06-04,DEVELOPMENT,0.0,47,11.9,7,14.0,1,1,1,3,1,1,1,142,0.007042253521126761,2.0,0,1,0,0,6,3,0
E0003623,TC0003623,P003286,2026-05-19,DEVELOPMENT,0.0,60,27.8,12,14.0,0,0,1,1,0,0,0,0,0.0,0.0,1,1,0,1,5,1,0
E0003624,TC0003624,P003287,2026-02-23,DEVELOPMENT,0.0,50,20.6,22,7.0,1,1,1,3,1,0,0,0,0.0,0.0,0,1,1,0,2,0,0
E0003625,TC0003625,P003288,2026-02-13,DEVELOPMENT,0.0,36,16.8,10,7.0,1,0,1,2,1,0,0,0,0.0,0.0,0,1,0,0,2,4,0
E0003626,TC0003626,P003289,2026-03-16,DEVELOPMENT,1.0,33,5.1,23,21.0,1,0,0,1,0,0,0,0,0.0,0.0,1,0,0,1,3,0,0
E0003627,TC0003627,P003290,2026-03-03,DEVELOPMENT,0.0,72,22.9,12,14.0,0,1,1,2,1,0,0,0,0.0,0.0,0,1,0,1,3,1,0
E0003628,TC0003628,P003291,2026-02-08,DEVELOPMENT,1.0,73,26.6,7,30.0,1,1,1,3,1,0,0,0,0.0,0.0,0,1,0,0,2,6,1
E0003629,TC0003629,P003291,2026-08-04,EVALUATION,,73,6.5,24,14.0,0,0,1,1,0,1,1,177,0.005649717514124294,3.0,0,0,0,0,8,1,0
E0003630,TC0003630,P003292,2026-07-27,EVALUATION,,58,6.4,20,21.0,1,1,0,2,1,0,0,0,0.0,0.0,1,0,0,0,7,0,0
E0003631,TC0003631,P003294,2026-02-28,DEVELOPMENT,0.0,40,6.5,16,7.0,1,1,1,3,1,0,0,0,0.0,0.0,1,0,0,0,2,5,1
E0003632,TC0003632,P003295,2026-07-22,EVALUATION,,52,19.2,21,21.0,1,1,0,2,1,0,0,0,0.0,0.0,1,1,0,0,7,2,0
E0003633,TC0003633,P003296,2026-04-05,DEVELOPMENT,0.0,37,36.5,22,21.0,1,1,0,2,1,0,0,0,0.0,0.0,1,1,0,0,4,6,1
E0003634,TC0003634,P003298,2026-01-13,DEVELOPMENT,1.0,76,21.3,17,7.0,1,0,1,2,1,0,0,0,0.0,0.0,1,1,0,0,1,1,0
E0003635,TC0003635,P003298,2026-05-21,DEVELOPMENT,1.0,76,29.7,12,7.0,1,0,1,2,1,1,1,128,0.0078125,2.0,0,1,0,0,5,3,0
E0003636,TC0003636,P003300,2026-08-11,EVALUATION,,47,26.4,12,21.0,1,1,0,2,1,0,0,0,0.0,0.0,0,1,0,0,8,1,0
E0003637,TC0003637,P003301,2026-02-15,DEVELOPMENT,0.0,70,27.6,12,14.0,1,0,1,2,1,0,0,0,0.0,0.0,0,1,0,0,2,6,1
E0003638,TC0003638,P003302,2026-02-28,DEVELOPMENT,1.0,50,19.9,16,14.0,1,1,1,3,1,0,0,0,0.0,0.0,0,1,0,0,2,5,1
E0003639,TC0003639,P001658,2026-02-17,DEVELOPMENT,0.0,25,2.2,10,30.0,0,0,1,1,0,0,0,0,0.0,2.0,0,0,0,0,2,1,0
E0003640,TC0003640,P000003,2026-04-19,DEVELOPMENT,0.0,47,20.6,15,21.0,0,0,0,0,0,0,0,0,0.0,2.0,0,1,1,0,4,6,1
E0003641,TC0003641,P002780,2026-06-20,DEVELOPMENT,1.0,45,25.4,17,30.0,1,1,1,3,1,0,0,0,0.0,2.0,0,1,0,0,6,5,1
E0003642,TC0003642,P003308,2026-07-25,EVALUATION,,60,19.5,14,30.0,1,0,1,2,1,0,0,0,0.0,0.0,0,1,0,0,7,5,1
E0003643,TC0003643,P003309,2026-04-09,DEVELOPMENT,0.0,38,17.6,9,14.0,0,0,1,1,0,0,0,0,0.0,0.0,1,1,0,0,4,3,0
E0003644,TC0003644,P003309,2026-04-28,DEVELOPMENT,0.0,38,17.6,20,21.0,1,0,0,1,0,1,1,19,0.05263157894736842,1.0,1,1,0,0,4,1,0
E0003645,TC0003645,P003312,2026-05-05,DEVELOPMENT,1.0,38,18.4,20,21.0,1,0,0,1,0,0,0,0,0.0,0.0,1,1,0,0,5,1,0
E0003646,TC0003646,P003312,2026-06-13,DEVELOPMENT,1.0,38,18.7,13,30.0,1,0,1,2,1,1,1,39,0.02564102564102564,1.0,0,1,0,0,6,5,1
E0003647,TC0003647,P003313,2026-07-06,EVALUATION,,87,28.2,18,21.0,1,0,0,1,0,0,0,0,0.0,0.0,0,1,1,0,7,0,0
E0003648,TC0003648,P003314,2026-02-08,DEVELOPMENT,0.0,39,23.1,24,21.0,0,0,0,0,0,0,0,0,0.0,0.0,0,1,0,0,2,6,1
E0003649,TC0003649,P003315,2026-03-15,DEVELOPMENT,0.0,52,5.1,14,21.0,1,0,0,1,0,0,0,0,0.0,0.0,0,0,0,0,3,6,1
E0003650,TC0003650,P003315,2026-04-17,DEVELOPMENT,0.0,52,5.1,18,21.0,1,0,0,1,0,1,1,33,0.030303030303030304,1.0,0,0,0,0,4,4,0
E0003651,TC0003651,P003316,2026-01-09,DEVELOPMENT,1.0,50,27.6,12,21.0,1,1,1,3,1,0,0,0,0.0,0.0,0,1,0,0,1,4,0
E0003652,TC0003652,P003038,2026-06-23,DEVELOPMENT,1.0,62,6.5,12,14.0,0,0,1,1,0,0,0,0,0.0,1.0,1,0,0,0,6,1,0
E0003653,TC0003653,P003318,2026-04-24,DEVELOPMENT,0.0,41,35.5,18,21.0,0,0,0,0,0,0,0,0,0.0,0.0,0,1,0,0,4,4,0
E0003654,TC0003654,P003318,2026-06-18,DEVELOPMENT,1.0,41,36.5,18,21.0,1,0,0,1,0,1,1,55,0.01818181818181818,0.0,1,1,0,0,6,3,0
E0003655,TC0003655,P003319,2026-04-10,DEVELOPMENT,0.0,51,29.4,20,21.0,0,0,0,0,0,0,0,0,0.0,0.0,0,1,0,0,4,4,0
E0003656,TC0003656,P003319,2026-05-13,DEVELOPMENT,0.0,51,25.4,16,21.0,1,1,0,2,1,1,1,33,0.030303030303030304,0.0,0,1,0,0,5,2,0
E0003657,TC0003657,P003319,2026-07-16,EVALUATION,,51,26.3,16,7.0,1,0,1,2,1,2,1,97,0.020618556701030927,2.0,0,1,0,0,7,3,0
E0003658,TC0003658,P001210,2026-07-27,EVALUATION,,57,20.3,13,21.0,0,1,0,1,0,1,1,136,0.007352941176470588,1.0,1,1,0,0,7,0,0
E0003659,TC0003659,P003320,2026-08-01,EVALUATION,,79,20.3,15,14.0,1,0,1,2,1,0,0,0,0.0,0.0,1,1,0,0,8,5,1
E0003660,TC0003660,P003321,2026-06-04,DEVELOPMENT,0.0,69,11.9,13,21.0,1,0,0,1,0,0,0,0,0.0,0.0,0,1,0,0,6,3,0
E0003661,TC0003661,P003322,2026-04-03,DEVELOPMENT,0.0,51,13.9,20,21.0,0,0,1,1,0,0,0,0,0.0,0.0,0,1,0,0,4,4,0
E0003662,TC0003662,P003323,2026-07-01,EVALUATION,,46,10.8,15,21.0,1,1,0,2,1,0,0,0,0.0,0.0,0,1,1,0,7,2,0
E0003663,TC0003663,P003323,2026-08-06,EVALUATION,,46,10.8,17,21.0,1,1,0,2,1,1,1,36,0.027777777777777776,2.0,0,1,1,0,8,3,0
E0003664,TC0003664,P003324,2026-04-11,DEVELOPMENT,0.0,43,18.7,7,21.0,1,0,0,1,0,0,0,0,0.0,0.0,1,1,0,0,4,5,1
E0003665,TC0003665,P003324,2026-05-08,DEVELOPMENT,0.0,43,18.7,14,21.0,1,0,1,2,1,1,1,27,0.037037037037037035,1.0,0,1,0,0,5,4,0
E0003666,TC0003666,P003324,2026-06-21,DEVELOPMENT,0.0,43,2.6,12,30.0,1,1,1,3,1,2,1,71,0.028169014084507043,3.0,1,0,0,0,6,6,1
E0003667,TC0003667,P003325,2026-03-21,DEVELOPMENT,1.0,59,13.0,15,21.0,0,1,1,2,1,0,0,0,0.0,0.0,0,1,0,0,3,5,1
E0003668,TC0003668,P003325,2026-05-06,DEVELOPMENT,0.0,59,9.7,19,7.0,1,0,1,2,1,1,1,46,0.021739130434782608,2.0,0,0,0,0,5,2,0
E0003669,TC0003669,P000101,2026-04-23,DEVELOPMENT,0.0,68,6.7,7,21.0,1,0,0,1,0,1,1,98,0.01020408163265306,2.0,0,0,0,0,4,3,0
E0003670,TC0003670,P003327,2026-02-13,DEVELOPMENT,0.0,72,21.0,20,30.0,1,0,1,2,1,0,0,0,0.0,0.0,0,1,1,0,2,4,0
E0003671,TC0003671,P003328,2026-06-08,DEVELOPMENT,0.0,67,5.1,23,21.0,1,1,0,2,1,0,0,0,0.0,0.0,1,0,0,0,6,0,0
E0003672,TC0003672,P003328,2026-07-08,EVALUATION,,67,5.1,7,30.0,0,1,1,2,1,1,1,30,0.03333333333333333,2.0,0,0,0,0,7,2,0
E0003673,TC0003673,P003329,2026-07-09,EVALUATION,,52,22.8,13,30.0,0,1,1,2,1,0,0,0,0.0,0.0,1,1,0,0,7,3,0
E0003674,TC0003674,P003330,2026-04-01,DEVELOPMENT,1.0,53,36.1,15,21.0,0,0,1,1,0,0,0,0,0.0,0.0,0,1,0,0,4,2,0
E0003675,TC0003675,P003331,2026-05-30,DEVELOPMENT,0.0,88,20.3,14,21.0,0,1,0,1,0,0,0,0,0.0,0.0,0,1,1,0,5,5,1
E0003676,TC0003676,P003334,2026-04-19,DEVELOPMENT,0.0,22,29.9,22,21.0,1,0,0,1,0,0,0,0,0.0,0.0,1,1,0,0,4,6,1
E0003677,TC0003677,P003334,2026-07-20,EVALUATION,,22,36.1,17,30.0,1,0,1,2,1,1,1,92,0.010869565217391304,1.0,0,1,0,0,7,0,0
E0003678,TC0003678,P003335,2026-04-09,DEVELOPMENT,1.0,70,19.2,8,14.0,1,1,1,3,1,0,0,0,0.0,0.0,0,1,1,0,4,3,0
E0003679,TC0003679,P003335,2026-05-08,DEVELOPMENT,0.0,70,11.5,13,21.0,1,0,0,1,0,1,1,29,0.034482758620689655,3.0,0,1,1,0,5,4,0
E0003680,TC0003680,P003336,2026-05-10,DEVELOPMENT,1.0,32,26.4,17,30.0,1,0,1,2,1,0,0,0,0.0,0.0,0,1,0,0,5,6,1
E0003681,TC0003681,P003336,2026-06-27,DEVELOPMENT,0.0,32,20.2,22,30.0,0,0,1,1,0,1,1,48,0.020833333333333332,2.0,0,1,0,0,6,5,1
E0003682,TC0003682,P000217,2026-03-18,DEVELOPMENT,1.0,46,8.7,21,14.0,1,0,1,2,1,1,1,6,0.16666666666666666,3.0,0,0,0,0,3,2,0
E0003683,TC0003683,P002866,2026-03-27,DEVELOPMENT,1.0,47,22.3,17,21.0,1,0,0,1,0,0,0,0,0.0,1.0,0,1,0,0,3,4,0
E0003684,TC0003684,P003339,2026-01-19,DEVELOPMENT,1.0,50,16.9,14,21.0,1,0,0,1,0,0,0,0,0.0,0.0,0,1,0,0,1,0,0
E0003685,TC0003685,P003340,2026-03-18,DEVELOPMENT,1.0,23,36.1,22,21.0,1,0,1,2,1,0,0,0,0.0,0.0,1,1,0,0,3,2,0
E0003686,TC0003686,P003341,2026-03-20,DEVELOPMENT,1.0,48,16.9,15,14.0,1,1,1,3,1,0,0,0,0.0,0.0,0,1,0,0,3,4,0
E0003687,TC0003687,P003341,2026-04-23,DEVELOPMENT,0.0,48,18.0,15,30.0,1,1,1,3,1,1,1,34,0.029411764705882353,3.0,0,1,0,0,4,3,0
E0003688,TC0003688,P003342,2026-02-11,DEVELOPMENT,1.0,41,35.4,21,7.0,1,0,1,2,1,0,0,0,0.0,0.0,1,1,0,0,2,2,0
E0003689,TC0003689,P003343,2026-04-03,DEVELOPMENT,1.0,30,26.4,14,7.0,1,1,1,3,1,0,0,0,0.0,0.0,0,1,0,0,4,4,0
E0003690,TC0003690,P003345,2026-05-29,DEVELOPMENT,0.0,42,35.5,15,14.0,1,0,1,2,1,0,0,0,0.0,0.0,0,1,0,0,5,4,0
E0003691,TC0003691,P003346,2026-05-02,DEVELOPMENT,0.0,55,26.2,22,21.0,1,1,1,3,1,0,0,0,0.0,0.0,1,1,1,0,5,5,1
E0003692,TC0003692,P003347,2026-07-01,EVALUATION,,47,29.2,8,30.0,1,1,1,3,1,0,0,0,0.0,0.0,0,1,1,0,7,2,0
E0003693,TC0003693,P003347,2026-08-06,EVALUATION,,47,22.1,8,21.0,1,1,0,2,1,1,1,36,0.027777777777777776,3.0,0,1,1,0,8,3,0
E0003694,TC0003694,P002964,2026-01-11,DEVELOPMENT,0.0,50,6.4,21,21.0,1,1,0,2,1,0,0,0,0.0,3.0,0,0,0,0,1,6,1
E0003695,TC0003695,P003350,2026-01-23,DEVELOPMENT,0.0,48,19.6,7,21.0,0,0,0,0,0,0,0,0,0.0,0.0,0,1,0,0,1,4,0
E0003696,TC0003696,P003351,2026-04-11,DEVELOPMENT,0.0,37,7.0,15,21.0,1,0,0,1,0,0,0,0,0.0,0.0,0,0,0,0,4,5,1
E0003697,TC0003697,P003351,2026-05-08,DEVELOPMENT,0.0,37,7.0,17,21.0,0,0,0,0,0,1,1,27,0.037037037037037035,1.0,0,0,0,0,5,4,0
E0003698,TC0003698,P003352,2026-04-01,DEVELOPMENT,0.0,35,11.3,11,21.0,0,0,0,0,0,0,0,0,0.0,0.0,0,1,0,0,4,2,0
E0003699,TC0003699,P003353,2026-04-01,DEVELOPMENT,1.0,33,1.4,17,21.0,1,0,0,1,0,0,0,0,0.0,0.0,0,0,0,0,4,2,0
E0003700,TC0003700,P003354,2026-03-06,DEVELOPMENT,0.0,66,29.9,22,30.0,1,0,1,2,1,0,0,0,0.0,0.0,0,1,0,1,3,4,0
E0003701,TC0003701,P003357,2026-01-10,DEVELOPMENT,0.0,19,29.4,7,21.0,1,0,1,2,1,0,0,0,0.0,0.0,1,1,0,0,1,5,1
E0003702,TC0003702,P003358,2026-05-31,DEVELOPMENT,0.0,62,6.6,19,30.0,1,1,1,3,1,0,0,0,0.0,0.0,0,0,0,0,5,6,1
E0003703,TC0003703,P003359,2026-08-08,EVALUATION,,49,21.1,8,30.0,1,1,1,3,1,0,0,0,0.0,0.0,0,1,0,0,8,5,1
E0003704,TC0003704,P003360,2026-03-12,DEVELOPMENT,0.0,35,25.8,21,14.0,1,1,1,3,1,0,0,0,0.0,0.0,0,1,0,0,3,3,0
E0003705,TC0003705,P003361,2026-07-23,EVALUATION,,69,29.4,12,21.0,1,0,0,1,0,0,0,0,0.0,0.0,1,1,0,0,7,3,0
E0003706,TC0003706,P002847,2026-02-16,DEVELOPMENT,0.0,42,3.6,23,21.0,0,1,0,1,0,0,0,0,0.0,0.0,1,0,0,0,2,0,0
E0003707,TC0003707,P002847,2026-03-11,DEVELOPMENT,1.0,42,15.7,7,21.0,1,1,0,2,1,1,1,23,0.043478260869565216,1.0,1,1,0,0,3,2,0
E0003708,TC0003708,P003364,2026-02-28,DEVELOPMENT,0.0,47,12.6,13,21.0,1,1,0,2,1,0,0,0,0.0,0.0,0,1,0,0,2,5,1
E0003709,TC0003709,P003365,2026-01-26,DEVELOPMENT,0.0,57,22.4,23,14.0,1,0,1,2,1,0,0,0,0.0,0.0,0,1,0,0,1,0,0
E0003710,TC0003710,P003366,2026-03-20,DEVELOPMENT,1.0,51,12.8,20,7.0,1,1,1,3,1,0,0,0,0.0,0.0,0,1,0,0,3,4,0
E0003711,TC0003711,P003366,2026-05-07,DEVELOPMENT,1.0,51,18.7,18,7.0,1,1,1,3,1,1,1,48,0.020833333333333332,3.0,0,1,0,0,5,3,0
E0003712,TC0003712,P003367,2026-06-10,DEVELOPMENT,0.0,57,21.3,18,30.0,0,1,1,2,1,0,0,0,0.0,0.0,0,1,0,0,6,2,0
E0003713,TC0003713,P003369,2026-06-29,DEVELOPMENT,0.0,74,25.4,22,30.0,1,0,1,2,1,0,0,0,0.0,0.0,1,1,0,0,6,0,0
E0003714,TC0003714,P003370,2026-05-08,DEVELOPMENT,0.0,56,19.7,13,30.0,1,1,1,3,1,0,0,0,0.0,0.0,0,1,0,0,5,4,0
E0003715,TC0003715,P003372,2026-02-13,DEVELOPMENT,1.0,47,26.4,13,14.0,1,0,1,2,1,0,0,0,0.0,0.0,0,1,0,0,2,4,0
E0003716,TC0003716,P003373,2026-01-16,DEVELOPMENT,1.0,61,22.9,12,21.0,1,1,0,2,1,0,0,0,0.0,0.0,0,1,0,0,1,4,0
E0003717,TC0003717,P003374,2026-07-30,EVALUATION,,52,28.2,17,30.0,0,0,1,1,0,0,0,0,0.0,0.0,0,1,1,0,7,3,0
E0003718,TC0003718,P003375,2026-05-10,DEVELOPMENT,1.0,35,33.3,16,21.0,1,1,0,2,1,0,0,0,0.0,0.0,0,1,0,0,5,6,1
E0003719,TC0003719,P003377,2026-04-30,DEVELOPMENT,1.0,62,36.5,16,21.0,1,1,0,2,1,0,0,0,0.0,0.0,1,1,0,0,4,3,0
E0003720,TC0003720,P003378,2026-03-17,DEVELOPMENT,1.0,33,36.5,8,7.0,1,1,1,3,1,0,0,0,0.0,0.0,0,1,0,0,3,1,0
E0003721,TC0003721,P003380,2026-07-31,EVALUATION,,64,19.7,10,30.0,1,0,1,2,1,0,0,0,0.0,0.0,0,1,0,0,7,4,0
E0003722,TC0003722,P003383,2026-04-22,DEVELOPMENT,1.0,53,19.6,19,30.0,1,1,1,3,1,0,0,0,0.0,0.0,0,1,0,0,4,2,0
E0003723,TC0003723,P003384,2026-05-26,DEVELOPMENT,1.0,41,15.5,22,14.0,0,0,1,1,0,0,0,0,0.0,0.0,0,1,0,0,5,1,0
E0003724,TC0003724,P003385,2026-04-08,DEVELOPMENT,0.0,79,9.4,21,21.0,1,0,0,1,0,0,0,0,0.0,0.0,0,0,0,0,4,2,0
E0003725,TC0003725,P003386,2026-01-11,DEVELOPMENT,1.0,68,21.0,24,21.0,1,1,1,3,1,0,0,0,0.0,0.0,0,1,0,0,1,6,1
E0003726,TC0003726,P003387,2026-02-16,DEVELOPMENT,0.0,31,29.4,15,14.0,0,0,1,1,0,0,0,0,0.0,0.0,0,1,0,0,2,0,0
E0003727,TC0003727,P003387,2026-03-10,DEVELOPMENT,0.0,31,26.3,13,21.0,1,1,0,2,1,1,1,22,0.045454545454545456,1.0,1,1,0,0,3,1,0
E0003728,TC0003728,P003388,2026-04-04,DEVELOPMENT,0.0,36,6.6,10,7.0,1,0,1,2,1,0,0,0,0.0,0.0,0,0,0,0,4,5,1
E0003729,TC0003729,P003388,2026-05-15,DEVELOPMENT,0.0,36,6.6,22,21.0,0,1,0,1,0,1,1,41,0.024390243902439025,2.0,0,0,0,0,5,4,0
E0003730,TC0003730,P003388,2026-06-29,DEVELOPMENT,0.0,36,6.6,21,21.0,1,0,0,1,0,2,1,86,0.023255813953488372,3.0,0,0,0,0,6,0,0
E0003731,TC0003731,P003389,2026-02-17,DEVELOPMENT,1.0,41,24.9,12,21.0,1,1,0,2,1,0,0,0,0.0,0.0,0,1,0,1,2,1,0
E0003732,TC0003732,P003390,2026-06-03,DEVELOPMENT,0.0,39,7.3,21,21.0,1,0,0,1,0,0,0,0,0.0,0.0,0,0,0,0,6,2,0
E0003733,TC0003733,P003391,2026-04-24,DEVELOPMENT,0.0,49,10.8,11,14.0,1,1,1,3,1,0,0,0,0.0,0.0,1,1,0,0,4,4,0
E0003734,TC0003734,P003391,2026-05-13,DEVELOPMENT,0.0,49,1.4,15,7.0,1,0,1,2,1,1,1,19,0.05263157894736842,3.0,0,0,0,0,5,2,0
E0003735,TC0003735,P003392,2026-05-06,DEVELOPMENT,1.0,33,2.6,17,7.0,1,1,1,3,1,0,0,0,0.0,0.0,1,0,0,0,5,2,0
E0003736,TC0003736,P003393,2026-02-01,DEVELOPMENT,0.0,52,6.6,22,14.0,0,0,1,1,0,0,0,0,0.0,0.0,0,0,0,0,2,6,1
E0003737,TC0003737,P003394,2026-03-03,DEVELOPMENT,0.0,84,19.6,15,7.0,0,0,1,1,0,0,0,0,0.0,0.0,0,1,0,0,3,1,0
E0003738,TC0003738,P003394,2026-05-01,DEVELOPMENT,1.0,84,19.6,23,21.0,1,0,0,1,0,1,1,59,0.01694915254237288,1.0,1,1,0,0,5,4,0
E0003739,TC0003739,P003394,2026-06-20,DEVELOPMENT,0.0,84,20.0,8,30.0,1,0,1,2,1,2,1,109,0.01834862385321101,2.0,0,1,0,0,6,5,1
E0003740,TC0003740,P003398,2026-01-05,DEVELOPMENT,1.0,51,25.3,19,21.0,1,1,1,3,1,0,0,0,0.0,0.0,0,1,0,1,1,0,0
E0003741,TC0003741,P003400,2026-07-26,EVALUATION,,63,7.4,7,7.0,1,0,1,2,1,0,0,0,0.0,0.0,0,0,0,0,7,6,1
E0003742,TC0003742,P003402,2026-03-22,DEVELOPMENT,0.0,38,4.2,15,7.0,1,1,1,3,1,0,0,0,0.0,0.0,0,0,0,0,3,6,1
E0003743,TC0003743,P003403,2026-06-01,DEVELOPMENT,0.0,42,4.1,14,14.0,1,0,1,2,1,0,0,0,0.0,0.0,1,0,0,0,6,0,0
E0003744,TC0003744,P003404,2026-03-18,DEVELOPMENT,0.0,42,12.8,19,30.0,0,1,1,2,1,0,0,0,0.0,0.0,0,1,0,0,3,2,0
E0003745,TC0003745,P003404,2026-05-05,DEVELOPMENT,1.0,42,12.8,18,7.0,1,0,1,2,1,1,1,48,0.020833333333333332,2.0,1,1,0,0,5,1,0
E0003746,TC0003746,P003405,2026-08-05,EVALUATION,,60,9.4,13,7.0,1,0,1,2,1,0,0,0,0.0,0.0,1,0,0,0,8,2,0
E0003747,TC0003747,P003130,2026-01-10,DEVELOPMENT,0.0,32,20.0,17,7.0,0,0,1,1,0,0,0,0,0.0,3.0,0,1,0,0,1,5,1
E0003748,TC0003748,P003407,2026-08-15,EVALUATION,,30,20.6,9,14.0,1,1,1,3,1,0,0,0,0.0,0.0,1,1,0,0,8,5,1
E0003749,TC0003749,P003408,2026-03-30,DEVELOPMENT,1.0,43,12.6,9,21.0,1,1,0,2,1,0,0,0,0.0,0.0,1,1,0,0,3,0,0
E0003750,TC0003750,P003409,2026-03-24,DEVELOPMENT,1.0,50,18.0,9,30.0,1,1,1,3,1,0,0,0,0.0,0.0,1,1,0,0,3,1,0
E0003751,TC0003751,P003410,2026-05-16,DEVELOPMENT,0.0,32,18.7,12,21.0,1,0,0,1,0,0,0,0,0.0,0.0,1,1,0,0,5,5,1
E0003752,TC0003752,P003410,2026-07-10,EVALUATION,,32,18.7,8,14.0,0,0,1,1,0,1,1,55,0.01818181818181818,1.0,0,1,0,0,7,4,0
E0003753,TC0003753,P003411,2026-07-27,EVALUATION,,50,18.7,19,30.0,0,1,1,2,1,0,0,0,0.0,0.0,0,1,0,0,7,0,0
E0003754,TC0003754,P003412,2026-01-09,DEVELOPMENT,1.0,49,7.4,15,21.0,1,1,0,2,1,0,0,0,0.0,0.0,0,0,1,0,1,4,0
E0003755,TC0003755,P003413,2026-07-24,EVALUATION,,35,26.2,13,30.0,0,0,1,1,0,0,0,0,0.0,0.0,1,1,0,0,7,4,0
E0003756,TC0003756,P003414,2026-03-03,DEVELOPMENT,0.0,57,10.4,11,30.0,0,1,1,2,1,0,0,0,0.0,0.0,0,1,0,0,3,1,0
E0003757,TC0003757,P001686,2026-03-07,DEVELOPMENT,1.0,43,25.4,14,21.0,1,0,0,1,0,0,0,0,0.0,5.0,1,1,0,0,3,5,1
E0003758,TC0003758,P003420,2026-07-20,EVALUATION,,71,9.4,7,14.0,1,0,1,2,1,0,0,0,0.0,0.0,0,0,0,0,7,0,0
E0003759,TC0003759,P003421,2026-04-26,DEVELOPMENT,0.0,48,33.3,11,14.0,0,1,1,2,1,0,0,0,0.0,0.0,1,1,0,0,4,6,1
E0003760,TC0003760,P003422,2026-06-29,DEVELOPMENT,1.0,76,6.7,23,21.0,1,0,0,1,0,0,0,0,0.0,0.0,0,0,0,0,6,0,0
E0003761,TC0003761,P002906,2026-08-04,EVALUATION,,54,17.3,7,21.0,0,1,0,1,0,0,0,0,0.0,0.0,0,1,0,0,8,1,0
E0003762,TC0003762,P003424,2026-02-12,DEVELOPMENT,1.0,64,9.4,22,21.0,1,0,1,2,1,0,0,0,0.0,0.0,0,0,0,0,2,3,0
E0003763,TC0003763,P003424,2026-07-13,EVALUATION,,64,23.7,20,30.0,1,0,1,2,1,1,1,151,0.006622516556291391,2.0,0,1,0,0,7,0,0
E0003764,TC0003764,P003426,2026-03-20,DEVELOPMENT,1.0,56,5.1,20,7.0,0,1,1,2,1,0,0,0,0.0,0.0,0,0,0,0,3,4,0
E0003765,TC0003765,P003427,2026-01-08,DEVELOPMENT,1.0,26,25.4,20,21.0,1,0,0,1,0,0,0,0,0.0,0.0,1,1,0,0,1,3,0
E0003766,TC0003766,P002030,2026-03-24,DEVELOPMENT,0.0,44,25.7,23,21.0,0,0,1,1,0,0,0,0,0.0,0.0,0,1,0,0,3,1,0
E0003767,TC0003767,P003429,2026-04-27,DEVELOPMENT,0.0,54,29.7,8,30.0,1,1,1,3,1,0,0,0,0.0,0.0,0,1,0,0,4,0,0
E0003768,TC0003768,P003430,2026-05-29,DEVELOPMENT,0.0,52,26.4,14,21.0,0,1,1,2,1,0,0,0,0.0,0.0,1,1,0,0,5,4,0
E0003769,TC0003769,P003430,2026-08-02,EVALUATION,,52,20.2,20,14.0,1,0,1,2,1,1,1,65,0.015384615384615385,2.0,0,1,0,0,8,6,1
E0003770,TC0003770,P003431,2026-06-28,DEVELOPMENT,0.0,48,6.5,20,7.0,0,1,1,2,1,0,0,0,0.0,0.0,0,0,0,0,6,6,1
E0003771,TC0003771,P003432,2026-08-02,EVALUATION,,52,4.2,10,7.0,1,0,1,2,1,0,0,0,0.0,0.0,0,0,0,0,8,6,1
E0003772,TC0003772,P003433,2026-02-18,DEVELOPMENT,1.0,18,20.6,13,14.0,0,1,1,2,1,0,0,0,0.0,0.0,1,1,1,0,2,2,0
E0003773,TC0003773,P003435,2026-06-25,DEVELOPMENT,0.0,38,25.7,24,21.0,1,0,0,1,0,1,1,11,0.09090909090909091,2.0,0,1,0,0,6,3,0
E0003774,TC0003774,P003435,2026-07-20,EVALUATION,,38,20.0,9,7.0,1,1,1,3,1,2,1,36,0.05555555555555555,3.0,0,1,0,0,7,0,0
E0003775,TC0003775,P003436,2026-08-09,EVALUATION,,58,29.7,24,14.0,1,0,1,2,1,0,0,0,0.0,0.0,1,1,0,0,8,6,1
E0003776,TC0003776,P003437,2026-06-25,DEVELOPMENT,0.0,33,18.0,21,7.0,0,0,1,1,0,0,0,0,0.0,0.0,1,1,0,0,6,3,0
E0003777,TC0003777,P003437,2026-07-30,EVALUATION,,33,18.0,22,7.0,1,0,1,2,1,1,1,35,0.02857142857142857,1.0,1,1,0,0,7,3,0
E0003778,TC0003778,P003438,2026-03-16,DEVELOPMENT,1.0,47,21.7,9,21.0,1,0,0,1,0,0,0,0,0.0,0.0,1,1,0,0,3,0,0
E0003779,TC0003779,P003439,2026-04-24,DEVELOPMENT,0.0,88,7.3,15,21.0,1,0,0,1,0,0,0,0,0.0,0.0,0,0,1,0,4,4,0
E0003780,TC0003780,P003439,2026-07-17,EVALUATION,,88,26.6,16,14.0,1,0,1,2,1,1,1,84,0.011904761904761904,1.0,1,1,1,0,7,4,0
E0003781,TC0003781,P003441,2026-02-04,DEVELOPMENT,0.0,38,21.3,12,30.0,1,0,1,2,1,0,0,0,0.0,0.0,0,1,0,0,2,2,0
E0003782,TC0003782,P003441,2026-06-24,DEVELOPMENT,1.0,38,20.6,14,14.0,0,0,1,1,0,1,1,140,0.007142857142857143,2.0,0,1,0,0,6,2,0
E0003783,TC0003783,P003442,2026-01-08,DEVELOPMENT,1.0,64,18.7,21,30.0,1,1,1,3,1,0,0,0,0.0,0.0,1,1,1,0,1,3,0
E0003784,TC0003784,P003443,2026-05-01,DEVELOPMENT,1.0,63,13.2,20,30.0,0,1,1,2,1,0,0,0,0.0,0.0,1,1,1,0,5,4,0
E0003785,TC0003785,P003444,2026-08-08,EVALUATION,,88,13.0,20,7.0,1,1,1,3,1,0,0,0,0.0,0.0,0,1,0,1,8,5,1
E0003786,TC0003786,P003445,2026-06-27,DEVELOPMENT,1.0,88,29.9,21,21.0,0,1,0,1,0,0,0,0,0.0,0.0,0,1,0,0,6,5,1
E0003787,TC0003787,P003447,2026-06-23,DEVELOPMENT,1.0,59,5.1,11,21.0,1,0,0,1,0,0,0,0,0.0,0.0,0,0,0,0,6,1,0
E0003788,TC0003788,P003448,2026-07-19,EVALUATION,,83,36.1,23,21.0,1,1,1,3,1,0,0,0,0.0,0.0,0,1,0,0,7,6,1
E0003789,TC0003789,P003449,2026-03-11,DEVELOPMENT,1.0,66,12.6,8,30.0,1,0,1,2,1,0,0,0,0.0,0.0,0,1,0,0,3,2,0
E0003790,TC0003790,P003451,2026-06-14,DEVELOPMENT,0.0,38,3.6,10,30.0,0,0,1,1,0,0,0,0,0.0,0.0,0,0,0,0,6,6,1
E0003791,TC0003791,P003451,2026-08-10,EVALUATION,,38,15.7,10,30.0,1,1,1,3,1,1,1,57,0.017543859649122806,1.0,0,1,0,0,8,0,0
E0003792,TC0003792,P003452,2026-01-03,DEVELOPMENT,0.0,45,24.9,20,14.0,1,0,1,2,1,0,0,0,0.0,0.0,1,1,0,0,1,5,1
E0003793,TC0003793,P003453,2026-02-14,DEVELOPMENT,0.0,54,7.3,9,30.0,1,0,1,2,1,0,0,0,0.0,0.0,1,0,1,0,2,5,1
E0003794,TC0003794,P003454,2026-06-15,DEVELOPMENT,0.0,52,29.9,10,7.0,0,0,1,1,0,0,0,0,0.0,0.0,0,1,0,0,6,0,0
E0003795,TC0003795,P003455,2026-03-05,DEVELOPMENT,1.0,73,35.0,7,7.0,1,0,1,2,1,0,0,0,0.0,0.0,0,1,0,0,3,3,0
E0003796,TC0003796,P003456,2026-05-26,DEVELOPMENT,1.0,40,29.4,13,30.0,1,0,1,2,1,0,0,0,0.0,0.0,1,1,0,0,5,1,0
E0003797,TC0003797,P003457,2026-07-07,EVALUATION,,67,25.8,14,30.0,1,1,1,3,1,0,0,0,0.0,0.0,0,1,0,0,7,1,0
E0003798,TC0003798,P001148,2026-07-08,EVALUATION,,60,35.4,13,21.0,0,0,0,0,0,1,1,123,0.008130081300813009,2.0,0,1,1,0,7,2,0
E0003799,TC0003799,P003459,2026-03-01,DEVELOPMENT,1.0,62,19.7,7,7.0,1,1,1,3,1,0,0,0,0.0,0.0,0,1,1,0,3,6,1
E0003800,TC0003800,P003460,2026-04-12,DEVELOPMENT,1.0,46,22.3,7,30.0,1,0,1,2,1,0,0,0,0.0,0.0,1,1,0,0,4,6,1
E0003801,TC0003801,P003461,2026-03-07,DEVELOPMENT,0.0,46,25.4,14,21.0,1,1,0,2,1,0,0,0,0.0,0.0,0,1,0,0,3,5,1
E0003802,TC0003802,P003462,2026-01-20,DEVELOPMENT,0.0,48,16.2,18,14.0,1,0,1,2,1,0,0,0,0.0,0.0,0,1,0,1,1,1,0
E0003803,TC0003803,P003463,2026-04-20,DEVELOPMENT,1.0,58,22.2,23,14.0,1,1,1,3,1,0,0,0,0.0,0.0,0,1,0,0,4,0,0
E0003804,TC0003804,P003464,2026-03-12,DEVELOPMENT,0.0,44,16.2,17,21.0,0,1,0,1,0,1,1,32,0.03125,0.0,0,1,0,1,3,3,0
E0003805,TC0003805,P003465,2026-07-09,EVALUATION,,79,22.2,18,21.0,0,1,1,2,1,0,0,0,0.0,0.0,0,1,0,0,7,3,0
E0003806,TC0003806,P003466,2026-07-30,EVALUATION,,33,22.4,14,21.0,1,0,0,1,0,0,0,0,0.0,0.0,0,1,1,0,7,3,0
E0003807,TC0003807,P003467,2026-07-16,EVALUATION,,18,21.3,8,14.0,1,1,1,3,1,0,0,0,0.0,0.0,0,1,0,0,7,3,0
E0003808,TC0003808,P003468,2026-06-13,DEVELOPMENT,0.0,52,29.9,16,21.0,1,0,1,2,1,0,0,0,0.0,0.0,0,1,0,0,6,5,1
E0003809,TC0003809,P003470,2026-03-21,DEVELOPMENT,0.0,41,35.5,7,21.0,1,0,0,1,0,0,0,0,0.0,0.0,0,1,0,0,3,5,1
E0003810,TC0003810,P003472,2026-02-17,DEVELOPMENT,0.0,18,23.1,15,21.0,1,0,0,1,0,0,0,0,0.0,0.0,1,1,0,0,2,1,0
E0003811,TC0003811,P003473,2026-01-22,DEVELOPMENT,1.0,40,8.3,13,7.0,1,0,1,2,1,0,0,0,0.0,0.0,0,0,0,0,1,3,0
E0003812,TC0003812,P003474,2026-07-29,EVALUATION,,77,6.4,19,14.0,1,0,1,2,1,0,0,0,0.0,0.0,0,0,0,0,7,2,0
E0003813,TC0003813,P003475,2026-05-29,DEVELOPMENT,1.0,48,17.9,8,14.0,0,0,1,1,0,0,0,0,0.0,0.0,0,1,0,0,5,4,0
E0003814,TC0003814,P003476,2026-04-22,DEVELOPMENT,1.0,50,8.3,12,21.0,1,0,1,2,1,0,0,0,0.0,0.0,1,0,0,0,4,2,0
E0003815,TC0003815,P003477,2026-08-07,EVALUATION,,61,5.6,16,21.0,0,0,0,0,0,0,0,0,0.0,0.0,0,0,0,0,8,4,0
E0003816,TC0003816,P003479,2026-03-09,DEVELOPMENT,0.0,65,36.5,10,21.0,1,0,0,1,0,0,0,0,0.0,0.0,1,1,0,0,3,0,0
E0003817,TC0003817,P003480,2026-05-16,DEVELOPMENT,1.0,60,23.1,8,21.0,1,0,1,2,1,0,0,0,0.0,0.0,0,1,0,0,5,5,1
E0003818,TC0003818,P003481,2026-04-14,DEVELOPMENT,0.0,37,13.9,9,21.0,1,0,0,1,0,0,0,0,0.0,0.0,1,1,0,0,4,1,0
E0003819,TC0003819,P003481,2026-07-22,EVALUATION,,37,12.6,21,14.0,1,1,1,3,1,1,1,99,0.010101010101010102,1.0,1,1,0,0,7,2,0
E0003820,TC0003820,P003482,2026-05-18,DEVELOPMENT,1.0,58,25.4,14,14.0,1,0,1,2,1,0,0,0,0.0,0.0,0,1,0,0,5,0,0
E0003821,TC0003821,P003484,2026-01-10,DEVELOPMENT,0.0,22,2.6,24,30.0,0,0,1,1,0,0,0,0,0.0,0.0,0,0,0,0,1,5,1
E0003822,TC0003822,P003484,2026-03-24,DEVELOPMENT,0.0,22,2.6,9,14.0,1,0,1,2,1,1,1,73,0.0136986301369863,1.0,0,0,0,0,3,1,0
E0003823,TC0003823,P003484,2026-05-15,DEVELOPMENT,0.0,22,2.6,20,21.0,0,1,1,2,1,2,1,125,0.016,3.0,0,0,0,0,5,4,0
E0003824,TC0003824,P003486,2026-07-27,EVALUATION,,47,28.2,22,7.0,1,0,1,2,1,1,1,161,0.006211180124223602,1.0,1,1,0,0,7,0,0
E0003825,TC0003825,P003487,2026-08-01,EVALUATION,,24,18.0,7,7.0,0,1,1,2,1,0,0,0,0.0,0.0,0,1,0,0,8,5,1
E0003826,TC0003826,P000555,2026-02-10,DEVELOPMENT,0.0,35,20.3,16,14.0,1,0,1,2,1,0,0,0,0.0,0.0,0,1,0,0,2,1,0
E0003827,TC0003827,P000555,2026-04-26,DEVELOPMENT,0.0,35,27.8,18,21.0,1,0,0,1,0,1,1,75,0.013333333333333334,2.0,0,1,0,0,4,6,1
E0003828,TC0003828,P003489,2026-03-23,DEVELOPMENT,1.0,65,19.9,17,7.0,1,0,1,2,1,0,0,0,0.0,0.0,0,1,0,1,3,0,0
E0003829,TC0003829,P003489,2026-07-27,EVALUATION,,65,5.1,20,21.0,1,1,0,2,1,1,1,126,0.007936507936507936,2.0,0,0,0,1,7,0,0
E0003830,TC0003830,P003490,2026-02-12,DEVELOPMENT,0.0,37,19.2,19,21.0,1,0,1,2,1,0,0,0,0.0,0.0,0,1,0,0,2,3,0
E0003831,TC0003831,P003490,2026-03-08,DEVELOPMENT,0.0,37,22.4,20,21.0,1,0,1,2,1,1,1,24,0.041666666666666664,2.0,0,1,0,0,3,6,1
E0003832,TC0003832,P003491,2026-07-30,EVALUATION,,33,22.1,12,21.0,0,0,0,0,0,0,0,0,0.0,0.0,1,1,0,0,7,3,0
E0003833,TC0003833,P003492,2026-04-27,DEVELOPMENT,0.0,32,20.6,7,21.0,1,1,0,2,1,0,0,0,0.0,0.0,0,1,1,0,4,0,0
E0003834,TC0003834,P003494,2026-03-01,DEVELOPMENT,0.0,41,6.6,16,7.0,1,0,1,2,1,0,0,0,0.0,0.0,0,0,1,0,3,6,1
E0003835,TC0003835,P003494,2026-04-02,DEVELOPMENT,1.0,41,13.9,9,7.0,0,0,1,1,0,1,1,32,0.03125,2.0,0,1,1,0,4,3,0
E0003836,TC0003836,P001884,2026-02-11,DEVELOPMENT,0.0,56,28.2,23,21.0,1,0,1,2,1,0,0,0,0.0,3.0,0,1,0,0,2,2,0
E0003837,TC0003837,P003496,2026-01-02,DEVELOPMENT,0.0,37,25.4,10,21.0,0,1,1,2,1,0,0,0,0.0,0.0,0,1,0,0,1,4,0
E0003838,TC0003838,P003496,2026-05-14,DEVELOPMENT,1.0,37,25.4,21,7.0,0,0,1,1,0,1,1,132,0.007575757575757576,2.0,0,1,0,0,5,3,0
E0003839,TC0003839,P003497,2026-01-24,DEVELOPMENT,1.0,26,36.3,23,21.0,1,0,0,1,0,0,0,0,0.0,0.0,1,1,0,0,1,5,1
E0003840,TC0003840,P003498,2026-02-03,DEVELOPMENT,0.0,29,13.9,15,30.0,0,0,1,1,0,0,0,0,0.0,0.0,1,1,0,0,2,1,0
E0003841,TC0003841,P003498,2026-06-28,DEVELOPMENT,1.0,29,12.6,21,21.0,1,1,1,3,1,1,1,145,0.006896551724137931,1.0,0,1,0,0,6,6,1
E0003842,TC0003842,P003498,2026-07-26,EVALUATION,,29,13.9,16,30.0,1,0,1,2,1,2,1,173,0.011560693641618497,4.0,1,1,0,0,7,6,1
E0003843,TC0003843,P003499,2026-06-16,DEVELOPMENT,1.0,60,33.3,8,14.0,1,1,1,3,1,0,0,0,0.0,0.0,0,1,0,1,6,1,0
E0003844,TC0003844,P003500,2026-02-19,DEVELOPMENT,1.0,36,10.8,21,14.0,1,1,1,3,1,0,0,0,0.0,0.0,0,1,0,0,2,3,0
E0003845,TC0003845,P003501,2026-01-30,DEVELOPMENT,0.0,58,1.4,12,7.0,1,0,1,2,1,0,0,0,0.0,0.0,1,0,1,0,1,4,0
E0003846,TC0003846,P003502,2026-06-14,DEVELOPMENT,1.0,39,25.8,14,7.0,1,1,1,3,1,0,0,0,0.0,0.0,1,1,0,0,6,6,1
E0003847,TC0003847,P003502,2026-07-31,EVALUATION,,39,36.5,7,30.0,0,1,1,2,1,1,1,47,0.02127659574468085,3.0,1,1,0,0,7,4,0
E0003848,TC0003848,P003503,2026-06-16,DEVELOPMENT,1.0,76,15.7,13,7.0,1,0,1,2,1,0,0,0,0.0,0.0,0,1,0,0,6,1,0
E0003849,TC0003849,P003503,2026-07-26,EVALUATION,,76,3.6,18,21.0,1,0,0,1,0,1,1,40,0.025,2.0,0,0,0,0,7,6,1
E0003850,TC0003850,P001327,2026-06-28,DEVELOPMENT,0.0,81,26.3,10,21.0,0,1,0,1,0,0,0,0,0.0,3.0,0,1,0,1,6,6,1
E0003851,TC0003851,P003506,2026-07-13,EVALUATION,,53,22.2,9,14.0,1,0,1,2,1,0,0,0,0.0,0.0,0,1,0,0,7,0,0
E0003852,TC0003852,P003507,2026-07-31,EVALUATION,,40,17.3,21,30.0,1,0,1,2,1,0,0,0,0.0,0.0,1,1,0,0,7,4,0
E0003853,TC0003853,P003508,2026-03-20,DEVELOPMENT,0.0,52,17.3,14,7.0,1,0,1,2,1,0,0,0,0.0,0.0,0,1,0,0,3,4,0
E0003854,TC0003854,P003509,2026-07-11,EVALUATION,,55,12.8,19,7.0,0,1,1,2,1,0,0,0,0.0,0.0,1,1,0,0,7,5,1
E0003855,TC0003855,P003509,2026-08-15,EVALUATION,,55,12.8,18,30.0,1,0,1,2,1,1,1,35,0.02857142857142857,2.0,1,1,0,0,8,5,1
E0003856,TC0003856,P003511,2026-06-07,DEVELOPMENT,1.0,69,17.6,12,30.0,1,1,1,3,1,0,0,0,0.0,0.0,0,1,0,0,6,6,1
E0003857,TC0003857,P003511,2026-07-10,EVALUATION,,69,18.0,8,14.0,1,1,1,3,1,1,1,33,0.030303030303030304,3.0,0,1,0,0,7,4,0
E0003858,TC0003858,P003512,2026-07-14,EVALUATION,,22,24.9,23,7.0,1,1,1,3,1,0,0,0,0.0,0.0,0,1,1,0,7,1,0
E0003859,TC0003859,P003513,2026-06-29,DEVELOPMENT,1.0,62,26.4,23,21.0,1,0,1,2,1,0,0,0,0.0,0.0,0,1,0,0,6,0,0
E0003860,TC0003860,P003517,2026-07-30,EVALUATION,,65,23.1,17,21.0,1,0,0,1,0,0,0,0,0.0,0.0,0,1,1,0,7,3,0
E0003861,TC0003861,P003518,2026-02-21,DEVELOPMENT,1.0,47,6.7,15,21.0,1,0,0,1,0,0,0,0,0.0,0.0,0,0,0,0,2,5,1
E0003862,TC0003862,P003518,2026-03-05,DEVELOPMENT,0.0,47,36.5,19,21.0,0,0,1,1,0,1,1,12,0.08333333333333333,1.0,1,1,0,0,3,3,0
E0003863,TC0003863,P003520,2026-04-30,DEVELOPMENT,0.0,32,3.6,20,7.0,0,1,1,2,1,0,0,0,0.0,0.0,0,0,0,0,4,3,0
E0003864,TC0003864,P003520,2026-06-04,DEVELOPMENT,1.0,32,3.6,23,14.0,1,1,1,3,1,1,1,35,0.02857142857142857,2.0,0,0,0,0,6,3,0
E0003865,TC0003865,P003521,2026-03-08,DEVELOPMENT,0.0,53,7.3,15,21.0,1,0,0,1,0,0,0,0,0.0,0.0,1,0,0,0,3,6,1
E0003866,TC0003866,P003522,2026-06-01,DEVELOPMENT,0.0,79,17.6,9,21.0,1,0,1,2,1,0,0,0,0.0,0.0,0,1,0,0,6,0,0
E0003867,TC0003867,P003522,2026-07-21,EVALUATION,,79,17.6,10,21.0,0,0,0,0,0,1,1,50,0.02,2.0,1,1,0,0,7,1,0
E0003868,TC0003868,P003523,2026-01-26,DEVELOPMENT,1.0,44,18.7,22,21.0,1,0,1,2,1,0,0,0,0.0,0.0,0,1,0,0,1,0,0
E0003869,TC0003869,P003524,2026-04-09,DEVELOPMENT,0.0,75,7.6,9,21.0,1,0,1,2,1,0,0,0,0.0,0.0,1,0,0,0,4,3,0
E0003870,TC0003870,P003525,2026-04-11,DEVELOPMENT,0.0,30,15.7,22,21.0,1,1,0,2,1,1,1,48,0.020833333333333332,0.0,0,1,0,0,4,5,1
E0003871,TC0003871,P003525,2026-07-10,EVALUATION,,30,6.4,18,21.0,1,0,1,2,1,2,1,138,0.014492753623188406,2.0,0,0,0,0,7,4,0
E0003872,TC0003872,P003526,2026-02-05,DEVELOPMENT,0.0,56,28.2,21,21.0,0,0,1,1,0,0,0,0,0.0,0.0,1,1,0,0,2,3,0
E0003873,TC0003873,P003527,2026-07-30,EVALUATION,,40,22.8,15,21.0,1,1,0,2,1,0,0,0,0.0,0.0,0,1,0,0,7,3,0
E0003874,TC0003874,P003528,2026-04-09,DEVELOPMENT,1.0,69,27.9,23,21.0,1,0,0,1,0,0,0,0,0.0,0.0,1,1,0,0,4,3,0
E0003875,TC0003875,P003528,2026-05-23,DEVELOPMENT,1.0,69,9.7,15,14.0,1,1,1,3,1,1,1,44,0.022727272727272728,1.0,0,0,0,0,5,5,1
E0003876,TC0003876,P003529,2026-07-28,EVALUATION,,52,15.7,19,7.0,1,0,1,2,1,0,0,0,0.0,0.0,1,1,0,0,7,1,0
E0003877,TC0003877,P003530,2026-07-21,EVALUATION,,30,17.6,19,14.0,1,1,1,3,1,0,0,0,0.0,0.0,0,1,0,0,7,1,0
E0003878,TC0003878,P003531,2026-03-16,DEVELOPMENT,0.0,26,22.4,18,21.0,1,1,0,2,1,0,0,0,0.0,0.0,1,1,0,0,3,0,0
E0003879,TC0003879,P003531,2026-07-21,EVALUATION,,26,19.7,10,14.0,1,0,1,2,1,1,1,127,0.007874015748031496,2.0,0,1,0,0,7,1,0
E0003880,TC0003880,P000127,2026-05-09,DEVELOPMENT,1.0,64,29.4,12,21.0,1,0,0,1,0,1,1,17,0.058823529411764705,8.0,0,1,0,0,5,5,1
E0003881,TC0003881,P003533,2026-05-15,DEVELOPMENT,1.0,46,35.5,9,21.0,1,0,1,2,1,0,0,0,0.0,0.0,1,1,0,0,5,4,0
E0003882,TC0003882,P003533,2026-07-29,EVALUATION,,46,16.2,23,21.0,1,1,0,2,1,1,1,75,0.013333333333333334,2.0,1,1,0,0,7,2,0
E0003883,TC0003883,P003534,2026-06-02,DEVELOPMENT,1.0,60,23.7,11,21.0,1,1,1,3,1,0,0,0,0.0,0.0,0,1,0,0,6,1,0
E0003884,TC0003884,P003534,2026-07-23,EVALUATION,,60,23.7,7,30.0,0,0,1,1,0,1,1,51,0.0196078431372549,3.0,0,1,0,0,7,3,0
E0003885,TC0003885,P003535,2026-07-12,EVALUATION,,33,18.7,24,30.0,1,1,1,3,1,0,0,0,0.0,0.0,1,1,0,0,7,6,1
E0003886,TC0003886,P003535,2026-08-05,EVALUATION,,33,18.7,24,21.0,1,0,1,2,1,1,1,24,0.041666666666666664,3.0,0,1,0,0,8,2,0
E0003887,TC0003887,P003536,2026-02-16,DEVELOPMENT,1.0,65,19.6,10,30.0,1,0,1,2,1,0,0,0,0.0,0.0,0,1,0,0,2,0,0
E0003888,TC0003888,P003537,2026-02-22,DEVELOPMENT,0.0,54,29.7,19,30.0,1,0,1,2,1,0,0,0,0.0,0.0,1,1,0,0,2,6,1
E0003889,TC0003889,P003538,2026-06-28,DEVELOPMENT,0.0,66,33.3,16,21.0,0,0,0,0,0,0,0,0,0.0,0.0,0,1,0,1,6,6,1
E0003890,TC0003890,P003539,2026-01-19,DEVELOPMENT,0.0,32,4.2,8,7.0,1,1,1,3,1,0,0,0,0.0,0.0,0,0,0,0,1,0,0
E0003891,TC0003891,P003425,2026-03-05,DEVELOPMENT,1.0,25,24.9,19,21.0,1,1,0,2,1,0,0,0,0.0,0.0,1,1,0,0,3,3,0
E0003892,TC0003892,P003541,2026-03-25,DEVELOPMENT,1.0,68,29.2,12,21.0,1,1,0,2,1,0,0,0,0.0,0.0,1,1,1,0,3,2,0
E0003893,TC0003893,P003542,2026-02-21,DEVELOPMENT,1.0,47,11.9,22,21.0,1,1,1,3,1,0,0,0,0.0,0.0,0,1,0,0,2,5,1
E0003894,TC0003894,P003544,2026-01-29,DEVELOPMENT,1.0,40,25.3,9,21.0,1,0,0,1,0,0,0,0,0.0,0.0,0,1,0,1,1,3,0
E0003895,TC0003895,P003546,2026-06-23,DEVELOPMENT,0.0,46,18.0,20,21.0,1,0,0,1,0,0,0,0,0.0,0.0,0,1,0,0,6,1,0
E0003896,TC0003896,P003548,2026-08-15,EVALUATION,,55,11.9,10,30.0,1,0,1,2,1,0,0,0,0.0,0.0,0,1,0,0,8,5,1
E0003897,TC0003897,P003549,2026-03-22,DEVELOPMENT,1.0,49,16.8,8,7.0,1,1,1,3,1,0,0,0,0.0,0.0,0,1,0,0,3,6,1
E0003898,TC0003898,P003550,2026-01-02,DEVELOPMENT,0.0,26,20.2,7,21.0,1,0,0,1,0,0,0,0,0.0,0.0,0,1,1,0,1,4,0
E0003899,TC0003899,P003551,2026-01-30,DEVELOPMENT,0.0,36,5.1,15,21.0,0,0,0,0,0,0,0,0,0.0,0.0,0,0,0,0,1,4,0
E0003900,TC0003900,P003552,2026-05-31,DEVELOPMENT,0.0,71,25.4,15,21.0,0,0,1,1,0,0,0,0,0.0,0.0,0,1,0,0,5,6,1
E0003901,TC0003901,P003553,2026-06-26,DEVELOPMENT,0.0,57,35.4,12,30.0,0,0,1,1,0,0,0,0,0.0,0.0,1,1,0,0,6,4,0
E0003902,TC0003902,P003554,2026-05-17,DEVELOPMENT,1.0,26,38.9,13,21.0,1,1,0,2,1,0,0,0,0.0,0.0,0,1,0,0,5,6,1
E0003903,TC0003903,P003556,2026-01-09,DEVELOPMENT,0.0,66,1.4,18,14.0,0,0,1,1,0,0,0,0,0.0,0.0,0,0,0,0,1,4,0
E0003904,TC0003904,P003556,2026-03-29,DEVELOPMENT,0.0,66,1.4,9,7.0,1,0,1,2,1,1,1,79,0.012658227848101266,1.0,1,0,0,0,3,6,1
E0003905,TC0003905,P001773,2026-06-08,DEVELOPMENT,0.0,62,18.7,15,7.0,0,0,1,1,0,0,0,0,0.0,0.0,0,1,1,0,6,0,0
E0003906,TC0003906,P003558,2026-06-27,DEVELOPMENT,0.0,61,28.3,18,21.0,1,0,1,2,1,0,0,0,0.0,0.0,0,1,0,0,6,5,1
E0003907,TC0003907,P003561,2026-07-12,EVALUATION,,59,19.2,10,21.0,1,0,1,2,1,0,0,0,0.0,0.0,0,1,0,0,7,6,1
E0003908,TC0003908,P003562,2026-07-23,EVALUATION,,77,23.7,21,14.0,1,0,1,2,1,0,0,0,0.0,0.0,0,1,0,0,7,3,0
E0003909,TC0003909,P002637,2026-01-31,DEVELOPMENT,1.0,58,24.9,14,30.0,1,0,1,2,1,0,0,0,0.0,2.0,0,1,0,0,1,5,1
E0003910,TC0003910,P003564,2026-04-13,DEVELOPMENT,0.0,35,8.7,23,14.0,1,1,1,3,1,0,0,0,0.0,0.0,0,0,0,0,4,0,0
E0003911,TC0003911,P003565,2026-02-08,DEVELOPMENT,0.0,40,16.8,23,7.0,1,0,1,2,1,0,0,0,0.0,0.0,0,1,0,0,2,6,1
E0003912,TC0003912,P003566,2026-07-15,EVALUATION,,81,25.7,11,21.0,0,1,0,1,0,0,0,0,0.0,0.0,1,1,0,0,7,2,0
E0003913,TC0003913,P003567,2026-03-07,DEVELOPMENT,0.0,51,19.2,18,30.0,1,1,1,3,1,0,0,0,0.0,0.0,0,1,0,0,3,5,1
E0003914,TC0003914,P003567,2026-06-03,DEVELOPMENT,0.0,51,22.3,20,21.0,1,0,1,2,1,1,1,88,0.011363636363636364,3.0,0,1,0,0,6,2,0
E0003915,TC0003915,P003568,2026-06-10,DEVELOPMENT,1.0,61,21.7,10,21.0,1,0,0,1,0,0,0,0,0.0,0.0,0,1,0,0,6,2,0
E0003916,TC0003916,P003568,2026-07-03,EVALUATION,,61,33.3,13,21.0,1,0,0,1,0,1,1,23,0.043478260869565216,1.0,0,1,0,0,7,4,0
E0003917,TC0003917,P003494,2026-04-10,DEVELOPMENT,0.0,41,7.4,16,21.0,1,0,1,2,1,2,1,40,0.05,3.0,0,0,1,0,4,4,0
E0003918,TC0003918,P003571,2026-06-14,DEVELOPMENT,0.0,36,13.2,10,14.0,0,1,1,2,1,0,0,0,0.0,0.0,1,1,0,0,6,6,1
E0003919,TC0003919,P003572,2026-04-14,DEVELOPMENT,1.0,29,29.4,21,14.0,1,0,1,2,1,0,0,0,0.0,0.0,1,1,0,1,4,1,0
E0003920,TC0003920,P003572,2026-05-13,DEVELOPMENT,1.0,29,29.4,8,30.0,1,0,1,2,1,1,1,29,0.034482758620689655,2.0,0,1,0,1,5,2,0
E0003921,TC0003921,P003573,2026-04-26,DEVELOPMENT,0.0,62,8.7,15,21.0,0,1,1,2,1,0,0,0,0.0,0.0,0,0,0,1,4,6,1
E0003922,TC0003922,P003573,2026-05-17,DEVELOPMENT,0.0,62,13.9,7,21.0,1,0,0,1,0,1,1,21,0.047619047619047616,2.0,1,1,0,1,5,6,1
E0003923,TC0003923,P003574,2026-01-25,DEVELOPMENT,1.0,57,16.2,11,21.0,1,1,0,2,1,0,0,0,0.0,0.0,1,1,0,0,1,6,1
E0003924,TC0003924,P003575,2026-02-11,DEVELOPMENT,1.0,45,25.4,11,21.0,0,1,1,2,1,0,0,0,0.0,0.0,0,1,1,0,2,2,0
E0003925,TC0003925,P003575,2026-03-29,DEVELOPMENT,0.0,45,25.4,22,21.0,1,0,1,2,1,1,1,46,0.021739130434782608,2.0,0,1,1,0,3,6,1
E0003926,TC0003926,P003577,2026-01-09,DEVELOPMENT,0.0,18,17.3,24,21.0,1,0,0,1,0,0,0,0,0.0,0.0,0,1,0,0,1,4,0
E0003927,TC0003927,P003577,2026-03-11,DEVELOPMENT,1.0,18,17.3,22,30.0,1,1,1,3,1,1,1,61,0.01639344262295082,1.0,1,1,0,0,3,2,0
E0003928,TC0003928,P003579,2026-02-16,DEVELOPMENT,1.0,35,38.9,24,14.0,0,1,1,2,1,0,0,0,0.0,0.0,0,1,0,0,2,0,0
E0003929,TC0003929,P001215,2026-05-22,DEVELOPMENT,0.0,39,38.9,14,21.0,0,0,0,0,0,0,0,0,0.0,3.0,0,1,0,0,5,4,0
E0003930,TC0003930,P003580,2026-07-10,EVALUATION,,30,19.9,9,30.0,1,1,1,3,1,0,0,0,0.0,0.0,0,1,0,0,7,4,0
E0003931,TC0003931,P003581,2026-03-06,DEVELOPMENT,1.0,40,20.2,11,21.0,1,1,0,2,1,0,0,0,0.0,0.0,0,1,0,0,3,4,0
E0003932,TC0003932,P003582,2026-06-18,DEVELOPMENT,0.0,75,20.0,10,14.0,0,0,1,1,0,0,0,0,0.0,0.0,1,1,0,0,6,3,0
E0003933,TC0003933,P003582,2026-07-06,EVALUATION,,75,19.6,15,21.0,1,1,0,2,1,1,1,18,0.05555555555555555,1.0,1,1,0,0,7,0,0
E0003934,TC0003934,P003583,2026-05-09,DEVELOPMENT,1.0,63,10.4,10,21.0,1,0,0,1,0,0,0,0,0.0,0.0,0,1,0,0,5,5,1
E0003935,TC0003935,P003584,2026-02-09,DEVELOPMENT,0.0,75,7.4,16,21.0,1,0,0,1,0,0,0,0,0.0,0.0,0,0,0,0,2,0,0
E0003936,TC0003936,P003586,2026-02-04,DEVELOPMENT,1.0,64,22.4,19,7.0,1,0,1,2,1,0,0,0,0.0,0.0,0,1,0,0,2,2,0
E0003937,TC0003937,P003586,2026-03-05,DEVELOPMENT,0.0,64,19.2,13,21.0,1,0,0,1,0,1,1,29,0.034482758620689655,2.0,0,1,0,0,3,3,0
E0003938,TC0003938,P003587,2026-06-30,DEVELOPMENT,1.0,23,16.8,22,30.0,1,1,1,3,1,0,0,0,0.0,0.0,1,1,0,0,6,1,0
E0003939,TC0003939,P001547,2026-02-05,DEVELOPMENT,0.0,40,23.7,18,21.0,0,1,0,1,0,0,0,0,0.0,3.0,0,1,0,0,2,3,0
E0003940,TC0003940,P003593,2026-05-01,DEVELOPMENT,1.0,39,29.9,10,14.0,0,0,1,1,0,0,0,0,0.0,0.0,0,1,0,0,5,4,0
E0003941,TC0003941,P000587,2026-03-29,DEVELOPMENT,1.0,52,27.8,9,21.0,1,1,0,2,1,0,0,0,0.0,2.0,0,1,0,0,3,6,1
E0003942,TC0003942,P003596,2026-08-01,EVALUATION,,52,36.5,7,30.0,1,0,1,2,1,0,0,0,0.0,0.0,1,1,0,0,8,5,1
E0003943,TC0003943,P003597,2026-05-21,DEVELOPMENT,0.0,59,17.2,10,21.0,1,0,0,1,0,0,0,0,0.0,0.0,0,1,0,0,5,3,0
E0003944,TC0003944,P003597,2026-07-07,EVALUATION,,59,29.4,7,21.0,1,0,0,1,0,1,1,47,0.02127659574468085,1.0,1,1,0,0,7,1,0
E0003945,TC0003945,P003598,2026-05-06,DEVELOPMENT,0.0,68,36.5,21,7.0,1,0,1,2,1,0,0,0,0.0,0.0,0,1,0,0,5,2,0
E0003946,TC0003946,P000751,2026-03-02,DEVELOPMENT,0.0,48,7.6,19,21.0,0,1,0,1,0,0,0,0,0.0,0.0,1,0,0,0,3,0,0
E0003947,TC0003947,P000751,2026-04-01,DEVELOPMENT,1.0,48,19.5,11,7.0,1,0,1,2,1,1,1,30,0.03333333333333333,1.0,0,1,0,0,4,2,0
E0003948,TC0003948,P003600,2026-06-29,DEVELOPMENT,1.0,56,8.3,7,14.0,1,1,1,3,1,0,0,0,0.0,0.0,0,0,0,0,6,0,0
E0003949,TC0003949,P003600,2026-07-23,EVALUATION,,56,25.4,10,30.0,1,0,1,2,1,1,1,24,0.041666666666666664,3.0,0,1,0,0,7,3,0
E0003950,TC0003950,P003601,2026-02-03,DEVELOPMENT,1.0,35,27.8,9,14.0,1,0,1,2,1,0,0,0,0.0,0.0,1,1,0,0,2,1,0
E0003951,TC0003951,P002260,2026-01-03,DEVELOPMENT,0.0,37,36.3,15,21.0,1,1,0,2,1,0,0,0,0.0,1.0,0,1,1,0,1,5,1
E0003952,TC0003952,P003603,2026-01-28,DEVELOPMENT,1.0,40,28.2,7,30.0,1,0,1,2,1,0,0,0,0.0,0.0,1,1,1,0,1,2,0
E0003953,TC0003953,P003604,2026-04-14,DEVELOPMENT,1.0,47,18.7,19,21.0,1,0,0,1,0,0,0,0,0.0,0.0,0,1,0,0,4,1,0
E0003954,TC0003954,P003604,2026-05-13,DEVELOPMENT,0.0,47,12.8,17,21.0,1,0,0,1,0,1,1,29,0.034482758620689655,1.0,0,1,0,0,5,2,0
E0003955,TC0003955,P003605,2026-04-21,DEVELOPMENT,1.0,70,21.3,12,7.0,0,1,1,2,1,0,0,0,0.0,0.0,0,1,0,0,4,1,0
E0003956,TC0003956,P003606,2026-05-28,DEVELOPMENT,0.0,46,23.1,8,21.0,1,0,1,2,1,0,0,0,0.0,0.0,0,1,0,0,5,3,0
E0003957,TC0003957,P001768,2026-06-29,DEVELOPMENT,0.0,67,7.6,12,21.0,0,0,0,0,0,0,0,0,0.0,0.0,0,0,0,0,6,0,0
E0003958,TC0003958,P001768,2026-07-24,EVALUATION,,67,19.5,12,14.0,1,0,1,2,1,1,1,25,0.04,0.0,0,1,0,0,7,4,0
E0003959,TC0003959,P001768,2026-08-11,EVALUATION,,67,11.3,22,21.0,0,0,0,0,0,2,1,43,0.046511627906976744,2.0,0,1,0,0,8,1,0
E0003960,TC0003960,P003608,2026-01-02,DEVELOPMENT,1.0,76,19.5,9,30.0,1,1,1,3,1,0,0,0,0.0,0.0,1,1,0,0,1,4,0
E0003961,TC0003961,P003609,2026-05-07,DEVELOPMENT,0.0,43,20.3,14,14.0,1,0,1,2,1,0,0,0,0.0,0.0,1,1,0,0,5,3,0
E0003962,TC0003962,P003609,2026-05-26,DEVELOPMENT,0.0,43,27.8,23,21.0,1,1,0,2,1,1,1,19,0.05263157894736842,2.0,1,1,0,0,5,1,0
E0003963,TC0003963,P003610,2026-02-03,DEVELOPMENT,1.0,38,29.9,13,7.0,1,1,1,3,1,0,0,0,0.0,0.0,0,1,0,0,2,1,0
E0003964,TC0003964,P003611,2026-07-19,EVALUATION,,42,1.4,24,30.0,0,1,1,2,1,0,0,0,0.0,0.0,1,0,0,0,7,6,1
E0003965,TC0003965,P003088,2026-07-12,EVALUATION,,38,12.6,23,30.0,1,1,1,3,1,1,1,78,0.01282051282051282,1.0,0,1,0,0,7,6,1
E0003966,TC0003966,P003615,2026-05-13,DEVELOPMENT,0.0,51,25.4,9,30.0,1,0,1,2,1,1,1,30,0.03333333333333333,1.0,1,1,0,0,5,2,0
E0003967,TC0003967,P003616,2026-01-23,DEVELOPMENT,1.0,65,22.3,21,30.0,0,0,1,1,0,0,0,0,0.0,0.0,0,1,1,0,1,4,0
E0003968,TC0003968,P003617,2026-05-05,DEVELOPMENT,0.0,72,4.1,22,21.0,1,1,0,2,1,0,0,0,0.0,0.0,0,0,0,0,5,1,0
E0003969,TC0003969,P003619,2026-08-02,EVALUATION,,42,17.2,24,21.0,1,1,0,2,1,0,0,0,0.0,0.0,0,1,1,0,8,6,1
E0003970,TC0003970,P002405,2026-07-12,EVALUATION,,51,26.4,21,21.0,1,0,1,2,1,2,1,107,0.018691588785046728,5.0,1,1,0,0,7,6,1
E0003971,TC0003971,P003621,2026-07-08,EVALUATION,,42,33.3,24,7.0,1,0,1,2,1,0,0,0,0.0,0.0,0,1,0,0,7,2,0
E0003972,TC0003972,P002187,2026-07-26,EVALUATION,,72,5.6,17,21.0,1,1,0,2,1,2,1,201,0.009950248756218905,2.0,0,0,0,0,7,6,1
E0003973,TC0003973,P003623,2026-06-28,DEVELOPMENT,0.0,43,5.1,19,7.0,0,0,1,1,0,0,0,0,0.0,0.0,1,0,0,0,6,6,1
E0003974,TC0003974,P003623,2026-08-10,EVALUATION,,43,5.1,16,30.0,1,0,1,2,1,1,1,43,0.023255813953488372,1.0,0,0,0,0,8,0,0
E0003975,TC0003975,P003624,2026-08-13,EVALUATION,,46,21.1,22,30.0,1,0,1,2,1,0,0,0,0.0,0.0,0,1,0,0,8,3,0
E0003976,TC0003976,P002807,2026-03-15,DEVELOPMENT,0.0,58,13.9,12,21.0,0,1,1,2,1,1,1,15,0.06666666666666667,3.0,1,1,0,0,3,6,1
E0003977,TC0003977,P002807,2026-04-12,DEVELOPMENT,0.0,58,12.6,17,21.0,0,0,0,0,0,2,1,43,0.046511627906976744,5.0,1,1,0,0,4,6,1
E0003978,TC0003978,P003626,2026-05-25,DEVELOPMENT,0.0,44,7.0,16,14.0,1,1,1,3,1,0,0,0,0.0,0.0,1,0,0,0,5,0,0
E0003979,TC0003979,P003627,2026-04-04,DEVELOPMENT,1.0,41,29.4,10,21.0,1,1,1,3,1,0,0,0,0.0,0.0,0,1,0,0,4,5,1
E0003980,TC0003980,P003627,2026-05-10,DEVELOPMENT,0.0,41,29.4,18,30.0,1,0,1,2,1,1,1,36,0.027777777777777776,3.0,1,1,0,0,5,6,1
E0003981,TC0003981,P002502,2026-06-29,DEVELOPMENT,0.0,46,1.4,12,7.0,1,0,1,2,1,0,0,0,0.0,0.0,1,0,0,0,6,0,0
E0003982,TC0003982,P003630,2026-07-31,EVALUATION,,43,11.9,8,21.0,1,0,0,1,0,0,0,0,0.0,0.0,0,1,1,0,7,4,0
E0003983,TC0003983,P003631,2026-07-10,EVALUATION,,34,6.4,21,7.0,1,0,1,2,1,0,0,0,0.0,0.0,0,0,0,0,7,4,0
E0003984,TC0003984,P003632,2026-08-11,EVALUATION,,59,36.1,11,14.0,1,0,1,2,1,0,0,0,0.0,0.0,0,1,0,0,8,1,0
E0003985,TC0003985,P002711,2026-05-23,DEVELOPMENT,0.0,53,12.8,10,30.0,1,0,1,2,1,2,1,27,0.07407407407407407,5.0,0,1,0,0,5,5,1
E0003986,TC0003986,P003634,2026-07-22,EVALUATION,,54,18.0,18,7.0,1,0,1,2,1,0,0,0,0.0,0.0,0,1,0,0,7,2,0
E0003987,TC0003987,P003635,2026-02-19,DEVELOPMENT,1.0,56,9.4,21,7.0,1,0,1,2,1,0,0,0,0.0,0.0,0,0,0,0,2,3,0
E0003988,TC0003988,P003636,2026-06-22,DEVELOPMENT,0.0,25,9.4,12,21.0,1,0,0,1,0,0,0,0,0.0,0.0,0,0,1,0,6,0,0
E0003989,TC0003989,P003636,2026-07-22,EVALUATION,,25,23.7,12,21.0,1,0,1,2,1,1,1,30,0.03333333333333333,1.0,1,1,1,0,7,2,0
E0003990,TC0003990,P003638,2026-03-04,DEVELOPMENT,0.0,35,17.9,7,21.0,1,0,0,1,0,0,0,0,0.0,0.0,1,1,0,0,3,2,0
E0003991,TC0003991,P002743,2026-03-12,DEVELOPMENT,1.0,63,12.6,22,7.0,1,1,1,3,1,1,1,64,0.015625,3.0,1,1,0,0,3,3,0
E0003992,TC0003992,P002743,2026-04-14,DEVELOPMENT,0.0,63,4.2,16,21.0,1,0,0,1,0,2,1,97,0.020618556701030927,6.0,0,0,0,0,4,1,0
E0003993,TC0003993,P003639,2026-01-05,DEVELOPMENT,0.0,53,5.1,18,30.0,0,0,1,1,0,0,0,0,0.0,0.0,0,0,1,0,1,0,0
E0003994,TC0003994,P003639,2026-02-04,DEVELOPMENT,0.0,53,19.9,11,7.0,1,0,1,2,1,1,1,30,0.03333333333333333,1.0,0,1,1,0,2,2,0
E0003995,TC0003995,P003640,2026-04-19,DEVELOPMENT,0.0,47,17.3,7,30.0,0,0,1,1,0,1,1,31,0.03225806451612903,0.0,1,1,0,0,4,6,1
E0003996,TC0003996,P003641,2026-08-07,EVALUATION,,68,22.9,7,21.0,1,0,0,1,0,0,0,0,0.0,0.0,1,1,0,0,8,4,0
E0003997,TC0003997,P003642,2026-03-11,DEVELOPMENT,0.0,29,17.2,14,21.0,1,0,0,1,0,0,0,0,0.0,0.0,1,1,0,0,3,2,0
E0003998,TC0003998,P003643,2026-06-09,DEVELOPMENT,0.0,39,5.1,18,14.0,1,0,1,2,1,0,0,0,0.0,0.0,0,0,0,0,6,1,0
E0003999,TC0003999,P003644,2026-02-06,DEVELOPMENT,1.0,51,3.6,10,21.0,1,0,0,1,0,0,0,0,0.0,0.0,1,0,0,0,2,4,0
E0004000,TC0004000,P003645,2026-05-23,DEVELOPMENT,0.0,49,6.7,21,21.0,0,0,0,0,0,0,0,0,0.0,0.0,1,0,0,0,5,5,1
E0004001,TC0004001,P003646,2026-07-13,EVALUATION,,51,21.0,7,21.0,1,0,0,1,0,0,0,0,0.0,0.0,0,1,0,0,7,0,0
E0004002,TC0004002,P003647,2026-01-03,DEVELOPMENT,0.0,51,1.4,10,21.0,1,1,0,2,1,0,0,0,0.0,0.0,0,0,0,1,1,5,1
E0004003,TC0004003,P002946,2026-05-28,DEVELOPMENT,1.0,67,13.9,7,21.0,1,0,1,2,1,1,1,114,0.008771929824561403,1.0,1,1,0,0,5,3,0
E0004004,TC0004004,P002946,2026-07-09,EVALUATION,,67,6.6,13,21.0,1,0,1,2,1,2,1,156,0.01282051282051282,3.0,0,0,0,0,7,3,0
E0004005,TC0004005,P003650,2026-06-03,DEVELOPMENT,0.0,75,12.6,7,21.0,1,0,0,1,0,0,0,0,0.0,0.0,0,1,0,0,6,2,0
E0004006,TC0004006,P003650,2026-07-30,EVALUATION,,75,13.9,23,14.0,1,1,1,3,1,1,1,57,0.017543859649122806,1.0,0,1,0,0,7,3,0
E0004007,TC0004007,P003651,2026-02-27,DEVELOPMENT,1.0,57,19.2,7,21.0,1,0,0,1,0,0,0,0,0.0,0.0,0,1,0,0,2,4,0
E0004008,TC0004008,P003652,2026-04-18,DEVELOPMENT,0.0,27,13.0,16,7.0,1,0,1,2,1,0,0,0,0.0,0.0,0,1,0,0,4,5,1
E0004009,TC0004009,P003652,2026-06-04,DEVELOPMENT,1.0,27,9.7,20,30.0,1,0,1,2,1,1,1,47,0.02127659574468085,2.0,0,0,0,0,6,3,0
E0004010,TC0004010,P003653,2026-06-15,DEVELOPMENT,0.0,20,21.3,14,21.0,1,0,1,2,1,1,1,143,0.006993006993006993,0.0,1,1,0,0,6,0,0
E0004011,TC0004011,P001092,2026-08-12,EVALUATION,,57,19.7,19,14.0,1,0,1,2,1,2,1,139,0.014388489208633094,2.0,0,1,1,0,8,2,0
E0004012,TC0004012,P003656,2026-07-21,EVALUATION,,48,23.7,19,30.0,1,1,1,3,1,0,0,0,0.0,0.0,1,1,0,0,7,1,0
E0004013,TC0004013,P003659,2026-05-16,DEVELOPMENT,0.0,57,25.4,7,21.0,1,0,0,1,0,0,0,0,0.0,0.0,0,1,0,0,5,5,1
E0004014,TC0004014,P003660,2026-04-03,DEVELOPMENT,0.0,77,27.9,19,21.0,1,0,0,1,0,0,0,0,0.0,0.0,0,1,0,0,4,4,0
E0004015,TC0004015,P003661,2026-07-30,EVALUATION,,88,16.8,15,21.0,1,1,1,3,1,0,0,0,0.0,0.0,0,1,0,0,7,3,0
E0004016,TC0004016,P003662,2026-05-26,DEVELOPMENT,0.0,52,35.5,24,21.0,1,0,1,2,1,0,0,0,0.0,0.0,0,1,0,0,5,1,0
E0004017,TC0004017,P003662,2026-07-14,EVALUATION,,52,36.5,15,21.0,1,0,0,1,0,1,1,49,0.02040816326530612,2.0,0,1,0,0,7,1,0
E0004018,TC0004018,P003663,2026-01-19,DEVELOPMENT,1.0,61,17.6,20,21.0,1,0,1,2,1,0,0,0,0.0,0.0,0,1,0,0,1,0,0
E0004019,TC0004019,P003664,2026-07-29,EVALUATION,,18,18.0,19,21.0,0,1,0,1,0,0,0,0,0.0,0.0,0,1,0,0,7,2,0
E0004020,TC0004020,P003664,2026-07-31,EVALUATION,,18,16.9,24,21.0,0,0,1,1,0,1,1,2,0.5,1.0,0,1,0,0,7,4,0
E0004021,TC0004021,P003665,2026-04-25,DEVELOPMENT,1.0,44,14.1,23,21.0,1,0,0,1,0,0,0,0,0.0,0.0,1,1,0,0,4,5,1
E0004022,TC0004022,P003665,2026-05-30,DEVELOPMENT,1.0,44,9.4,21,21.0,1,0,0,1,0,1,1,35,0.02857142857142857,1.0,0,0,0,0,5,5,1
E0004023,TC0004023,P003667,2026-02-04,DEVELOPMENT,0.0,37,25.4,17,7.0,1,0,1,2,1,0,0,0,0.0,0.0,0,1,0,0,2,2,0
E0004024,TC0004024,P003668,2026-03-25,DEVELOPMENT,1.0,58,6.5,13,30.0,1,0,1,2,1,0,0,0,0.0,0.0,0,0,0,0,3,2,0
E0004025,TC0004025,P003669,2026-01-24,DEVELOPMENT,0.0,64,20.3,12,21.0,1,1,0,2,1,0,0,0,0.0,0.0,1,1,1,0,1,5,1
E0004026,TC0004026,P003670,2026-01-01,DEVELOPMENT,0.0,24,2.2,14,21.0,0,1,1,2,1,0,0,0,0.0,0.0,0,0,0,0,1,3,0
E0004027,TC0004027,P003671,2026-01-28,DEVELOPMENT,0.0,46,29.2,13,21.0,0,0,0,0,0,0,0,0,0.0,0.0,0,1,0,0,1,2,0
E0004028,TC0004028,P003671,2026-08-04,EVALUATION,,46,22.1,11,7.0,1,0,1,2,1,1,1,188,0.005319148936170213,0.0,0,1,0,0,8,1,0
E0004029,TC0004029,P003672,2026-01-23,DEVELOPMENT,0.0,40,25.8,20,14.0,1,0,1,2,1,0,0,0,0.0,0.0,0,1,0,0,1,4,0
E0004030,TC0004030,P003672,2026-01-25,DEVELOPMENT,0.0,40,25.8,19,14.0,1,0,1,2,1,1,1,2,0.5,2.0,0,1,0,0,1,6,1
E0004031,TC0004031,P003672,2026-03-15,DEVELOPMENT,0.0,40,6.7,18,7.0,1,1,1,3,1,2,1,51,0.0392156862745098,4.0,0,0,0,0,3,6,1
E0004032,TC0004032,P000135,2026-06-05,DEVELOPMENT,1.0,50,19.7,23,14.0,1,1,1,3,1,0,0,0,0.0,3.0,0,1,0,1,6,4,0
E0004033,TC0004033,P003674,2026-07-21,EVALUATION,,46,21.1,13,21.0,1,1,0,2,1,0,0,0,0.0,0.0,1,1,0,0,7,1,0
E0004034,TC0004034,P003675,2026-03-10,DEVELOPMENT,0.0,46,19.6,15,30.0,0,1,1,2,1,0,0,0,0.0,0.0,1,1,0,0,3,1,0
E0004035,TC0004035,P003676,2026-03-16,DEVELOPMENT,1.0,63,24.9,7,14.0,1,1,1,3,1,0,0,0,0.0,0.0,1,1,1,0,3,0,0
E0004036,TC0004036,P003677,2026-07-03,EVALUATION,,48,33.3,14,30.0,0,0,1,1,0,0,0,0,0.0,0.0,1,1,1,0,7,4,0
E0004037,TC0004037,P003678,2026-03-08,DEVELOPMENT,1.0,56,25.7,17,21.0,1,0,1,2,1,0,0,0,0.0,0.0,0,1,0,0,3,6,1
E0004038,TC0004038,P003679,2026-01-03,DEVELOPMENT,1.0,37,12.8,7,21.0,1,1,1,3,1,0,0,0,0.0,0.0,0,1,0,1,1,5,1
E0004039,TC0004039,P003681,2026-04-10,DEVELOPMENT,0.0,43,8.7,16,21.0,1,0,0,1,0,0,0,0,0.0,0.0,0,0,0,0,4,4,0
E0004040,TC0004040,P003681,2026-06-06,DEVELOPMENT,0.0,43,8.7,10,21.0,1,1,0,2,1,1,1,57,0.017543859649122806,1.0,0,0,0,0,6,5,1
E0004041,TC0004041,P003682,2026-07-11,EVALUATION,,64,26.6,24,21.0,1,0,0,1,0,0,0,0,0.0,0.0,1,1,0,0,7,5,1
E0004042,TC0004042,P003683,2026-08-11,EVALUATION,,38,7.3,16,30.0,1,0,1,2,1,0,0,0,0.0,0.0,1,0,0,0,8,1,0
E0004043,TC0004043,P003684,2026-06-08,DEVELOPMENT,0.0,74,23.7,21,30.0,1,0,1,2,1,0,0,0,0.0,0.0,1,1,0,0,6,0,0
E0004044,TC0004044,P003685,2026-07-26,EVALUATION,,48,27.8,19,21.0,1,0,1,2,1,0,0,0,0.0,0.0,1,1,0,0,7,6,1
E0004045,TC0004045,P003685,2026-08-15,EVALUATION,,48,27.8,7,30.0,1,0,1,2,1,1,1,20,0.05,2.0,0,1,0,0,8,5,1
E0004046,TC0004046,P003686,2026-02-20,DEVELOPMENT,0.0,48,17.3,12,21.0,0,1,1,2,1,0,0,0,0.0,0.0,0,1,0,0,2,4,0
E0004047,TC0004047,P003686,2026-06-14,DEVELOPMENT,1.0,48,17.3,13,21.0,1,0,1,2,1,1,1,114,0.008771929824561403,2.0,1,1,0,0,6,6,1
E0004048,TC0004048,P003688,2026-05-03,DEVELOPMENT,1.0,38,29.9,16,14.0,1,1,1,3,1,0,0,0,0.0,0.0,1,1,1,0,5,6,1
E0004049,TC0004049,P003688,2026-06-25,DEVELOPMENT,0.0,38,29.9,15,21.0,0,0,0,0,0,1,1,53,0.018867924528301886,3.0,0,1,1,0,6,3,0
E0004050,TC0004050,P003690,2026-08-01,EVALUATION,,41,2.6,12,30.0,0,0,1,1,0,0,0,0,0.0,0.0,1,0,1,0,8,5,1
E0004051,TC0004051,P003692,2026-06-03,DEVELOPMENT,0.0,52,23.7,22,14.0,0,0,1,1,0,0,0,0,0.0,0.0,0,1,0,0,6,2,0
E0004052,TC0004052,P003693,2026-01-06,DEVELOPMENT,1.0,18,2.2,20,21.0,1,1,0,2,1,0,0,0,0.0,0.0,1,0,0,0,1,1,0
E0004053,TC0004053,P003693,2026-04-12,DEVELOPMENT,1.0,18,36.1,19,7.0,1,0,1,2,1,1,1,96,0.010416666666666666,2.0,1,1,0,0,4,6,1
E0004054,TC0004054,P003695,2026-07-04,EVALUATION,,55,10.8,15,7.0,1,0,1,2,1,0,0,0,0.0,0.0,0,1,0,0,7,5,1
E0004055,TC0004055,P003697,2026-06-18,DEVELOPMENT,0.0,59,19.9,11,21.0,1,0,0,1,0,0,0,0,0.0,0.0,1,1,0,0,6,3,0
E0004056,TC0004056,P003698,2026-06-14,DEVELOPMENT,1.0,39,2.2,16,7.0,1,1,1,3,1,0,0,0,0.0,0.0,0,0,0,0,6,6,1
E0004057,TC0004057,P003700,2026-05-03,DEVELOPMENT,0.0,48,16.8,11,7.0,1,0,1,2,1,0,0,0,0.0,0.0,0,1,0,0,5,6,1
E0004058,TC0004058,P003701,2026-06-16,DEVELOPMENT,0.0,57,27.8,15,21.0,0,0,1,1,0,1,1,76,0.013157894736842105,0.0,0,1,0,0,6,1,0
E0004059,TC0004059,P003702,2026-07-08,EVALUATION,,51,19.6,8,21.0,1,0,0,1,0,0,0,0,0.0,0.0,1,1,0,0,7,2,0
E0004060,TC0004060,P003703,2026-03-12,DEVELOPMENT,1.0,45,27.9,21,21.0,1,1,0,2,1,0,0,0,0.0,0.0,0,1,0,0,3,3,0
E0004061,TC0004061,P003703,2026-08-13,EVALUATION,,45,27.9,22,21.0,1,0,1,2,1,1,1,154,0.006493506493506494,2.0,0,1,0,0,8,3,0
E0004062,TC0004062,P003704,2026-02-20,DEVELOPMENT,0.0,29,25.8,23,30.0,1,0,1,2,1,0,0,0,0.0,0.0,0,1,0,0,2,4,0
E0004063,TC0004063,P003705,2026-01-17,DEVELOPMENT,0.0,49,9.7,17,21.0,1,0,0,1,0,0,0,0,0.0,0.0,0,0,0,0,1,5,1
E0004064,TC0004064,P001678,2026-01-08,DEVELOPMENT,1.0,60,22.9,10,14.0,1,0,1,2,1,0,0,0,0.0,0.0,0,1,0,0,1,3,0
E0004065,TC0004065,P001678,2026-05-16,DEVELOPMENT,1.0,60,24.9,20,14.0,1,0,1,2,1,1,1,128,0.0078125,2.0,1,1,0,0,5,5,1
E0004066,TC0004066,P003707,2026-05-16,DEVELOPMENT,1.0,51,21.1,21,21.0,1,0,1,2,1,0,0,0,0.0,0.0,1,1,0,0,5,5,1
E0004067,TC0004067,P003708,2026-07-14,EVALUATION,,25,6.5,15,7.0,1,1,1,3,1,0,0,0,0.0,0.0,1,0,0,0,7,1,0
E0004068,TC0004068,P003709,2026-02-10,DEVELOPMENT,0.0,35,38.9,13,30.0,0,1,1,2,1,0,0,0,0.0,0.0,1,1,0,0,2,1,0
E0004069,TC0004069,P003710,2026-06-27,DEVELOPMENT,0.0,70,8.3,14,21.0,1,1,0,2,1,0,0,0,0.0,0.0,0,0,0,0,6,5,1
E0004070,TC0004070,P003711,2026-06-14,DEVELOPMENT,0.0,31,18.7,20,21.0,0,0,1,1,0,0,0,0,0.0,0.0,0,1,0,0,6,6,1
E0004071,TC0004071,P003712,2026-05-03,DEVELOPMENT,1.0,65,27.8,17,21.0,1,0,0,1,0,0,0,0,0.0,0.0,1,1,0,0,5,6,1
E0004072,TC0004072,P003713,2026-02-20,DEVELOPMENT,1.0,69,23.7,13,30.0,1,0,1,2,1,0,0,0,0.0,0.0,0,1,1,0,2,4,0
E0004073,TC0004073,P003715,2026-07-23,EVALUATION,,55,22.9,22,14.0,1,0,1,2,1,0,0,0,0.0,0.0,0,1,0,0,7,3,0
E0004074,TC0004074,P003717,2026-08-13,EVALUATION,,60,5.6,22,30.0,1,0,1,2,1,0,0,0,0.0,0.0,0,0,0,0,8,3,0
E0004075,TC0004075,P003718,2026-06-19,DEVELOPMENT,1.0,80,12.6,17,14.0,1,0,1,2,1,0,0,0,0.0,0.0,0,1,0,0,6,4,0
E0004076,TC0004076,P003718,2026-07-30,EVALUATION,,80,12.6,16,21.0,1,1,0,2,1,1,1,41,0.024390243902439025,2.0,1,1,0,0,7,3,0
E0004077,TC0004077,P003719,2026-03-20,DEVELOPMENT,1.0,53,35.0,11,21.0,1,1,0,2,1,0,0,0,0.0,0.0,0,1,0,0,3,4,0
E0004078,TC0004078,P003719,2026-05-23,DEVELOPMENT,1.0,53,35.0,10,14.0,0,0,1,1,0,1,1,64,0.015625,2.0,0,1,0,0,5,5,1
E0004079,TC0004079,P003719,2026-07-02,EVALUATION,,53,35.0,8,30.0,1,0,1,2,1,2,1,104,0.019230769230769232,3.0,0,1,0,0,7,3,0
E0004080,TC0004080,P003720,2026-04-19,DEVELOPMENT,0.0,36,17.9,17,21.0,1,0,0,1,0,0,0,0,0.0,0.0,1,1,0,0,4,6,1
E0004081,TC0004081,P003721,2026-07-01,EVALUATION,,36,28.2,13,14.0,1,0,1,2,1,0,0,0,0.0,0.0,0,1,0,0,7,2,0
E0004082,TC0004082,P003722,2026-01-19,DEVELOPMENT,1.0,54,23.1,8,7.0,1,0,1,2,1,0,0,0,0.0,0.0,0,1,0,0,1,0,0
E0004083,TC0004083,P003722,2026-01-28,DEVELOPMENT,1.0,54,25.4,23,21.0,1,1,1,3,1,1,1,9,0.1111111111111111,2.0,0,1,0,0,1,2,0
E0004084,TC0004084,P003723,2026-02-14,DEVELOPMENT,0.0,75,12.8,8,21.0,1,1,1,3,1,0,0,0,0.0,0.0,1,1,0,0,2,5,1
E0004085,TC0004085,P003723,2026-06-23,DEVELOPMENT,0.0,75,12.8,13,30.0,1,0,1,2,1,1,1,129,0.007751937984496124,3.0,1,1,0,0,6,1,0
E0004086,TC0004086,P003726,2026-07-16,EVALUATION,,50,12.8,7,7.0,1,1,1,3,1,0,0,0,0.0,0.0,1,1,0,0,7,3,0
E0004087,TC0004087,P003727,2026-08-02,EVALUATION,,18,28.2,23,21.0,0,1,0,1,0,0,0,0,0.0,0.0,0,1,1,0,8,6,1
E0004088,TC0004088,P003728,2026-05-26,DEVELOPMENT,0.0,68,29.7,24,21.0,1,1,0,2,1,0,0,0,0.0,0.0,0,1,0,0,5,1,0
E0004089,TC0004089,P003728,2026-07-30,EVALUATION,,68,21.3,23,21.0,1,1,0,2,1,1,1,65,0.015384615384615385,2.0,0,1,0,0,7,3,0
E0004090,TC0004090,P003150,2026-08-07,EVALUATION,,56,11.3,20,21.0,1,0,0,1,0,1,1,202,0.0049504950495049506,1.0,0,1,1,0,8,4,0
E0004091,TC0004091,P003730,2026-04-29,DEVELOPMENT,1.0,44,18.4,14,21.0,0,1,0,1,0,0,0,0,0.0,0.0,1,1,0,0,4,2,0
E0004092,TC0004092,P003730,2026-06-24,DEVELOPMENT,1.0,44,12.8,17,14.0,1,1,1,3,1,1,1,56,0.017857142857142856,1.0,0,1,0,0,6,2,0
E0004093,TC0004093,P003731,2026-06-10,DEVELOPMENT,0.0,26,13.0,22,21.0,0,1,0,1,0,0,0,0,0.0,0.0,1,1,0,0,6,2,0
E0004094,TC0004094,P003732,2026-05-28,DEVELOPMENT,0.0,74,19.5,21,21.0,0,0,1,1,0,0,0,0,0.0,0.0,0,1,1,0,5,3,0
E0004095,TC0004095,P003732,2026-07-31,EVALUATION,,74,19.5,22,30.0,1,1,1,3,1,1,1,64,0.015625,1.0,0,1,1,0,7,4,0
E0004096,TC0004096,P003732,2026-08-08,EVALUATION,,74,19.5,9,21.0,0,0,0,0,0,2,1,72,0.027777777777777776,4.0,1,1,1,0,8,5,1
E0004097,TC0004097,P003733,2026-05-31,DEVELOPMENT,0.0,52,23.1,21,21.0,0,0,1,1,0,0,0,0,0.0,0.0,0,1,0,0,5,6,1
E0004098,TC0004098,P003734,2026-04-15,DEVELOPMENT,1.0,66,17.3,24,21.0,1,0,0,1,0,0,0,0,0.0,0.0,1,1,0,0,4,2,0
E0004099,TC0004099,P003734,2026-05-30,DEVELOPMENT,0.0,66,28.3,11,21.0,1,1,0,2,1,1,1,45,0.022222222222222223,1.0,0,1,0,0,5,5,1
E0004100,TC0004100,P003735,2026-04-26,DEVELOPMENT,0.0,73,15.5,20,14.0,1,0,1,2,1,0,0,0,0.0,0.0,0,1,0,1,4,6,1
E0004101,TC0004101,P003736,2026-06-23,DEVELOPMENT,1.0,61,29.4,13,14.0,1,0,1,2,1,0,0,0,0.0,0.0,1,1,0,0,6,1,0
E0004102,TC0004102,P003737,2026-05-13,DEVELOPMENT,1.0,63,26.6,12,30.0,1,1,1,3,1,0,0,0,0.0,0.0,0,1,0,0,5,2,0
E0004103,TC0004103,P003737,2026-06-17,DEVELOPMENT,1.0,63,33.3,14,7.0,1,1,1,3,1,1,1,35,0.02857142857142857,3.0,1,1,0,0,6,2,0
E0004104,TC0004104,P003738,2026-05-22,DEVELOPMENT,1.0,79,22.2,10,30.0,1,1,1,3,1,1,1,47,0.02127659574468085,0.0,0,1,0,0,5,4,0
E0004105,TC0004105,P003738,2026-06-03,DEVELOPMENT,1.0,79,25.7,20,30.0,1,1,1,3,1,2,1,59,0.03389830508474576,3.0,0,1,0,0,6,2,0
E0004106,TC0004106,P003739,2026-03-24,DEVELOPMENT,1.0,28,29.7,10,30.0,1,0,1,2,1,0,0,0,0.0,0.0,1,1,0,0,3,1,0
E0004107,TC0004107,P003739,2026-05-17,DEVELOPMENT,1.0,28,20.6,21,21.0,1,0,1,2,1,1,1,54,0.018518518518518517,2.0,0,1,0,0,5,6,1
E0004108,TC0004108,P003739,2026-06-18,DEVELOPMENT,1.0,28,29.7,16,21.0,1,0,1,2,1,2,1,86,0.023255813953488372,4.0,0,1,0,0,6,3,0
E0004109,TC0004109,P003740,2026-02-11,DEVELOPMENT,0.0,65,10.4,14,21.0,1,1,0,2,1,0,0,0,0.0,0.0,0,1,0,0,2,2,0
E0004110,TC0004110,P003740,2026-04-05,DEVELOPMENT,1.0,65,1.4,10,21.0,0,1,0,1,0,1,1,53,0.018867924528301886,2.0,0,0,0,0,4,6,1
E0004111,TC0004111,P003741,2026-07-17,EVALUATION,,50,5.6,9,21.0,0,0,0,0,0,0,0,0,0.0,0.0,0,0,0,0,7,4,0
E0004112,TC0004112,P003742,2026-01-09,DEVELOPMENT,0.0,55,8.7,7,14.0,1,0,1,2,1,0,0,0,0.0,0.0,0,0,0,0,1,4,0
E0004113,TC0004113,P003743,2026-03-04,DEVELOPMENT,1.0,22,21.1,13,21.0,1,0,0,1,0,0,0,0,0.0,0.0,0,1,0,0,3,2,0
E0004114,TC0004114,P003745,2026-06-03,DEVELOPMENT,1.0,63,26.3,10,30.0,1,0,1,2,1,0,0,0,0.0,0.0,0,1,1,0,6,2,0
E0004115,TC0004115,P003748,2026-07-14,EVALUATION,,30,22.2,7,7.0,1,1,1,3,1,0,0,0,0.0,0.0,0,1,0,0,7,1,0
E0004116,TC0004116,P003749,2026-06-16,DEVELOPMENT,0.0,57,29.9,20,21.0,1,0,0,1,0,0,0,0,0.0,0.0,0,1,1,0,6,1,0
E0004117,TC0004117,P003750,2026-05-19,DEVELOPMENT,1.0,47,29.2,20,14.0,1,1,1,3,1,0,0,0,0.0,0.0,0,1,0,0,5,1,0
E0004118,TC0004118,P003750,2026-07-14,EVALUATION,,47,22.8,21,30.0,1,0,1,2,1,1,1,56,0.017857142857142856,3.0,0,1,0,0,7,1,0
E0004119,TC0004119,P002111,2026-04-03,DEVELOPMENT,0.0,43,15.7,19,21.0,0,1,0,1,0,1,1,56,0.017857142857142856,1.0,0,1,0,0,4,4,0
E0004120,TC0004120,P003752,2026-08-08,EVALUATION,,18,13.0,14,30.0,1,0,1,2,1,0,0,0,0.0,0.0,0,1,0,0,8,5,1
E0004121,TC0004121,P003753,2026-07-26,EVALUATION,,36,27.8,17,21.0,1,1,0,2,1,0,0,0,0.0,0.0,0,1,0,0,7,6,1
E0004122,TC0004122,P003754,2026-05-23,DEVELOPMENT,1.0,61,29.9,19,30.0,1,1,1,3,1,0,0,0,0.0,0.0,0,1,0,0,5,5,1
E0004123,TC0004123,P003754,2026-06-28,DEVELOPMENT,1.0,61,36.1,12,30.0,1,0,1,2,1,1,1,36,0.027777777777777776,3.0,1,1,0,0,6,6,1
E0004124,TC0004124,P003755,2026-06-05,DEVELOPMENT,1.0,71,12.6,13,21.0,1,0,1,2,1,0,0,0,0.0,0.0,0,1,0,0,6,4,0
E0004125,TC0004125,P002960,2026-08-13,EVALUATION,,67,19.2,17,21.0,1,0,0,1,0,2,1,207,0.00966183574879227,5.0,0,1,0,0,8,3,0
E0004126,TC0004126,P003758,2026-04-23,DEVELOPMENT,0.0,50,19.6,9,21.0,0,0,1,1,0,0,0,0,0.0,0.0,1,1,0,0,4,3,0
E0004127,TC0004127,P003759,2026-02-22,DEVELOPMENT,1.0,28,20.0,23,14.0,1,0,1,2,1,0,0,0,0.0,0.0,0,1,0,0,2,6,1
E0004128,TC0004128,P003760,2026-08-13,EVALUATION,,46,25.4,17,30.0,1,1,1,3,1,0,0,0,0.0,0.0,1,1,1,0,8,3,0
E0004129,TC0004129,P003761,2026-05-02,DEVELOPMENT,1.0,54,22.3,13,30.0,1,0,1,2,1,0,0,0,0.0,0.0,0,1,0,0,5,5,1
E0004130,TC0004130,P003761,2026-06-26,DEVELOPMENT,1.0,54,22.3,17,7.0,1,0,1,2,1,1,1,55,0.01818181818181818,2.0,0,1,0,0,6,4,0
E0004131,TC0004131,P003762,2026-03-16,DEVELOPMENT,1.0,66,29.4,21,21.0,1,0,1,2,1,0,0,0,0.0,0.0,0,1,0,0,3,0,0
E0004132,TC0004132,P003762,2026-04-19,DEVELOPMENT,1.0,66,12.8,17,30.0,1,0,1,2,1,1,1,34,0.029411764705882353,2.0,1,1,0,0,4,6,1
E0004133,TC0004133,P003763,2026-05-03,DEVELOPMENT,1.0,51,7.4,20,7.0,1,1,1,3,1,0,0,0,0.0,0.0,0,0,0,0,5,6,1
E0004134,TC0004134,P003551,2026-02-04,DEVELOPMENT,0.0,36,19.9,16,21.0,1,0,1,2,1,1,1,5,0.2,0.0,1,1,0,0,2,2,0
E0004135,TC0004135,P003765,2026-08-02,EVALUATION,,62,36.3,20,21.0,1,1,0,2,1,0,0,0,0.0,0.0,0,1,0,0,8,6,1
E0004136,TC0004136,P003766,2026-02-04,DEVELOPMENT,1.0,47,25.7,13,21.0,1,1,0,2,1,0,0,0,0.0,0.0,0,1,0,0,2,2,0
E0004137,TC0004137,P003766,2026-02-17,DEVELOPMENT,0.0,47,7.3,15,7.0,1,0,1,2,1,1,1,13,0.07692307692307693,2.0,1,0,0,0,2,1,0
E0004138,TC0004138,P003767,2026-03-04,DEVELOPMENT,1.0,58,10.8,21,21.0,1,1,0,2,1,0,0,0,0.0,0.0,0,1,0,0,3,2,0
E0004139,TC0004139,P002801,2026-08-12,EVALUATION,,61,6.5,13,21.0,0,1,0,1,0,1,1,28,0.03571428571428571,3.0,1,0,0,0,8,2,0
E0004140,TC0004140,P003770,2026-04-27,DEVELOPMENT,0.0,49,29.6,16,21.0,1,1,0,2,1,0,0,0,0.0,0.0,0,1,0,0,4,0,0
E0004141,TC0004141,P003770,2026-06-14,DEVELOPMENT,0.0,49,22.9,8,21.0,1,1,1,3,1,1,1,48,0.020833333333333332,2.0,1,1,0,0,6,6,1
E0004142,TC0004142,P003771,2026-08-13,EVALUATION,,51,21.0,9,21.0,1,0,0,1,0,0,0,0,0.0,0.0,1,1,0,0,8,3,0
E0004143,TC0004143,P003772,2026-08-15,EVALUATION,,35,26.4,17,7.0,1,1,1,3,1,0,0,0,0.0,0.0,0,1,0,0,8,5,1
E0004144,TC0004144,P000517,2026-02-25,DEVELOPMENT,0.0,18,11.3,8,30.0,1,1,1,3,1,0,0,0,0.0,5.0,1,1,0,0,2,2,0
E0004145,TC0004145,P003774,2026-06-12,DEVELOPMENT,0.0,18,22.3,19,21.0,0,0,1,1,0,0,0,0,0.0,0.0,0,1,0,0,6,4,0
E0004146,TC0004146,P003775,2026-04-20,DEVELOPMENT,1.0,59,29.2,14,21.0,0,1,0,1,0,0,0,0,0.0,0.0,1,1,0,1,4,0,0
E0004147,TC0004147,P003776,2026-02-27,DEVELOPMENT,1.0,61,5.1,10,21.0,1,0,0,1,0,0,0,0,0.0,0.0,0,0,0,0,2,4,0
E0004148,TC0004148,P003776,2026-04-18,DEVELOPMENT,0.0,61,19.9,18,14.0,1,0,1,2,1,1,1,50,0.02,1.0,0,1,0,0,4,5,1
E0004149,TC0004149,P003777,2026-03-06,DEVELOPMENT,1.0,75,19.7,19,30.0,1,0,1,2,1,0,0,0,0.0,0.0,1,1,0,0,3,4,0
E0004150,TC0004150,P003777,2026-07-01,EVALUATION,,75,19.2,8,30.0,1,0,1,2,1,1,1,117,0.008547008547008548,2.0,0,1,0,0,7,2,0
E0004151,TC0004151,P003778,2026-07-20,EVALUATION,,55,6.6,20,7.0,0,0,1,1,0,0,0,0,0.0,0.0,1,0,0,0,7,0,0
E0004152,TC0004152,P003778,2026-08-14,EVALUATION,,55,7.4,11,14.0,1,1,1,3,1,1,1,25,0.04,1.0,0,0,0,0,8,4,0
E0004153,TC0004153,P003779,2026-04-30,DEVELOPMENT,0.0,55,26.6,8,14.0,1,0,1,2,1,1,1,118,0.00847457627118644,0.0,1,1,0,0,4,3,0
E0004154,TC0004154,P003780,2026-02-15,DEVELOPMENT,0.0,36,23.1,10,30.0,0,1,1,2,1,0,0,0,0.0,0.0,1,1,0,0,2,6,1
E0004155,TC0004155,P000592,2026-02-04,DEVELOPMENT,0.0,76,7.3,16,21.0,1,0,0,1,0,1,1,31,0.03225806451612903,6.0,0,0,0,0,2,2,0
E0004156,TC0004156,P000592,2026-07-18,EVALUATION,,76,6.5,8,30.0,1,1,1,3,1,4,1,195,0.020512820512820513,7.0,0,0,0,0,7,5,1
E0004157,TC0004157,P003782,2026-02-10,DEVELOPMENT,1.0,69,12.8,19,30.0,1,1,1,3,1,0,0,0,0.0,0.0,1,1,0,0,2,1,0
E0004158,TC0004158,P003783,2026-05-08,DEVELOPMENT,0.0,63,27.9,10,21.0,0,0,1,1,0,0,0,0,0.0,0.0,0,1,1,0,5,4,0
E0004159,TC0004159,P003785,2026-01-21,DEVELOPMENT,0.0,60,12.6,21,7.0,0,0,1,1,0,0,0,0,0.0,0.0,0,1,0,0,1,2,0
E0004160,TC0004160,P003786,2026-04-27,DEVELOPMENT,0.0,25,21.0,11,21.0,1,0,0,1,0,0,0,0,0.0,0.0,1,1,0,0,4,0,0
E0004161,TC0004161,P003786,2026-06-06,DEVELOPMENT,0.0,25,25.4,24,21.0,1,1,0,2,1,1,1,40,0.025,1.0,0,1,0,0,6,5,1
E0004162,TC0004162,P003788,2026-02-03,DEVELOPMENT,1.0,56,29.9,14,14.0,0,1,1,2,1,0,0,0,0.0,0.0,0,1,0,0,2,1,0
E0004163,TC0004163,P003789,2026-05-12,DEVELOPMENT,0.0,72,16.2,24,21.0,1,1,0,2,1,0,0,0,0.0,0.0,0,1,0,0,5,1,0
E0004164,TC0004164,P003790,2026-01-05,DEVELOPMENT,0.0,42,12.6,19,21.0,1,0,0,1,0,0,0,0,0.0,0.0,0,1,0,0,1,0,0
E0004165,TC0004165,P003790,2026-06-10,DEVELOPMENT,0.0,42,17.9,24,21.0,1,1,1,3,1,1,1,156,0.00641025641025641,1.0,1,1,0,0,6,2,0
E0004166,TC0004166,P003792,2026-01-15,DEVELOPMENT,1.0,45,23.7,15,7.0,1,0,1,2,1,0,0,0,0.0,0.0,0,1,0,0,1,3,0
E0004167,TC0004167,P003792,2026-05-29,DEVELOPMENT,1.0,45,7.0,15,21.0,1,0,0,1,0,1,1,134,0.007462686567164179,2.0,0,0,0,0,5,4,0
E0004168,TC0004168,P003792,2026-07-10,EVALUATION,,45,28.2,23,7.0,1,1,1,3,1,2,1,176,0.011363636363636364,3.0,0,1,0,0,7,4,0
E0004169,TC0004169,P003794,2026-07-29,EVALUATION,,42,7.3,8,21.0,1,1,0,2,1,0,0,0,0.0,0.0,0,0,0,0,7,2,0
E0004170,TC0004170,P003795,2026-07-23,EVALUATION,,37,14.1,7,21.0,0,1,0,1,0,2,1,150,0.013333333333333334,0.0,0,1,0,0,7,3,0
E0004171,TC0004171,P003796,2026-08-08,EVALUATION,,47,13.0,9,7.0,0,0,1,1,0,0,0,0,0.0,0.0,0,1,0,0,8,5,1
E0004172,TC0004172,P003797,2026-06-27,DEVELOPMENT,0.0,51,12.6,13,30.0,1,1,1,3,1,0,0,0,0.0,0.0,0,1,0,0,6,5,1
E0004173,TC0004173,P003799,2026-02-27,DEVELOPMENT,1.0,51,36.1,23,30.0,1,1,1,3,1,0,0,0,0.0,0.0,1,1,0,0,2,4,0
E0004174,TC0004174,P003799,2026-07-09,EVALUATION,,51,2.2,16,7.0,0,1,1,2,1,2,1,132,0.015151515151515152,3.0,1,0,0,0,7,3,0
E0004175,TC0004175,P003803,2026-05-17,DEVELOPMENT,1.0,36,23.1,13,7.0,1,1,1,3,1,0,0,0,0.0,0.0,0,1,0,0,5,6,1
E0004176,TC0004176,P003803,2026-06-27,DEVELOPMENT,0.0,36,25.4,24,14.0,1,1,1,3,1,1,1,41,0.024390243902439025,3.0,0,1,0,0,6,5,1
E0004177,TC0004177,P003804,2026-01-04,DEVELOPMENT,0.0,25,7.0,14,21.0,1,0,1,2,1,0,0,0,0.0,0.0,0,0,0,0,1,6,1
E0004178,TC0004178,P003804,2026-04-26,DEVELOPMENT,0.0,25,7.0,21,21.0,0,0,0,0,0,1,1,112,0.008928571428571428,2.0,0,0,0,0,4,6,1
E0004179,TC0004179,P003805,2026-04-03,DEVELOPMENT,0.0,44,16.8,24,21.0,1,0,0,1,0,0,0,0,0.0,0.0,1,1,0,0,4,4,0
E0004180,TC0004180,P003807,2026-03-05,DEVELOPMENT,1.0,41,18.0,24,21.0,1,1,0,2,1,0,0,0,0.0,0.0,0,1,0,0,3,3,0
E0004181,TC0004181,P003808,2026-06-15,DEVELOPMENT,1.0,42,36.1,17,7.0,1,0,1,2,1,0,0,0,0.0,0.0,0,1,0,0,6,0,0
E0004182,TC0004182,P003808,2026-07-27,EVALUATION,,42,36.1,19,21.0,1,0,1,2,1,1,1,42,0.023809523809523808,2.0,1,1,0,0,7,0,0
E0004183,TC0004183,P001563,2026-01-05,DEVELOPMENT,1.0,43,29.7,20,7.0,1,0,1,2,1,0,0,0,0.0,1.0,0,1,0,0,1,0,0
E0004184,TC0004184,P001563,2026-02-09,DEVELOPMENT,1.0,43,29.7,9,21.0,1,0,0,1,0,2,1,35,0.05714285714285714,3.0,1,1,0,0,2,0,0
E0004185,TC0004185,P003810,2026-03-14,DEVELOPMENT,1.0,50,19.7,16,14.0,1,0,1,2,1,0,0,0,0.0,0.0,0,1,0,0,3,5,1
E0004186,TC0004186,P003810,2026-05-23,DEVELOPMENT,1.0,50,19.7,13,21.0,1,1,0,2,1,1,1,70,0.014285714285714285,2.0,1,1,0,0,5,5,1
E0004187,TC0004187,P003811,2026-03-18,DEVELOPMENT,0.0,45,20.3,9,21.0,1,0,1,2,1,0,0,0,0.0,0.0,0,1,0,1,3,2,0
E0004188,TC0004188,P003813,2026-05-04,DEVELOPMENT,0.0,41,25.4,19,7.0,1,0,1,2,1,0,0,0,0.0,0.0,0,1,0,1,5,0,0
E0004189,TC0004189,P003814,2026-05-22,DEVELOPMENT,1.0,39,21.0,24,21.0,1,1,0,2,1,0,0,0,0.0,0.0,0,1,0,0,5,4,0
E0004190,TC0004190,P003815,2026-01-02,DEVELOPMENT,1.0,39,29.4,8,21.0,1,0,1,2,1,0,0,0,0.0,0.0,0,1,0,0,1,4,0
E0004191,TC0004191,P003816,2026-07-25,EVALUATION,,58,25.4,14,14.0,1,0,1,2,1,0,0,0,0.0,0.0,0,1,0,0,7,5,1
E0004192,TC0004192,P003817,2026-06-18,DEVELOPMENT,1.0,61,21.1,11,7.0,1,0,1,2,1,0,0,0,0.0,0.0,0,1,0,0,6,3,0
E0004193,TC0004193,P000316,2026-06-17,DEVELOPMENT,1.0,50,16.8,14,7.0,1,1,1,3,1,3,1,92,0.03260869565217391,4.0,0,1,0,0,6,2,0
E0004194,TC0004194,P000316,2026-07-28,EVALUATION,,50,22.3,9,21.0,0,0,1,1,0,4,1,133,0.03007518796992481,7.0,1,1,0,0,7,1,0
E0004195,TC0004195,P003819,2026-05-14,DEVELOPMENT,0.0,57,3.6,18,7.0,1,1,1,3,1,0,0,0,0.0,0.0,0,0,0,0,5,3,0
E0004196,TC0004196,P003820,2026-05-24,DEVELOPMENT,0.0,59,6.4,9,14.0,1,0,1,2,1,0,0,0,0.0,0.0,0,0,0,0,5,6,1
E0004197,TC0004197,P003820,2026-06-28,DEVELOPMENT,0.0,59,6.4,7,30.0,0,0,1,1,0,1,1,35,0.02857142857142857,2.0,0,0,0,0,6,6,1
E0004198,TC0004198,P003821,2026-05-07,DEVELOPMENT,0.0,63,9.7,7,21.0,1,0,0,1,0,0,0,0,0.0,0.0,1,0,0,0,5,3,0
E0004199,TC0004199,P003824,2026-07-19,EVALUATION,,65,17.9,14,7.0,0,0,1,1,0,0,0,0,0.0,0.0,1,1,0,0,7,6,1
E0004200,TC0004200,P003825,2026-07-24,EVALUATION,,53,12.6,17,21.0,1,0,0,1,0,0,0,0,0.0,0.0,0,1,0,0,7,4,0
E0004201,TC0004201,P003826,2026-04-28,DEVELOPMENT,0.0,31,6.4,8,21.0,0,0,0,0,0,0,0,0,0.0,0.0,0,0,0,0,4,1,0
E0004202,TC0004202,P003827,2026-01-04,DEVELOPMENT,0.0,35,8.7,20,21.0,1,1,1,3,1,0,0,0,0.0,0.0,1,0,0,0,1,6,1
E0004203,TC0004203,P003828,2026-04-24,DEVELOPMENT,0.0,50,27.8,12,21.0,1,0,0,1,0,0,0,0,0.0,0.0,0,1,0,0,4,4,0
E0004204,TC0004204,P003829,2026-01-25,DEVELOPMENT,1.0,52,25.4,10,21.0,1,0,1,2,1,0,0,0,0.0,0.0,1,1,0,0,1,6,1
E0004205,TC0004205,P003829,2026-05-05,DEVELOPMENT,1.0,52,25.4,10,21.0,1,1,0,2,1,1,1,100,0.01,2.0,0,1,0,0,5,1,0
E0004206,TC0004206,P003831,2026-03-31,DEVELOPMENT,0.0,48,11.3,13,21.0,0,1,0,1,0,0,0,0,0.0,0.0,0,1,0,0,3,1,0
E0004207,TC0004207,P003832,2026-08-14,EVALUATION,,55,5.6,17,21.0,0,0,1,1,0,0,0,0,0.0,0.0,0,0,0,1,8,4,0
E0004208,TC0004208,P003834,2026-06-12,DEVELOPMENT,1.0,31,13.0,9,21.0,1,0,0,1,0,0,0,0,0.0,0.0,1,1,0,0,6,4,0
E0004209,TC0004209,P003835,2026-01-18,DEVELOPMENT,1.0,46,6.6,9,21.0,1,0,0,1,0,0,0,0,0.0,0.0,0,0,1,0,1,6,1
E0004210,TC0004210,P003836,2026-02-10,DEVELOPMENT,1.0,64,19.6,24,21.0,1,1,0,2,1,0,0,0,0.0,0.0,0,1,0,0,2,1,0
E0004211,TC0004211,P003837,2026-05-04,DEVELOPMENT,0.0,65,14.1,11,21.0,1,0,0,1,0,0,0,0,0.0,0.0,0,1,0,1,5,0,0
E0004212,TC0004212,P003838,2026-04-24,DEVELOPMENT,1.0,66,28.2,18,21.0,1,0,0,1,0,0,0,0,0.0,0.0,0,1,0,0,4,4,0
E0004213,TC0004213,P003839,2026-07-16,EVALUATION,,34,38.9,7,21.0,0,0,1,1,0,0,0,0,0.0,0.0,0,1,0,0,7,3,0
E0004214,TC0004214,P003839,2026-08-09,EVALUATION,,34,38.9,13,30.0,1,0,1,2,1,1,1,24,0.041666666666666664,1.0,1,1,0,0,8,6,1
E0004215,TC0004215,P003841,2026-03-27,DEVELOPMENT,0.0,44,21.1,9,14.0,0,0,1,1,0,0,0,0,0.0,0.0,0,1,0,0,3,4,0
E0004216,TC0004216,P003841,2026-07-13,EVALUATION,,44,4.1,8,21.0,1,1,0,2,1,1,1,108,0.009259259259259259,1.0,1,0,0,0,7,0,0
E0004217,TC0004217,P002971,2026-04-11,DEVELOPMENT,1.0,30,19.7,12,21.0,1,1,1,3,1,1,1,67,0.014925373134328358,0.0,0,1,0,0,4,5,1
E0004218,TC0004218,P003843,2026-02-07,DEVELOPMENT,0.0,52,26.6,18,21.0,0,0,0,0,0,0,0,0,0.0,0.0,0,1,0,1,2,5,1
E0004219,TC0004219,P003843,2026-02-11,DEVELOPMENT,1.0,52,26.6,23,30.0,1,1,1,3,1,1,1,4,0.25,0.0,1,1,0,1,2,2,0
E0004220,TC0004220,P003844,2026-04-26,DEVELOPMENT,1.0,34,13.9,16,21.0,1,0,1,2,1,0,0,0,0.0,0.0,0,1,0,0,4,6,1
E0004221,TC0004221,P003845,2026-05-15,DEVELOPMENT,1.0,48,36.5,13,21.0,0,1,0,1,0,0,0,0,0.0,0.0,0,1,0,0,5,4,0
E0004222,TC0004222,P003845,2026-06-09,DEVELOPMENT,0.0,48,36.5,10,21.0,0,1,0,1,0,1,1,25,0.04,1.0,0,1,0,0,6,1,0
E0004223,TC0004223,P003846,2026-05-02,DEVELOPMENT,0.0,61,9.4,24,21.0,1,1,1,3,1,0,0,0,0.0,0.0,0,0,0,1,5,5,1
E0004224,TC0004224,P003849,2026-06-10,DEVELOPMENT,0.0,34,7.3,9,7.0,1,0,1,2,1,0,0,0,0.0,0.0,0,0,0,0,6,2,0
E0004225,TC0004225,P003850,2026-05-24,DEVELOPMENT,1.0,36,29.6,24,30.0,1,1,1,3,1,0,0,0,0.0,0.0,0,1,0,0,5,6,1
E0004226,TC0004226,P002569,2026-07-21,EVALUATION,,55,15.5,11,14.0,1,0,1,2,1,2,1,141,0.014184397163120567,5.0,0,1,0,0,7,1,0
E0004227,TC0004227,P002569,2026-08-07,EVALUATION,,55,33.3,17,14.0,0,1,1,2,1,3,1,158,0.0189873417721519,7.0,0,1,0,0,8,4,0
E0004228,TC0004228,P003853,2026-07-21,EVALUATION,,50,9.7,12,21.0,1,0,0,1,0,0,0,0,0.0,0.0,0,0,0,0,7,1,0
E0004229,TC0004229,P003854,2026-02-08,DEVELOPMENT,0.0,61,21.7,10,14.0,1,1,1,3,1,0,0,0,0.0,0.0,0,1,0,0,2,6,1
E0004230,TC0004230,P003856,2026-07-12,EVALUATION,,32,19.2,19,14.0,0,1,1,2,1,0,0,0,0.0,0.0,0,1,0,0,7,6,1
E0004231,TC0004231,P003857,2026-04-19,DEVELOPMENT,0.0,65,6.7,16,21.0,0,1,1,2,1,0,0,0,0.0,0.0,0,0,0,0,4,6,1
E0004232,TC0004232,P003857,2026-06-02,DEVELOPMENT,0.0,65,25.8,19,21.0,1,1,0,2,1,1,1,44,0.022727272727272728,2.0,0,1,0,0,6,1,0
E0004233,TC0004233,P003858,2026-01-25,DEVELOPMENT,1.0,46,11.4,7,14.0,0,0,1,1,0,0,0,0,0.0,0.0,0,1,0,0,1,6,1
E0004234,TC0004234,P003859,2026-05-22,DEVELOPMENT,0.0,39,12.8,8,21.0,1,0,0,1,0,0,0,0,0.0,0.0,0,1,0,0,5,4,0
E0004235,TC0004235,P003859,2026-07-02,EVALUATION,,39,29.4,15,21.0,1,1,0,2,1,1,1,41,0.024390243902439025,1.0,0,1,0,0,7,3,0
E0004236,TC0004236,P001133,2026-01-18,DEVELOPMENT,1.0,78,29.6,22,7.0,1,1,1,3,1,0,0,0,0.0,0.0,0,1,0,0,1,6,1
E0004237,TC0004237,P003861,2026-02-10,DEVELOPMENT,1.0,36,13.0,16,21.0,1,1,0,2,1,0,0,0,0.0,0.0,0,1,0,0,2,1,0
E0004238,TC0004238,P003862,2026-02-10,DEVELOPMENT,1.0,77,26.6,11,21.0,1,0,0,1,0,0,0,0,0.0,0.0,0,1,0,0,2,1,0
E0004239,TC0004239,P003863,2026-08-12,EVALUATION,,75,26.6,21,30.0,1,0,1,2,1,0,0,0,0.0,0.0,0,1,1,0,8,2,0
E0004240,TC0004240,P003864,2026-06-08,DEVELOPMENT,1.0,66,38.9,8,14.0,0,0,1,1,0,0,0,0,0.0,0.0,0,1,0,0,6,0,0
E0004241,TC0004241,P003864,2026-07-31,EVALUATION,,66,26.4,12,21.0,0,0,0,0,0,1,1,53,0.018867924528301886,1.0,0,1,0,0,7,4,0
E0004242,TC0004242,P003865,2026-08-15,EVALUATION,,60,19.6,23,14.0,1,1,1,3,1,0,0,0,0.0,0.0,1,1,0,0,8,5,1
E0004243,TC0004243,P003866,2026-02-25,DEVELOPMENT,1.0,37,28.3,21,7.0,0,0,1,1,0,0,0,0,0.0,0.0,0,1,1,0,2,2,0
E0004244,TC0004244,P003867,2026-04-21,DEVELOPMENT,1.0,51,27.8,15,21.0,1,1,1,3,1,0,0,0,0.0,0.0,1,1,0,0,4,1,0
E0004245,TC0004245,P002284,2026-05-29,DEVELOPMENT,1.0,40,20.2,14,21.0,1,0,1,2,1,0,0,0,0.0,0.0,1,1,0,1,5,4,0
E0004246,TC0004246,P003870,2026-01-24,DEVELOPMENT,1.0,28,29.9,20,7.0,1,1,1,3,1,0,0,0,0.0,0.0,1,1,0,0,1,5,1
E0004247,TC0004247,P003871,2026-07-06,EVALUATION,,39,5.6,23,14.0,0,1,1,2,1,0,0,0,0.0,0.0,0,0,1,0,7,0,0
E0004248,TC0004248,P003871,2026-07-30,EVALUATION,,39,2.6,15,7.0,1,0,1,2,1,1,1,24,0.041666666666666664,2.0,1,0,1,0,7,3,0
E0004249,TC0004249,P003872,2026-01-11,DEVELOPMENT,1.0,58,12.8,15,21.0,1,0,0,1,0,0,0,0,0.0,0.0,0,1,0,0,1,6,1
E0004250,TC0004250,P003872,2026-02-15,DEVELOPMENT,0.0,58,17.2,20,30.0,1,0,1,2,1,1,1,35,0.02857142857142857,1.0,1,1,0,0,2,6,1
E0004251,TC0004251,P003873,2026-02-10,DEVELOPMENT,1.0,32,33.3,18,21.0,1,1,1,3,1,0,0,0,0.0,0.0,0,1,0,0,2,1,0
E0004252,TC0004252,P003874,2026-06-12,DEVELOPMENT,1.0,53,20.3,17,14.0,1,1,1,3,1,0,0,0,0.0,0.0,0,1,0,0,6,4,0
E0004253,TC0004253,P001238,2026-04-21,DEVELOPMENT,0.0,49,26.6,23,21.0,1,0,0,1,0,1,1,70,0.014285714285714285,1.0,0,1,1,0,4,1,0
E0004254,TC0004254,P001238,2026-06-19,DEVELOPMENT,1.0,49,6.5,16,21.0,1,1,1,3,1,2,1,129,0.015503875968992248,2.0,0,0,1,0,6,4,0
E0004255,TC0004255,P003877,2026-04-04,DEVELOPMENT,1.0,64,20.6,16,14.0,0,1,1,2,1,0,0,0,0.0,0.0,1,1,0,0,4,5,1
E0004256,TC0004256,P003877,2026-05-11,DEVELOPMENT,1.0,64,21.3,14,14.0,1,0,1,2,1,1,1,37,0.02702702702702703,2.0,0,1,0,0,5,0,0
E0004257,TC0004257,P003878,2026-02-24,DEVELOPMENT,1.0,47,16.8,18,21.0,1,1,1,3,1,0,0,0,0.0,0.0,1,1,0,0,2,1,0
E0004258,TC0004258,P003879,2026-06-08,DEVELOPMENT,1.0,53,6.7,10,14.0,1,1,1,3,1,1,1,142,0.007042253521126761,2.0,0,0,0,0,6,0,0
E0004259,TC0004259,P000354,2026-06-07,DEVELOPMENT,0.0,68,3.6,11,7.0,1,0,1,2,1,3,1,72,0.041666666666666664,4.0,0,0,0,0,6,6,1
E0004260,TC0004260,P003881,2026-08-07,EVALUATION,,20,9.4,11,21.0,0,1,0,1,0,0,0,0,0.0,0.0,0,0,0,1,8,4,0
E0004261,TC0004261,P003882,2026-07-02,EVALUATION,,57,18.4,13,21.0,1,0,1,2,1,0,0,0,0.0,0.0,0,1,0,0,7,3,0
E0004262,TC0004262,P003884,2026-06-04,DEVELOPMENT,0.0,52,19.5,20,30.0,1,0,1,2,1,0,0,0,0.0,0.0,0,1,0,0,6,3,0
E0004263,TC0004263,P003884,2026-07-04,EVALUATION,,52,19.5,14,21.0,1,0,0,1,0,1,1,30,0.03333333333333333,2.0,1,1,0,0,7,5,1
E0004264,TC0004264,P003885,2026-05-28,DEVELOPMENT,0.0,42,9.4,11,14.0,1,0,1,2,1,0,0,0,0.0,0.0,0,0,0,0,5,3,0
E0004265,TC0004265,P003887,2026-05-17,DEVELOPMENT,1.0,55,13.9,21,21.0,0,1,0,1,0,0,0,0,0.0,0.0,0,1,0,0,5,6,1
E0004266,TC0004266,P003889,2026-01-31,DEVELOPMENT,0.0,28,19.2,14,7.0,1,0,1,2,1,0,0,0,0.0,0.0,0,1,0,0,1,5,1
E0004267,TC0004267,P000595,2026-02-08,DEVELOPMENT,1.0,60,25.7,11,30.0,1,1,1,3,1,0,0,0,0.0,1.0,0,1,0,0,2,6,1
E0004268,TC0004268,P000595,2026-03-14,DEVELOPMENT,1.0,60,25.7,21,21.0,1,0,1,2,1,2,1,34,0.058823529411764705,4.0,0,1,0,0,3,5,1
E0004269,TC0004269,P003892,2026-08-04,EVALUATION,,44,18.4,22,7.0,1,0,1,2,1,0,0,0,0.0,0.0,1,1,0,0,8,1,0
E0004270,TC0004270,P003894,2026-06-19,DEVELOPMENT,0.0,62,19.2,13,7.0,1,1,1,3,1,0,0,0,0.0,0.0,0,1,0,0,6,4,0
E0004271,TC0004271,P003895,2026-02-17,DEVELOPMENT,0.0,70,29.2,7,21.0,0,0,0,0,0,0,0,0,0.0,0.0,0,1,0,0,2,1,0
E0004272,TC0004272,P003895,2026-07-06,EVALUATION,,70,22.8,15,7.0,0,0,1,1,0,1,1,139,0.007194244604316547,0.0,1,1,0,0,7,0,0
E0004273,TC0004273,P003896,2026-03-19,DEVELOPMENT,1.0,51,35.5,16,21.0,1,1,0,2,1,0,0,0,0.0,0.0,0,1,0,0,3,3,0
E0004274,TC0004274,P003897,2026-02-01,DEVELOPMENT,0.0,18,19.9,15,14.0,1,0,1,2,1,0,0,0,0.0,0.0,0,1,0,0,2,6,1
E0004275,TC0004275,P003898,2026-01-22,DEVELOPMENT,0.0,52,15.5,13,21.0,1,1,0,2,1,0,0,0,0.0,0.0,1,1,0,0,1,3,0
E0004276,TC0004276,P003898,2026-01-29,DEVELOPMENT,1.0,52,33.3,13,14.0,0,0,1,1,0,1,1,7,0.14285714285714285,2.0,0,1,0,0,1,3,0
E0004277,TC0004277,P001172,2026-08-09,EVALUATION,,41,18.0,13,7.0,1,1,1,3,1,1,1,189,0.005291005291005291,2.0,0,1,0,0,8,6,1
E0004278,TC0004278,P003902,2026-06-01,DEVELOPMENT,0.0,72,7.6,13,21.0,1,0,0,1,0,0,0,0,0.0,0.0,0,0,0,0,6,0,0
E0004279,TC0004279,P003903,2026-02-08,DEVELOPMENT,1.0,55,35.5,13,30.0,1,1,1,3,1,0,0,0,0.0,0.0,0,1,0,0,2,6,1
E0004280,TC0004280,P003904,2026-05-31,DEVELOPMENT,1.0,19,26.6,8,21.0,1,0,0,1,0,0,0,0,0.0,0.0,0,1,0,0,5,6,1
E0004281,TC0004281,P003904,2026-07-10,EVALUATION,,19,26.6,22,14.0,1,1,1,3,1,1,1,40,0.025,1.0,1,1,0,0,7,4,0
E0004282,TC0004282,P003905,2026-07-25,EVALUATION,,44,12.8,8,14.0,1,1,1,3,1,0,0,0,0.0,0.0,0,1,1,0,7,5,1
E0004283,TC0004283,P003907,2026-01-04,DEVELOPMENT,0.0,31,23.7,21,21.0,0,1,1,2,1,0,0,0,0.0,0.0,0,1,0,0,1,6,1
E0004284,TC0004284,P003908,2026-03-29,DEVELOPMENT,1.0,36,19.9,9,14.0,0,0,1,1,0,0,0,0,0.0,0.0,0,1,0,1,3,6,1
E0004285,TC0004285,P003908,2026-05-09,DEVELOPMENT,0.0,36,11.4,22,21.0,1,0,0,1,0,1,1,41,0.024390243902439025,1.0,0,1,0,1,5,5,1
E0004286,TC0004286,P003909,2026-05-14,DEVELOPMENT,1.0,33,2.6,20,21.0,1,0,1,2,1,0,0,0,0.0,0.0,0,0,0,0,5,3,0
E0004287,TC0004287,P003909,2026-06-15,DEVELOPMENT,1.0,33,5.6,19,14.0,0,1,1,2,1,1,1,32,0.03125,2.0,0,0,0,0,6,0,0
E0004288,TC0004288,P003909,2026-08-15,EVALUATION,,33,5.6,16,30.0,0,0,1,1,0,2,1,93,0.021505376344086023,4.0,1,0,0,0,8,5,1
E0004289,TC0004289,P003910,2026-04-30,DEVELOPMENT,0.0,62,7.3,12,21.0,1,0,0,1,0,0,0,0,0.0,0.0,1,0,0,0,4,3,0
E0004290,TC0004290,P003910,2026-06-17,DEVELOPMENT,1.0,62,6.5,14,30.0,1,1,1,3,1,1,1,48,0.020833333333333332,1.0,1,0,0,0,6,2,0
E0004291,TC0004291,P003911,2026-06-16,DEVELOPMENT,0.0,71,9.7,9,14.0,1,0,1,2,1,0,0,0,0.0,0.0,1,0,0,0,6,1,0
E0004292,TC0004292,P003912,2026-05-28,DEVELOPMENT,0.0,32,7.4,21,30.0,1,0,1,2,1,0,0,0,0.0,0.0,0,0,0,0,5,3,0
E0004293,TC0004293,P003912,2026-07-25,EVALUATION,,32,7.4,15,30.0,1,1,1,3,1,1,1,58,0.017241379310344827,2.0,1,0,0,0,7,5,1
E0004294,TC0004294,P003914,2026-08-10,EVALUATION,,44,8.7,16,14.0,1,0,1,2,1,0,0,0,0.0,0.0,0,0,0,0,8,0,0
E0004295,TC0004295,P003915,2026-05-13,DEVELOPMENT,1.0,55,10.4,19,21.0,1,1,1,3,1,0,0,0,0.0,0.0,0,1,0,0,5,2,0
E0004296,TC0004296,P003915,2026-07-21,EVALUATION,,55,10.8,13,21.0,0,0,1,1,0,1,1,69,0.014492753623188406,3.0,0,1,0,0,7,1,0
E0004297,TC0004297,P003916,2026-07-03,EVALUATION,,47,36.3,24,21.0,1,1,0,2,1,0,0,0,0.0,0.0,0,1,1,0,7,4,0
E0004298,TC0004298,P003917,2026-08-11,EVALUATION,,59,29.6,18,21.0,1,0,0,1,0,0,0,0,0.0,0.0,1,1,0,0,8,1,0
E0004299,TC0004299,P003918,2026-03-06,DEVELOPMENT,1.0,37,9.4,24,21.0,1,1,0,2,1,0,0,0,0.0,0.0,0,0,0,0,3,4,0
E0004300,TC0004300,P003656,2026-08-02,EVALUATION,,48,14.1,16,21.0,1,0,1,2,1,1,1,12,0.08333333333333333,3.0,1,1,0,0,8,6,1
E0004301,TC0004301,P003919,2026-07-13,EVALUATION,,32,7.6,20,7.0,0,0,1,1,0,0,0,0,0.0,0.0,1,0,0,0,7,0,0
E0004302,TC0004302,P003920,2026-06-10,DEVELOPMENT,0.0,54,22.9,13,30.0,1,0,1,2,1,0,0,0,0.0,0.0,1,1,0,0,6,2,0
E0004303,TC0004303,P003921,2026-01-30,DEVELOPMENT,1.0,88,23.7,18,21.0,1,1,0,2,1,0,0,0,0.0,0.0,0,1,1,0,1,4,0
E0004304,TC0004304,P003921,2026-07-05,EVALUATION,,88,14.1,15,14.0,1,0,1,2,1,1,1,156,0.00641025641025641,2.0,0,1,1,0,7,6,1
E0004305,TC0004305,P003922,2026-07-15,EVALUATION,,63,35.0,22,21.0,1,0,0,1,0,0,0,0,0.0,0.0,1,1,0,0,7,2,0
E0004306,TC0004306,P003924,2026-05-31,DEVELOPMENT,1.0,34,12.8,8,21.0,1,1,0,2,1,0,0,0,0.0,0.0,0,1,0,1,5,6,1
E0004307,TC0004307,P003925,2026-06-14,DEVELOPMENT,0.0,64,4.2,24,30.0,1,0,1,2,1,0,0,0,0.0,0.0,0,0,1,0,6,6,1
E0004308,TC0004308,P003926,2026-05-24,DEVELOPMENT,1.0,60,20.3,17,7.0,1,1,1,3,1,0,0,0,0.0,0.0,0,1,0,0,5,6,1
E0004309,TC0004309,P003926,2026-08-15,EVALUATION,,60,11.9,14,30.0,1,1,1,3,1,1,1,83,0.012048192771084338,3.0,1,1,0,0,8,5,1
E0004310,TC0004310,P003927,2026-05-22,DEVELOPMENT,0.0,45,11.9,21,21.0,0,0,0,0,0,0,0,0,0.0,0.0,0,1,0,0,5,4,0
E0004311,TC0004311,P003928,2026-06-27,DEVELOPMENT,0.0,46,18.7,20,7.0,0,1,1,2,1,0,0,0,0.0,0.0,0,1,0,0,6,5,1
E0004312,TC0004312,P003929,2026-02-26,DEVELOPMENT,0.0,79,33.3,19,21.0,0,0,1,1,0,0,0,0,0.0,0.0,0,1,0,0,2,3,0
E0004313,TC0004313,P003930,2026-08-03,EVALUATION,,44,26.6,15,7.0,1,1,1,3,1,0,0,0,0.0,0.0,1,1,1,0,8,0,0
E0004314,TC0004314,P000085,2026-06-05,DEVELOPMENT,0.0,65,13.9,19,21.0,0,0,0,0,0,1,1,29,0.034482758620689655,3.0,0,1,1,0,6,4,0
E0004315,TC0004315,P000085,2026-07-22,EVALUATION,,65,7.4,17,21.0,1,0,0,1,0,2,1,76,0.02631578947368421,3.0,0,0,1,0,7,2,0
E0004316,TC0004316,P003932,2026-05-01,DEVELOPMENT,1.0,67,25.8,7,21.0,1,1,1,3,1,0,0,0,0.0,0.0,0,1,0,0,5,4,0
E0004317,TC0004317,P003933,2026-06-07,DEVELOPMENT,0.0,26,36.3,7,7.0,0,0,1,1,0,0,0,0,0.0,0.0,0,1,0,0,6,6,1
E0004318,TC0004318,P003934,2026-06-18,DEVELOPMENT,0.0,61,29.9,22,21.0,0,0,0,0,0,0,0,0,0.0,0.0,0,1,0,0,6,3,0
E0004319,TC0004319,P003468,2026-07-27,EVALUATION,,52,29.9,19,21.0,0,0,0,0,0,1,1,44,0.022727272727272728,2.0,0,1,0,0,7,0,0
E0004320,TC0004320,P001199,2026-01-12,DEVELOPMENT,1.0,43,35.0,11,21.0,1,0,0,1,0,0,0,0,0.0,2.0,0,1,0,0,1,0,0
E0004321,TC0004321,P003936,2026-08-15,EVALUATION,,49,9.7,23,21.0,1,0,0,1,0,0,0,0,0.0,0.0,1,0,0,0,8,5,1
E0004322,TC0004322,P003937,2026-02-15,DEVELOPMENT,0.0,18,22.1,18,21.0,1,0,0,1,0,0,0,0,0.0,0.0,0,1,0,1,2,6,1
E0004323,TC0004323,P003938,2026-01-27,DEVELOPMENT,1.0,57,11.9,18,14.0,1,0,1,2,1,0,0,0,0.0,0.0,1,1,0,0,1,1,0
E0004324,TC0004324,P003938,2026-04-23,DEVELOPMENT,0.0,57,11.9,17,30.0,1,0,1,2,1,1,1,86,0.011627906976744186,2.0,0,1,0,0,4,3,0
E0004325,TC0004325,P003939,2026-05-20,DEVELOPMENT,1.0,70,9.4,22,21.0,1,0,1,2,1,0,0,0,0.0,0.0,1,0,0,0,5,2,0
E0004326,TC0004326,P003939,2026-06-15,DEVELOPMENT,1.0,70,23.7,14,7.0,1,0,1,2,1,1,1,26,0.038461538461538464,2.0,0,1,0,0,6,0,0
E0004327,TC0004327,P003940,2026-03-13,DEVELOPMENT,0.0,45,18.4,23,14.0,0,1,1,2,1,0,0,0,0.0,0.0,1,1,0,0,3,4,0
E0004328,TC0004328,P003940,2026-05-18,DEVELOPMENT,1.0,45,18.7,19,7.0,1,0,1,2,1,1,1,66,0.015151515151515152,2.0,0,1,0,0,5,0,0
E0004329,TC0004329,P003940,2026-06-21,DEVELOPMENT,0.0,45,18.4,15,21.0,1,1,0,2,1,2,1,100,0.02,4.0,1,1,0,0,6,6,1
E0004330,TC0004330,P002398,2026-02-11,DEVELOPMENT,0.0,47,12.6,23,30.0,0,0,1,1,0,0,0,0,0.0,2.0,0,1,1,0,2,2,0
E0004331,TC0004331,P002398,2026-07-02,EVALUATION,,47,12.6,13,21.0,0,0,0,0,0,2,1,141,0.014184397163120567,3.0,0,1,1,0,7,3,0
E0004332,TC0004332,P000157,2026-06-19,DEVELOPMENT,1.0,65,36.5,7,7.0,1,0,1,2,1,1,1,25,0.04,2.0,0,1,0,0,6,4,0
E0004333,TC0004333,P003943,2026-05-14,DEVELOPMENT,1.0,64,7.4,22,21.0,1,0,1,2,1,0,0,0,0.0,0.0,0,0,0,1,5,3,0
E0004334,TC0004334,P003944,2026-05-13,DEVELOPMENT,0.0,32,7.0,9,21.0,1,0,0,1,0,0,0,0,0.0,0.0,1,0,0,0,5,2,0
E0004335,TC0004335,P003945,2026-05-13,DEVELOPMENT,0.0,48,1.4,16,21.0,0,0,0,0,0,0,0,0,0.0,0.0,1,0,0,0,5,2,0
E0004336,TC0004336,P003946,2026-02-05,DEVELOPMENT,1.0,46,2.6,21,21.0,1,1,0,2,1,0,0,0,0.0,0.0,0,0,0,0,2,3,0
E0004337,TC0004337,P003947,2026-01-05,DEVELOPMENT,0.0,71,16.2,20,30.0,0,0,1,1,0,0,0,0,0.0,0.0,1,1,0,0,1,0,0
E0004338,TC0004338,P003948,2026-06-22,DEVELOPMENT,0.0,40,20.3,9,21.0,0,0,1,1,0,0,0,0,0.0,0.0,0,1,1,0,6,0,0
E0004339,TC0004339,P003948,2026-07-19,EVALUATION,,40,27.8,20,21.0,0,1,0,1,0,1,1,27,0.037037037037037035,1.0,0,1,1,0,7,6,1
E0004340,TC0004340,P003949,2026-07-25,EVALUATION,,34,29.6,12,7.0,0,0,1,1,0,0,0,0,0.0,0.0,1,1,0,0,7,5,1
E0004341,TC0004341,P002644,2026-07-08,EVALUATION,,51,19.9,12,14.0,0,1,1,2,1,1,1,25,0.04,3.0,0,1,0,0,7,2,0
E0004342,TC0004342,P003951,2026-07-17,EVALUATION,,56,7.3,22,14.0,1,1,1,3,1,0,0,0,0.0,0.0,1,0,0,0,7,4,0
E0004343,TC0004343,P000856,2026-02-18,DEVELOPMENT,0.0,80,26.2,8,7.0,1,1,1,3,1,0,0,0,0.0,1.0,0,1,0,0,2,2,0
E0004344,TC0004344,P003954,2026-05-17,DEVELOPMENT,0.0,80,35.4,13,21.0,0,0,0,0,0,0,0,0,0.0,0.0,0,1,0,0,5,6,1
E0004345,TC0004345,P003954,2026-06-16,DEVELOPMENT,1.0,80,26.4,15,30.0,1,0,1,2,1,1,1,30,0.03333333333333333,0.0,0,1,0,0,6,1,0
E0004346,TC0004346,P003955,2026-05-10,DEVELOPMENT,0.0,50,4.2,9,21.0,0,1,0,1,0,0,0,0,0.0,0.0,0,0,0,0,5,6,1
E0004347,TC0004347,P003955,2026-06-12,DEVELOPMENT,1.0,50,12.6,12,21.0,1,1,1,3,1,1,1,33,0.030303030303030304,1.0,0,1,0,0,6,4,0
E0004348,TC0004348,P003955,2026-07-11,EVALUATION,,50,17.9,10,21.0,0,0,1,1,0,2,1,62,0.03225806451612903,4.0,0,1,0,0,7,5,1
E0004349,TC0004349,P003956,2026-07-21,EVALUATION,,37,5.1,17,30.0,1,0,1,2,1,0,0,0,0.0,0.0,1,0,0,0,7,1,0
E0004350,TC0004350,P003957,2026-01-15,DEVELOPMENT,1.0,63,19.5,23,21.0,1,1,1,3,1,0,0,0,0.0,0.0,1,1,0,0,1,3,0
E0004351,TC0004351,P000151,2026-03-07,DEVELOPMENT,0.0,18,22.9,18,14.0,1,0,1,2,1,0,0,0,0.0,2.0,1,1,0,0,3,5,1
E0004352,TC0004352,P003959,2026-03-14,DEVELOPMENT,0.0,28,28.3,11,21.0,0,0,0,0,0,0,0,0,0.0,0.0,0,1,0,1,3,5,1
E0004353,TC0004353,P003959,2026-04-13,DEVELOPMENT,1.0,28,25.3,19,21.0,1,0,0,1,0,1,1,30,0.03333333333333333,0.0,0,1,0,1,4,0,0
E0004354,TC0004354,P003961,2026-06-14,DEVELOPMENT,0.0,46,26.6,17,30.0,1,0,1,2,1,0,0,0,0.0,0.0,0,1,0,0,6,6,1
E0004355,TC0004355,P003962,2026-07-25,EVALUATION,,40,19.9,9,30.0,0,0,1,1,0,0,0,0,0.0,0.0,1,1,0,0,7,5,1
E0004356,TC0004356,P003963,2026-02-16,DEVELOPMENT,0.0,39,12.8,23,21.0,0,0,1,1,0,0,0,0,0.0,0.0,1,1,0,0,2,0,0
E0004357,TC0004357,P003963,2026-03-27,DEVELOPMENT,0.0,39,12.8,13,21.0,1,0,0,1,0,1,1,39,0.02564102564102564,1.0,1,1,0,0,3,4,0
E0004358,TC0004358,P003964,2026-06-06,DEVELOPMENT,0.0,43,20.6,8,21.0,0,0,0,0,0,1,1,51,0.0196078431372549,0.0,0,1,1,0,6,5,1
E0004359,TC0004359,P003964,2026-06-27,DEVELOPMENT,1.0,43,20.6,15,30.0,0,1,1,2,1,2,1,72,0.027777777777777776,0.0,1,1,1,0,6,5,1
E0004360,TC0004360,P003965,2026-03-29,DEVELOPMENT,0.0,75,20.6,11,7.0,1,0,1,2,1,0,0,0,0.0,0.0,1,1,0,0,3,6,1
E0004361,TC0004361,P003965,2026-04-17,DEVELOPMENT,0.0,75,20.6,22,21.0,1,0,0,1,0,1,1,19,0.05263157894736842,2.0,1,1,0,0,4,4,0
E0004362,TC0004362,P003966,2026-02-06,DEVELOPMENT,0.0,64,20.6,20,21.0,0,0,0,0,0,0,0,0,0.0,0.0,1,1,1,0,2,4,0
E0004363,TC0004363,P001385,2026-03-09,DEVELOPMENT,1.0,71,22.9,17,21.0,1,0,0,1,0,0,0,0,0.0,0.0,1,1,0,0,3,0,0
E0004364,TC0004364,P003968,2026-04-20,DEVELOPMENT,1.0,49,29.2,12,30.0,1,1,1,3,1,0,0,0,0.0,0.0,0,1,0,0,4,0,0
E0004365,TC0004365,P003969,2026-06-12,DEVELOPMENT,0.0,59,11.5,12,21.0,1,0,0,1,0,0,0,0,0.0,0.0,0,1,0,0,6,4,0
E0004366,TC0004366,P002369,2026-07-25,EVALUATION,,68,29.4,15,21.0,1,1,1,3,1,1,1,141,0.0070921985815602835,2.0,0,1,0,0,7,5,1
E0004367,TC0004367,P003971,2026-06-08,DEVELOPMENT,1.0,66,23.1,20,7.0,1,0,1,2,1,0,0,0,0.0,0.0,0,1,0,0,6,0,0
E0004368,TC0004368,P003972,2026-04-24,DEVELOPMENT,1.0,41,25.7,15,21.0,1,1,0,2,1,0,0,0,0.0,0.0,1,1,0,0,4,4,0
E0004369,TC0004369,P003972,2026-05-31,DEVELOPMENT,0.0,41,20.0,13,21.0,0,1,1,2,1,1,1,37,0.02702702702702703,2.0,0,1,0,0,5,6,1
E0004370,TC0004370,P003973,2026-06-02,DEVELOPMENT,0.0,26,10.8,11,30.0,0,1,1,2,1,0,0,0,0.0,0.0,0,1,0,0,6,1,0
E0004371,TC0004371,P002184,2026-06-07,DEVELOPMENT,0.0,51,33.3,18,21.0,1,0,0,1,0,1,1,36,0.027777777777777776,0.0,0,1,0,0,6,6,1
E0004372,TC0004372,P003975,2026-05-31,DEVELOPMENT,0.0,56,20.6,8,21.0,0,1,1,2,1,0,0,0,0.0,0.0,0,1,1,0,5,6,1
E0004373,TC0004373,P003976,2026-03-11,DEVELOPMENT,0.0,35,11.9,22,14.0,0,0,1,1,0,0,0,0,0.0,0.0,0,1,0,0,3,2,0
E0004374,TC0004374,P003977,2026-07-08,EVALUATION,,29,35.5,10,14.0,0,0,1,1,0,0,0,0,0.0,0.0,1,1,0,0,7,2,0
E0004375,TC0004375,P003978,2026-07-31,EVALUATION,,53,17.9,12,21.0,1,1,0,2,1,1,1,94,0.010638297872340425,0.0,0,1,0,0,7,4,0
E0004376,TC0004376,P003979,2026-04-22,DEVELOPMENT,0.0,54,1.4,9,21.0,1,0,0,1,0,0,0,0,0.0,0.0,1,0,0,0,4,2,0
E0004377,TC0004377,P003979,2026-05-21,DEVELOPMENT,0.0,54,10.8,22,21.0,1,1,0,2,1,1,1,29,0.034482758620689655,1.0,0,1,0,0,5,3,0
E0004378,TC0004378,P003980,2026-07-25,EVALUATION,,73,13.0,16,21.0,1,1,1,3,1,0,0,0,0.0,0.0,1,1,1,0,7,5,1
E0004379,TC0004379,P003981,2026-01-20,DEVELOPMENT,0.0,18,12.8,16,30.0,0,0,1,1,0,0,0,0,0.0,0.0,1,1,0,0,1,1,0
E0004380,TC0004380,P003981,2026-03-05,DEVELOPMENT,1.0,18,12.8,18,7.0,1,0,1,2,1,1,1,44,0.022727272727272728,1.0,1,1,0,0,3,3,0
E0004381,TC0004381,P003984,2026-04-05,DEVELOPMENT,1.0,29,26.6,15,7.0,0,0,1,1,0,0,0,0,0.0,0.0,0,1,0,0,4,6,1
E0004382,TC0004382,P003985,2026-01-09,DEVELOPMENT,0.0,33,27.6,15,7.0,1,0,1,2,1,0,0,0,0.0,0.0,0,1,0,0,1,4,0
E0004383,TC0004383,P003986,2026-01-01,DEVELOPMENT,1.0,36,36.3,17,14.0,1,0,1,2,1,0,0,0,0.0,0.0,0,1,1,0,1,3,0
E0004384,TC0004384,P003986,2026-05-14,DEVELOPMENT,0.0,36,36.3,23,21.0,1,0,0,1,0,1,1,133,0.007518796992481203,2.0,1,1,1,0,5,3,0
E0004385,TC0004385,P003986,2026-07-06,EVALUATION,,36,25.4,10,30.0,1,0,1,2,1,2,1,186,0.010752688172043012,3.0,0,1,1,0,7,0,0
E0004386,TC0004386,P000865,2026-08-03,EVALUATION,,47,26.4,14,21.0,0,1,1,2,1,1,1,82,0.012195121951219513,1.0,0,1,0,0,8,0,0
E0004387,TC0004387,P003988,2026-05-05,DEVELOPMENT,1.0,45,9.4,9,14.0,1,1,1,3,1,0,0,0,0.0,0.0,0,0,0,0,5,1,0
E0004388,TC0004388,P003989,2026-03-21,DEVELOPMENT,0.0,40,20.0,24,30.0,1,0,1,2,1,0,0,0,0.0,0.0,0,1,0,0,3,5,1
E0004389,TC0004389,P003991,2026-06-30,DEVELOPMENT,1.0,72,26.3,17,21.0,0,1,1,2,1,0,0,0,0.0,0.0,0,1,0,0,6,1,0
E0004390,TC0004390,P003991,2026-07-08,EVALUATION,,72,26.3,16,21.0,1,0,0,1,0,1,1,8,0.125,2.0,1,1,0,0,7,2,0
E0004391,TC0004391,P003992,2026-06-28,DEVELOPMENT,0.0,62,7.6,24,21.0,1,0,0,1,0,0,0,0,0.0,0.0,1,0,0,0,6,6,1
E0004392,TC0004392,P003993,2026-07-06,EVALUATION,,18,12.8,15,7.0,0,0,1,1,0,0,0,0,0.0,0.0,0,1,0,0,7,0,0
E0004393,TC0004393,P003994,2026-03-22,DEVELOPMENT,0.0,36,1.4,7,21.0,1,0,1,2,1,0,0,0,0.0,0.0,0,0,0,0,3,6,1
E0004394,TC0004394,P003995,2026-02-05,DEVELOPMENT,0.0,55,13.9,23,21.0,1,0,0,1,0,0,0,0,0.0,0.0,0,1,0,1,2,3,0
E0004395,TC0004395,P003997,2026-04-05,DEVELOPMENT,0.0,57,21.0,19,21.0,0,0,1,1,0,0,0,0,0.0,0.0,0,1,0,0,4,6,1
E0004396,TC0004396,P003981,2026-05-28,DEVELOPMENT,0.0,18,29.4,18,30.0,1,0,1,2,1,2,1,128,0.015625,3.0,0,1,0,0,5,3,0
E0004397,TC0004397,P003981,2026-06-23,DEVELOPMENT,0.0,18,29.4,22,21.0,1,1,0,2,1,3,1,154,0.01948051948051948,5.0,0,1,0,0,6,1,0
E0004398,TC0004398,P003847,2026-07-07,EVALUATION,,42,29.9,9,21.0,1,0,0,1,0,0,0,0,0.0,0.0,1,1,0,1,7,1,0
E0004399,TC0004399,P004001,2026-04-02,DEVELOPMENT,0.0,18,21.0,19,21.0,0,0,0,0,0,0,0,0,0.0,0.0,0,1,0,0,4,3,0
E0004400,TC0004400,P004002,2026-07-14,EVALUATION,,46,19.2,8,21.0,1,0,1,2,1,0,0,0,0.0,0.0,0,1,1,0,7,1,0
E0004401,TC0004401,P004003,2026-05-26,DEVELOPMENT,1.0,55,35.4,21,30.0,1,0,1,2,1,1,1,55,0.01818181818181818,2.0,1,1,0,0,5,1,0
E0004402,TC0004402,P004004,2026-02-03,DEVELOPMENT,1.0,35,25.3,13,21.0,1,1,1,3,1,0,0,0,0.0,0.0,1,1,0,0,2,1,0
E0004403,TC0004403,P004005,2026-07-21,EVALUATION,,72,18.7,20,30.0,1,1,1,3,1,0,0,0,0.0,0.0,0,1,0,0,7,1,0
E0004404,TC0004404,P000791,2026-05-02,DEVELOPMENT,0.0,61,7.6,17,14.0,0,1,1,2,1,2,1,58,0.034482758620689655,2.0,0,0,0,0,5,5,1
E0004405,TC0004405,P004008,2026-05-03,DEVELOPMENT,1.0,55,28.3,12,30.0,1,0,1,2,1,0,0,0,0.0,0.0,0,1,0,0,5,6,1
E0004406,TC0004406,P004009,2026-03-11,DEVELOPMENT,1.0,54,18.7,17,21.0,1,0,0,1,0,0,0,0,0.0,0.0,0,1,0,0,3,2,0
E0004407,TC0004407,P004009,2026-04-01,DEVELOPMENT,0.0,54,18.7,9,7.0,1,0,1,2,1,1,1,21,0.047619047619047616,1.0,0,1,0,0,4,2,0
E0004408,TC0004408,P004011,2026-07-05,EVALUATION,,44,18.4,20,21.0,0,1,1,2,1,0,0,0,0.0,0.0,1,1,0,0,7,6,1
E0004409,TC0004409,P004014,2026-01-24,DEVELOPMENT,1.0,52,19.5,15,21.0,1,1,1,3,1,0,0,0,0.0,0.0,1,1,0,0,1,5,1
E0004410,TC0004410,P004015,2026-03-27,DEVELOPMENT,1.0,24,35.5,21,7.0,0,1,1,2,1,0,0,0,0.0,0.0,0,1,0,0,3,4,0
E0004411,TC0004411,P004015,2026-07-02,EVALUATION,,24,35.5,13,7.0,0,0,1,1,0,1,1,97,0.010309278350515464,2.0,0,1,0,0,7,3,0
E0004412,TC0004412,P004015,2026-08-07,EVALUATION,,24,16.2,12,21.0,1,1,0,2,1,2,1,133,0.015037593984962405,3.0,0,1,0,0,8,4,0
E0004413,TC0004413,P004017,2026-01-26,DEVELOPMENT,1.0,34,7.3,11,14.0,1,1,1,3,1,0,0,0,0.0,0.0,0,0,0,0,1,0,0
E0004414,TC0004414,P004018,2026-03-22,DEVELOPMENT,1.0,50,11.9,9,14.0,0,1,1,2,1,0,0,0,0.0,0.0,0,1,0,0,3,6,1
E0004415,TC0004415,P004018,2026-08-15,EVALUATION,,50,27.8,23,7.0,1,1,1,3,1,1,1,146,0.00684931506849315,2.0,0,1,0,0,8,5,1
E0004416,TC0004416,P004019,2026-06-30,DEVELOPMENT,1.0,52,6.5,12,21.0,1,1,0,2,1,0,0,0,0.0,0.0,1,0,0,1,6,1,0
E0004417,TC0004417,P004020,2026-05-31,DEVELOPMENT,0.0,58,9.7,24,7.0,0,1,1,2,1,0,0,0,0.0,0.0,0,0,0,0,5,6,1
E0004418,TC0004418,P004020,2026-06-30,DEVELOPMENT,0.0,58,13.0,13,21.0,1,0,0,1,0,1,1,30,0.03333333333333333,2.0,0,1,0,0,6,1,0
E0004419,TC0004419,P004021,2026-05-21,DEVELOPMENT,1.0,48,4.1,19,21.0,1,1,0,2,1,0,0,0,0.0,0.0,1,0,0,0,5,3,0
E0004420,TC0004420,P004022,2026-05-27,DEVELOPMENT,0.0,56,7.4,18,30.0,1,0,1,2,1,0,0,0,0.0,0.0,1,0,0,0,5,2,0
E0004421,TC0004421,P004023,2026-05-23,DEVELOPMENT,0.0,55,5.6,16,21.0,1,0,0,1,0,0,0,0,0.0,0.0,0,0,0,0,5,5,1
E0004422,TC0004422,P004024,2026-02-01,DEVELOPMENT,1.0,27,22.1,8,30.0,1,0,1,2,1,0,0,0,0.0,0.0,0,1,0,0,2,6,1
E0004423,TC0004423,P003795,2026-02-23,DEVELOPMENT,1.0,37,9.4,9,21.0,0,1,1,2,1,0,0,0,0.0,1.0,0,0,0,0,2,0,0
E0004424,TC0004424,P003795,2026-06-29,DEVELOPMENT,0.0,37,14.1,15,30.0,0,0,1,1,0,1,1,126,0.007936507936507936,3.0,1,1,0,0,6,0,0
E0004425,TC0004425,P003795,2026-07-23,EVALUATION,,37,9.4,8,30.0,1,1,1,3,1,3,1,150,0.02,4.0,0,0,0,0,7,3,0
E0004426,TC0004426,P004026,2026-08-03,EVALUATION,,75,12.8,12,21.0,1,0,0,1,0,0,0,0,0.0,0.0,0,1,0,0,8,0,0
E0004427,TC0004427,P004028,2026-03-19,DEVELOPMENT,0.0,40,25.7,12,21.0,0,0,1,1,0,0,0,0,0.0,0.0,1,1,0,0,3,3,0
E0004428,TC0004428,P004029,2026-05-05,DEVELOPMENT,0.0,44,20.0,24,21.0,1,0,1,2,1,0,0,0,0.0,0.0,0,1,1,0,5,1,0
E0004429,TC0004429,P004030,2026-08-01,EVALUATION,,34,17.9,18,30.0,1,1,1,3,1,0,0,0,0.0,0.0,0,1,0,0,8,5,1
E0004430,TC0004430,P004031,2026-04-20,DEVELOPMENT,1.0,45,35.4,11,21.0,1,0,0,1,0,0,0,0,0.0,0.0,0,1,1,0,4,0,0
E0004431,TC0004431,P004031,2026-05-12,DEVELOPMENT,0.0,45,26.2,19,21.0,1,0,0,1,0,1,1,22,0.045454545454545456,1.0,0,1,1,0,5,1,0
E0004432,TC0004432,P004031,2026-06-22,DEVELOPMENT,1.0,45,26.2,23,21.0,1,1,0,2,1,2,1,63,0.031746031746031744,2.0,0,1,1,0,6,0,0
E0004433,TC0004433,P004032,2026-01-19,DEVELOPMENT,1.0,70,35.5,15,7.0,0,0,1,1,0,0,0,0,0.0,0.0,1,1,1,0,1,0,0
E0004434,TC0004434,P002704,2026-05-02,DEVELOPMENT,1.0,36,36.5,8,14.0,1,0,1,2,1,1,1,4,0.25,1.0,0,1,1,0,5,5,1
E0004435,TC0004435,P004035,2026-06-26,DEVELOPMENT,0.0,60,2.6,22,21.0,1,0,0,1,0,0,0,0,0.0,0.0,0,0,0,0,6,4,0
E0004436,TC0004436,P004036,2026-06-29,DEVELOPMENT,1.0,47,19.2,15,21.0,1,0,1,2,1,0,0,0,0.0,0.0,0,1,0,0,6,0,0
E0004437,TC0004437,P004037,2026-01-18,DEVELOPMENT,1.0,50,16.8,14,21.0,1,1,1,3,1,0,0,0,0.0,0.0,1,1,0,0,1,6,1
E0004438,TC0004438,P004038,2026-01-27,DEVELOPMENT,0.0,51,7.3,23,21.0,1,1,0,2,1,0,0,0,0.0,0.0,0,0,0,0,1,1,0
E0004439,TC0004439,P000210,2026-08-07,EVALUATION,,50,10.8,19,21.0,1,0,0,1,0,1,1,83,0.012048192771084338,1.0,0,1,0,1,8,4,0
E0004440,TC0004440,P004040,2026-01-27,DEVELOPMENT,0.0,68,29.7,16,30.0,0,0,1,1,0,0,0,0,0.0,0.0,1,1,1,0,1,1,0
E0004441,TC0004441,P004043,2026-04-10,DEVELOPMENT,1.0,34,22.2,11,21.0,1,1,0,2,1,0,0,0,0.0,0.0,1,1,0,0,4,4,0
E0004442,TC0004442,P003325,2026-06-13,DEVELOPMENT,0.0,59,9.7,20,21.0,1,0,0,1,0,2,1,84,0.023809523809523808,4.0,0,0,0,0,6,5,1
E0004443,TC0004443,P003325,2026-07-06,EVALUATION,,59,13.0,10,21.0,1,0,0,1,0,3,1,107,0.028037383177570093,5.0,1,1,0,0,7,0,0
E0004444,TC0004444,P004045,2026-02-20,DEVELOPMENT,1.0,53,36.1,15,7.0,1,0,1,2,1,0,0,0,0.0,0.0,0,1,0,0,2,4,0
E0004445,TC0004445,P004046,2026-05-16,DEVELOPMENT,1.0,38,17.3,10,14.0,1,0,1,2,1,0,0,0,0.0,0.0,1,1,1,0,5,5,1
E0004446,TC0004446,P004047,2026-07-07,EVALUATION,,27,2.2,19,14.0,1,0,1,2,1,0,0,0,0.0,0.0,0,0,0,0,7,1,0
E0004447,TC0004447,P004047,2026-08-02,EVALUATION,,27,36.1,22,21.0,0,0,0,0,0,1,1,26,0.038461538461538464,2.0,0,1,0,0,8,6,1
E0004448,TC0004448,P004048,2026-03-30,DEVELOPMENT,1.0,52,7.3,18,14.0,1,1,1,3,1,0,0,0,0.0,0.0,0,0,1,0,3,0,0
E0004449,TC0004449,P004049,2026-07-19,EVALUATION,,23,25.3,20,14.0,1,1,1,3,1,0,0,0,0.0,0.0,1,1,0,0,7,6,1
E0004450,TC0004450,P004050,2026-05-29,DEVELOPMENT,0.0,55,25.7,20,21.0,0,0,0,0,0,0,0,0,0.0,0.0,0,1,0,0,5,4,0
E0004451,TC0004451,P004051,2026-03-22,DEVELOPMENT,0.0,54,18.7,20,14.0,1,1,1,3,1,0,0,0,0.0,0.0,0,1,0,1,3,6,1
E0004452,TC0004452,P004052,2026-01-20,DEVELOPMENT,1.0,29,12.8,12,30.0,1,0,1,2,1,0,0,0,0.0,0.0,0,1,0,0,1,1,0
E0004453,TC0004453,P004053,2026-02-18,DEVELOPMENT,0.0,71,26.4,15,7.0,0,0,1,1,0,0,0,0,0.0,0.0,0,1,0,0,2,2,0
E0004454,TC0004454,P004053,2026-05-27,DEVELOPMENT,0.0,71,26.4,9,21.0,1,0,0,1,0,1,1,98,0.01020408163265306,1.0,0,1,0,0,5,2,0
E0004455,TC0004455,P004055,2026-05-30,DEVELOPMENT,1.0,80,26.6,16,14.0,1,0,1,2,1,0,0,0,0.0,0.0,0,1,0,0,5,5,1
E0004456,TC0004456,P004057,2026-06-05,DEVELOPMENT,1.0,65,22.8,17,14.0,1,1,1,3,1,0,0,0,0.0,0.0,1,1,0,0,6,4,0
E0004457,TC0004457,P004058,2026-07-31,EVALUATION,,32,16.9,23,7.0,1,0,1,2,1,0,0,0,0.0,0.0,0,1,0,0,7,4,0
E0004458,TC0004458,P004059,2026-04-02,DEVELOPMENT,1.0,55,36.5,15,7.0,1,1,1,3,1,0,0,0,0.0,0.0,0,1,0,0,4,3,0
E0004459,TC0004459,P004060,2026-06-25,DEVELOPMENT,1.0,43,7.6,23,21.0,0,1,1,2,1,0,0,0,0.0,0.0,0,0,0,0,6,3,0
E0004460,TC0004460,P004060,2026-07-15,EVALUATION,,43,7.6,12,30.0,1,0,1,2,1,1,1,20,0.05,2.0,1,0,0,0,7,2,0
E0004461,TC0004461,P004061,2026-01-29,DEVELOPMENT,0.0,52,21.1,15,7.0,1,0,1,2,1,0,0,0,0.0,0.0,1,1,0,0,1,3,0
E0004462,TC0004462,P004062,2026-02-06,DEVELOPMENT,0.0,26,9.7,11,14.0,1,0,1,2,1,0,0,0,0.0,0.0,0,0,1,0,2,4,0
E0004463,TC0004463,P004062,2026-07-25,EVALUATION,,26,9.7,21,21.0,1,0,1,2,1,1,1,169,0.005917159763313609,2.0,1,0,1,0,7,5,1
E0004464,TC0004464,P004063,2026-01-15,DEVELOPMENT,1.0,45,15.5,24,14.0,1,0,1,2,1,0,0,0,0.0,0.0,1,1,0,0,1,3,0
E0004465,TC0004465,P004064,2026-06-26,DEVELOPMENT,1.0,18,25.8,22,21.0,1,0,0,1,0,0,0,0,0.0,0.0,1,1,0,0,6,4,0
E0004466,TC0004466,P002777,2026-07-05,EVALUATION,,60,15.7,22,21.0,1,0,0,1,0,0,0,0,0.0,2.0,0,1,0,0,7,6,1
E0004467,TC0004467,P004066,2026-07-30,EVALUATION,,58,22.3,14,21.0,0,1,1,2,1,0,0,0,0.0,0.0,0,1,0,0,7,3,0
E0004468,TC0004468,P004067,2026-06-20,DEVELOPMENT,0.0,62,12.6,8,21.0,1,0,0,1,0,0,0,0,0.0,0.0,1,1,0,1,6,5,1
E0004469,TC0004469,P004067,2026-08-03,EVALUATION,,62,12.6,7,21.0,1,0,1,2,1,1,1,44,0.022727272727272728,1.0,0,1,0,1,8,0,0
E0004470,TC0004470,P001273,2026-05-03,DEVELOPMENT,1.0,61,36.5,20,21.0,1,0,1,2,1,1,1,12,0.08333333333333333,3.0,0,1,0,0,5,6,1
E0004471,TC0004471,P004069,2026-07-19,EVALUATION,,48,20.6,16,21.0,0,1,1,2,1,0,0,0,0.0,0.0,0,1,0,0,7,6,1
E0004472,TC0004472,P004070,2026-02-11,DEVELOPMENT,1.0,47,25.4,13,21.0,1,1,0,2,1,0,0,0,0.0,2.0,0,1,0,0,2,2,0
E0004473,TC0004473,P004070,2026-03-17,DEVELOPMENT,0.0,47,8.3,8,21.0,0,0,0,0,0,1,1,34,0.029411764705882353,4.0,1,0,0,0,3,1,0
E0004474,TC0004474,P004071,2026-01-01,DEVELOPMENT,1.0,54,14.1,23,21.0,1,0,0,1,0,0,0,0,0.0,0.0,1,1,0,0,1,3,0
E0004475,TC0004475,P004072,2026-04-21,DEVELOPMENT,1.0,74,19.2,9,21.0,1,0,1,2,1,0,0,0,0.0,0.0,0,1,0,0,4,1,0
E0004476,TC0004476,P004072,2026-08-11,EVALUATION,,74,19.7,11,30.0,1,0,1,2,1,1,1,112,0.008928571428571428,2.0,1,1,0,0,8,1,0
E0004477,TC0004477,P004073,2026-05-23,DEVELOPMENT,1.0,53,11.4,12,21.0,1,1,0,2,1,0,0,0,0.0,0.0,0,1,1,0,5,5,1
E0004478,TC0004478,P004074,2026-02-11,DEVELOPMENT,1.0,18,13.0,12,30.0,1,1,1,3,1,0,0,0,0.0,0.0,0,1,0,0,2,2,0
E0004479,TC0004479,P004074,2026-03-18,DEVELOPMENT,0.0,18,13.0,18,21.0,1,0,0,1,0,1,1,35,0.02857142857142857,3.0,0,1,0,0,3,2,0
E0004480,TC0004480,P004076,2026-04-23,DEVELOPMENT,0.0,48,36.3,16,21.0,1,1,1,3,1,0,0,0,0.0,0.0,0,1,0,0,4,3,0
E0004481,TC0004481,P004077,2026-02-12,DEVELOPMENT,0.0,85,23.1,16,21.0,1,0,0,1,0,0,0,0,0.0,0.0,0,1,0,1,2,3,0
E0004482,TC0004482,P002989,2026-02-25,DEVELOPMENT,0.0,56,29.9,24,21.0,1,0,0,1,0,0,0,0,0.0,3.0,1,1,0,0,2,2,0
E0004483,TC0004483,P004079,2026-03-08,DEVELOPMENT,1.0,21,27.9,23,21.0,1,0,0,1,0,0,0,0,0.0,0.0,1,1,0,0,3,6,1
E0004484,TC0004484,P004080,2026-05-09,DEVELOPMENT,0.0,37,15.7,23,21.0,1,1,1,3,1,0,0,0,0.0,0.0,0,1,0,0,5,5,1
E0004485,TC0004485,P004082,2026-02-13,DEVELOPMENT,1.0,54,26.3,11,7.0,1,0,1,2,1,0,0,0,0.0,0.0,0,1,1,0,2,4,0
E0004486,TC0004486,P004083,2026-01-15,DEVELOPMENT,0.0,73,18.7,10,21.0,1,1,0,2,1,0,0,0,0.0,0.0,0,1,0,0,1,3,0
E0004487,TC0004487,P004083,2026-04-07,DEVELOPMENT,1.0,73,18.4,24,21.0,1,1,1,3,1,1,1,82,0.012195121951219513,2.0,0,1,0,0,4,1,0
E0004488,TC0004488,P004083,2026-08-12,EVALUATION,,73,18.7,14,7.0,1,1,1,3,1,2,1,209,0.009569377990430622,5.0,1,1,0,0,8,2,0
E0004489,TC0004489,P004085,2026-02-09,DEVELOPMENT,0.0,63,20.2,12,14.0,1,0,1,2,1,0,0,0,0.0,0.0,0,1,1,0,2,0,0
E0004490,TC0004490,P002536,2026-05-25,DEVELOPMENT,0.0,61,1.4,18,21.0,1,0,1,2,1,1,1,104,0.009615384615384616,2.0,0,0,0,0,5,0,0
E0004491,TC0004491,P004087,2026-02-24,DEVELOPMENT,0.0,55,5.1,21,21.0,1,1,1,3,1,0,0,0,0.0,0.0,0,0,0,0,2,1,0
E0004492,TC0004492,P004087,2026-05-25,DEVELOPMENT,1.0,55,11.4,21,21.0,1,1,1,3,1,1,1,90,0.011111111111111112,3.0,0,1,0,0,5,0,0
E0004493,TC0004493,P003483,2026-03-01,DEVELOPMENT,0.0,65,33.3,15,7.0,1,0,1,2,1,0,0,0,0.0,0.0,1,1,0,0,3,6,1
E0004494,TC0004494,P003483,2026-07-12,EVALUATION,,65,33.3,8,21.0,1,0,0,1,0,1,1,133,0.007518796992481203,2.0,1,1,0,0,7,6,1
E0004495,TC0004495,P004089,2026-04-06,DEVELOPMENT,1.0,29,11.5,11,30.0,1,1,1,3,1,0,0,0,0.0,0.0,1,1,0,0,4,0,0
E0004496,TC0004496,P004092,2026-03-06,DEVELOPMENT,0.0,67,6.6,10,21.0,1,1,0,2,1,0,0,0,0.0,0.0,1,0,0,0,3,4,0
E0004497,TC0004497,P004093,2026-06-14,DEVELOPMENT,1.0,31,23.7,14,30.0,1,0,1,2,1,0,0,0,0.0,0.0,1,1,0,0,6,6,1
E0004498,TC0004498,P004095,2026-05-03,DEVELOPMENT,1.0,27,26.6,21,14.0,1,0,1,2,1,0,0,0,0.0,0.0,0,1,0,0,5,6,1
E0004499,TC0004499,P004097,2026-03-01,DEVELOPMENT,1.0,65,15.5,23,14.0,1,1,1,3,1,1,1,24,0.041666666666666664,0.0,0,1,0,0,3,6,1
E0004500,TC0004500,P004098,2026-01-01,DEVELOPMENT,0.0,60,20.2,9,7.0,0,1,1,2,1,0,0,0,0.0,0.0,1,1,0,0,1,3,0
E0004501,TC0004501,P004100,2026-06-03,DEVELOPMENT,1.0,31,7.4,7,21.0,1,0,0,1,0,0,0,0,0.0,0.0,0,0,0,0,6,2,0
E0004502,TC0004502,P004101,2026-05-19,DEVELOPMENT,1.0,55,29.4,21,21.0,1,0,0,1,0,0,0,0,0.0,0.0,1,1,0,0,5,1,0
E0004503,TC0004503,P004101,2026-07-03,EVALUATION,,55,25.4,16,7.0,1,0,1,2,1,1,1,45,0.022222222222222223,1.0,0,1,0,0,7,4,0
E0004504,TC0004504,P000295,2026-02-20,DEVELOPMENT,1.0,63,36.3,11,14.0,0,0,1,1,0,0,0,0,0.0,1.0,0,1,0,0,2,4,0
E0004505,TC0004505,P004102,2026-03-19,DEVELOPMENT,1.0,40,25.4,7,30.0,1,0,1,2,1,0,0,0,0.0,0.0,0,1,0,0,3,3,0
E0004506,TC0004506,P004104,2026-02-18,DEVELOPMENT,1.0,78,35.4,10,30.0,1,0,1,2,1,0,0,0,0.0,0.0,0,1,0,1,2,2,0
E0004507,TC0004507,P004105,2026-03-20,DEVELOPMENT,0.0,37,12.8,7,21.0,1,0,1,2,1,0,0,0,0.0,0.0,0,1,0,0,3,4,0
E0004508,TC0004508,P004105,2026-08-02,EVALUATION,,37,17.2,17,14.0,1,0,1,2,1,1,1,135,0.007407407407407408,2.0,0,1,0,0,8,6,1
E0004509,TC0004509,P004106,2026-08-13,EVALUATION,,36,4.2,21,21.0,0,1,0,1,0,0,0,0,0.0,0.0,1,0,0,0,8,3,0
E0004510,TC0004510,P004108,2026-03-06,DEVELOPMENT,0.0,53,22.9,21,21.0,1,0,0,1,0,0,0,0,0.0,0.0,0,1,0,0,3,4,0
E0004511,TC0004511,P004108,2026-04-25,DEVELOPMENT,0.0,53,24.9,14,21.0,1,1,1,3,1,1,1,50,0.02,1.0,0,1,0,0,4,5,1
E0004512,TC0004512,P004109,2026-07-31,EVALUATION,,54,36.5,11,30.0,0,0,1,1,0,0,0,0,0.0,0.0,0,1,0,0,7,4,0
E0004513,TC0004513,P004110,2026-05-21,DEVELOPMENT,1.0,30,13.0,16,21.0,0,1,1,2,1,0,0,0,0.0,0.0,0,1,1,0,5,3,0
E0004514,TC0004514,P004110,2026-07-08,EVALUATION,,30,27.9,24,14.0,1,1,1,3,1,1,1,48,0.020833333333333332,2.0,1,1,1,0,7,2,0
E0004515,TC0004515,P004111,2026-05-23,DEVELOPMENT,0.0,53,3.6,9,14.0,1,0,1,2,1,0,0,0,0.0,0.0,0,0,0,0,5,5,1
E0004516,TC0004516,P004113,2026-05-18,DEVELOPMENT,0.0,65,22.9,15,21.0,0,0,0,0,0,0,0,0,0.0,0.0,1,1,1,0,5,0,0
E0004517,TC0004517,P004113,2026-07-01,EVALUATION,,65,22.9,22,21.0,1,1,0,2,1,1,1,44,0.022727272727272728,0.0,1,1,1,0,7,2,0
E0004518,TC0004518,P004115,2026-04-04,DEVELOPMENT,0.0,38,36.5,23,21.0,1,1,0,2,1,0,0,0,0.0,0.0,1,1,0,0,4,5,1
E0004519,TC0004519,P004116,2026-01-24,DEVELOPMENT,0.0,47,5.6,19,21.0,0,1,0,1,0,0,0,0,0.0,0.0,0,0,0,0,1,5,1
E0004520,TC0004520,P004118,2026-05-02,DEVELOPMENT,1.0,43,27.9,12,14.0,1,0,1,2,1,0,0,0,0.0,0.0,0,1,0,0,5,5,1
E0004521,TC0004521,P000773,2026-08-09,EVALUATION,,45,13.9,23,21.0,1,0,1,2,1,1,1,169,0.005917159763313609,3.0,0,1,1,0,8,6,1
E0004522,TC0004522,P004120,2026-01-28,DEVELOPMENT,1.0,24,25.7,10,14.0,1,0,1,2,1,0,0,0,0.0,0.0,0,1,0,0,1,2,0
E0004523,TC0004523,P004120,2026-01-31,DEVELOPMENT,0.0,24,25.7,15,14.0,0,1,1,2,1,1,1,3,0.3333333333333333,2.0,1,1,0,0,1,5,1
E0004524,TC0004524,P004121,2026-01-21,DEVELOPMENT,0.0,33,15.7,12,21.0,1,0,0,1,0,0,0,0,0.0,0.0,0,1,0,0,1,2,0
E0004525,TC0004525,P004121,2026-02-09,DEVELOPMENT,1.0,33,3.6,11,30.0,1,0,1,2,1,1,1,19,0.05263157894736842,1.0,0,0,0,0,2,0,0
E0004526,TC0004526,P004122,2026-04-18,DEVELOPMENT,1.0,70,7.6,17,30.0,1,0,1,2,1,0,0,0,0.0,0.0,0,0,0,0,4,5,1
E0004527,TC0004527,P004123,2026-01-28,DEVELOPMENT,0.0,61,11.9,19,30.0,1,1,1,3,1,0,0,0,0.0,0.0,0,1,0,1,1,2,0
E0004528,TC0004528,P004124,2026-04-18,DEVELOPMENT,0.0,42,16.2,9,30.0,0,0,1,1,0,0,0,0,0.0,0.0,1,1,0,0,4,5,1
E0004529,TC0004529,P001969,2026-01-23,DEVELOPMENT,1.0,42,26.6,15,14.0,0,0,1,1,0,0,0,0,0.0,1.0,0,1,0,0,1,4,0
E0004530,TC0004530,P001969,2026-06-04,DEVELOPMENT,1.0,42,26.6,15,30.0,1,1,1,3,1,1,1,132,0.007575757575757576,2.0,0,1,0,0,6,3,0
E0004531,TC0004531,P001969,2026-07-13,EVALUATION,,42,27.6,21,21.0,1,0,0,1,0,2,1,171,0.011695906432748537,5.0,1,1,0,0,7,0,0
E0004532,TC0004532,P004127,2026-03-07,DEVELOPMENT,0.0,38,11.9,15,21.0,1,0,1,2,1,0,0,0,0.0,0.0,0,1,0,0,3,5,1
E0004533,TC0004533,P004127,2026-08-09,EVALUATION,,38,20.3,23,14.0,1,0,1,2,1,1,1,155,0.0064516129032258064,2.0,1,1,0,0,8,6,1
E0004534,TC0004534,P004128,2026-05-07,DEVELOPMENT,0.0,33,22.1,19,21.0,1,0,0,1,0,0,0,0,0.0,0.0,1,1,0,0,5,3,0
E0004535,TC0004535,P003619,2026-08-11,EVALUATION,,42,17.2,11,21.0,1,0,1,2,1,1,1,9,0.1111111111111111,2.0,0,1,1,0,8,1,0
E0004536,TC0004536,P004131,2026-05-05,DEVELOPMENT,1.0,69,16.2,15,21.0,1,1,1,3,1,0,0,0,0.0,0.0,1,1,0,0,5,1,0
E0004537,TC0004537,P004131,2026-05-24,DEVELOPMENT,0.0,69,36.5,11,7.0,0,1,1,2,1,1,1,19,0.05263157894736842,3.0,0,1,0,0,5,6,1
E0004538,TC0004538,P004133,2026-07-03,EVALUATION,,38,22.1,17,7.0,1,1,1,3,1,0,0,0,0.0,0.0,0,1,0,0,7,4,0
E0004539,TC0004539,P004134,2026-02-15,DEVELOPMENT,0.0,67,11.9,16,7.0,1,0,1,2,1,0,0,0,0.0,0.0,0,1,0,0,2,6,1
E0004540,TC0004540,P004135,2026-02-12,DEVELOPMENT,0.0,35,27.6,21,7.0,1,0,1,2,1,0,0,0,0.0,0.0,0,1,0,0,2,3,0
E0004541,TC0004541,P004135,2026-08-12,EVALUATION,,35,26.6,22,21.0,0,1,0,1,0,1,1,181,0.0055248618784530384,2.0,0,1,0,0,8,2,0
E0004542,TC0004542,P004136,2026-01-01,DEVELOPMENT,0.0,47,26.2,24,7.0,1,0,1,2,1,0,0,0,0.0,0.0,1,1,0,0,1,3,0
E0004543,TC0004543,P004137,2026-06-26,DEVELOPMENT,1.0,51,25.3,9,7.0,0,0,1,1,0,0,0,0,0.0,0.0,0,1,0,1,6,4,0
E0004544,TC0004544,P004139,2026-08-12,EVALUATION,,31,25.3,24,21.0,1,1,0,2,1,0,0,0,0.0,0.0,1,1,0,0,8,2,0
E0004545,TC0004545,P004140,2026-07-13,EVALUATION,,32,29.2,13,14.0,1,0,1,2,1,0,0,0,0.0,0.0,1,1,0,0,7,0,0
E0004546,TC0004546,P004142,2026-04-08,DEVELOPMENT,0.0,64,5.1,19,21.0,1,1,1,3,1,0,0,0,0.0,0.0,0,0,0,1,4,2,0
E0004547,TC0004547,P004143,2026-06-27,DEVELOPMENT,0.0,41,7.4,22,21.0,0,0,1,1,0,0,0,0,0.0,0.0,0,0,0,0,6,5,1
E0004548,TC0004548,P004144,2026-01-26,DEVELOPMENT,1.0,43,13.0,13,7.0,1,1,1,3,1,0,0,0,0.0,0.0,0,1,0,0,1,0,0
E0004549,TC0004549,P004145,2026-06-19,DEVELOPMENT,0.0,50,11.3,21,21.0,1,0,1,2,1,0,0,0,0.0,0.0,0,1,0,0,6,4,0
E0004550,TC0004550,P004146,2026-04-21,DEVELOPMENT,1.0,50,36.5,21,21.0,1,0,0,1,0,0,0,0,0.0,0.0,0,1,1,0,4,1,0
E0004551,TC0004551,P004146,2026-06-18,DEVELOPMENT,1.0,50,35.5,20,14.0,1,1,1,3,1,1,1,58,0.017241379310344827,1.0,1,1,1,0,6,3,0
E0004552,TC0004552,P004147,2026-07-16,EVALUATION,,55,25.7,15,30.0,1,1,1,3,1,0,0,0,0.0,0.0,0,1,0,0,7,3,0
E0004553,TC0004553,P004148,2026-06-05,DEVELOPMENT,0.0,18,29.2,14,30.0,1,0,1,2,1,0,0,0,0.0,0.0,0,1,1,0,6,4,0
E0004554,TC0004554,P004149,2026-01-09,DEVELOPMENT,1.0,84,27.6,16,14.0,1,0,1,2,1,0,0,0,0.0,0.0,0,1,0,1,1,4,0
E0004555,TC0004555,P004150,2026-03-18,DEVELOPMENT,0.0,68,25.8,9,21.0,0,0,0,0,0,0,0,0,0.0,0.0,0,1,0,0,3,2,0
E0004556,TC0004556,P004151,2026-02-16,DEVELOPMENT,1.0,40,16.2,24,21.0,0,0,1,1,0,0,0,0,0.0,0.0,1,1,0,0,2,0,0
E0004557,TC0004557,P004151,2026-08-05,EVALUATION,,40,36.5,17,7.0,1,1,1,3,1,1,1,170,0.0058823529411764705,1.0,1,1,0,0,8,2,0
E0004558,TC0004558,P002086,2026-03-31,DEVELOPMENT,0.0,50,11.5,24,7.0,1,0,1,2,1,0,0,0,0.0,4.0,0,1,0,0,3,1,0
E0004559,TC0004559,P004153,2026-06-02,DEVELOPMENT,0.0,30,25.3,22,7.0,1,0,1,2,1,0,0,0,0.0,0.0,0,1,0,0,6,1,0
E0004560,TC0004560,P004154,2026-05-22,DEVELOPMENT,0.0,44,18.0,10,7.0,0,1,1,2,1,0,0,0,0.0,0.0,1,1,0,0,5,4,0
E0004561,TC0004561,P004154,2026-07-15,EVALUATION,,44,16.9,14,7.0,0,1,1,2,1,1,1,54,0.018518518518518517,2.0,0,1,0,0,7,2,0
E0004562,TC0004562,P004155,2026-08-08,EVALUATION,,21,13.9,16,21.0,1,0,0,1,0,0,0,0,0.0,0.0,0,1,0,0,8,5,1
E0004563,TC0004563,P004156,2026-01-02,DEVELOPMENT,0.0,83,7.0,10,14.0,0,0,1,1,0,0,0,0,0.0,0.0,1,0,0,0,1,4,0
E0004564,TC0004564,P004157,2026-06-12,DEVELOPMENT,1.0,39,5.1,14,21.0,1,0,1,2,1,0,0,0,0.0,0.0,0,0,0,0,6,4,0
E0004565,TC0004565,P000354,2026-03-27,DEVELOPMENT,1.0,68,3.6,10,14.0,1,1,1,3,1,0,0,0,0.0,6.0,1,0,0,0,3,4,0
E0004566,TC0004566,P000354,2026-05-25,DEVELOPMENT,1.0,68,6.4,16,14.0,1,0,1,2,1,2,1,59,0.03389830508474576,9.0,1,0,0,0,5,0,0
E0004567,TC0004567,P004159,2026-06-22,DEVELOPMENT,0.0,61,26.4,9,21.0,0,0,1,1,0,0,0,0,0.0,0.0,1,1,0,1,6,0,0
E0004568,TC0004568,P004159,2026-07-31,EVALUATION,,61,26.2,15,7.0,0,1,1,2,1,1,1,39,0.02564102564102564,1.0,1,1,0,1,7,4,0
E0004569,TC0004569,P004160,2026-07-15,EVALUATION,,18,25.3,11,30.0,1,1,1,3,1,0,0,0,0.0,0.0,0,1,0,0,7,2,0
E0004570,TC0004570,P004161,2026-02-27,DEVELOPMENT,0.0,59,36.3,18,30.0,0,1,1,2,1,0,0,0,0.0,0.0,0,1,0,0,2,4,0
E0004571,TC0004571,P004162,2026-08-03,EVALUATION,,56,11.9,9,21.0,1,1,0,2,1,1,1,156,0.00641025641025641,0.0,0,1,0,0,8,0,0
E0004572,TC0004572,P004163,2026-07-23,EVALUATION,,39,23.1,23,14.0,1,1,1,3,1,0,0,0,0.0,0.0,0,1,0,0,7,3,0
E0004573,TC0004573,P001151,2026-07-22,EVALUATION,,43,25.4,13,21.0,1,1,0,2,1,0,0,0,0.0,0.0,0,1,0,0,7,2,0
E0004574,TC0004574,P001026,2026-02-21,DEVELOPMENT,0.0,18,25.8,9,30.0,1,1,1,3,1,0,0,0,0.0,1.0,1,1,0,0,2,5,1
E0004575,TC0004575,P004167,2026-07-01,EVALUATION,,65,19.9,13,14.0,1,1,1,3,1,0,0,0,0.0,0.0,0,1,0,1,7,2,0
E0004576,TC0004576,P004168,2026-07-17,EVALUATION,,63,17.9,7,21.0,1,0,0,1,0,0,0,0,0.0,0.0,0,1,0,0,7,4,0
E0004577,TC0004577,P004168,2026-07-18,EVALUATION,,63,4.2,9,7.0,1,0,1,2,1,1,1,1,1.0,1.0,0,0,0,0,7,5,1
E0004578,TC0004578,P004169,2026-04-25,DEVELOPMENT,0.0,73,22.3,13,7.0,0,1,1,2,1,0,0,0,0.0,0.0,0,1,0,0,4,5,1
E0004579,TC0004579,P004169,2026-08-01,EVALUATION,,73,13.2,23,21.0,0,0,0,0,0,1,1,98,0.01020408163265306,2.0,0,1,0,0,8,5,1
E0004580,TC0004580,P004170,2026-07-12,EVALUATION,,18,13.0,7,21.0,1,0,0,1,0,0,0,0,0.0,0.0,0,1,0,1,7,6,1
E0004581,TC0004581,P004171,2026-06-06,DEVELOPMENT,0.0,47,23.1,10,7.0,1,0,1,2,1,0,0,0,0.0,0.0,0,1,0,0,6,5,1
E0004582,TC0004582,P004172,2026-03-04,DEVELOPMENT,0.0,72,6.5,15,21.0,0,0,0,0,0,0,0,0,0.0,0.0,1,0,1,0,3,2,0
E0004583,TC0004583,P004173,2026-07-28,EVALUATION,,44,33.3,9,21.0,1,1,1,3,1,0,0,0,0.0,0.0,0,1,0,0,7,1,0
E0004584,TC0004584,P004174,2026-01-28,DEVELOPMENT,0.0,63,5.6,24,21.0,1,1,0,2,1,0,0,0,0.0,0.0,1,0,0,0,1,2,0
E0004585,TC0004585,P003738,2026-04-05,DEVELOPMENT,0.0,79,25.7,22,7.0,0,0,1,1,0,0,0,0,0.0,6.0,1,1,0,0,4,6,1
E0004586,TC0004586,P004176,2026-02-11,DEVELOPMENT,1.0,68,13.9,21,7.0,1,0,1,2,1,0,0,0,0.0,0.0,0,1,0,0,2,2,0
E0004587,TC0004587,P004176,2026-05-16,DEVELOPMENT,1.0,68,8.7,23,21.0,1,0,1,2,1,1,1,94,0.010638297872340425,2.0,0,0,0,0,5,5,1
E0004588,TC0004588,P004177,2026-04-05,DEVELOPMENT,0.0,27,16.2,15,7.0,1,0,1,2,1,0,0,0,0.0,0.0,0,1,0,0,4,6,1
E0004589,TC0004589,P004177,2026-05-27,DEVELOPMENT,1.0,27,35.5,22,21.0,1,0,0,1,0,2,1,52,0.038461538461538464,2.0,1,1,0,0,5,2,0
E0004590,TC0004590,P000126,2026-06-24,DEVELOPMENT,0.0,66,7.3,10,21.0,1,0,0,1,0,2,1,108,0.018518518518518517,4.0,1,0,0,0,6,2,0
E0004591,TC0004591,P004179,2026-04-16,DEVELOPMENT,0.0,29,22.4,19,30.0,0,0,1,1,0,0,0,0,0.0,0.0,0,1,0,1,4,3,0
E0004592,TC0004592,P004180,2026-03-23,DEVELOPMENT,0.0,76,19.6,17,21.0,1,0,0,1,0,0,0,0,0.0,0.0,1,1,0,0,3,0,0
E0004593,TC0004593,P004181,2026-07-14,EVALUATION,,69,36.5,10,30.0,1,0,1,2,1,0,0,0,0.0,0.0,0,1,0,0,7,1,0
E0004594,TC0004594,P004182,2026-06-27,DEVELOPMENT,1.0,35,13.9,9,30.0,1,0,1,2,1,0,0,0,0.0,0.0,1,1,1,0,6,5,1
E0004595,TC0004595,P004184,2026-07-23,EVALUATION,,32,33.3,17,21.0,1,0,0,1,0,0,0,0,0.0,0.0,0,1,0,1,7,3,0
E0004596,TC0004596,P004185,2026-03-02,DEVELOPMENT,0.0,57,12.8,16,21.0,1,0,0,1,0,0,0,0,0.0,0.0,0,1,0,0,3,0,0
E0004597,TC0004597,P004185,2026-03-23,DEVELOPMENT,0.0,57,29.4,12,30.0,1,1,1,3,1,1,1,21,0.047619047619047616,1.0,1,1,0,0,3,0,0
E0004598,TC0004598,P000596,2026-01-06,DEVELOPMENT,1.0,57,18.4,16,21.0,1,1,0,2,1,0,0,0,0.0,1.0,0,1,0,0,1,1,0
E0004599,TC0004599,P004187,2026-06-16,DEVELOPMENT,0.0,68,1.4,8,21.0,1,0,1,2,1,0,0,0,0.0,0.0,0,0,0,0,6,1,0
E0004600,TC0004600,P004187,2026-08-02,EVALUATION,,68,1.4,16,21.0,0,0,1,1,0,1,1,47,0.02127659574468085,2.0,0,0,0,0,8,6,1
E0004601,TC0004601,P000914,2026-07-25,EVALUATION,,79,35.0,16,7.0,1,0,1,2,1,1,1,165,0.006060606060606061,3.0,1,1,0,0,7,5,1
E0004602,TC0004602,P004189,2026-07-21,EVALUATION,,59,19.2,20,21.0,1,0,0,1,0,0,0,0,0.0,0.0,0,1,0,0,7,1,0
E0004603,TC0004603,P004190,2026-05-28,DEVELOPMENT,0.0,63,18.0,20,30.0,0,0,1,1,0,0,0,0,0.0,0.0,1,1,0,0,5,3,0
E0004604,TC0004604,P004191,2026-06-29,DEVELOPMENT,0.0,55,27.6,19,21.0,0,1,0,1,0,0,0,0,0.0,0.0,0,1,0,0,6,0,0
E0004605,TC0004605,P004191,2026-08-11,EVALUATION,,55,26.6,13,30.0,1,0,1,2,1,1,1,43,0.023255813953488372,1.0,0,1,0,0,8,1,0
E0004606,TC0004606,P004192,2026-04-29,DEVELOPMENT,0.0,57,22.3,8,21.0,0,0,0,0,0,0,0,0,0.0,0.0,1,1,0,0,4,2,0
E0004607,TC0004607,P004193,2026-02-11,DEVELOPMENT,0.0,29,4.2,21,30.0,1,1,1,3,1,0,0,0,0.0,0.0,0,0,0,0,2,2,0
E0004608,TC0004608,P004193,2026-06-15,DEVELOPMENT,1.0,29,12.6,23,7.0,1,0,1,2,1,1,1,124,0.008064516129032258,3.0,1,1,0,0,6,0,0
E0004609,TC0004609,P004195,2026-04-03,DEVELOPMENT,0.0,45,6.5,20,21.0,0,1,1,2,1,0,0,0,0.0,0.0,0,0,0,1,4,4,0
E0004610,TC0004610,P004195,2026-05-10,DEVELOPMENT,0.0,45,7.3,15,7.0,1,0,1,2,1,1,1,37,0.02702702702702703,2.0,1,0,0,1,5,6,1
E0004611,TC0004611,P004196,2026-02-18,DEVELOPMENT,1.0,53,22.1,13,7.0,1,0,1,2,1,0,0,0,0.0,0.0,1,1,0,0,2,2,0
E0004612,TC0004612,P004197,2026-05-21,DEVELOPMENT,0.0,36,11.3,23,21.0,1,0,1,2,1,0,0,0,0.0,0.0,0,1,0,0,5,3,0
E0004613,TC0004613,P004198,2026-07-07,EVALUATION,,31,17.3,22,14.0,1,0,1,2,1,0,0,0,0.0,0.0,1,1,0,0,7,1,0
E0004614,TC0004614,P004199,2026-05-28,DEVELOPMENT,0.0,33,7.6,12,21.0,1,1,0,2,1,0,0,0,0.0,0.0,0,0,0,0,5,3,0
E0004615,TC0004615,P004199,2026-06-21,DEVELOPMENT,0.0,33,19.5,18,21.0,1,0,0,1,0,1,1,24,0.041666666666666664,2.0,0,1,0,0,6,6,1
E0004616,TC0004616,P004199,2026-08-14,EVALUATION,,33,7.6,7,14.0,1,0,1,2,1,2,1,78,0.02564102564102564,3.0,0,0,0,0,8,4,0
E0004617,TC0004617,P000686,2026-04-29,DEVELOPMENT,0.0,54,23.7,12,21.0,0,1,1,2,1,0,0,0,0.0,2.0,0,1,0,0,4,2,0
E0004618,TC0004618,P004201,2026-03-12,DEVELOPMENT,0.0,38,7.4,24,21.0,1,0,0,1,0,0,0,0,0.0,0.0,0,0,0,0,3,3,0
E0004619,TC0004619,P004202,2026-04-03,DEVELOPMENT,0.0,42,18.7,24,21.0,0,1,0,1,0,0,0,0,0.0,0.0,0,1,0,0,4,4,0
E0004620,TC0004620,P004202,2026-04-24,DEVELOPMENT,1.0,42,18.7,14,21.0,1,0,1,2,1,1,1,21,0.047619047619047616,1.0,0,1,0,0,4,4,0
E0004621,TC0004621,P004203,2026-01-29,DEVELOPMENT,0.0,40,28.3,9,30.0,1,0,1,2,1,0,0,0,0.0,0.0,1,1,0,0,1,3,0
E0004622,TC0004622,P004203,2026-02-22,DEVELOPMENT,1.0,40,17.3,15,21.0,1,1,0,2,1,1,1,24,0.041666666666666664,2.0,0,1,0,0,2,6,1
E0004623,TC0004623,P004203,2026-02-28,DEVELOPMENT,1.0,40,25.3,21,30.0,0,0,1,1,0,2,1,30,0.06666666666666667,4.0,0,1,0,0,2,5,1
E0004624,TC0004624,P004204,2026-07-14,EVALUATION,,34,23.7,24,30.0,1,0,1,2,1,0,0,0,0.0,0.0,1,1,0,0,7,1,0
E0004625,TC0004625,P002108,2026-05-13,DEVELOPMENT,1.0,39,27.9,10,14.0,1,0,1,2,1,0,0,0,0.0,0.0,1,1,0,0,5,2,0
E0004626,TC0004626,P004206,2026-02-21,DEVELOPMENT,1.0,76,22.3,16,21.0,1,0,0,1,0,0,0,0,0.0,0.0,0,1,0,0,2,5,1
E0004627,TC0004627,P004207,2026-07-30,EVALUATION,,59,35.5,12,30.0,1,0,1,2,1,0,0,0,0.0,0.0,0,1,0,1,7,3,0
E0004628,TC0004628,P004208,2026-02-11,DEVELOPMENT,1.0,42,8.7,15,21.0,1,1,1,3,1,0,0,0,0.0,0.0,1,0,0,0,2,2,0
E0004629,TC0004629,P004208,2026-07-04,EVALUATION,,42,8.7,16,30.0,1,0,1,2,1,1,1,143,0.006993006993006993,3.0,1,0,0,0,7,5,1
E0004630,TC0004630,P004209,2026-07-28,EVALUATION,,44,18.7,13,7.0,0,0,1,1,0,0,0,0,0.0,0.0,0,1,1,0,7,1,0
E0004631,TC0004631,P004210,2026-08-13,EVALUATION,,86,6.7,24,30.0,1,0,1,2,1,0,0,0,0.0,0.0,1,0,0,0,8,3,0
E0004632,TC0004632,P004211,2026-02-12,DEVELOPMENT,1.0,58,17.6,21,14.0,1,0,1,2,1,0,0,0,0.0,0.0,0,1,0,0,2,3,0
E0004633,TC0004633,P000174,2026-04-07,DEVELOPMENT,1.0,67,18.0,11,14.0,0,1,1,2,1,0,0,0,0.0,3.0,0,1,1,0,4,1,0
E0004634,TC0004634,P004212,2026-06-17,DEVELOPMENT,1.0,35,25.8,18,7.0,1,0,1,2,1,0,0,0,0.0,0.0,0,1,0,1,6,2,0
E0004635,TC0004635,P004213,2026-05-07,DEVELOPMENT,1.0,57,35.4,22,14.0,1,0,1,2,1,0,0,0,0.0,0.0,1,1,0,0,5,3,0
E0004636,TC0004636,P004215,2026-07-24,EVALUATION,,38,23.7,7,21.0,1,0,0,1,0,0,0,0,0.0,0.0,0,1,0,0,7,4,0
E0004637,TC0004637,P004216,2026-04-24,DEVELOPMENT,1.0,31,7.3,12,30.0,1,1,1,3,1,0,0,0,0.0,0.0,0,0,0,1,4,4,0
E0004638,TC0004638,P004217,2026-01-12,DEVELOPMENT,0.0,61,19.9,13,21.0,1,0,0,1,0,0,0,0,0.0,0.0,0,1,0,0,1,0,0
E0004639,TC0004639,P004217,2026-04-24,DEVELOPMENT,1.0,61,19.9,12,7.0,1,0,1,2,1,1,1,102,0.00980392156862745,1.0,0,1,0,0,4,4,0
E0004640,TC0004640,P004218,2026-02-18,DEVELOPMENT,0.0,32,1.4,22,21.0,1,1,1,3,1,0,0,0,0.0,0.0,0,0,1,0,2,2,0
E0004641,TC0004641,P004219,2026-03-30,DEVELOPMENT,0.0,64,4.2,7,30.0,0,1,1,2,1,0,0,0,0.0,0.0,0,0,0,0,3,0,0
E0004642,TC0004642,P004221,2026-06-24,DEVELOPMENT,1.0,49,23.7,17,21.0,1,1,0,2,1,0,0,0,0.0,0.0,1,1,1,0,6,2,0
E0004643,TC0004643,P004222,2026-05-20,DEVELOPMENT,1.0,59,29.7,7,21.0,1,0,0,1,0,0,0,0,0.0,0.0,0,1,0,0,5,2,0
E0004644,TC0004644,P004223,2026-01-23,DEVELOPMENT,0.0,43,22.1,12,14.0,0,0,1,1,0,0,0,0,0.0,0.0,0,1,0,0,1,4,0
E0004645,TC0004645,P004223,2026-08-07,EVALUATION,,43,29.2,12,21.0,0,0,0,0,0,1,1,196,0.00510204081632653,1.0,1,1,0,0,8,4,0
E0004646,TC0004646,P004225,2026-02-06,DEVELOPMENT,1.0,38,25.3,16,14.0,1,1,1,3,1,0,0,0,0.0,0.0,1,1,1,0,2,4,0
E0004647,TC0004647,P004225,2026-04-07,DEVELOPMENT,1.0,38,28.3,17,30.0,1,1,1,3,1,1,1,60,0.016666666666666666,3.0,0,1,1,0,4,1,0
E0004648,TC0004648,P004226,2026-01-28,DEVELOPMENT,0.0,81,13.0,10,21.0,1,0,0,1,0,0,0,0,0.0,0.0,0,1,0,0,1,2,0
E0004649,TC0004649,P004227,2026-06-17,DEVELOPMENT,0.0,73,9.7,12,21.0,1,1,1,3,1,0,0,0,0.0,0.0,1,0,0,0,6,2,0
E0004650,TC0004650,P004228,2026-01-12,DEVELOPMENT,1.0,45,18.7,9,21.0,1,0,1,2,1,0,0,0,0.0,0.0,0,1,0,0,1,0,0
E0004651,TC0004651,P004229,2026-04-16,DEVELOPMENT,0.0,23,29.4,9,21.0,1,0,1,2,1,0,0,0,0.0,0.0,0,1,0,0,4,3,0
E0004652,TC0004652,P004231,2026-06-14,DEVELOPMENT,0.0,62,8.3,9,14.0,0,0,1,1,0,0,0,0,0.0,0.0,0,0,1,0,6,6,1
E0004653,TC0004653,P004232,2026-06-01,DEVELOPMENT,1.0,72,3.6,20,14.0,1,1,1,3,1,0,0,0,0.0,0.0,0,0,0,1,6,0,0
E0004654,TC0004654,P004232,2026-07-10,EVALUATION,,72,15.7,14,7.0,1,0,1,2,1,1,1,39,0.02564102564102564,3.0,1,1,0,1,7,4,0
E0004655,TC0004655,P004233,2026-03-21,DEVELOPMENT,1.0,38,29.2,8,21.0,1,1,1,3,1,0,0,0,0.0,0.0,0,1,0,0,3,5,1
E0004656,TC0004656,P004234,2026-06-07,DEVELOPMENT,0.0,46,4.1,8,7.0,1,1,1,3,1,0,0,0,0.0,0.0,0,0,0,0,6,6,1
E0004657,TC0004657,P004234,2026-07-02,EVALUATION,,46,35.0,23,21.0,1,0,1,2,1,1,1,25,0.04,3.0,1,1,0,0,7,3,0
E0004658,TC0004658,P004235,2026-06-01,DEVELOPMENT,0.0,65,18.0,15,21.0,0,0,1,1,0,0,0,0,0.0,0.0,0,1,0,0,6,0,0
E0004659,TC0004659,P004235,2026-06-27,DEVELOPMENT,0.0,65,18.0,22,30.0,1,0,1,2,1,1,1,26,0.038461538461538464,1.0,0,1,0,0,6,5,1
E0004660,TC0004660,P004236,2026-01-05,DEVELOPMENT,0.0,41,19.6,22,21.0,1,0,0,1,0,0,0,0,0.0,0.0,0,1,0,0,1,0,0
E0004661,TC0004661,P004236,2026-03-09,DEVELOPMENT,0.0,41,25.7,12,7.0,0,0,1,1,0,1,1,63,0.015873015873015872,1.0,1,1,0,0,3,0,0
E0004662,TC0004662,P004237,2026-07-10,EVALUATION,,53,14.1,7,21.0,1,1,0,2,1,0,0,0,0.0,0.0,1,1,0,0,7,4,0
E0004663,TC0004663,P004238,2026-06-11,DEVELOPMENT,0.0,54,29.2,9,30.0,1,0,1,2,1,0,0,0,0.0,0.0,0,1,0,0,6,3,0
E0004664,TC0004664,P004238,2026-08-09,EVALUATION,,54,29.2,16,21.0,1,0,0,1,0,1,1,59,0.01694915254237288,2.0,0,1,0,0,8,6,1
E0004665,TC0004665,P004239,2026-03-01,DEVELOPMENT,0.0,73,26.4,17,14.0,1,1,1,3,1,0,0,0,0.0,0.0,1,1,0,0,3,6,1
E0004666,TC0004666,P004240,2026-01-27,DEVELOPMENT,0.0,49,12.8,7,30.0,1,0,1,2,1,0,0,0,0.0,1.0,0,1,0,0,1,1,0
E0004667,TC0004667,P004241,2026-01-18,DEVELOPMENT,0.0,47,20.3,14,21.0,1,0,0,1,0,0,0,0,0.0,0.0,1,1,0,0,1,6,1
E0004668,TC0004668,P003779,2026-08-04,EVALUATION,,55,27.6,19,21.0,1,0,0,1,0,2,1,214,0.009345794392523364,2.0,1,1,0,0,8,1,0
E0004669,TC0004669,P004243,2026-04-26,DEVELOPMENT,1.0,44,11.5,10,21.0,1,1,0,2,1,0,0,0,0.0,0.0,1,1,1,0,4,6,1
E0004670,TC0004670,P004244,2026-02-27,DEVELOPMENT,1.0,37,9.4,21,14.0,1,0,1,2,1,0,0,0,0.0,0.0,0,0,0,0,2,4,0
E0004671,TC0004671,P004244,2026-03-16,DEVELOPMENT,0.0,37,23.7,13,21.0,1,0,0,1,0,1,1,17,0.058823529411764705,2.0,1,1,0,0,3,0,0
E0004672,TC0004672,P004244,2026-07-25,EVALUATION,,37,14.1,9,21.0,0,1,0,1,0,2,1,148,0.013513513513513514,3.0,0,1,0,0,7,5,1
E0004673,TC0004673,P004246,2026-01-23,DEVELOPMENT,1.0,55,22.9,15,21.0,1,0,1,2,1,0,0,0,0.0,0.0,1,1,0,1,1,4,0
E0004674,TC0004674,P004246,2026-05-28,DEVELOPMENT,1.0,55,29.6,7,21.0,1,0,1,2,1,1,1,125,0.008,2.0,1,1,0,1,5,3,0
E0004675,TC0004675,P004247,2026-03-18,DEVELOPMENT,1.0,60,20.6,7,7.0,1,1,1,3,1,0,0,0,0.0,0.0,1,1,0,0,3,2,0
E0004676,TC0004676,P004247,2026-04-13,DEVELOPMENT,1.0,60,20.6,20,7.0,1,0,1,2,1,1,1,26,0.038461538461538464,3.0,0,1,0,0,4,0,0
E0004677,TC0004677,P004248,2026-01-09,DEVELOPMENT,0.0,58,16.9,8,21.0,0,1,1,2,1,0,0,0,0.0,0.0,0,1,0,0,1,4,0
E0004678,TC0004678,P004250,2026-04-27,DEVELOPMENT,1.0,32,29.4,7,21.0,0,1,1,2,1,0,0,0,0.0,0.0,1,1,0,0,4,0,0
E0004679,TC0004679,P004250,2026-05-20,DEVELOPMENT,1.0,32,17.2,19,7.0,1,0,1,2,1,1,1,23,0.043478260869565216,2.0,0,1,0,0,5,2,0
E0004680,TC0004680,P004250,2026-07-02,EVALUATION,,32,17.2,11,7.0,1,0,1,2,1,2,1,66,0.030303030303030304,4.0,0,1,0,0,7,3,0
E0004681,TC0004681,P004251,2026-07-03,EVALUATION,,43,16.9,12,30.0,1,0,1,2,1,0,0,0,0.0,0.0,0,1,0,0,7,4,0
E0004682,TC0004682,P004253,2026-03-08,DEVELOPMENT,1.0,46,33.3,11,7.0,1,0,1,2,1,0,0,0,0.0,0.0,0,1,0,0,3,6,1
E0004683,TC0004683,P004253,2026-05-07,DEVELOPMENT,0.0,46,15.5,9,30.0,1,1,1,3,1,1,1,60,0.016666666666666666,2.0,0,1,0,0,5,3,0
E0004684,TC0004684,P004255,2026-05-21,DEVELOPMENT,0.0,63,19.5,11,21.0,1,0,0,1,0,0,0,0,0.0,0.0,1,1,0,0,5,3,0
E0004685,TC0004685,P004256,2026-08-05,EVALUATION,,61,10.4,17,21.0,1,1,0,2,1,0,0,0,0.0,0.0,0,1,0,0,8,2,0
E0004686,TC0004686,P004257,2026-07-24,EVALUATION,,60,25.3,9,21.0,1,0,0,1,0,0,0,0,0.0,0.0,0,1,0,0,7,4,0
E0004687,TC0004687,P004259,2026-06-09,DEVELOPMENT,1.0,47,18.0,22,7.0,1,0,1,2,1,0,0,0,0.0,0.0,0,1,0,0,6,1,0
E0004688,TC0004688,P004260,2026-02-08,DEVELOPMENT,0.0,49,36.3,14,21.0,1,1,0,2,1,0,0,0,0.0,0.0,0,1,0,0,2,6,1
E0004689,TC0004689,P001985,2026-03-23,DEVELOPMENT,1.0,59,18.7,21,7.0,1,1,1,3,1,0,0,0,0.0,2.0,0,1,0,1,3,0,0
E0004690,TC0004690,P004262,2026-07-02,EVALUATION,,42,33.3,23,30.0,1,0,1,2,1,0,0,0,0.0,0.0,0,1,0,0,7,3,0
E0004691,TC0004691,P004263,2026-02-02,DEVELOPMENT,0.0,37,22.2,23,7.0,0,0,1,1,0,0,0,0,0.0,0.0,0,1,0,0,2,0,0
E0004692,TC0004692,P004264,2026-06-09,DEVELOPMENT,0.0,18,4.1,16,21.0,0,0,1,1,0,0,0,0,0.0,0.0,0,0,0,0,6,1,0
E0004693,TC0004693,P004265,2026-08-13,EVALUATION,,71,33.3,14,21.0,1,0,0,1,0,0,0,0,0.0,0.0,0,1,0,1,8,3,0
E0004694,TC0004694,P004266,2026-01-04,DEVELOPMENT,1.0,18,22.3,23,21.0,1,1,0,2,1,0,0,0,0.0,0.0,0,1,0,0,1,6,1
E0004695,TC0004695,P004267,2026-04-12,DEVELOPMENT,1.0,40,26.4,7,14.0,1,0,1,2,1,0,0,0,0.0,0.0,0,1,0,0,4,6,1
E0004696,TC0004696,P004267,2026-05-29,DEVELOPMENT,1.0,40,26.4,14,21.0,1,0,0,1,0,1,1,47,0.02127659574468085,2.0,1,1,0,0,5,4,0
E0004697,TC0004697,P004268,2026-08-02,EVALUATION,,53,29.4,9,14.0,0,0,1,1,0,0,0,0,0.0,0.0,0,1,0,0,8,6,1
E0004698,TC0004698,P004269,2026-02-05,DEVELOPMENT,0.0,30,35.5,16,7.0,0,0,1,1,0,0,0,0,0.0,0.0,0,1,0,0,2,3,0
E0004699,TC0004699,P004270,2026-02-26,DEVELOPMENT,1.0,48,20.0,21,21.0,1,1,0,2,1,0,0,0,0.0,0.0,0,1,0,0,2,3,0
E0004700,TC0004700,P004270,2026-07-03,EVALUATION,,48,19.6,14,21.0,0,1,1,2,1,1,1,127,0.007874015748031496,2.0,0,1,0,0,7,4,0
E0004701,TC0004701,P004273,2026-05-20,DEVELOPMENT,0.0,46,18.4,20,21.0,1,0,0,1,0,0,0,0,0.0,0.0,0,1,1,0,5,2,0
E0004702,TC0004702,P004274,2026-05-24,DEVELOPMENT,0.0,26,4.1,21,21.0,1,1,0,2,1,0,0,0,0.0,0.0,0,0,1,0,5,6,1
E0004703,TC0004703,P004275,2026-06-03,DEVELOPMENT,1.0,34,25.7,7,30.0,1,0,1,2,1,0,0,0,0.0,0.0,1,1,0,0,6,2,0
E0004704,TC0004704,P004276,2026-01-21,DEVELOPMENT,1.0,41,16.2,14,14.0,1,1,1,3,1,0,0,0,0.0,0.0,0,1,0,0,1,2,0
E0004705,TC0004705,P004277,2026-04-12,DEVELOPMENT,1.0,51,21.1,19,30.0,1,0,1,2,1,0,0,0,0.0,0.0,1,1,0,0,4,6,1
E0004706,TC0004706,P004278,2026-07-31,EVALUATION,,54,11.3,15,21.0,0,0,0,0,0,0,0,0,0.0,0.0,0,1,0,0,7,4,0
E0004707,TC0004707,P004279,2026-04-16,DEVELOPMENT,0.0,54,23.1,22,14.0,1,0,1,2,1,0,0,0,0.0,0.0,0,1,1,0,4,3,0
E0004708,TC0004708,P004279,2026-05-26,DEVELOPMENT,0.0,54,23.1,16,21.0,1,0,0,1,0,1,1,40,0.025,2.0,1,1,1,0,5,1,0
E0004709,TC0004709,P004280,2026-03-11,DEVELOPMENT,1.0,18,23.7,20,7.0,0,0,1,1,0,0,0,0,0.0,0.0,1,1,0,0,3,2,0
E0004710,TC0004710,P004280,2026-05-10,DEVELOPMENT,0.0,18,7.0,20,21.0,1,0,0,1,0,1,1,60,0.016666666666666666,1.0,1,0,0,0,5,6,1
E0004711,TC0004711,P004281,2026-05-27,DEVELOPMENT,1.0,54,17.2,10,21.0,1,0,0,1,0,0,0,0,0.0,0.0,0,1,0,0,5,2,0
E0004712,TC0004712,P004281,2026-07-12,EVALUATION,,54,17.2,7,14.0,1,0,1,2,1,1,1,46,0.021739130434782608,1.0,1,1,0,0,7,6,1
E0004713,TC0004713,P000472,2026-05-15,DEVELOPMENT,1.0,18,15.7,9,21.0,1,0,0,1,0,0,0,0,0.0,2.0,1,1,0,0,5,4,0
E0004714,TC0004714,P004284,2026-04-12,DEVELOPMENT,0.0,45,11.9,15,21.0,1,1,0,2,1,0,0,0,0.0,0.0,0,1,0,0,4,6,1
E0004715,TC0004715,P004285,2026-07-12,EVALUATION,,22,12.6,23,7.0,1,0,1,2,1,0,0,0,0.0,0.0,0,1,0,0,7,6,1
E0004716,TC0004716,P004286,2026-01-28,DEVELOPMENT,1.0,76,13.9,13,30.0,1,0,1,2,1,0,0,0,0.0,0.0,0,1,0,0,1,2,0
E0004717,TC0004717,P004287,2026-08-03,EVALUATION,,39,29.4,11,21.0,1,0,0,1,0,0,0,0,0.0,0.0,0,1,0,0,8,0,0
E0004718,TC0004718,P001490,2026-08-07,EVALUATION,,25,22.3,19,21.0,1,0,1,2,1,1,1,40,0.025,3.0,0,1,1,0,8,4,0
E0004719,TC0004719,P004289,2026-01-10,DEVELOPMENT,1.0,67,7.4,23,7.0,0,0,1,1,0,0,0,0,0.0,0.0,0,0,0,0,1,5,1
E0004720,TC0004720,P004289,2026-08-06,EVALUATION,,67,7.4,12,14.0,1,1,1,3,1,1,1,208,0.004807692307692308,1.0,0,0,0,0,8,3,0
E0004721,TC0004721,P004290,2026-05-07,DEVELOPMENT,0.0,34,18.4,13,21.0,1,1,1,3,1,0,0,0,0.0,0.0,0,1,0,0,5,3,0
E0004722,TC0004722,P004290,2026-06-01,DEVELOPMENT,1.0,34,12.8,14,30.0,1,1,1,3,1,1,1,25,0.04,3.0,0,1,0,0,6,0,0
E0004723,TC0004723,P003964,2026-04-16,DEVELOPMENT,0.0,43,29.7,9,21.0,0,0,0,0,0,0,0,0,0.0,2.0,0,1,1,0,4,3,0
E0004724,TC0004724,P004293,2026-01-06,DEVELOPMENT,1.0,36,29.6,16,21.0,1,0,0,1,0,0,0,0,0.0,0.0,0,1,0,0,1,1,0
E0004725,TC0004725,P004294,2026-03-27,DEVELOPMENT,0.0,49,27.9,24,21.0,1,0,0,1,0,0,0,0,0.0,0.0,0,1,0,0,3,4,0
E0004726,TC0004726,P004295,2026-03-05,DEVELOPMENT,1.0,18,15.7,12,7.0,1,0,1,2,1,0,0,0,0.0,0.0,0,1,0,0,3,3,0
E0004727,TC0004727,P004296,2026-06-28,DEVELOPMENT,0.0,24,2.6,14,21.0,1,0,0,1,0,0,0,0,0.0,0.0,0,0,0,0,6,6,1
E0004728,TC0004728,P004297,2026-07-05,EVALUATION,,37,28.3,15,7.0,1,0,1,2,1,0,0,0,0.0,0.0,0,1,0,0,7,6,1
E0004729,TC0004729,P004298,2026-06-30,DEVELOPMENT,0.0,47,2.2,21,21.0,1,0,1,2,1,0,0,0,0.0,0.0,0,0,0,0,6,1,0
E0004730,TC0004730,P004299,2026-06-13,DEVELOPMENT,1.0,47,12.6,10,30.0,1,0,1,2,1,0,0,0,0.0,0.0,1,1,0,1,6,5,1
E0004731,TC0004731,P003897,2026-08-12,EVALUATION,,18,11.4,12,7.0,1,0,1,2,1,1,1,192,0.005208333333333333,2.0,0,1,0,0,8,2,0
E0004732,TC0004732,P004301,2026-04-18,DEVELOPMENT,1.0,49,7.3,24,30.0,1,0,1,2,1,0,0,0,0.0,0.0,1,0,1,0,4,5,1
E0004733,TC0004733,P001030,2026-01-18,DEVELOPMENT,1.0,62,12.8,8,21.0,1,1,0,2,1,0,0,0,0.0,0.0,0,1,0,1,1,6,1
E0004734,TC0004734,P004303,2026-04-14,DEVELOPMENT,0.0,72,2.6,15,21.0,1,0,0,1,0,0,0,0,0.0,0.0,0,0,0,0,4,1,0
E0004735,TC0004735,P004303,2026-06-28,DEVELOPMENT,0.0,72,18.7,20,21.0,0,0,1,1,0,1,1,75,0.013333333333333334,1.0,1,1,0,0,6,6,1
E0004736,TC0004736,P004304,2026-02-26,DEVELOPMENT,0.0,76,35.4,14,21.0,0,0,0,0,0,0,0,0,0.0,0.0,0,1,0,0,2,3,0
E0004737,TC0004737,P004307,2026-08-11,EVALUATION,,41,25.3,16,21.0,1,1,0,2,1,0,0,0,0.0,0.0,1,1,0,0,8,1,0
E0004738,TC0004738,P004308,2026-04-02,DEVELOPMENT,0.0,33,7.6,7,21.0,1,1,1,3,1,0,0,0,0.0,0.0,0,0,0,0,4,3,0
E0004739,TC0004739,P004309,2026-01-12,DEVELOPMENT,0.0,33,12.8,8,21.0,0,1,1,2,1,0,0,0,0.0,0.0,0,1,0,1,1,0,0
E0004740,TC0004740,P004311,2026-07-14,EVALUATION,,36,7.3,13,21.0,1,0,1,2,1,0,0,0,0.0,0.0,0,0,0,0,7,1,0
E0004741,TC0004741,P004312,2026-06-01,DEVELOPMENT,1.0,53,7.0,9,30.0,1,0,1,2,1,0,0,0,0.0,0.0,0,0,0,0,6,0,0
E0004742,TC0004742,P004313,2026-01-09,DEVELOPMENT,1.0,54,25.3,22,21.0,1,0,0,1,0,0,0,0,0.0,0.0,0,1,0,0,1,4,0
E0004743,TC0004743,P004314,2026-01-17,DEVELOPMENT,1.0,37,25.4,20,21.0,1,0,1,2,1,0,0,0,0.0,0.0,0,1,0,0,1,5,1
E0004744,TC0004744,P004316,2026-04-21,DEVELOPMENT,1.0,66,21.1,8,21.0,1,1,1,3,1,0,0,0,0.0,0.0,0,1,0,1,4,1,0
E0004745,TC0004745,P004316,2026-05-17,DEVELOPMENT,1.0,66,35.0,11,21.0,1,0,0,1,0,1,1,26,0.038461538461538464,3.0,0,1,0,1,5,6,1
E0004746,TC0004746,P000791,2026-03-17,DEVELOPMENT,1.0,61,19.5,24,7.0,1,0,1,2,1,1,1,12,0.08333333333333333,4.0,0,1,0,0,3,1,0
E0004747,TC0004747,P004318,2026-08-04,EVALUATION,,47,22.3,21,7.0,0,0,1,1,0,0,0,0,0.0,0.0,0,1,0,0,8,1,0
E0004748,TC0004748,P004319,2026-04-04,DEVELOPMENT,1.0,30,20.0,17,30.0,1,0,1,2,1,0,0,0,0.0,0.0,1,1,0,0,4,5,1
E0004749,TC0004749,P004320,2026-03-29,DEVELOPMENT,0.0,42,17.2,23,30.0,1,0,1,2,1,0,0,0,0.0,0.0,1,1,0,0,3,6,1
E0004750,TC0004750,P004320,2026-04-30,DEVELOPMENT,0.0,42,12.8,8,7.0,1,0,1,2,1,1,1,32,0.03125,2.0,1,1,0,0,4,3,0
E0004751,TC0004751,P004321,2026-02-22,DEVELOPMENT,0.0,24,19.6,21,21.0,1,0,0,1,0,0,0,0,0.0,0.0,0,1,0,0,2,6,1
E0004752,TC0004752,P004322,2026-03-28,DEVELOPMENT,1.0,30,22.2,24,30.0,1,0,1,2,1,0,0,0,0.0,0.0,0,1,0,0,3,5,1
E0004753,TC0004753,P004323,2026-06-22,DEVELOPMENT,1.0,58,26.4,8,21.0,1,1,1,3,1,0,0,0,0.0,0.0,1,1,0,0,6,0,0
E0004754,TC0004754,P004323,2026-08-13,EVALUATION,,58,26.4,23,21.0,1,0,0,1,0,1,1,52,0.019230769230769232,3.0,1,1,0,0,8,3,0
E0004755,TC0004755,P004324,2026-01-31,DEVELOPMENT,1.0,73,20.3,20,30.0,1,0,1,2,1,0,0,0,0.0,0.0,0,1,0,0,1,5,1
E0004756,TC0004756,P004325,2026-02-10,DEVELOPMENT,0.0,63,11.4,7,14.0,1,1,1,3,1,0,0,0,0.0,0.0,1,1,0,0,2,1,0
E0004757,TC0004757,P004326,2026-01-09,DEVELOPMENT,1.0,39,15.5,16,7.0,1,1,1,3,1,0,0,0,0.0,0.0,1,1,0,0,1,4,0
E0004758,TC0004758,P004326,2026-06-23,DEVELOPMENT,0.0,39,15.5,8,21.0,0,1,1,2,1,1,1,165,0.006060606060606061,3.0,0,1,0,0,6,1,0
E0004759,TC0004759,P004327,2026-02-27,DEVELOPMENT,1.0,43,28.2,14,7.0,0,0,1,1,0,0,0,0,0.0,0.0,1,1,0,0,2,4,0
E0004760,TC0004760,P004327,2026-05-17,DEVELOPMENT,1.0,43,23.7,18,21.0,1,0,0,1,0,1,1,79,0.012658227848101266,1.0,0,1,0,0,5,6,1
E0004761,TC0004761,P004329,2026-06-15,DEVELOPMENT,1.0,31,6.4,16,14.0,1,0,1,2,1,0,0,0,0.0,0.0,0,0,0,0,6,0,0
E0004762,TC0004762,P004329,2026-08-03,EVALUATION,,31,3.6,21,21.0,1,0,0,1,0,1,1,49,0.02040816326530612,2.0,0,0,0,0,8,0,0
E0004763,TC0004763,P003202,2026-01-14,DEVELOPMENT,0.0,57,35.0,20,21.0,1,0,0,1,0,0,0,0,0.0,0.0,0,1,0,0,1,2,0
E0004764,TC0004764,P004331,2026-07-23,EVALUATION,,56,26.4,23,7.0,1,1,1,3,1,0,0,0,0.0,0.0,1,1,0,0,7,3,0
E0004765,TC0004765,P004332,2026-06-17,DEVELOPMENT,1.0,47,16.8,13,30.0,1,1,1,3,1,0,0,0,0.0,0.0,0,1,1,0,6,2,0
E0004766,TC0004766,P004332,2026-07-05,EVALUATION,,47,13.2,24,21.0,1,0,1,2,1,1,1,18,0.05555555555555555,3.0,1,1,1,0,7,6,1
E0004767,TC0004767,P004333,2026-04-05,DEVELOPMENT,0.0,19,23.7,22,21.0,0,0,1,1,0,0,0,0,0.0,0.0,0,1,0,0,4,6,1
E0004768,TC0004768,P004334,2026-03-27,DEVELOPMENT,0.0,53,29.4,14,21.0,0,0,0,0,0,0,0,0,0.0,0.0,0,1,1,0,3,4,0
E0004769,TC0004769,P004335,2026-07-24,EVALUATION,,43,7.3,24,21.0,1,0,0,1,0,0,0,0,0.0,0.0,0,0,0,1,7,4,0
E0004770,TC0004770,P004339,2026-07-03,EVALUATION,,74,29.4,8,30.0,1,0,1,2,1,0,0,0,0.0,0.0,1,1,0,1,7,4,0
E0004771,TC0004771,P004340,2026-03-28,DEVELOPMENT,1.0,40,14.1,17,30.0,1,0,1,2,1,0,0,0,0.0,0.0,0,1,1,0,3,5,1
E0004772,TC0004772,P004340,2026-04-25,DEVELOPMENT,0.0,40,23.7,7,21.0,0,1,0,1,0,1,1,28,0.03571428571428571,2.0,0,1,1,0,4,5,1
E0004773,TC0004773,P004341,2026-08-13,EVALUATION,,45,22.2,7,30.0,1,0,1,2,1,0,0,0,0.0,0.0,1,1,0,0,8,3,0
E0004774,TC0004774,P004342,2026-02-24,DEVELOPMENT,1.0,48,10.4,20,30.0,1,1,1,3,1,0,0,0,0.0,0.0,0,1,0,0,2,1,0
E0004775,TC0004775,P004343,2026-02-13,DEVELOPMENT,0.0,51,29.9,22,7.0,0,0,1,1,0,0,0,0,0.0,0.0,1,1,0,0,2,4,0
E0004776,TC0004776,P004344,2026-07-02,EVALUATION,,34,28.3,19,30.0,1,1,1,3,1,0,0,0,0.0,0.0,0,1,0,0,7,3,0
E0004777,TC0004777,P004345,2026-05-17,DEVELOPMENT,1.0,30,25.3,11,7.0,1,0,1,2,1,0,0,0,0.0,0.0,0,1,0,0,5,6,1
E0004778,TC0004778,P001086,2026-03-31,DEVELOPMENT,0.0,48,23.7,19,21.0,1,1,0,2,1,1,1,26,0.038461538461538464,2.0,0,1,0,0,3,1,0
E0004779,TC0004779,P004347,2026-03-25,DEVELOPMENT,0.0,40,11.4,15,14.0,1,0,1,2,1,0,0,0,0.0,0.0,1,1,0,0,3,2,0
E0004780,TC0004780,P004347,2026-05-15,DEVELOPMENT,1.0,40,11.4,23,21.0,1,0,0,1,0,1,1,51,0.0196078431372549,2.0,0,1,0,0,5,4,0
E0004781,TC0004781,P004348,2026-01-01,DEVELOPMENT,0.0,60,7.3,11,21.0,0,0,0,0,0,0,0,0,0.0,0.0,1,0,0,1,1,3,0
E0004782,TC0004782,P000646,2026-06-05,DEVELOPMENT,1.0,50,25.4,22,30.0,0,0,1,1,0,2,1,155,0.012903225806451613,2.0,1,1,0,0,6,4,0
E0004783,TC0004783,P004351,2026-05-14,DEVELOPMENT,0.0,20,19.9,23,30.0,1,0,1,2,1,0,0,0,0.0,0.0,1,1,0,0,5,3,0
E0004784,TC0004784,P004351,2026-06-30,DEVELOPMENT,0.0,20,5.1,17,21.0,1,1,1,3,1,1,1,47,0.02127659574468085,2.0,0,0,0,0,6,1,0
E0004785,TC0004785,P004351,2026-07-30,EVALUATION,,20,19.9,11,14.0,1,1,1,3,1,2,1,77,0.025974025974025976,5.0,0,1,0,0,7,3,0
E0004786,TC0004786,P004352,2026-04-16,DEVELOPMENT,1.0,62,8.3,9,21.0,1,0,0,1,0,0,0,0,0.0,0.0,1,0,0,0,4,3,0
E0004787,TC0004787,P004353,2026-07-04,EVALUATION,,41,19.2,16,21.0,0,1,0,1,0,0,0,0,0.0,0.0,0,1,0,0,7,5,1
E0004788,TC0004788,P004354,2026-05-01,DEVELOPMENT,0.0,51,24.9,10,21.0,1,0,0,1,0,0,0,0,0.0,0.0,0,1,0,0,5,4,0
E0004789,TC0004789,P004355,2026-02-22,DEVELOPMENT,0.0,43,5.6,18,21.0,1,0,0,1,0,0,0,0,0.0,0.0,0,0,0,0,2,6,1
E0004790,TC0004790,P004356,2026-02-27,DEVELOPMENT,1.0,18,16.8,7,14.0,1,1,1,3,1,0,0,0,0.0,0.0,0,1,1,0,2,4,0
E0004791,TC0004791,P004357,2026-07-15,EVALUATION,,30,29.2,22,7.0,1,1,1,3,1,0,0,0,0.0,0.0,1,1,0,1,7,2,0
E0004792,TC0004792,P003464,2026-02-08,DEVELOPMENT,0.0,44,35.5,10,21.0,1,0,0,1,0,0,0,0,0.0,1.0,0,1,0,1,2,6,1
E0004793,TC0004793,P003464,2026-05-31,DEVELOPMENT,0.0,44,36.5,12,14.0,0,0,1,1,0,2,1,112,0.017857142857142856,2.0,0,1,0,1,5,6,1
E0004794,TC0004794,P003464,2026-07-25,EVALUATION,,44,35.5,15,30.0,0,1,1,2,1,3,1,167,0.017964071856287425,3.0,0,1,0,1,7,5,1
E0004795,TC0004795,P004360,2026-04-15,DEVELOPMENT,0.0,41,4.2,21,21.0,1,1,0,2,1,0,0,0,0.0,0.0,0,0,0,0,4,2,0
E0004796,TC0004796,P001043,2026-07-15,EVALUATION,,41,12.6,12,21.0,1,0,0,1,0,1,1,150,0.006666666666666667,1.0,0,1,0,0,7,2,0
E0004797,TC0004797,P004361,2026-04-11,DEVELOPMENT,1.0,29,11.3,12,21.0,1,1,1,3,1,0,0,0,0.0,0.0,0,1,0,0,4,5,1
E0004798,TC0004798,P004362,2026-01-05,DEVELOPMENT,0.0,18,35.5,21,21.0,1,0,1,2,1,0,0,0,0.0,0.0,0,1,0,0,1,0,0
E0004799,TC0004799,P004363,2026-06-01,DEVELOPMENT,0.0,49,20.0,11,21.0,1,0,0,1,0,0,0,0,0.0,0.0,0,1,0,0,6,0,0
E0004800,TC0004800,P004364,2026-01-11,DEVELOPMENT,1.0,22,12.6,18,30.0,1,0,1,2,1,0,0,0,0.0,0.0,0,1,0,0,1,6,1
E0004801,TC0004801,P004365,2026-01-07,DEVELOPMENT,0.0,32,12.8,24,21.0,0,1,0,1,0,0,0,0,0.0,0.0,1,1,0,0,1,2,0
E0004802,TC0004802,P004366,2026-04-06,DEVELOPMENT,1.0,70,16.8,17,7.0,1,1,1,3,1,1,1,32,0.03125,2.0,0,1,0,0,4,0,0
E0004803,TC0004803,P004367,2026-03-27,DEVELOPMENT,0.0,88,19.9,10,30.0,0,1,1,2,1,0,0,0,0.0,0.0,1,1,0,0,3,4,0
E0004804,TC0004804,P004367,2026-05-05,DEVELOPMENT,0.0,88,19.9,8,30.0,1,0,1,2,1,1,1,39,0.02564102564102564,2.0,0,1,0,0,5,1,0
E0004805,TC0004805,P004368,2026-03-09,DEVELOPMENT,0.0,18,25.3,24,21.0,1,0,0,1,0,0,0,0,0.0,0.0,0,1,0,0,3,0,0
E0004806,TC0004806,P004369,2026-03-31,DEVELOPMENT,0.0,53,9.7,24,21.0,1,1,0,2,1,0,0,0,0.0,0.0,0,0,0,0,3,1,0
E0004807,TC0004807,P004370,2026-07-16,EVALUATION,,30,26.4,7,21.0,1,1,0,2,1,1,1,189,0.005291005291005291,2.0,0,1,0,0,7,3,0
E0004808,TC0004808,P004371,2026-06-25,DEVELOPMENT,0.0,30,19.7,18,7.0,0,0,1,1,0,0,0,0,0.0,0.0,0,1,1,0,6,3,0
E0004809,TC0004809,P004371,2026-08-12,EVALUATION,,30,19.7,21,14.0,1,1,1,3,1,1,1,48,0.020833333333333332,1.0,0,1,1,0,8,2,0
E0004810,TC0004810,P002897,2026-01-21,DEVELOPMENT,1.0,23,2.2,15,14.0,1,1,1,3,1,0,0,0,0.0,0.0,0,0,0,0,1,2,0
E0004811,TC0004811,P004372,2026-02-16,DEVELOPMENT,1.0,52,36.1,8,7.0,0,0,1,1,0,0,0,0,0.0,0.0,1,1,1,0,2,0,0
E0004812,TC0004812,P004373,2026-04-15,DEVELOPMENT,1.0,41,22.3,23,7.0,1,1,1,3,1,1,1,82,0.012195121951219513,0.0,0,1,0,0,4,2,0
E0004813,TC0004813,P004374,2026-01-25,DEVELOPMENT,1.0,50,28.2,8,21.0,1,0,1,2,1,0,0,0,0.0,0.0,0,1,0,0,1,6,1
E0004814,TC0004814,P004375,2026-06-12,DEVELOPMENT,1.0,41,20.0,7,21.0,1,0,1,2,1,0,0,0,0.0,0.0,0,1,0,1,6,4,0
E0004815,TC0004815,P004377,2026-06-18,DEVELOPMENT,1.0,44,29.2,13,21.0,1,1,1,3,1,0,0,0,0.0,0.0,0,1,0,0,6,3,0
E0004816,TC0004816,P004377,2026-07-18,EVALUATION,,44,29.2,19,21.0,1,0,0,1,0,1,1,30,0.03333333333333333,3.0,0,1,0,0,7,5,1
E0004817,TC0004817,P004378,2026-05-07,DEVELOPMENT,0.0,65,4.1,24,21.0,1,1,0,2,1,0,0,0,0.0,0.0,0,0,0,0,5,3,0
E0004818,TC0004818,P004378,2026-07-12,EVALUATION,,65,21.1,15,21.0,0,0,1,1,0,1,1,66,0.015151515151515152,2.0,0,1,0,0,7,6,1
E0004819,TC0004819,P004380,2026-04-16,DEVELOPMENT,1.0,49,28.2,17,21.0,1,0,0,1,0,0,0,0,0.0,0.0,0,1,0,0,4,3,0
E0004820,TC0004820,P003978,2026-04-28,DEVELOPMENT,0.0,53,12.6,8,21.0,1,0,0,1,0,0,0,0,0.0,2.0,0,1,0,0,4,1,0
E0004821,TC0004821,P004383,2026-03-21,DEVELOPMENT,1.0,39,23.7,11,21.0,1,0,1,2,1,0,0,0,0.0,0.0,1,1,0,0,3,5,1
E0004822,TC0004822,P004383,2026-07-19,EVALUATION,,39,9.4,18,7.0,1,1,1,3,1,1,1,120,0.008333333333333333,2.0,0,0,0,0,7,6,1
E0004823,TC0004823,P004384,2026-03-16,DEVELOPMENT,0.0,51,16.9,11,21.0,0,0,0,0,0,0,0,0,0.0,0.0,1,1,1,0,3,0,0
E0004824,TC0004824,P004384,2026-04-10,DEVELOPMENT,1.0,51,17.6,7,30.0,1,1,1,3,1,1,1,25,0.04,0.0,0,1,1,0,4,4,0
E0004825,TC0004825,P004385,2026-06-18,DEVELOPMENT,1.0,45,19.2,19,21.0,1,0,1,2,1,0,0,0,0.0,0.0,1,1,0,0,6,3,0
E0004826,TC0004826,P004386,2026-07-18,EVALUATION,,33,29.6,10,7.0,0,0,1,1,0,0,0,0,0.0,0.0,0,1,0,0,7,5,1
E0004827,TC0004827,P004387,2026-03-14,DEVELOPMENT,1.0,56,7.0,23,7.0,1,1,1,3,1,0,0,0,0.0,0.0,0,0,0,1,3,5,1
E0004828,TC0004828,P001321,2026-07-09,EVALUATION,,77,22.3,17,14.0,1,1,1,3,1,1,1,28,0.03571428571428571,2.0,0,1,0,0,7,3,0
E0004829,TC0004829,P004390,2026-06-30,DEVELOPMENT,1.0,65,6.5,10,30.0,1,0,1,2,1,0,0,0,0.0,0.0,0,0,0,0,6,1,0
E0004830,TC0004830,P004391,2026-05-02,DEVELOPMENT,1.0,38,22.9,23,21.0,1,0,0,1,0,0,0,0,0.0,0.0,0,1,0,0,5,5,1
E0004831,TC0004831,P004392,2026-05-03,DEVELOPMENT,0.0,24,21.3,20,21.0,1,1,1,3,1,0,0,0,0.0,0.0,1,1,1,0,5,6,1
E0004832,TC0004832,P004393,2026-03-21,DEVELOPMENT,0.0,34,11.3,15,14.0,1,0,1,2,1,0,0,0,0.0,0.0,1,1,0,0,3,5,1
E0004833,TC0004833,P004395,2026-06-26,DEVELOPMENT,0.0,22,6.6,18,7.0,1,1,1,3,1,0,0,0,0.0,0.0,1,0,0,0,6,4,0
E0004834,TC0004834,P004395,2026-07-24,EVALUATION,,22,6.6,23,21.0,1,1,0,2,1,1,1,28,0.03571428571428571,3.0,0,0,0,0,7,4,0
E0004835,TC0004835,P004395,2026-08-13,EVALUATION,,22,6.6,21,21.0,1,1,1,3,1,2,1,48,0.041666666666666664,5.0,0,0,0,0,8,3,0
E0004836,TC0004836,P004396,2026-07-26,EVALUATION,,77,15.5,22,14.0,1,0,1,2,1,0,0,0,0.0,0.0,0,1,0,0,7,6,1
E0004837,TC0004837,P004397,2026-04-12,DEVELOPMENT,1.0,23,33.3,7,7.0,1,0,1,2,1,0,0,0,0.0,0.0,0,1,0,0,4,6,1
E0004838,TC0004838,P004397,2026-06-05,DEVELOPMENT,1.0,23,33.3,9,21.0,1,0,0,1,0,1,1,54,0.018518518518518517,2.0,1,1,0,0,6,4,0
E0004839,TC0004839,P003640,2026-03-19,DEVELOPMENT,1.0,47,25.3,22,7.0,0,1,1,2,1,0,0,0,0.0,1.0,0,1,0,0,3,3,0
E0004840,TC0004840,P003640,2026-05-01,DEVELOPMENT,1.0,47,17.3,12,7.0,1,0,1,2,1,2,1,43,0.046511627906976744,3.0,0,1,0,0,5,4,0
E0004841,TC0004841,P004399,2026-06-09,DEVELOPMENT,1.0,18,17.9,18,14.0,1,1,1,3,1,0,0,0,0.0,0.0,1,1,0,0,6,1,0
E0004842,TC0004842,P004400,2026-03-10,DEVELOPMENT,0.0,49,29.7,22,21.0,0,0,0,0,0,0,0,0,0.0,0.0,1,1,1,0,3,1,0
E0004843,TC0004843,P004401,2026-06-05,DEVELOPMENT,0.0,51,9.4,8,30.0,1,1,1,3,1,0,0,0,0.0,0.0,1,0,0,0,6,4,0
E0004844,TC0004844,P004402,2026-08-08,EVALUATION,,20,22.9,16,21.0,1,0,1,2,1,0,0,0,0.0,0.0,0,1,1,0,8,5,1
E0004845,TC0004845,P004403,2026-01-21,DEVELOPMENT,1.0,68,35.4,20,7.0,0,1,1,2,1,0,0,0,0.0,0.0,0,1,0,0,1,2,0
E0004846,TC0004846,P004403,2026-05-31,DEVELOPMENT,1.0,68,26.2,18,30.0,1,1,1,3,1,1,1,130,0.007692307692307693,2.0,0,1,0,0,5,6,1
E0004847,TC0004847,P001368,2026-03-13,DEVELOPMENT,1.0,59,18.0,15,21.0,1,0,1,2,1,1,1,45,0.022222222222222223,4.0,0,1,0,0,3,4,0
E0004848,TC0004848,P004407,2026-03-09,DEVELOPMENT,1.0,33,19.6,12,21.0,1,1,0,2,1,0,0,0,0.0,0.0,0,1,1,0,3,0,0
E0004849,TC0004849,P004407,2026-04-08,DEVELOPMENT,0.0,33,19.6,18,30.0,1,0,1,2,1,1,1,30,0.03333333333333333,2.0,0,1,1,0,4,2,0
E0004850,TC0004850,P004408,2026-05-01,DEVELOPMENT,1.0,30,22.8,20,21.0,1,0,1,2,1,0,0,0,0.0,0.0,0,1,0,0,5,4,0
E0004851,TC0004851,P004409,2026-02-10,DEVELOPMENT,0.0,34,20.2,9,30.0,1,1,1,3,1,0,0,0,0.0,0.0,0,1,0,0,2,1,0
E0004852,TC0004852,P004410,2026-04-26,DEVELOPMENT,1.0,43,17.9,22,7.0,1,0,1,2,1,0,0,0,0.0,0.0,0,1,1,0,4,6,1
E0004853,TC0004853,P004410,2026-07-19,EVALUATION,,43,12.6,18,7.0,0,0,1,1,0,1,1,84,0.011904761904761904,2.0,1,1,1,0,7,6,1
E0004854,TC0004854,P004411,2026-04-30,DEVELOPMENT,0.0,65,16.8,17,7.0,1,1,1,3,1,0,0,0,0.0,0.0,0,1,0,0,4,3,0
E0004855,TC0004855,P004412,2026-06-17,DEVELOPMENT,0.0,33,19.2,19,7.0,1,0,1,2,1,0,0,0,0.0,0.0,0,1,0,0,6,2,0
E0004856,TC0004856,P004413,2026-04-26,DEVELOPMENT,0.0,34,19.2,19,21.0,1,0,0,1,0,0,0,0,0.0,0.0,1,1,1,0,4,6,1
E0004857,TC0004857,P003653,2026-01-23,DEVELOPMENT,0.0,20,20.6,22,7.0,1,0,1,2,1,0,0,0,0.0,2.0,1,1,0,0,1,4,0
E0004858,TC0004858,P004415,2026-01-24,DEVELOPMENT,0.0,64,29.2,10,21.0,0,0,0,0,0,0,0,0,0.0,0.0,0,1,1,0,1,5,1
E0004859,TC0004859,P004416,2026-04-15,DEVELOPMENT,1.0,54,20.6,24,14.0,1,0,1,2,1,0,0,0,0.0,0.0,0,1,0,0,4,2,0
E0004860,TC0004860,P004416,2026-05-06,DEVELOPMENT,1.0,54,20.6,9,7.0,1,1,1,3,1,1,1,21,0.047619047619047616,2.0,1,1,0,0,5,2,0
E0004861,TC0004861,P004417,2026-04-26,DEVELOPMENT,0.0,62,33.3,18,7.0,1,0,1,2,1,0,0,0,0.0,0.0,0,1,0,0,4,6,1
E0004862,TC0004862,P004418,2026-01-06,DEVELOPMENT,0.0,59,12.6,18,14.0,1,1,1,3,1,0,0,0,0.0,0.0,1,1,0,0,1,1,0
E0004863,TC0004863,P004418,2026-07-17,EVALUATION,,59,13.9,23,21.0,1,0,1,2,1,1,1,192,0.005208333333333333,3.0,0,1,0,0,7,4,0
E0004864,TC0004864,P004419,2026-01-16,DEVELOPMENT,0.0,57,12.8,20,30.0,1,0,1,2,1,0,0,0,0.0,0.0,1,1,0,0,1,4,0
E0004865,TC0004865,P004420,2026-01-11,DEVELOPMENT,0.0,45,20.6,9,21.0,0,0,1,1,0,0,0,0,0.0,0.0,0,1,0,0,1,6,1
E0004866,TC0004866,P004421,2026-05-07,DEVELOPMENT,0.0,47,14.1,19,14.0,0,1,1,2,1,0,0,0,0.0,0.0,1,1,0,0,5,3,0
E0004867,TC0004867,P004422,2026-04-28,DEVELOPMENT,1.0,29,26.4,11,21.0,0,1,0,1,0,0,0,0,0.0,0.0,0,1,1,0,4,1,0
E0004868,TC0004868,P004424,2026-02-25,DEVELOPMENT,1.0,42,36.1,23,21.0,1,0,1,2,1,0,0,0,0.0,0.0,0,1,0,0,2,2,0
E0004869,TC0004869,P004425,2026-03-21,DEVELOPMENT,1.0,41,36.5,21,7.0,1,0,1,2,1,0,0,0,0.0,0.0,0,1,0,0,3,5,1
E0004870,TC0004870,P004426,2026-01-29,DEVELOPMENT,0.0,22,10.4,11,7.0,1,1,1,3,1,0,0,0,0.0,0.0,0,1,0,0,1,3,0
E0004871,TC0004871,P004427,2026-05-15,DEVELOPMENT,0.0,63,25.4,21,7.0,0,1,1,2,1,0,0,0,0.0,0.0,0,1,0,0,5,4,0
E0004872,TC0004872,P004427,2026-07-15,EVALUATION,,63,25.4,21,30.0,1,0,1,2,1,1,1,61,0.01639344262295082,2.0,0,1,0,0,7,2,0
E0004873,TC0004873,P004428,2026-04-07,DEVELOPMENT,1.0,60,12.6,13,21.0,1,1,1,3,1,0,0,0,0.0,0.0,0,1,0,0,4,1,0
E0004874,TC0004874,P004429,2026-06-09,DEVELOPMENT,1.0,40,7.3,13,7.0,1,0,1,2,1,1,1,92,0.010869565217391304,0.0,0,0,0,0,6,1,0
E0004875,TC0004875,P004429,2026-07-15,EVALUATION,,40,6.5,23,7.0,0,0,1,1,0,2,1,128,0.015625,2.0,0,0,0,0,7,2,0
E0004876,TC0004876,P004431,2026-05-27,DEVELOPMENT,0.0,57,29.9,13,21.0,1,1,1,3,1,1,1,91,0.01098901098901099,1.0,0,1,0,0,5,2,0
E0004877,TC0004877,P004431,2026-07-05,EVALUATION,,57,2.2,16,21.0,0,0,0,0,0,2,1,130,0.015384615384615385,4.0,0,0,0,0,7,6,1
E0004878,TC0004878,P004432,2026-01-30,DEVELOPMENT,1.0,57,26.3,10,14.0,1,1,1,3,1,0,0,0,0.0,0.0,1,1,0,0,1,4,0
E0004879,TC0004879,P000596,2026-02-21,DEVELOPMENT,1.0,57,18.7,13,7.0,1,0,1,2,1,1,1,46,0.021739130434782608,3.0,1,1,0,0,2,5,1
E0004880,TC0004880,P002849,2026-05-05,DEVELOPMENT,1.0,46,20.0,17,21.0,1,0,0,1,0,0,0,0,0.0,0.0,0,1,0,0,5,1,0
E0004881,TC0004881,P002849,2026-06-23,DEVELOPMENT,1.0,46,19.6,11,21.0,1,1,1,3,1,1,1,49,0.02040816326530612,1.0,0,1,0,0,6,1,0
E0004882,TC0004882,P002849,2026-07-13,EVALUATION,,46,25.7,22,14.0,0,1,1,2,1,2,1,69,0.028985507246376812,4.0,1,1,0,0,7,0,0
E0004883,TC0004883,P004437,2026-06-24,DEVELOPMENT,1.0,63,17.9,8,21.0,1,1,0,2,1,0,0,0,0.0,0.0,1,1,0,0,6,2,0
E0004884,TC0004884,P004438,2026-03-15,DEVELOPMENT,1.0,43,17.9,24,7.0,1,0,1,2,1,0,0,0,0.0,0.0,0,1,0,0,3,6,1
E0004885,TC0004885,P004439,2026-08-10,EVALUATION,,40,25.4,24,30.0,1,0,1,2,1,0,0,0,0.0,0.0,0,1,0,0,8,0,0
E0004886,TC0004886,P004440,2026-04-09,DEVELOPMENT,1.0,50,12.6,13,30.0,1,1,1,3,1,0,0,0,0.0,0.0,1,1,0,0,4,3,0
E0004887,TC0004887,P004441,2026-02-11,DEVELOPMENT,0.0,66,13.9,8,21.0,1,0,1,2,1,0,0,0,0.0,0.0,1,1,1,0,2,2,0
E0004888,TC0004888,P000114,2026-02-06,DEVELOPMENT,1.0,47,35.5,19,14.0,1,0,1,2,1,0,0,0,0.0,1.0,1,1,0,0,2,4,0
E0004889,TC0004889,P004442,2026-06-07,DEVELOPMENT,0.0,33,16.2,13,7.0,1,0,1,2,1,0,0,0,0.0,0.0,0,1,0,0,6,6,1
E0004890,TC0004890,P004443,2026-05-01,DEVELOPMENT,1.0,58,23.1,11,21.0,1,0,0,1,0,0,0,0,0.0,0.0,0,1,0,0,5,4,0
E0004891,TC0004891,P004444,2026-05-02,DEVELOPMENT,1.0,32,25.7,9,21.0,1,0,0,1,0,0,0,0,0.0,0.0,1,1,0,0,5,5,1
E0004892,TC0004892,P004444,2026-06-08,DEVELOPMENT,1.0,32,25.7,12,7.0,1,0,1,2,1,1,1,37,0.02702702702702703,1.0,1,1,0,0,6,0,0
E0004893,TC0004893,P004444,2026-06-26,DEVELOPMENT,1.0,32,19.6,21,14.0,1,0,1,2,1,2,1,55,0.03636363636363636,3.0,1,1,0,0,6,4,0
E0004894,TC0004894,P004445,2026-05-18,DEVELOPMENT,0.0,27,11.9,10,7.0,0,1,1,2,1,0,0,0,0.0,0.0,0,1,0,0,5,0,0
E0004895,TC0004895,P004445,2026-07-09,EVALUATION,,27,20.3,17,21.0,1,1,0,2,1,1,1,52,0.019230769230769232,2.0,0,1,0,0,7,3,0
E0004896,TC0004896,P004446,2026-08-10,EVALUATION,,62,33.3,23,21.0,1,1,1,3,1,0,0,0,0.0,0.0,0,1,0,0,8,0,0
E0004897,TC0004897,P000768,2026-04-01,DEVELOPMENT,0.0,50,2.2,16,7.0,1,1,1,3,1,0,0,0,0.0,3.0,0,0,0,0,4,2,0
E0004898,TC0004898,P004449,2026-03-11,DEVELOPMENT,0.0,51,28.2,16,7.0,1,1,1,3,1,0,0,0,0.0,0.0,0,1,0,0,3,2,0
E0004899,TC0004899,P004450,2026-07-19,EVALUATION,,64,38.9,8,21.0,0,1,1,2,1,0,0,0,0.0,0.0,0,1,0,0,7,6,1
E0004900,TC0004900,P004097,2026-02-05,DEVELOPMENT,0.0,65,15.5,14,14.0,1,0,1,2,1,0,0,0,0.0,3.0,1,1,0,0,2,3,0
E0004901,TC0004901,P004452,2026-04-10,DEVELOPMENT,0.0,44,35.0,21,21.0,1,0,0,1,0,0,0,0,0.0,0.0,1,1,0,0,4,4,0
E0004902,TC0004902,P004453,2026-06-06,DEVELOPMENT,0.0,52,4.1,9,14.0,0,0,1,1,0,0,0,0,0.0,0.0,1,0,1,0,6,5,1
E0004903,TC0004903,P004453,2026-08-01,EVALUATION,,52,35.0,15,21.0,1,0,0,1,0,1,1,56,0.017857142857142856,1.0,1,1,1,0,8,5,1
E0004904,TC0004904,P004454,2026-05-17,DEVELOPMENT,1.0,52,26.2,7,30.0,1,0,1,2,1,0,0,0,0.0,0.0,0,1,0,0,5,6,1
E0004905,TC0004905,P004454,2026-07-12,EVALUATION,,52,26.2,7,21.0,0,0,0,0,0,1,1,56,0.017857142857142856,2.0,0,1,0,0,7,6,1
E0004906,TC0004906,P004455,2026-06-19,DEVELOPMENT,0.0,41,28.2,18,30.0,1,0,1,2,1,0,0,0,0.0,0.0,0,1,0,0,6,4,0
E0004907,TC0004907,P004455,2026-07-25,EVALUATION,,41,7.0,22,21.0,1,0,1,2,1,1,1,36,0.027777777777777776,2.0,1,0,0,0,7,5,1
E0004908,TC0004908,P004456,2026-07-29,EVALUATION,,46,10.8,16,30.0,1,0,1,2,1,0,0,0,0.0,0.0,0,1,0,0,7,2,0
E0004909,TC0004909,P004457,2026-01-02,DEVELOPMENT,0.0,57,26.2,21,21.0,1,1,0,2,1,0,0,0,0.0,0.0,0,1,0,0,1,4,0
E0004910,TC0004910,P004458,2026-06-17,DEVELOPMENT,0.0,88,8.7,9,14.0,1,0,1,2,1,0,0,0,0.0,0.0,0,0,0,0,6,2,0
E0004911,TC0004911,P004459,2026-04-15,DEVELOPMENT,0.0,88,7.4,7,7.0,1,0,1,2,1,0,0,0,0.0,0.0,0,0,0,0,4,2,0
E0004912,TC0004912,P004460,2026-01-26,DEVELOPMENT,0.0,42,8.7,10,21.0,0,1,1,2,1,0,0,0,0.0,0.0,0,0,0,0,1,0,0
E0004913,TC0004913,P004460,2026-06-29,DEVELOPMENT,1.0,42,8.7,23,14.0,1,0,1,2,1,1,1,154,0.006493506493506494,2.0,0,0,0,0,6,0,0
E0004914,TC0004914,P004461,2026-01-27,DEVELOPMENT,1.0,69,20.0,14,30.0,1,1,1,3,1,0,0,0,0.0,0.0,1,1,0,1,1,1,0
E0004915,TC0004915,P004462,2026-02-12,DEVELOPMENT,1.0,58,25.7,12,30.0,0,1,1,2,1,0,0,0,0.0,0.0,0,1,0,0,2,3,0
E0004916,TC0004916,P002151,2026-07-14,EVALUATION,,47,10.4,24,14.0,1,0,1,2,1,1,1,64,0.015625,0.0,0,1,0,0,7,1,0
E0004917,TC0004917,P004465,2026-05-22,DEVELOPMENT,1.0,55,29.9,19,30.0,0,1,1,2,1,0,0,0,0.0,0.0,1,1,0,0,5,4,0
E0004918,TC0004918,P004465,2026-06-20,DEVELOPMENT,1.0,55,29.9,20,7.0,1,0,1,2,1,1,1,29,0.034482758620689655,2.0,1,1,0,0,6,5,1
E0004919,TC0004919,P004466,2026-01-15,DEVELOPMENT,1.0,49,29.4,7,14.0,1,0,1,2,1,0,0,0,0.0,0.0,1,1,1,0,1,3,0
E0004920,TC0004920,P004466,2026-05-30,DEVELOPMENT,0.0,49,25.4,14,21.0,1,1,0,2,1,1,1,135,0.007407407407407408,2.0,0,1,1,0,5,5,1
E0004921,TC0004921,P004467,2026-02-15,DEVELOPMENT,1.0,46,22.8,15,21.0,1,0,1,2,1,0,0,0,0.0,0.0,0,1,0,0,2,6,1
E0004922,TC0004922,P004468,2026-01-07,DEVELOPMENT,0.0,72,3.6,7,7.0,1,0,1,2,1,0,0,0,0.0,0.0,1,0,0,0,1,2,0
E0004923,TC0004923,P004469,2026-08-04,EVALUATION,,41,28.2,22,21.0,0,0,0,0,0,0,0,0,0.0,0.0,0,1,0,0,8,1,0
E0004924,TC0004924,P004470,2026-03-30,DEVELOPMENT,1.0,37,18.0,20,21.0,1,0,0,1,0,0,0,0,0.0,0.0,0,1,0,0,3,0,0
E0004925,TC0004925,P004471,2026-03-15,DEVELOPMENT,1.0,33,6.5,17,14.0,1,1,1,3,1,0,0,0,0.0,0.0,0,0,0,0,3,6,1
E0004926,TC0004926,P004471,2026-04-03,DEVELOPMENT,1.0,33,26.6,23,7.0,1,1,1,3,1,1,1,19,0.05263157894736842,3.0,0,1,0,0,4,4,0
E0004927,TC0004927,P004472,2026-07-13,EVALUATION,,29,11.4,18,21.0,0,0,0,0,0,0,0,0,0.0,0.0,0,1,0,0,7,0,0
E0004928,TC0004928,P000406,2026-01-07,DEVELOPMENT,0.0,54,25.7,7,30.0,0,0,1,1,0,1,1,4,0.25,2.0,0,1,0,0,1,2,0
E0004929,TC0004929,P004475,2026-06-17,DEVELOPMENT,0.0,28,15.5,21,7.0,0,0,1,1,0,0,0,0,0.0,0.0,0,1,0,0,6,2,0
E0004930,TC0004930,P004475,2026-07-08,EVALUATION,,28,15.5,22,14.0,1,1,1,3,1,1,1,21,0.047619047619047616,1.0,1,1,0,0,7,2,0
E0004931,TC0004931,P004476,2026-01-23,DEVELOPMENT,1.0,40,13.9,18,30.0,1,1,1,3,1,0,0,0,0.0,0.0,0,1,0,0,1,4,0
E0004932,TC0004932,P004477,2026-01-25,DEVELOPMENT,1.0,62,17.9,7,21.0,1,1,0,2,1,0,0,0,0.0,0.0,1,1,1,0,1,6,1
E0004933,TC0004933,P004478,2026-06-01,DEVELOPMENT,0.0,41,22.9,13,21.0,1,0,0,1,0,0,0,0,0.0,0.0,0,1,0,0,6,0,0
E0004934,TC0004934,P004478,2026-07-25,EVALUATION,,41,29.6,17,21.0,1,0,1,2,1,1,1,54,0.018518518518518517,1.0,0,1,0,0,7,5,1
E0004935,TC0004935,P004480,2026-02-17,DEVELOPMENT,1.0,50,26.4,11,14.0,1,1,1,3,1,0,0,0,0.0,0.0,0,1,0,0,2,1,0
E0004936,TC0004936,P004481,2026-04-25,DEVELOPMENT,1.0,46,28.3,7,21.0,1,1,0,2,1,0,0,0,0.0,0.0,1,1,0,0,4,5,1
E0004937,TC0004937,P004482,2026-06-21,DEVELOPMENT,1.0,33,33.3,23,7.0,1,1,1,3,1,0,0,0,0.0,0.0,1,1,0,0,6,6,1
E0004938,TC0004938,P004482,2026-08-14,EVALUATION,,33,27.6,21,21.0,1,0,0,1,0,1,1,54,0.018518518518518517,3.0,0,1,0,0,8,4,0
E0004939,TC0004939,P004483,2026-06-04,DEVELOPMENT,1.0,52,8.3,16,30.0,1,0,1,2,1,0,0,0,0.0,0.0,1,0,0,0,6,3,0
E0004940,TC0004940,P004483,2026-07-25,EVALUATION,,52,8.3,14,7.0,1,0,1,2,1,1,1,51,0.0196078431372549,2.0,0,0,0,0,7,5,1
E0004941,TC0004941,P000056,2026-03-13,DEVELOPMENT,1.0,32,2.6,19,21.0,1,1,0,2,1,0,0,0,0.0,2.0,1,0,1,0,3,4,0
E0004942,TC0004942,P000056,2026-04-24,DEVELOPMENT,1.0,32,5.6,11,14.0,1,1,1,3,1,1,1,42,0.023809523809523808,4.0,0,0,1,0,4,4,0
E0004943,TC0004943,P004486,2026-04-28,DEVELOPMENT,1.0,59,18.7,19,7.0,1,0,1,2,1,0,0,0,0.0,0.0,1,1,0,1,4,1,0
E0004944,TC0004944,P004487,2026-04-18,DEVELOPMENT,0.0,58,17.3,17,30.0,0,0,1,1,0,0,0,0,0.0,0.0,1,1,1,0,4,5,1
E0004945,TC0004945,P004487,2026-06-15,DEVELOPMENT,0.0,58,17.3,17,21.0,0,0,0,0,0,1,1,58,0.017241379310344827,1.0,0,1,1,0,6,0,0
E0004946,TC0004946,P004488,2026-02-03,DEVELOPMENT,1.0,76,11.9,9,21.0,1,1,1,3,1,0,0,0,0.0,0.0,0,1,0,0,2,1,0
E0004947,TC0004947,P000504,2026-06-18,DEVELOPMENT,1.0,33,26.2,20,30.0,1,0,1,2,1,0,0,0,0.0,3.0,0,1,1,0,6,3,0
E0004948,TC0004948,P000504,2026-07-22,EVALUATION,,33,26.4,24,21.0,1,0,0,1,0,1,1,34,0.029411764705882353,5.0,0,1,1,0,7,2,0
E0004949,TC0004949,P004490,2026-04-22,DEVELOPMENT,1.0,42,2.6,7,14.0,1,1,1,3,1,0,0,0,0.0,0.0,0,0,1,0,4,2,0
E0004950,TC0004950,P004490,2026-06-14,DEVELOPMENT,1.0,42,18.7,8,21.0,1,0,0,1,0,2,1,53,0.03773584905660377,3.0,0,1,1,0,6,6,1
E0004951,TC0004951,P004490,2026-08-04,EVALUATION,,42,18.7,7,21.0,1,1,0,2,1,3,1,104,0.028846153846153848,4.0,1,1,1,0,8,1,0
E0004952,TC0004952,P004491,2026-04-15,DEVELOPMENT,0.0,43,6.6,24,21.0,0,0,1,1,0,0,0,0,0.0,0.0,0,0,0,1,4,2,0
E0004953,TC0004953,P004492,2026-01-30,DEVELOPMENT,0.0,51,20.0,22,21.0,0,0,1,1,0,0,0,0,0.0,0.0,1,1,0,0,1,4,0
E0004954,TC0004954,P004492,2026-03-23,DEVELOPMENT,0.0,51,19.6,13,30.0,0,1,1,2,1,1,1,52,0.019230769230769232,1.0,0,1,0,0,3,0,0
E0004955,TC0004955,P004493,2026-07-03,EVALUATION,,48,12.6,15,30.0,1,0,1,2,1,0,0,0,0.0,0.0,0,1,0,0,7,4,0
E0004956,TC0004956,P004494,2026-08-01,EVALUATION,,63,5.6,20,7.0,1,0,1,2,1,0,0,0,0.0,0.0,0,0,0,0,8,5,1
E0004957,TC0004957,P004495,2026-01-23,DEVELOPMENT,0.0,45,16.8,22,21.0,1,0,1,2,1,0,0,0,0.0,0.0,0,1,0,0,1,4,0
E0004958,TC0004958,P004495,2026-05-14,DEVELOPMENT,0.0,45,16.8,7,7.0,1,0,1,2,1,1,1,111,0.009009009009009009,2.0,1,1,0,0,5,3,0
E0004959,TC0004959,P004496,2026-04-14,DEVELOPMENT,0.0,64,18.7,17,30.0,0,0,1,1,0,0,0,0,0.0,0.0,0,1,0,0,4,1,0
E0004960,TC0004960,P004499,2026-03-14,DEVELOPMENT,1.0,18,8.7,16,21.0,1,1,0,2,1,0,0,0,0.0,0.0,1,0,0,1,3,5,1
E0004961,TC0004961,P004500,2026-05-04,DEVELOPMENT,0.0,58,12.6,23,14.0,1,0,1,2,1,1,1,87,0.011494252873563218,0.0,1,1,0,0,5,0,0
E0004962,TC0004962,P004501,2026-07-24,EVALUATION,,57,22.2,9,14.0,0,1,1,2,1,0,0,0,0.0,0.0,0,1,1,0,7,4,0
E0004963,TC0004963,P004022,2026-06-14,DEVELOPMENT,1.0,56,6.6,13,7.0,0,1,1,2,1,1,1,18,0.05555555555555555,2.0,0,0,0,0,6,6,1
E0004964,TC0004964,P004503,2026-03-30,DEVELOPMENT,1.0,36,7.0,17,21.0,1,0,0,1,0,0,0,0,0.0,0.0,1,0,0,0,3,0,0
E0004965,TC0004965,P004504,2026-03-09,DEVELOPMENT,1.0,59,26.3,13,21.0,1,0,0,1,0,0,0,0,0.0,0.0,0,1,1,0,3,0,0
E0004966,TC0004966,P004504,2026-05-12,DEVELOPMENT,0.0,59,29.4,13,21.0,1,0,1,2,1,1,1,64,0.015625,1.0,1,1,1,0,5,1,0
E0004967,TC0004967,P004505,2026-05-10,DEVELOPMENT,1.0,26,36.1,24,21.0,1,1,0,2,1,0,0,0,0.0,0.0,0,1,0,0,5,6,1
E0004968,TC0004968,P000639,2026-01-24,DEVELOPMENT,1.0,58,7.6,14,7.0,1,0,1,2,1,0,0,0,0.0,2.0,1,0,1,0,1,5,1
E0004969,TC0004969,P000639,2026-07-05,EVALUATION,,58,19.5,20,21.0,1,0,0,1,0,2,1,162,0.012345679012345678,4.0,0,1,1,0,7,6,1
E0004970,TC0004970,P000168,2026-08-11,EVALUATION,,59,35.4,9,7.0,1,1,1,3,1,0,0,0,0.0,0.0,0,1,0,0,8,1,0
E0004971,TC0004971,P004508,2026-04-27,DEVELOPMENT,0.0,41,22.3,12,21.0,0,0,1,1,0,0,0,0,0.0,0.0,0,1,0,0,4,0,0
E0004972,TC0004972,P004509,2026-02-19,DEVELOPMENT,0.0,52,12.6,19,30.0,1,0,1,2,1,0,0,0,0.0,0.0,0,1,0,0,2,3,0
E0004973,TC0004973,P004490,2026-04-30,DEVELOPMENT,0.0,42,18.7,23,30.0,1,1,1,3,1,1,1,8,0.125,6.0,1,1,1,0,4,3,0
E0004974,TC0004974,P004512,2026-02-15,DEVELOPMENT,0.0,80,18.7,16,14.0,1,0,1,2,1,0,0,0,0.0,0.0,0,1,0,0,2,6,1
E0004975,TC0004975,P004512,2026-04-02,DEVELOPMENT,1.0,80,12.8,12,7.0,1,0,1,2,1,1,1,46,0.021739130434782608,2.0,0,1,0,0,4,3,0
E0004976,TC0004976,P004513,2026-06-21,DEVELOPMENT,0.0,18,23.7,22,21.0,1,0,1,2,1,0,0,0,0.0,0.0,0,1,0,0,6,6,1
E0004977,TC0004977,P004514,2026-05-31,DEVELOPMENT,1.0,74,4.2,13,21.0,1,0,0,1,0,0,0,0,0.0,0.0,1,0,1,0,5,6,1
E0004978,TC0004978,P004516,2026-06-20,DEVELOPMENT,1.0,55,18.7,8,21.0,0,1,1,2,1,0,0,0,0.0,0.0,1,1,0,0,6,5,1
E0004979,TC0004979,P004516,2026-08-12,EVALUATION,,55,18.7,20,14.0,0,0,1,1,0,1,1,53,0.018867924528301886,2.0,0,1,0,0,8,2,0
E0004980,TC0004980,P004517,2026-02-12,DEVELOPMENT,1.0,59,23.7,13,14.0,1,1,1,3,1,0,0,0,0.0,0.0,0,1,0,0,2,3,0
E0004981,TC0004981,P004518,2026-07-06,EVALUATION,,52,19.5,19,21.0,0,0,0,0,0,0,0,0,0.0,0.0,0,1,0,0,7,0,0
E0004982,TC0004982,P004519,2026-02-25,DEVELOPMENT,1.0,33,36.1,11,30.0,1,0,1,2,1,0,0,0,0.0,0.0,0,1,1,0,2,2,0
E0004983,TC0004983,P004520,2026-08-15,EVALUATION,,45,11.5,14,14.0,1,0,1,2,1,0,0,0,0.0,0.0,0,1,0,0,8,5,1
E0004984,TC0004984,P004521,2026-06-16,DEVELOPMENT,1.0,57,6.4,9,21.0,1,0,1,2,1,1,1,8,0.125,0.0,1,0,0,0,6,1,0
E0004985,TC0004985,P004521,2026-07-11,EVALUATION,,57,3.6,9,21.0,1,1,0,2,1,2,1,33,0.06060606060606061,2.0,0,0,0,0,7,5,1
E0004986,TC0004986,P004522,2026-08-09,EVALUATION,,65,13.0,19,21.0,1,0,0,1,0,0,0,0,0.0,0.0,0,1,0,0,8,6,1
E0004987,TC0004987,P004523,2026-03-16,DEVELOPMENT,1.0,73,26.6,13,14.0,1,0,1,2,1,1,1,73,0.0136986301369863,0.0,0,1,0,0,3,0,0
E0004988,TC0004988,P004524,2026-01-16,DEVELOPMENT,0.0,85,7.3,17,14.0,0,0,1,1,0,0,0,0,0.0,0.0,0,0,0,0,1,4,0
E0004989,TC0004989,P004525,2026-04-02,DEVELOPMENT,1.0,52,25.7,8,7.0,0,1,1,2,1,0,0,0,0.0,0.0,0,1,0,0,4,3,0
E0004990,TC0004990,P004525,2026-07-21,EVALUATION,,52,7.3,11,21.0,1,0,0,1,0,1,1,110,0.00909090909090909,2.0,1,0,0,0,7,1,0
E0004991,TC0004991,P004526,2026-07-14,EVALUATION,,55,13.0,20,7.0,0,1,1,2,1,0,0,0,0.0,0.0,0,1,0,0,7,1,0
E0004992,TC0004992,P004527,2026-06-22,DEVELOPMENT,1.0,56,24.9,11,14.0,1,0,1,2,1,0,0,0,0.0,0.0,0,1,0,0,6,0,0
E0004993,TC0004993,P004527,2026-07-18,EVALUATION,,56,24.9,13,21.0,0,1,0,1,0,1,1,26,0.038461538461538464,2.0,0,1,0,0,7,5,1
E0004994,TC0004994,P004527,2026-08-14,EVALUATION,,56,22.9,9,21.0,1,1,1,3,1,2,1,53,0.03773584905660377,3.0,0,1,0,0,8,4,0
E0004995,TC0004995,P004529,2026-07-05,EVALUATION,,77,1.4,15,21.0,1,0,1,2,1,0,0,0,0.0,0.0,0,0,0,0,7,6,1
E0004996,TC0004996,P004529,2026-08-04,EVALUATION,,77,10.8,11,21.0,1,0,1,2,1,1,1,30,0.03333333333333333,2.0,0,1,0,0,8,1,0
E0004997,TC0004997,P000200,2026-05-30,DEVELOPMENT,1.0,30,15.7,24,21.0,1,1,0,2,1,0,0,0,0.0,3.0,0,1,0,0,5,5,1
E0004998,TC0004998,P000200,2026-07-23,EVALUATION,,30,15.7,8,21.0,1,1,1,3,1,1,1,54,0.018518518518518517,5.0,1,1,0,0,7,3,0
E0004999,TC0004999,P004531,2026-06-30,DEVELOPMENT,1.0,67,13.0,24,14.0,1,1,1,3,1,0,0,0,0.0,0.0,0,1,0,0,6,1,0
E0005000,TC0005000,P004532,2026-03-21,DEVELOPMENT,1.0,79,22.8,15,14.0,1,0,1,2,1,0,0,0,0.0,0.0,0,1,0,0,3,5,1
E0005001,TC0005001,P004533,2026-07-30,EVALUATION,,20,2.2,23,14.0,1,0,1,2,1,0,0,0,0.0,0.0,0,0,0,0,7,3,0
E0005002,TC0005002,P004534,2026-07-22,EVALUATION,,50,22.3,24,30.0,1,0,1,2,1,0,0,0,0.0,0.0,1,1,0,0,7,2,0
E0005003,TC0005003,P004535,2026-03-18,DEVELOPMENT,0.0,53,33.3,8,7.0,0,0,1,1,0,0,0,0,0.0,0.0,1,1,0,0,3,2,0
E0005004,TC0005004,P004537,2026-01-26,DEVELOPMENT,0.0,39,22.9,19,21.0,1,0,0,1,0,0,0,0,0.0,0.0,0,1,0,0,1,0,0
E0005005,TC0005005,P004538,2026-07-27,EVALUATION,,80,18.7,10,21.0,1,1,0,2,1,0,0,0,0.0,0.0,0,1,0,0,7,0,0
E0005006,TC0005006,P004539,2026-05-30,DEVELOPMENT,0.0,56,25.4,20,21.0,0,1,0,1,0,0,0,0,0.0,0.0,0,1,0,0,5,5,1
E0005007,TC0005007,P004539,2026-06-26,DEVELOPMENT,1.0,56,36.3,12,7.0,0,0,1,1,0,1,1,27,0.037037037037037035,1.0,0,1,0,0,6,4,0
E0005008,TC0005008,P004541,2026-01-02,DEVELOPMENT,0.0,38,11.4,18,21.0,1,0,0,1,0,0,0,0,0.0,0.0,0,1,0,0,1,4,0
E0005009,TC0005009,P004542,2026-03-01,DEVELOPMENT,0.0,24,7.6,14,21.0,0,1,1,2,1,0,0,0,0.0,0.0,0,0,1,0,3,6,1
E0005010,TC0005010,P004543,2026-02-21,DEVELOPMENT,1.0,40,22.9,19,21.0,1,1,1,3,1,0,0,0,0.0,0.0,0,1,0,0,2,5,1
E0005011,TC0005011,P004545,2026-06-29,DEVELOPMENT,0.0,36,10.4,21,7.0,1,1,1,3,1,0,0,0,0.0,0.0,1,1,0,0,6,0,0
E0005012,TC0005012,P004546,2026-04-05,DEVELOPMENT,0.0,37,18.7,22,21.0,0,0,1,1,0,0,0,0,0.0,0.0,1,1,0,1,4,6,1
E0005013,TC0005013,P004547,2026-08-08,EVALUATION,,51,5.1,24,14.0,0,1,1,2,1,0,0,0,0.0,0.0,0,0,0,0,8,5,1
E0005014,TC0005014,P004548,2026-04-09,DEVELOPMENT,0.0,42,13.2,21,14.0,0,0,1,1,0,0,0,0,0.0,0.0,0,1,0,0,4,3,0
E0005015,TC0005015,P004549,2026-08-07,EVALUATION,,24,17.2,17,21.0,0,1,0,1,0,0,0,0,0.0,0.0,1,1,0,1,8,4,0
E0005016,TC0005016,P000169,2026-02-01,DEVELOPMENT,0.0,68,16.8,17,21.0,1,1,0,2,1,0,0,0,0.0,3.0,0,1,0,0,2,6,1
E0005017,TC0005017,P004551,2026-04-13,DEVELOPMENT,0.0,37,7.3,9,21.0,1,0,0,1,0,0,0,0,0.0,0.0,0,0,0,0,4,0,0
E0005018,TC0005018,P004551,2026-05-13,DEVELOPMENT,0.0,37,26.6,10,21.0,1,0,0,1,0,1,1,30,0.03333333333333333,1.0,1,1,0,0,5,2,0
E0005019,TC0005019,P004552,2026-04-06,DEVELOPMENT,0.0,34,26.3,11,7.0,1,0,1,2,1,0,0,0,0.0,0.0,0,1,0,0,4,0,0
E0005020,TC0005020,P004552,2026-06-13,DEVELOPMENT,1.0,34,29.4,9,21.0,1,0,0,1,0,1,1,68,0.014705882352941176,2.0,1,1,0,0,6,5,1
E0005021,TC0005021,P004553,2026-04-14,DEVELOPMENT,1.0,52,36.3,17,21.0,1,0,0,1,0,0,0,0,0.0,0.0,1,1,0,0,4,1,0
E0005022,TC0005022,P004554,2026-05-02,DEVELOPMENT,0.0,62,8.7,8,14.0,1,0,1,2,1,0,0,0,0.0,0.0,0,0,0,0,5,5,1
E0005023,TC0005023,P004555,2026-08-02,EVALUATION,,53,26.3,17,21.0,1,0,0,1,0,0,0,0,0.0,0.0,0,1,1,0,8,6,1
E0005024,TC0005024,P004556,2026-05-30,DEVELOPMENT,1.0,56,26.6,7,30.0,1,1,1,3,1,0,0,0,0.0,0.0,1,1,0,0,5,5,1
E0005025,TC0005025,P004556,2026-07-17,EVALUATION,,56,7.3,24,21.0,1,1,0,2,1,1,1,48,0.020833333333333332,3.0,1,0,0,0,7,4,0
E0005026,TC0005026,P004557,2026-08-04,EVALUATION,,61,15.7,11,7.0,1,0,1,2,1,0,0,0,0.0,0.0,1,1,0,0,8,1,0
E0005027,TC0005027,P004558,2026-07-30,EVALUATION,,21,7.4,15,21.0,1,0,0,1,0,0,0,0,0.0,0.0,0,0,0,0,7,3,0
E0005028,TC0005028,P004559,2026-05-23,DEVELOPMENT,0.0,36,12.8,20,14.0,0,0,1,1,0,0,0,0,0.0,0.0,0,1,0,0,5,5,1
E0005029,TC0005029,P004560,2026-06-06,DEVELOPMENT,0.0,61,11.4,15,21.0,0,1,0,1,0,0,0,0,0.0,0.0,0,1,0,0,6,5,1
E0005030,TC0005030,P004560,2026-07-19,EVALUATION,,61,19.9,24,21.0,1,1,1,3,1,1,1,43,0.023255813953488372,1.0,0,1,0,0,7,6,1
E0005031,TC0005031,P004561,2026-07-27,EVALUATION,,54,5.6,22,21.0,1,0,0,1,0,0,0,0,0.0,0.0,0,0,0,0,7,0,0
E0005032,TC0005032,P004562,2026-02-02,DEVELOPMENT,1.0,66,13.9,13,7.0,1,0,1,2,1,0,0,0,0.0,0.0,1,1,0,0,2,0,0
E0005033,TC0005033,P004562,2026-03-23,DEVELOPMENT,0.0,66,7.4,12,21.0,1,1,1,3,1,1,1,49,0.02040816326530612,2.0,0,0,0,0,3,0,0
E0005034,TC0005034,P004563,2026-03-04,DEVELOPMENT,1.0,49,28.2,23,7.0,1,0,1,2,1,0,0,0,0.0,0.0,1,1,0,0,3,2,0
E0005035,TC0005035,P004564,2026-07-16,EVALUATION,,53,36.5,19,21.0,1,0,0,1,0,0,0,0,0.0,0.0,0,1,0,0,7,3,0
E0005036,TC0005036,P003269,2026-03-27,DEVELOPMENT,1.0,73,29.4,22,21.0,1,1,0,2,1,1,1,79,0.012658227848101266,2.0,0,1,0,0,3,4,0
E0005037,TC0005037,P004567,2026-07-16,EVALUATION,,18,8.7,7,21.0,1,0,0,1,0,0,0,0,0.0,0.0,0,0,0,0,7,3,0
E0005038,TC0005038,P002355,2026-05-17,DEVELOPMENT,0.0,49,19.5,18,21.0,1,0,0,1,0,0,0,0,0.0,0.0,1,1,0,0,5,6,1
E0005039,TC0005039,P002355,2026-07-13,EVALUATION,,49,7.6,24,7.0,0,0,1,1,0,1,1,57,0.017543859649122806,1.0,0,0,0,0,7,0,0
E0005040,TC0005040,P004571,2026-05-19,DEVELOPMENT,1.0,49,25.4,18,14.0,0,1,1,2,1,0,0,0,0.0,0.0,0,1,0,0,5,1,0
E0005041,TC0005041,P004572,2026-02-13,DEVELOPMENT,0.0,62,27.9,10,7.0,1,0,1,2,1,0,0,0,0.0,0.0,0,1,0,0,2,4,0
E0005042,TC0005042,P004573,2026-07-03,EVALUATION,,52,10.4,23,14.0,0,0,1,1,0,0,0,0,0.0,0.0,1,1,0,0,7,4,0
E0005043,TC0005043,P004574,2026-02-14,DEVELOPMENT,0.0,71,38.9,13,21.0,1,0,1,2,1,0,0,0,0.0,0.0,0,1,0,0,2,5,1
E0005044,TC0005044,P004575,2026-08-13,EVALUATION,,52,25.4,16,21.0,0,1,0,1,0,0,0,0,0.0,0.0,1,1,0,0,8,3,0
E0005045,TC0005045,P004576,2026-04-20,DEVELOPMENT,1.0,42,17.2,17,21.0,1,0,0,1,0,0,0,0,0.0,0.0,0,1,0,0,4,0,0
E0005046,TC0005046,P004577,2026-02-12,DEVELOPMENT,0.0,35,23.1,24,7.0,1,0,1,2,1,0,0,0,0.0,0.0,0,1,0,0,2,3,0
E0005047,TC0005047,P004577,2026-04-19,DEVELOPMENT,0.0,35,23.1,13,30.0,1,0,1,2,1,1,1,66,0.015151515151515152,2.0,0,1,0,0,4,6,1
E0005048,TC0005048,P004578,2026-07-07,EVALUATION,,45,21.3,17,21.0,1,1,0,2,1,0,0,0,0.0,0.0,0,1,0,0,7,1,0
E0005049,TC0005049,P004580,2026-01-12,DEVELOPMENT,1.0,31,16.2,7,21.0,1,1,0,2,1,0,0,0,0.0,0.0,0,1,0,0,1,0,0
E0005050,TC0005050,P004581,2026-08-14,EVALUATION,,68,22.8,20,7.0,1,0,1,2,1,0,0,0,0.0,0.0,0,1,0,0,8,4,0
E0005051,TC0005051,P004582,2026-03-13,DEVELOPMENT,1.0,18,22.2,9,14.0,1,0,1,2,1,0,0,0,0.0,0.0,0,1,0,0,3,4,0
E0005052,TC0005052,P001463,2026-05-06,DEVELOPMENT,0.0,44,29.4,22,14.0,0,0,1,1,0,0,0,0,0.0,6.0,1,1,0,0,5,2,0
E0005053,TC0005053,P001463,2026-05-31,DEVELOPMENT,1.0,44,25.4,11,30.0,1,1,1,3,1,3,1,25,0.12,7.0,1,1,0,0,5,6,1
E0005054,TC0005054,P004584,2026-02-16,DEVELOPMENT,0.0,25,15.5,14,21.0,0,0,0,0,0,0,0,0,0.0,0.0,1,1,0,0,2,0,0
E0005055,TC0005055,P004584,2026-04-13,DEVELOPMENT,0.0,25,21.7,13,14.0,1,0,1,2,1,1,1,56,0.017857142857142856,0.0,0,1,0,0,4,0,0
E0005056,TC0005056,P004585,2026-03-02,DEVELOPMENT,1.0,70,22.1,10,30.0,1,0,1,2,1,0,0,0,0.0,0.0,0,1,0,0,3,0,0
E0005057,TC0005057,P004586,2026-04-14,DEVELOPMENT,0.0,68,9.4,7,21.0,1,0,0,1,0,0,0,0,0.0,0.0,1,0,1,0,4,1,0
E0005058,TC0005058,P004586,2026-05-08,DEVELOPMENT,0.0,68,9.4,7,21.0,1,1,0,2,1,1,1,24,0.041666666666666664,1.0,0,0,1,0,5,4,0
E0005059,TC0005059,P004586,2026-07-01,EVALUATION,,68,14.1,16,21.0,1,0,1,2,1,2,1,78,0.02564102564102564,3.0,0,1,1,0,7,2,0
E0005060,TC0005060,P004587,2026-07-31,EVALUATION,,48,29.7,22,21.0,1,1,1,3,1,0,0,0,0.0,0.0,0,1,0,0,7,4,0
E0005061,TC0005061,P004589,2026-08-08,EVALUATION,,21,19.2,17,30.0,0,1,1,2,1,0,0,0,0.0,0.0,0,1,0,1,8,5,1
E0005062,TC0005062,P003169,2026-06-20,DEVELOPMENT,0.0,52,25.3,13,21.0,0,0,1,1,0,2,1,119,0.01680672268907563,3.0,0,1,0,0,6,5,1
E0005063,TC0005063,P004162,2026-02-28,DEVELOPMENT,0.0,56,27.8,23,30.0,1,1,1,3,1,0,0,0,0.0,2.0,0,1,0,0,2,5,1
E0005064,TC0005064,P004592,2026-05-19,DEVELOPMENT,1.0,40,29.4,20,21.0,1,0,0,1,0,0,0,0,0.0,0.0,0,1,0,0,5,1,0
E0005065,TC0005065,P004592,2026-06-20,DEVELOPMENT,0.0,40,12.8,13,14.0,1,0,1,2,1,1,1,32,0.03125,1.0,0,1,0,0,6,5,1
E0005066,TC0005066,P004593,2026-06-01,DEVELOPMENT,0.0,58,33.3,12,7.0,0,0,1,1,0,0,0,0,0.0,0.0,0,1,0,0,6,0,0
E0005067,TC0005067,P003701,2026-04-01,DEVELOPMENT,0.0,57,20.3,14,30.0,0,0,1,1,0,0,0,0,0.0,1.0,1,1,0,0,4,2,0
E0005068,TC0005068,P004595,2026-03-16,DEVELOPMENT,0.0,28,35.4,10,30.0,1,1,1,3,1,0,0,0,0.0,0.0,0,1,0,0,3,0,0
E0005069,TC0005069,P004595,2026-03-17,DEVELOPMENT,1.0,28,35.4,20,30.0,1,0,1,2,1,1,1,1,1.0,3.0,0,1,0,0,3,1,0
E0005070,TC0005070,P004595,2026-07-08,EVALUATION,,28,26.4,13,21.0,1,0,1,2,1,2,1,114,0.017543859649122806,5.0,0,1,0,0,7,2,0
E0005071,TC0005071,P004596,2026-07-16,EVALUATION,,31,7.0,23,21.0,1,0,1,2,1,0,0,0,0.0,0.0,1,0,0,0,7,3,0
E0005072,TC0005072,P004596,2026-08-03,EVALUATION,,31,7.0,7,21.0,1,1,0,2,1,1,1,18,0.05555555555555555,2.0,0,0,0,0,8,0,0
E0005073,TC0005073,P004598,2026-05-20,DEVELOPMENT,0.0,58,4.1,17,7.0,0,1,1,2,1,0,0,0,0.0,0.0,0,0,0,0,5,2,0
E0005074,TC0005074,P004598,2026-05-25,DEVELOPMENT,0.0,58,4.1,8,7.0,1,0,1,2,1,1,1,5,0.2,2.0,0,0,0,0,5,0,0
E0005075,TC0005075,P004599,2026-04-25,DEVELOPMENT,0.0,35,19.2,18,21.0,1,0,0,1,0,0,0,0,0.0,0.0,0,1,1,0,4,5,1
E0005076,TC0005076,P001542,2026-04-25,DEVELOPMENT,0.0,45,22.3,20,21.0,0,0,0,0,0,1,1,56,0.017857142857142856,1.0,0,1,0,0,4,5,1
E0005077,TC0005077,P004601,2026-07-20,EVALUATION,,60,19.7,13,14.0,1,1,1,3,1,0,0,0,0.0,0.0,0,1,1,0,7,0,0
E0005078,TC0005078,P004602,2026-07-17,EVALUATION,,45,19.2,12,7.0,1,0,1,2,1,0,0,0,0.0,0.0,0,1,0,0,7,4,0
E0005079,TC0005079,P004603,2026-08-14,EVALUATION,,73,4.1,22,21.0,1,0,1,2,1,0,0,0,0.0,0.0,1,0,0,1,8,4,0
E0005080,TC0005080,P004604,2026-07-30,EVALUATION,,49,17.9,19,7.0,0,1,1,2,1,0,0,0,0.0,0.0,0,1,0,0,7,3,0
E0005081,TC0005081,P004605,2026-01-25,DEVELOPMENT,0.0,60,12.8,13,21.0,1,0,0,1,0,0,0,0,0.0,0.0,0,1,0,0,1,6,1
E0005082,TC0005082,P004606,2026-01-04,DEVELOPMENT,0.0,40,17.3,20,21.0,0,0,1,1,0,0,0,0,0.0,0.0,0,1,0,0,1,6,1
E0005083,TC0005083,P004606,2026-06-27,DEVELOPMENT,0.0,40,17.3,8,21.0,1,0,0,1,0,1,1,174,0.005747126436781609,1.0,0,1,0,0,6,5,1
E0005084,TC0005084,P000658,2026-01-15,DEVELOPMENT,1.0,68,8.3,13,30.0,1,1,1,3,1,1,1,4,0.25,5.0,0,0,0,0,1,3,0
E0005085,TC0005085,P004608,2026-08-11,EVALUATION,,75,36.5,21,14.0,1,1,1,3,1,0,0,0,0.0,0.0,0,1,0,0,8,1,0
E0005086,TC0005086,P004609,2026-01-30,DEVELOPMENT,0.0,66,18.4,23,7.0,1,1,1,3,1,0,0,0,0.0,0.0,0,1,0,0,1,4,0
E0005087,TC0005087,P004610,2026-04-17,DEVELOPMENT,0.0,18,18.7,23,21.0,0,1,0,1,0,0,0,0,0.0,0.0,1,1,1,0,4,4,0
E0005088,TC0005088,P004613,2026-08-11,EVALUATION,,35,16.9,14,30.0,1,1,1,3,1,0,0,0,0.0,0.0,0,1,0,0,8,1,0
E0005089,TC0005089,P004614,2026-02-21,DEVELOPMENT,1.0,66,18.7,11,21.0,1,0,1,2,1,0,0,0,0.0,0.0,0,1,0,0,2,5,1
E0005090,TC0005090,P004615,2026-01-28,DEVELOPMENT,0.0,88,17.6,20,21.0,0,0,0,0,0,0,0,0,0.0,0.0,1,1,0,0,1,2,0
E0005091,TC0005091,P004615,2026-07-16,EVALUATION,,88,17.6,11,14.0,1,1,1,3,1,1,1,169,0.005917159763313609,0.0,1,1,0,0,7,3,0
E0005092,TC0005092,P004616,2026-02-05,DEVELOPMENT,0.0,25,6.6,8,21.0,1,0,0,1,0,0,0,0,0.0,0.0,0,0,0,0,2,3,0
E0005093,TC0005093,P004618,2026-02-12,DEVELOPMENT,1.0,57,17.2,22,21.0,1,0,0,1,0,0,0,0,0.0,0.0,1,1,0,1,2,3,0
E0005094,TC0005094,P004619,2026-01-11,DEVELOPMENT,0.0,55,25.7,24,14.0,1,0,1,2,1,0,0,0,0.0,0.0,0,1,0,0,1,6,1
E0005095,TC0005095,P004620,2026-07-01,EVALUATION,,77,4.2,19,14.0,1,0,1,2,1,0,0,0,0.0,0.0,0,0,0,0,7,2,0
E0005096,TC0005096,P004621,2026-03-21,DEVELOPMENT,1.0,54,4.2,14,7.0,1,0,1,2,1,0,0,0,0.0,0.0,1,0,0,0,3,5,1
E0005097,TC0005097,P004622,2026-07-21,EVALUATION,,46,7.6,20,21.0,1,0,1,2,1,0,0,0,0.0,0.0,0,0,0,0,7,1,0
E0005098,TC0005098,P004623,2026-07-12,EVALUATION,,48,36.3,14,14.0,1,0,1,2,1,0,0,0,0.0,0.0,1,1,0,0,7,6,1
E0005099,TC0005099,P004624,2026-03-29,DEVELOPMENT,1.0,22,22.3,10,21.0,1,0,1,2,1,0,0,0,0.0,0.0,1,1,0,0,3,6,1
E0005100,TC0005100,P004625,2026-01-19,DEVELOPMENT,1.0,37,28.3,18,21.0,1,1,0,2,1,0,0,0,0.0,0.0,0,1,0,0,1,0,0
E0005101,TC0005101,P004626,2026-01-05,DEVELOPMENT,0.0,35,18.7,21,14.0,0,0,1,1,0,0,0,0,0.0,0.0,0,1,0,0,1,0,0
E0005102,TC0005102,P004627,2026-02-14,DEVELOPMENT,0.0,49,11.3,21,14.0,0,1,1,2,1,0,0,0,0.0,0.0,0,1,0,0,2,5,1
E0005103,TC0005103,P004628,2026-06-14,DEVELOPMENT,0.0,60,20.6,17,21.0,1,0,0,1,0,0,0,0,0.0,0.0,1,1,0,1,6,6,1
E0005104,TC0005104,P000002,2026-05-04,DEVELOPMENT,1.0,29,26.4,13,14.0,1,0,1,2,1,0,0,0,0.0,0.0,0,1,0,0,5,0,0
E0005105,TC0005105,P004630,2026-05-04,DEVELOPMENT,1.0,28,29.9,7,30.0,1,0,1,2,1,0,0,0,0.0,0.0,0,1,0,0,5,0,0
E0005106,TC0005106,P001855,2026-07-29,EVALUATION,,56,7.3,23,21.0,1,0,1,2,1,1,1,96,0.010416666666666666,1.0,0,0,0,0,7,2,0
E0005107,TC0005107,P004632,2026-05-17,DEVELOPMENT,0.0,58,7.3,12,21.0,1,0,0,1,0,0,0,0,0.0,0.0,1,0,0,0,5,6,1
E0005108,TC0005108,P001296,2026-08-15,EVALUATION,,87,25.3,7,30.0,0,0,1,1,0,1,1,115,0.008695652173913044,1.0,0,1,0,0,8,5,1
E0005109,TC0005109,P004634,2026-06-15,DEVELOPMENT,0.0,77,7.3,18,7.0,1,1,1,3,1,0,0,0,0.0,0.0,0,0,0,0,6,0,0
E0005110,TC0005110,P004634,2026-08-05,EVALUATION,,77,7.3,15,7.0,0,0,1,1,0,1,1,51,0.0196078431372549,3.0,0,0,0,0,8,2,0
E0005111,TC0005111,P004635,2026-08-12,EVALUATION,,71,6.5,7,7.0,1,1,1,3,1,0,0,0,0.0,0.0,1,0,0,0,8,2,0
E0005112,TC0005112,P004637,2026-01-04,DEVELOPMENT,0.0,37,13.9,7,21.0,1,0,1,2,1,0,0,0,0.0,0.0,1,1,0,0,1,6,1
E0005113,TC0005113,P004638,2026-02-01,DEVELOPMENT,0.0,40,20.0,20,21.0,1,1,0,2,1,0,0,0,0.0,0.0,0,1,0,0,2,6,1
E0005114,TC0005114,P004638,2026-07-03,EVALUATION,,40,20.0,17,21.0,1,0,0,1,0,1,1,152,0.006578947368421052,2.0,0,1,0,0,7,4,0
E0005115,TC0005115,P004639,2026-03-21,DEVELOPMENT,0.0,19,7.6,15,21.0,1,1,0,2,1,0,0,0,0.0,0.0,0,0,1,0,3,5,1
E0005116,TC0005116,P004639,2026-05-15,DEVELOPMENT,0.0,19,11.3,15,14.0,0,1,1,2,1,1,1,55,0.01818181818181818,2.0,0,1,1,0,5,4,0
E0005117,TC0005117,P004640,2026-01-17,DEVELOPMENT,0.0,28,25.7,17,21.0,1,0,0,1,0,0,0,0,0.0,0.0,1,1,0,0,1,5,1
E0005118,TC0005118,P004641,2026-01-10,DEVELOPMENT,0.0,77,20.6,22,7.0,1,1,1,3,1,0,0,0,0.0,0.0,0,1,0,0,1,5,1
E0005119,TC0005119,P004641,2026-07-26,EVALUATION,,77,21.3,13,21.0,1,1,1,3,1,1,1,197,0.005076142131979695,3.0,0,1,0,0,7,6,1
E0005120,TC0005120,P004642,2026-06-01,DEVELOPMENT,1.0,67,29.9,15,30.0,1,1,1,3,1,0,0,0,0.0,0.0,1,1,0,0,6,0,0
E0005121,TC0005121,P004643,2026-05-31,DEVELOPMENT,0.0,18,23.7,18,21.0,0,1,0,1,0,0,0,0,0.0,0.0,1,1,1,0,5,6,1
E0005122,TC0005122,P004644,2026-07-25,EVALUATION,,56,36.1,15,21.0,1,0,1,2,1,0,0,0,0.0,0.0,1,1,1,0,7,5,1
E0005123,TC0005123,P004645,2026-03-25,DEVELOPMENT,1.0,64,15.7,14,7.0,1,0,1,2,1,0,0,0,0.0,0.0,0,1,0,0,3,2,0
E0005124,TC0005124,P004647,2026-07-07,EVALUATION,,38,21.1,23,7.0,0,0,1,1,0,0,0,0,0.0,0.0,1,1,0,1,7,1,0
E0005125,TC0005125,P004648,2026-03-20,DEVELOPMENT,1.0,69,22.9,20,21.0,1,1,0,2,1,0,0,0,0.0,0.0,1,1,0,0,3,4,0
E0005126,TC0005126,P004649,2026-04-04,DEVELOPMENT,1.0,46,29.7,14,30.0,1,0,1,2,1,0,0,0,0.0,0.0,0,1,0,0,4,5,1
E0005127,TC0005127,P004650,2026-04-20,DEVELOPMENT,0.0,34,19.2,10,21.0,1,0,0,1,0,0,0,0,0.0,0.0,1,1,0,0,4,0,0
E0005128,TC0005128,P003239,2026-03-29,DEVELOPMENT,1.0,56,18.7,18,14.0,1,1,1,3,1,0,0,0,0.0,0.0,0,1,1,0,3,6,1
E0005129,TC0005129,P003239,2026-05-27,DEVELOPMENT,1.0,56,18.4,13,14.0,1,1,1,3,1,1,1,59,0.01694915254237288,3.0,0,1,1,0,5,2,0
E0005130,TC0005130,P004652,2026-07-28,EVALUATION,,43,20.6,21,7.0,0,1,1,2,1,0,0,0,0.0,0.0,1,1,0,0,7,1,0
E0005131,TC0005131,P004653,2026-01-04,DEVELOPMENT,0.0,50,5.6,13,30.0,1,1,1,3,1,0,0,0,0.0,0.0,0,0,0,1,1,6,1
E0005132,TC0005132,P004654,2026-05-02,DEVELOPMENT,1.0,57,18.7,15,14.0,0,1,1,2,1,0,0,0,0.0,0.0,0,1,0,0,5,5,1
E0005133,TC0005133,P004656,2026-03-09,DEVELOPMENT,1.0,35,18.0,11,14.0,1,1,1,3,1,0,0,0,0.0,0.0,0,1,0,0,3,0,0
E0005134,TC0005134,P004657,2026-05-05,DEVELOPMENT,1.0,52,36.5,23,21.0,1,0,0,1,0,0,0,0,0.0,0.0,0,1,0,0,5,1,0
E0005135,TC0005135,P004658,2026-06-01,DEVELOPMENT,0.0,47,12.6,21,14.0,1,1,1,3,1,0,0,0,0.0,0.0,0,1,0,1,6,0,0
E0005136,TC0005136,P004660,2026-01-19,DEVELOPMENT,1.0,51,6.5,23,14.0,1,1,1,3,1,0,0,0,0.0,0.0,0,0,0,1,1,0,0
E0005137,TC0005137,P004660,2026-07-07,EVALUATION,,51,6.5,9,14.0,1,0,1,2,1,1,1,169,0.005917159763313609,3.0,0,0,0,1,7,1,0
E0005138,TC0005138,P004661,2026-06-18,DEVELOPMENT,0.0,62,18.7,16,21.0,0,0,1,1,0,0,0,0,0.0,0.0,1,1,1,0,6,3,0
E0005139,TC0005139,P004662,2026-06-05,DEVELOPMENT,1.0,57,26.2,7,14.0,1,0,1,2,1,0,0,0,0.0,0.0,1,1,0,0,6,4,0
E0005140,TC0005140,P004662,2026-07-06,EVALUATION,,57,35.4,10,7.0,1,1,1,3,1,1,1,31,0.03225806451612903,2.0,0,1,0,0,7,0,0
E0005141,TC0005141,P004664,2026-08-10,EVALUATION,,62,12.6,7,14.0,0,0,1,1,0,0,0,0,0.0,0.0,0,1,1,0,8,0,0
E0005142,TC0005142,P004665,2026-03-26,DEVELOPMENT,1.0,81,17.6,23,21.0,1,1,0,2,1,0,0,0,0.0,0.0,1,1,0,0,3,3,0
E0005143,TC0005143,P004665,2026-04-11,DEVELOPMENT,1.0,81,16.9,9,30.0,1,0,1,2,1,1,1,16,0.0625,2.0,1,1,0,0,4,5,1
E0005144,TC0005144,P004666,2026-01-03,DEVELOPMENT,1.0,45,33.3,22,14.0,0,1,1,2,1,0,0,0,0.0,0.0,1,1,0,0,1,5,1
E0005145,TC0005145,P004667,2026-06-06,DEVELOPMENT,0.0,51,11.3,23,14.0,1,0,1,2,1,0,0,0,0.0,0.0,0,1,0,0,6,5,1
E0005146,TC0005146,P004667,2026-07-30,EVALUATION,,51,19.5,12,21.0,1,0,1,2,1,1,1,54,0.018518518518518517,2.0,0,1,0,0,7,3,0
E0005147,TC0005147,P004668,2026-06-17,DEVELOPMENT,0.0,47,11.3,24,21.0,1,0,1,2,1,0,0,0,0.0,0.0,0,1,0,0,6,2,0
E0005148,TC0005148,P004669,2026-05-11,DEVELOPMENT,1.0,58,26.4,17,7.0,0,0,1,1,0,0,0,0,0.0,0.0,0,1,0,0,5,0,0
E0005149,TC0005149,P004670,2026-06-01,DEVELOPMENT,1.0,78,23.1,10,21.0,1,1,0,2,1,0,0,0,0.0,0.0,0,1,0,0,6,0,0
E0005150,TC0005150,P004671,2026-07-30,EVALUATION,,30,25.3,11,7.0,1,1,1,3,1,0,0,0,0.0,0.0,0,1,0,0,7,3,0
E0005151,TC0005151,P004671,2026-08-08,EVALUATION,,30,25.3,24,21.0,1,1,0,2,1,1,1,9,0.1111111111111111,3.0,0,1,0,0,8,5,1
E0005152,TC0005152,P004672,2026-07-28,EVALUATION,,33,17.3,17,21.0,1,0,0,1,0,0,0,0,0.0,0.0,1,1,0,0,7,1,0
E0005153,TC0005153,P004673,2026-04-03,DEVELOPMENT,1.0,22,25.4,7,21.0,1,0,1,2,1,0,0,0,0.0,0.0,0,1,0,0,4,4,0
E0005154,TC0005154,P004674,2026-05-16,DEVELOPMENT,1.0,37,36.3,18,21.0,1,1,0,2,1,0,0,0,0.0,0.0,0,1,0,0,5,5,1
E0005155,TC0005155,P004675,2026-02-20,DEVELOPMENT,0.0,65,6.4,18,14.0,0,0,1,1,0,0,0,0,0.0,0.0,0,0,0,0,2,4,0
E0005156,TC0005156,P004678,2026-08-11,EVALUATION,,42,29.4,17,21.0,1,1,0,2,1,0,0,0,0.0,0.0,0,1,0,0,8,1,0
E0005157,TC0005157,P004679,2026-05-14,DEVELOPMENT,0.0,64,11.5,19,14.0,1,0,1,2,1,0,0,0,0.0,0.0,0,1,0,0,5,3,0
E0005158,TC0005158,P004680,2026-03-20,DEVELOPMENT,1.0,69,20.3,20,21.0,1,1,1,3,1,0,0,0,0.0,0.0,0,1,0,0,3,4,0
E0005159,TC0005159,P004681,2026-06-04,DEVELOPMENT,0.0,48,18.4,22,21.0,1,1,0,2,1,0,0,0,0.0,0.0,1,1,1,0,6,3,0
E0005160,TC0005160,P004682,2026-06-26,DEVELOPMENT,0.0,27,13.9,12,7.0,1,1,1,3,1,0,0,0,0.0,0.0,0,1,0,0,6,4,0
E0005161,TC0005161,P004683,2026-04-12,DEVELOPMENT,1.0,63,35.4,13,21.0,1,0,0,1,0,0,0,0,0.0,0.0,0,1,0,0,4,6,1
E0005162,TC0005162,P004684,2026-02-27,DEVELOPMENT,0.0,71,5.6,23,14.0,1,0,1,2,1,0,0,0,0.0,0.0,0,0,0,0,2,4,0
E0005163,TC0005163,P004684,2026-04-13,DEVELOPMENT,0.0,71,18.7,8,14.0,0,1,1,2,1,1,1,45,0.022222222222222223,2.0,0,1,0,0,4,0,0
E0005164,TC0005164,P004685,2026-03-06,DEVELOPMENT,1.0,51,27.8,24,7.0,1,1,1,3,1,0,0,0,0.0,0.0,1,1,0,0,3,4,0
E0005165,TC0005165,P004686,2026-07-22,EVALUATION,,50,25.4,8,21.0,1,1,1,3,1,0,0,0,0.0,0.0,0,1,0,0,7,2,0
E0005166,TC0005166,P004687,2026-04-05,DEVELOPMENT,1.0,38,19.7,9,30.0,0,1,1,2,1,0,0,0,0.0,0.0,1,1,0,0,4,6,1
E0005167,TC0005167,P004688,2026-06-05,DEVELOPMENT,0.0,44,6.5,17,21.0,1,0,1,2,1,0,0,0,0.0,0.0,1,0,0,0,6,4,0
E0005168,TC0005168,P004689,2026-05-19,DEVELOPMENT,0.0,50,6.7,17,21.0,1,0,1,2,1,0,0,0,0.0,0.0,0,0,0,0,5,1,0
E0005169,TC0005169,P001619,2026-07-03,EVALUATION,,44,2.2,23,30.0,1,0,1,2,1,0,0,0,0.0,0.0,0,0,0,0,7,4,0
E0005170,TC0005170,P004691,2026-03-17,DEVELOPMENT,1.0,48,11.4,11,14.0,1,1,1,3,1,0,0,0,0.0,0.0,0,1,0,0,3,1,0
E0005171,TC0005171,P004692,2026-07-26,EVALUATION,,33,11.4,9,14.0,0,0,1,1,0,0,0,0,0.0,0.0,0,1,0,0,7,6,1
E0005172,TC0005172,P004693,2026-02-17,DEVELOPMENT,0.0,37,13.9,18,21.0,1,1,0,2,1,0,0,0,0.0,0.0,0,1,0,0,2,1,0
E0005173,TC0005173,P004694,2026-06-23,DEVELOPMENT,0.0,68,15.7,18,7.0,0,0,1,1,0,0,0,0,0.0,0.0,0,1,0,0,6,1,0
E0005174,TC0005174,P004695,2026-02-25,DEVELOPMENT,1.0,67,9.4,14,7.0,1,0,1,2,1,0,0,0,0.0,0.0,0,0,0,0,2,2,0
E0005175,TC0005175,P004696,2026-01-02,DEVELOPMENT,0.0,53,33.3,10,21.0,1,0,0,1,0,0,0,0,0.0,0.0,1,1,0,1,1,4,0
E0005176,TC0005176,P004697,2026-08-12,EVALUATION,,37,15.7,7,21.0,1,0,0,1,0,0,0,0,0.0,0.0,0,1,0,0,8,2,0
E0005177,TC0005177,P004698,2026-02-22,DEVELOPMENT,0.0,48,22.9,16,7.0,0,0,1,1,0,0,0,0,0.0,0.0,1,1,0,1,2,6,1
E0005178,TC0005178,P004698,2026-05-06,DEVELOPMENT,1.0,48,22.9,12,14.0,1,0,1,2,1,1,1,73,0.0136986301369863,1.0,0,1,0,1,5,2,0
E0005179,TC0005179,P004699,2026-01-03,DEVELOPMENT,1.0,50,18.7,10,7.0,0,1,1,2,1,0,0,0,0.0,0.0,1,1,0,1,1,5,1
E0005180,TC0005180,P004700,2026-02-22,DEVELOPMENT,0.0,62,25.7,10,21.0,1,1,0,2,1,0,0,0,0.0,0.0,0,1,1,0,2,6,1
E0005181,TC0005181,P004702,2026-01-20,DEVELOPMENT,0.0,61,21.1,14,21.0,1,1,0,2,1,0,0,0,0.0,0.0,0,1,0,0,1,1,0
E0005182,TC0005182,P004704,2026-07-10,EVALUATION,,25,36.5,9,21.0,1,1,1,3,1,0,0,0,0.0,0.0,0,1,0,0,7,4,0
E0005183,TC0005183,P004705,2026-05-18,DEVELOPMENT,1.0,60,25.7,13,21.0,1,0,0,1,0,0,0,0,0.0,0.0,0,1,0,0,5,0,0
E0005184,TC0005184,P004706,2026-04-11,DEVELOPMENT,0.0,81,12.6,22,21.0,1,0,0,1,0,0,0,0,0.0,0.0,1,1,0,0,4,5,1
E0005185,TC0005185,P004706,2026-05-16,DEVELOPMENT,0.0,81,12.6,13,14.0,0,0,1,1,0,1,1,35,0.02857142857142857,1.0,0,1,0,0,5,5,1
E0005186,TC0005186,P004709,2026-01-13,DEVELOPMENT,0.0,79,27.9,8,21.0,1,1,0,2,1,0,0,0,0.0,0.0,0,1,0,1,1,1,0
E0005187,TC0005187,P004709,2026-06-06,DEVELOPMENT,1.0,79,27.9,8,7.0,1,0,1,2,1,1,1,144,0.006944444444444444,2.0,0,1,0,1,6,5,1
E0005188,TC0005188,P002939,2026-05-14,DEVELOPMENT,1.0,18,6.7,22,21.0,1,0,0,1,0,0,0,0,0.0,0.0,0,0,0,0,5,3,0
E0005189,TC0005189,P002939,2026-06-10,DEVELOPMENT,0.0,18,36.5,10,30.0,0,1,1,2,1,1,1,27,0.037037037037037035,1.0,0,1,0,0,6,2,0
E0005190,TC0005190,P004711,2026-04-23,DEVELOPMENT,1.0,48,22.3,16,30.0,1,0,1,2,1,0,0,0,0.0,0.0,0,1,0,0,4,3,0
E0005191,TC0005191,P004711,2026-08-15,EVALUATION,,48,22.3,11,21.0,0,0,0,0,0,1,1,114,0.008771929824561403,2.0,0,1,0,0,8,5,1
E0005192,TC0005192,P004713,2026-08-06,EVALUATION,,49,27.9,22,21.0,1,0,1,2,1,0,0,0,0.0,0.0,0,1,0,0,8,3,0
E0005193,TC0005193,P004714,2026-08-03,EVALUATION,,67,28.3,11,7.0,1,0,1,2,1,0,0,0,0.0,0.0,1,1,0,0,8,0,0
E0005194,TC0005194,P004715,2026-02-08,DEVELOPMENT,1.0,49,21.7,19,7.0,0,0,1,1,0,0,0,0,0.0,0.0,0,1,0,0,2,6,1
E0005195,TC0005195,P000089,2026-04-21,DEVELOPMENT,0.0,18,21.3,14,30.0,1,0,1,2,1,0,0,0,0.0,0.0,1,1,0,0,4,1,0
E0005196,TC0005196,P004716,2026-05-18,DEVELOPMENT,1.0,31,29.7,24,21.0,0,1,0,1,0,0,0,0,0.0,0.0,0,1,0,0,5,0,0
E0005197,TC0005197,P004717,2026-08-12,EVALUATION,,51,4.2,7,21.0,1,0,1,2,1,0,0,0,0.0,0.0,0,0,0,0,8,2,0
E0005198,TC0005198,P004718,2026-03-04,DEVELOPMENT,0.0,71,29.4,13,21.0,1,0,1,2,1,0,0,0,0.0,0.0,0,1,0,0,3,2,0
E0005199,TC0005199,P004719,2026-07-02,EVALUATION,,47,12.6,13,14.0,1,0,1,2,1,0,0,0,0.0,0.0,1,1,0,0,7,3,0
E0005200,TC0005200,P003699,2026-08-13,EVALUATION,,21,29.7,14,21.0,1,0,0,1,0,0,0,0,0.0,0.0,1,1,0,0,8,3,0
E0005201,TC0005201,P004724,2026-06-22,DEVELOPMENT,1.0,80,17.2,14,30.0,0,1,1,2,1,0,0,0,0.0,0.0,0,1,0,0,6,0,0
E0005202,TC0005202,P004724,2026-06-29,DEVELOPMENT,0.0,80,12.8,19,21.0,1,0,0,1,0,1,1,7,0.14285714285714285,2.0,1,1,0,0,6,0,0
E0005203,TC0005203,P004724,2026-08-11,EVALUATION,,80,12.8,18,30.0,1,0,1,2,1,2,1,50,0.04,3.0,0,1,0,0,8,1,0
E0005204,TC0005204,P004726,2026-08-06,EVALUATION,,37,10.4,7,14.0,0,0,1,1,0,0,0,0,0.0,0.0,0,1,0,0,8,3,0
E0005205,TC0005205,P004727,2026-08-06,EVALUATION,,79,21.1,18,7.0,1,0,1,2,1,0,0,0,0.0,0.0,0,1,0,0,8,3,0
E0005206,TC0005206,P004729,2026-02-04,DEVELOPMENT,0.0,50,21.1,9,7.0,1,0,1,2,1,0,0,0,0.0,0.0,0,1,0,0,2,2,0
E0005207,TC0005207,P004730,2026-07-25,EVALUATION,,37,13.9,10,21.0,0,1,1,2,1,0,0,0,0.0,0.0,0,1,1,0,7,5,1
E0005208,TC0005208,P004730,2026-08-12,EVALUATION,,37,8.7,8,21.0,1,0,0,1,0,1,1,18,0.05555555555555555,2.0,0,0,1,0,8,2,0
E0005209,TC0005209,P003200,2026-03-02,DEVELOPMENT,1.0,51,7.0,7,30.0,0,1,1,2,1,0,0,0,0.0,0.0,0,0,0,0,3,0,0
E0005210,TC0005210,P004732,2026-04-16,DEVELOPMENT,1.0,26,29.6,15,21.0,1,0,1,2,1,0,0,0,0.0,0.0,0,1,0,0,4,3,0
E0005211,TC0005211,P001753,2026-06-25,DEVELOPMENT,1.0,25,33.3,21,21.0,0,0,1,1,0,0,0,0,0.0,0.0,0,1,0,0,6,3,0
E0005212,TC0005212,P004734,2026-05-28,DEVELOPMENT,1.0,31,17.6,24,21.0,1,1,0,2,1,0,0,0,0.0,0.0,0,1,0,0,5,3,0
E0005213,TC0005213,P004735,2026-02-23,DEVELOPMENT,1.0,50,28.3,14,30.0,1,1,1,3,1,0,0,0,0.0,0.0,1,1,0,0,2,0,0
E0005214,TC0005214,P004735,2026-03-24,DEVELOPMENT,0.0,50,17.3,21,14.0,1,0,1,2,1,1,1,29,0.034482758620689655,3.0,0,1,0,0,3,1,0
E0005215,TC0005215,P004736,2026-05-06,DEVELOPMENT,0.0,39,4.1,17,14.0,1,0,1,2,1,0,0,0,0.0,0.0,1,0,1,0,5,2,0
E0005216,TC0005216,P001527,2026-02-22,DEVELOPMENT,1.0,31,11.3,23,21.0,1,0,0,1,0,0,0,0,0.0,1.0,0,1,0,0,2,6,1
E0005217,TC0005217,P004738,2026-01-11,DEVELOPMENT,1.0,53,11.3,21,14.0,1,1,1,3,1,0,0,0,0.0,0.0,0,1,1,0,1,6,1
E0005218,TC0005218,P004739,2026-03-22,DEVELOPMENT,0.0,68,6.5,21,21.0,0,0,0,0,0,0,0,0,0.0,0.0,0,0,0,0,3,6,1
E0005219,TC0005219,P004740,2026-07-28,EVALUATION,,40,29.2,23,14.0,1,1,1,3,1,0,0,0,0.0,0.0,0,1,0,0,7,1,0
E0005220,TC0005220,P004740,2026-08-09,EVALUATION,,40,22.8,23,30.0,1,0,1,2,1,1,1,12,0.08333333333333333,3.0,0,1,0,0,8,6,1
E0005221,TC0005221,P004741,2026-04-07,DEVELOPMENT,1.0,59,22.1,23,30.0,1,0,1,2,1,0,0,0,0.0,0.0,1,1,0,0,4,1,0
E0005222,TC0005222,P004742,2026-07-27,EVALUATION,,53,15.5,16,21.0,1,0,1,2,1,0,0,0,0.0,0.0,0,1,0,0,7,0,0
E0005223,TC0005223,P004743,2026-05-18,DEVELOPMENT,0.0,66,19.7,20,21.0,1,0,0,1,0,0,0,0,0.0,0.0,1,1,0,0,5,0,0
E0005224,TC0005224,P000279,2026-03-13,DEVELOPMENT,1.0,59,10.8,24,21.0,1,0,0,1,0,0,0,0,0.0,2.0,0,1,1,0,3,4,0
E0005225,TC0005225,P004746,2026-05-03,DEVELOPMENT,1.0,88,21.7,20,30.0,1,1,1,3,1,0,0,0,0.0,0.0,0,1,0,1,5,6,1
E0005226,TC0005226,P004747,2026-05-22,DEVELOPMENT,1.0,30,22.3,16,21.0,1,0,1,2,1,0,0,0,0.0,0.0,0,1,0,0,5,4,0
E0005227,TC0005227,P004747,2026-06-21,DEVELOPMENT,0.0,30,19.2,17,21.0,1,0,0,1,0,1,1,30,0.03333333333333333,2.0,1,1,0,0,6,6,1
E0005228,TC0005228,P004748,2026-02-22,DEVELOPMENT,0.0,24,4.2,23,21.0,1,1,0,2,1,0,0,0,0.0,0.0,1,0,0,0,2,6,1
E0005229,TC0005229,P004749,2026-05-23,DEVELOPMENT,0.0,58,13.9,22,21.0,1,0,0,1,0,0,0,0,0.0,0.0,0,1,0,1,5,5,1
E0005230,TC0005230,P004749,2026-07-20,EVALUATION,,58,8.7,17,30.0,0,0,1,1,0,1,1,58,0.017241379310344827,1.0,0,0,0,1,7,0,0
E0005231,TC0005231,P004750,2026-02-15,DEVELOPMENT,1.0,66,15.5,22,21.0,1,0,0,1,0,0,0,0,0.0,0.0,0,1,0,0,2,6,1
E0005232,TC0005232,P004750,2026-05-24,DEVELOPMENT,0.0,66,15.5,15,21.0,1,0,1,2,1,1,1,98,0.01020408163265306,1.0,1,1,0,0,5,6,1
E0005233,TC0005233,P004751,2026-05-22,DEVELOPMENT,0.0,60,23.7,16,21.0,0,0,0,0,0,0,0,0,0.0,0.0,0,1,0,0,5,4,0
E0005234,TC0005234,P004523,2026-01-02,DEVELOPMENT,0.0,73,33.3,18,30.0,1,0,1,2,1,0,0,0,0.0,2.0,1,1,0,0,1,4,0
E0005235,TC0005235,P004754,2026-03-24,DEVELOPMENT,0.0,61,16.8,14,21.0,1,0,1,2,1,0,0,0,0.0,0.0,0,1,0,0,3,1,0
E0005236,TC0005236,P004755,2026-04-17,DEVELOPMENT,1.0,32,7.4,23,14.0,1,1,1,3,1,0,0,0,0.0,0.0,0,0,0,0,4,4,0
E0005237,TC0005237,P004755,2026-07-14,EVALUATION,,32,6.6,24,21.0,1,1,0,2,1,1,1,88,0.011363636363636364,3.0,0,0,0,0,7,1,0
E0005238,TC0005238,P004756,2026-02-12,DEVELOPMENT,0.0,49,23.1,24,7.0,1,1,1,3,1,0,0,0,0.0,0.0,0,1,0,0,2,3,0
E0005239,TC0005239,P004756,2026-08-13,EVALUATION,,49,23.1,7,7.0,0,0,1,1,0,1,1,182,0.005494505494505495,3.0,1,1,0,0,8,3,0
E0005240,TC0005240,P004177,2026-04-15,DEVELOPMENT,0.0,27,16.2,21,21.0,0,0,0,0,0,1,1,10,0.1,3.0,0,1,0,0,4,2,0
E0005241,TC0005241,P004373,2026-01-23,DEVELOPMENT,1.0,41,22.3,16,14.0,1,1,1,3,1,0,0,0,0.0,3.0,0,1,0,0,1,4,0
E0005242,TC0005242,P004373,2026-04-15,DEVELOPMENT,1.0,41,22.3,14,7.0,1,0,1,2,1,2,1,82,0.024390243902439025,6.0,0,1,0,0,4,2,0
E0005243,TC0005243,P004760,2026-03-06,DEVELOPMENT,1.0,45,33.3,24,21.0,1,0,0,1,0,0,0,0,0.0,0.0,1,1,0,0,3,4,0
E0005244,TC0005244,P004761,2026-02-19,DEVELOPMENT,1.0,41,20.3,13,21.0,1,0,0,1,0,0,0,0,0.0,0.0,0,1,0,0,2,3,0
E0005245,TC0005245,P004762,2026-02-20,DEVELOPMENT,1.0,38,33.3,22,21.0,0,1,0,1,0,0,0,0,0.0,0.0,0,1,0,0,2,4,0
E0005246,TC0005246,P004763,2026-05-27,DEVELOPMENT,1.0,29,13.2,11,21.0,1,0,0,1,0,0,0,0,0.0,0.0,0,1,0,0,5,2,0
E0005247,TC0005247,P004764,2026-05-14,DEVELOPMENT,0.0,84,27.8,8,14.0,0,0,1,1,0,0,0,0,0.0,0.0,0,1,0,0,5,3,0
E0005248,TC0005248,P004764,2026-06-18,DEVELOPMENT,0.0,84,27.8,12,7.0,1,0,1,2,1,1,1,35,0.02857142857142857,1.0,1,1,0,0,6,3,0
E0005249,TC0005249,P004765,2026-04-05,DEVELOPMENT,1.0,58,21.3,10,7.0,1,0,1,2,1,0,0,0,0.0,0.0,0,1,0,0,4,6,1
E0005250,TC0005250,P004767,2026-07-16,EVALUATION,,45,7.3,23,7.0,1,0,1,2,1,0,0,0,0.0,0.0,1,0,0,1,7,3,0
E0005251,TC0005251,P004768,2026-04-17,DEVELOPMENT,0.0,37,25.4,10,21.0,0,1,1,2,1,0,0,0,0.0,0.0,0,1,0,0,4,4,0
E0005252,TC0005252,P004769,2026-08-07,EVALUATION,,80,6.6,24,30.0,1,0,1,2,1,0,0,0,0.0,0.0,0,0,0,0,8,4,0
E0005253,TC0005253,P004770,2026-03-18,DEVELOPMENT,0.0,36,22.3,13,14.0,1,0,1,2,1,0,0,0,0.0,0.0,1,1,0,0,3,2,0
E0005254,TC0005254,P004771,2026-06-16,DEVELOPMENT,0.0,26,22.3,10,21.0,1,1,0,2,1,0,0,0,0.0,0.0,1,1,0,0,6,1,0
E0005255,TC0005255,P004772,2026-07-29,EVALUATION,,27,12.8,20,7.0,1,1,1,3,1,0,0,0,0.0,0.0,1,1,0,0,7,2,0
E0005256,TC0005256,P004773,2026-05-09,DEVELOPMENT,0.0,30,20.0,22,21.0,0,0,0,0,0,0,0,0,0.0,0.0,0,1,0,1,5,5,1
E0005257,TC0005257,P004774,2026-03-18,DEVELOPMENT,1.0,53,26.6,13,14.0,1,0,1,2,1,0,0,0,0.0,0.0,1,1,0,0,3,2,0
E0005258,TC0005258,P004774,2026-08-09,EVALUATION,,53,26.6,19,21.0,1,0,0,1,0,1,1,144,0.006944444444444444,2.0,0,1,0,0,8,6,1
E0005259,TC0005259,P004775,2026-07-22,EVALUATION,,43,20.6,10,7.0,1,0,1,2,1,0,0,0,0.0,0.0,0,1,0,0,7,2,0
E0005260,TC0005260,P004776,2026-04-12,DEVELOPMENT,1.0,58,19.2,22,21.0,1,0,1,2,1,0,0,0,0.0,0.0,0,1,0,0,4,6,1
E0005261,TC0005261,P004777,2026-08-03,EVALUATION,,55,35.4,7,30.0,1,1,1,3,1,0,0,0,0.0,0.0,0,1,0,0,8,0,0
E0005262,TC0005262,P004778,2026-04-10,DEVELOPMENT,0.0,64,2.2,21,7.0,1,0,1,2,1,0,0,0,0.0,0.0,1,0,0,0,4,4,0
E0005263,TC0005263,P000265,2026-06-03,DEVELOPMENT,1.0,60,22.3,13,14.0,1,1,1,3,1,1,1,117,0.008547008547008548,3.0,0,1,1,0,6,2,0
E0005264,TC0005264,P001181,2026-04-14,DEVELOPMENT,1.0,68,6.4,16,21.0,1,1,1,3,1,2,1,22,0.09090909090909091,4.0,1,0,0,0,4,1,0
E0005265,TC0005265,P000301,2026-05-07,DEVELOPMENT,0.0,18,2.6,15,7.0,1,0,1,2,1,1,1,2,0.5,3.0,0,0,0,0,5,3,0
E0005266,TC0005266,P004782,2026-01-08,DEVELOPMENT,1.0,46,18.7,24,7.0,0,1,1,2,1,0,0,0,0.0,0.0,1,1,1,0,1,3,0
E0005267,TC0005267,P004783,2026-01-17,DEVELOPMENT,1.0,30,21.7,18,14.0,0,1,1,2,1,0,0,0,0.0,0.0,0,1,0,0,1,5,1
E0005268,TC0005268,P004784,2026-05-20,DEVELOPMENT,0.0,38,9.4,10,21.0,1,0,1,2,1,0,0,0,0.0,0.0,1,0,1,0,5,2,0
E0005269,TC0005269,P004785,2026-02-05,DEVELOPMENT,0.0,65,6.6,19,21.0,0,1,0,1,0,0,0,0,0.0,0.0,1,0,0,0,2,3,0
E0005270,TC0005270,P004786,2026-07-05,EVALUATION,,56,25.4,13,21.0,0,0,0,0,0,0,0,0,0.0,0.0,0,1,0,1,7,6,1
E0005271,TC0005271,P004787,2026-05-09,DEVELOPMENT,1.0,39,17.3,12,14.0,1,0,1,2,1,0,0,0,0.0,0.0,0,1,0,0,5,5,1
E0005272,TC0005272,P001647,2026-06-28,DEVELOPMENT,1.0,39,17.3,18,21.0,1,1,0,2,1,1,1,58,0.017241379310344827,3.0,0,1,1,0,6,6,1
E0005273,TC0005273,P004091,2026-06-10,DEVELOPMENT,0.0,48,33.3,23,7.0,0,0,1,1,0,0,0,0,0.0,0.0,0,1,0,0,6,2,0
E0005274,TC0005274,P004788,2026-08-03,EVALUATION,,46,15.5,8,14.0,1,0,1,2,1,0,0,0,0.0,0.0,1,1,0,0,8,0,0
E0005275,TC0005275,P004789,2026-06-03,DEVELOPMENT,1.0,33,7.0,11,7.0,1,0,1,2,1,0,0,0,0.0,0.0,1,0,0,0,6,2,0
E0005276,TC0005276,P004789,2026-07-27,EVALUATION,,33,23.7,8,30.0,1,0,1,2,1,1,1,54,0.018518518518518517,2.0,0,1,0,0,7,0,0
E0005277,TC0005277,P004500,2026-02-06,DEVELOPMENT,0.0,58,12.6,8,7.0,0,1,1,2,1,0,0,0,0.0,2.0,0,1,0,0,2,4,0
E0005278,TC0005278,P004792,2026-01-23,DEVELOPMENT,1.0,47,35.5,21,21.0,0,0,1,1,0,0,0,0,0.0,0.0,0,1,0,0,1,4,0
E0005279,TC0005279,P004793,2026-07-15,EVALUATION,,35,27.6,9,21.0,1,1,0,2,1,0,0,0,0.0,0.0,1,1,1,0,7,2,0
E0005280,TC0005280,P003467,2026-07-24,EVALUATION,,18,29.7,21,21.0,0,1,0,1,0,1,1,8,0.125,3.0,0,1,0,0,7,4,0
E0005281,TC0005281,P004795,2026-01-22,DEVELOPMENT,1.0,41,26.2,18,21.0,0,0,1,1,0,0,0,0,0.0,0.0,0,1,0,1,1,3,0
E0005282,TC0005282,P000281,2026-04-16,DEVELOPMENT,1.0,36,27.6,16,30.0,1,0,1,2,1,0,0,0,0.0,3.0,0,1,0,1,4,3,0
E0005283,TC0005283,P000281,2026-06-13,DEVELOPMENT,0.0,36,27.6,14,14.0,1,0,1,2,1,2,1,58,0.034482758620689655,5.0,1,1,0,1,6,5,1
E0005284,TC0005284,P004797,2026-01-12,DEVELOPMENT,0.0,57,15.7,21,21.0,0,0,0,0,0,0,0,0,0.0,0.0,0,1,0,0,1,0,0
E0005285,TC0005285,P004797,2026-04-20,DEVELOPMENT,1.0,57,6.4,13,21.0,1,0,1,2,1,1,1,98,0.01020408163265306,0.0,0,0,0,0,4,0,0
E0005286,TC0005286,P004798,2026-01-12,DEVELOPMENT,1.0,55,21.1,14,21.0,1,1,0,2,1,0,0,0,0.0,0.0,0,1,0,0,1,0,0
E0005287,TC0005287,P004799,2026-06-18,DEVELOPMENT,0.0,37,23.7,16,21.0,1,0,0,1,0,0,0,0,0.0,0.0,0,1,0,0,6,3,0
E0005288,TC0005288,P004800,2026-04-13,DEVELOPMENT,0.0,41,6.6,20,21.0,1,0,0,1,0,0,0,0,0.0,0.0,1,0,0,0,4,0,0
E0005289,TC0005289,P004800,2026-06-01,DEVELOPMENT,0.0,41,7.4,24,21.0,1,0,1,2,1,1,1,49,0.02040816326530612,1.0,0,0,0,0,6,0,0
E0005290,TC0005290,P004802,2026-06-08,DEVELOPMENT,0.0,49,8.3,9,30.0,1,1,1,3,1,0,0,0,0.0,0.0,0,0,1,0,6,0,0
E0005291,TC0005291,P004803,2026-06-08,DEVELOPMENT,0.0,53,2.2,19,14.0,1,0,1,2,1,0,0,0,0.0,0.0,0,0,0,1,6,0,0
E0005292,TC0005292,P004804,2026-06-09,DEVELOPMENT,1.0,29,25.4,20,14.0,0,1,1,2,1,0,0,0,0.0,0.0,1,1,0,0,6,1,0
E0005293,TC0005293,P004805,2026-01-29,DEVELOPMENT,0.0,26,29.4,23,14.0,1,1,1,3,1,0,0,0,0.0,1.0,0,1,0,0,1,3,0
E0005294,TC0005294,P004805,2026-06-04,DEVELOPMENT,1.0,26,26.3,16,30.0,1,1,1,3,1,2,1,126,0.015873015873015872,4.0,0,1,0,0,6,3,0
E0005295,TC0005295,P004806,2026-01-28,DEVELOPMENT,1.0,58,6.4,16,30.0,1,1,1,3,1,0,0,0,0.0,0.0,0,0,0,0,1,2,0
E0005296,TC0005296,P004806,2026-05-13,DEVELOPMENT,0.0,58,3.6,13,14.0,0,1,1,2,1,1,1,105,0.009523809523809525,3.0,0,0,0,0,5,2,0
E0005297,TC0005297,P004807,2026-08-12,EVALUATION,,63,8.3,17,21.0,0,0,1,1,0,0,0,0,0.0,0.0,0,0,0,0,8,2,0
E0005298,TC0005298,P004808,2026-02-17,DEVELOPMENT,0.0,57,22.2,7,14.0,1,0,1,2,1,0,0,0,0.0,0.0,0,1,0,0,2,1,0
E0005299,TC0005299,P004809,2026-07-03,EVALUATION,,45,20.6,22,7.0,1,1,1,3,1,0,0,0,0.0,0.0,0,1,0,0,7,4,0
E0005300,TC0005300,P004809,2026-08-07,EVALUATION,,45,20.6,23,14.0,0,1,1,2,1,1,1,35,0.02857142857142857,3.0,1,1,0,0,8,4,0
E0005301,TC0005301,P004810,2026-04-01,DEVELOPMENT,0.0,35,29.4,12,21.0,1,1,1,3,1,0,0,0,0.0,0.0,0,1,0,0,4,2,0
E0005302,TC0005302,P004795,2026-07-30,EVALUATION,,41,35.4,14,14.0,1,0,1,2,1,1,1,189,0.005291005291005291,1.0,0,1,0,1,7,3,0
E0005303,TC0005303,P004812,2026-03-29,DEVELOPMENT,1.0,77,16.8,17,21.0,1,0,0,1,0,0,0,0,0.0,0.0,0,1,0,1,3,6,1
E0005304,TC0005304,P004812,2026-06-25,DEVELOPMENT,1.0,77,13.2,19,14.0,1,1,1,3,1,1,1,88,0.011363636363636364,1.0,0,1,0,1,6,3,0
E0005305,TC0005305,P004813,2026-07-14,EVALUATION,,30,13.9,12,7.0,0,1,1,2,1,0,0,0,0.0,0.0,1,1,0,0,7,1,0
E0005306,TC0005306,P004813,2026-07-15,EVALUATION,,30,12.6,18,21.0,1,0,0,1,0,1,1,1,1.0,2.0,0,1,0,0,7,2,0
E0005307,TC0005307,P004814,2026-04-27,DEVELOPMENT,1.0,54,22.4,19,14.0,1,1,1,3,1,0,0,0,0.0,0.0,1,1,0,0,4,0,0
E0005308,TC0005308,P004815,2026-02-11,DEVELOPMENT,0.0,68,28.3,17,21.0,1,0,0,1,0,0,0,0,0.0,0.0,1,1,0,0,2,2,0
E0005309,TC0005309,P004815,2026-03-02,DEVELOPMENT,0.0,68,17.3,23,21.0,1,0,1,2,1,1,1,19,0.05263157894736842,1.0,0,1,0,0,3,0,0
E0005310,TC0005310,P004816,2026-04-13,DEVELOPMENT,0.0,69,12.8,21,7.0,1,1,1,3,1,0,0,0,0.0,0.0,1,1,0,0,4,0,0
E0005311,TC0005311,P001452,2026-01-09,DEVELOPMENT,1.0,38,8.3,16,14.0,1,1,1,3,1,0,0,0,0.0,3.0,0,0,0,0,1,4,0
E0005312,TC0005312,P004818,2026-05-24,DEVELOPMENT,1.0,83,26.4,13,14.0,1,0,1,2,1,0,0,0,0.0,0.0,0,1,0,0,5,6,1
E0005313,TC0005313,P004819,2026-07-11,EVALUATION,,48,8.3,18,14.0,1,1,1,3,1,0,0,0,0.0,0.0,0,0,0,0,7,5,1
E0005314,TC0005314,P004819,2026-08-04,EVALUATION,,48,8.3,14,14.0,1,1,1,3,1,1,1,24,0.041666666666666664,3.0,1,0,0,0,8,1,0
E0005315,TC0005315,P004820,2026-08-04,EVALUATION,,45,4.1,14,21.0,0,0,0,0,0,0,0,0,0.0,0.0,0,0,0,0,8,1,0
E0005316,TC0005316,P004821,2026-03-25,DEVELOPMENT,1.0,34,1.4,7,30.0,1,1,1,3,1,0,0,0,0.0,0.0,0,0,0,0,3,2,0
E0005317,TC0005317,P004821,2026-04-30,DEVELOPMENT,0.0,34,10.4,9,21.0,1,0,1,2,1,1,1,36,0.027777777777777776,3.0,0,1,0,0,4,3,0
E0005318,TC0005318,P004822,2026-05-26,DEVELOPMENT,0.0,70,22.9,10,21.0,0,0,0,0,0,0,0,0,0.0,0.0,0,1,0,0,5,1,0
E0005319,TC0005319,P001109,2026-05-03,DEVELOPMENT,0.0,63,25.4,18,14.0,0,0,1,1,0,1,1,0,1.0,1.0,1,1,0,0,5,6,1
E0005320,TC0005320,P001109,2026-06-23,DEVELOPMENT,1.0,63,36.3,14,7.0,1,0,1,2,1,2,1,51,0.0392156862745098,2.0,0,1,0,0,6,1,0
E0005321,TC0005321,P004824,2026-06-29,DEVELOPMENT,0.0,68,25.4,18,30.0,1,0,1,2,1,0,0,0,0.0,0.0,0,1,0,0,6,0,0
E0005322,TC0005322,P004825,2026-03-27,DEVELOPMENT,1.0,27,25.4,8,14.0,1,0,1,2,1,0,0,0,0.0,0.0,0,1,0,0,3,4,0
E0005323,TC0005323,P004826,2026-06-19,DEVELOPMENT,1.0,83,36.5,15,7.0,1,0,1,2,1,0,0,0,0.0,0.0,1,1,0,0,6,4,0
E0005324,TC0005324,P004827,2026-02-28,DEVELOPMENT,1.0,85,13.2,22,21.0,1,1,0,2,1,0,0,0,0.0,0.0,1,1,0,0,2,5,1
E0005325,TC0005325,P004828,2026-04-19,DEVELOPMENT,0.0,18,26.4,10,21.0,1,0,0,1,0,0,0,0,0.0,0.0,0,1,0,0,4,6,1
E0005326,TC0005326,P004829,2026-04-03,DEVELOPMENT,0.0,54,8.3,21,21.0,1,0,0,1,0,0,0,0,0.0,0.0,1,0,0,0,4,4,0
E0005327,TC0005327,P003268,2026-07-21,EVALUATION,,54,12.6,20,30.0,1,1,1,3,1,0,0,0,0.0,3.0,0,1,0,0,7,1,0
E0005328,TC0005328,P004831,2026-01-31,DEVELOPMENT,0.0,56,13.9,16,14.0,1,0,1,2,1,0,0,0,0.0,0.0,0,1,1,0,1,5,1
E0005329,TC0005329,P004832,2026-08-15,EVALUATION,,56,22.4,11,7.0,1,1,1,3,1,0,0,0,0.0,0.0,0,1,1,0,8,5,1
E0005330,TC0005330,P004834,2026-05-18,DEVELOPMENT,1.0,34,22.8,8,30.0,1,1,1,3,1,0,0,0,0.0,0.0,0,1,0,0,5,0,0
E0005331,TC0005331,P004835,2026-06-27,DEVELOPMENT,0.0,52,21.0,10,14.0,0,1,1,2,1,0,0,0,0.0,0.0,0,1,0,0,6,5,1
E0005332,TC0005332,P004836,2026-03-03,DEVELOPMENT,1.0,52,25.3,21,21.0,1,0,0,1,0,0,0,0,0.0,0.0,0,1,0,0,3,1,0
E0005333,TC0005333,P000724,2026-05-26,DEVELOPMENT,0.0,56,8.3,20,14.0,1,0,1,2,1,2,1,34,0.058823529411764705,3.0,0,0,0,0,5,1,0
E0005334,TC0005334,P004838,2026-06-24,DEVELOPMENT,1.0,46,13.9,19,21.0,1,0,1,2,1,0,0,0,0.0,0.0,1,1,0,0,6,2,0
E0005335,TC0005335,P004838,2026-08-06,EVALUATION,,46,7.4,23,7.0,1,0,1,2,1,1,1,43,0.023255813953488372,2.0,1,0,0,0,8,3,0
E0005336,TC0005336,P004839,2026-08-06,EVALUATION,,43,9.4,15,7.0,1,0,1,2,1,0,0,0,0.0,0.0,1,0,0,0,8,3,0
E0005337,TC0005337,P004841,2026-07-03,EVALUATION,,61,4.2,22,14.0,1,1,1,3,1,0,0,0,0.0,0.0,0,0,0,0,7,4,0
E0005338,TC0005338,P004429,2026-03-09,DEVELOPMENT,1.0,40,7.3,16,30.0,1,1,1,3,1,0,0,0,0.0,3.0,1,0,0,0,3,0,0
E0005339,TC0005339,P004843,2026-01-03,DEVELOPMENT,1.0,34,5.1,18,14.0,1,0,1,2,1,0,0,0,0.0,0.0,0,0,0,0,1,5,1
E0005340,TC0005340,P004844,2026-06-12,DEVELOPMENT,0.0,36,21.1,21,21.0,0,0,0,0,0,0,0,0,0.0,0.0,1,1,0,0,6,4,0
E0005341,TC0005341,P004845,2026-04-08,DEVELOPMENT,0.0,71,25.4,8,21.0,0,1,0,1,0,0,0,0,0.0,0.0,1,1,0,0,4,2,0
E0005342,TC0005342,P004845,2026-05-19,DEVELOPMENT,0.0,71,29.4,7,21.0,1,0,0,1,0,1,1,41,0.024390243902439025,1.0,1,1,0,0,5,1,0
E0005343,TC0005343,P004846,2026-01-06,DEVELOPMENT,1.0,63,18.4,15,7.0,1,0,1,2,1,0,0,0,0.0,0.0,1,1,0,1,1,1,0
E0005344,TC0005344,P004846,2026-02-15,DEVELOPMENT,0.0,63,18.7,13,21.0,1,0,1,2,1,1,1,40,0.025,2.0,0,1,0,1,2,6,1
E0005345,TC0005345,P004847,2026-02-01,DEVELOPMENT,1.0,33,10.4,24,21.0,1,1,0,2,1,0,0,0,0.0,0.0,0,1,1,0,2,6,1
E0005346,TC0005346,P004848,2026-05-23,DEVELOPMENT,0.0,62,28.3,20,21.0,1,1,0,2,1,0,0,0,0.0,0.0,0,1,0,0,5,5,1
E0005347,TC0005347,P004848,2026-06-25,DEVELOPMENT,0.0,62,17.3,9,21.0,1,1,0,2,1,1,1,33,0.030303030303030304,2.0,0,1,0,0,6,3,0
E0005348,TC0005348,P004848,2026-07-25,EVALUATION,,62,25.3,19,30.0,1,0,1,2,1,2,1,63,0.031746031746031744,4.0,0,1,0,0,7,5,1
E0005349,TC0005349,P004849,2026-06-25,DEVELOPMENT,0.0,70,10.8,17,21.0,0,1,0,1,0,0,0,0,0.0,0.0,1,1,0,0,6,3,0
E0005350,TC0005350,P004850,2026-06-21,DEVELOPMENT,0.0,62,25.7,15,30.0,1,0,1,2,1,0,0,0,0.0,0.0,1,1,0,0,6,6,1
E0005351,TC0005351,P004852,2026-02-05,DEVELOPMENT,1.0,47,17.9,23,21.0,1,0,0,1,0,0,0,0,0.0,0.0,0,1,0,0,2,3,0
E0005352,TC0005352,P004853,2026-05-28,DEVELOPMENT,1.0,43,20.6,17,14.0,1,0,1,2,1,0,0,0,0.0,0.0,0,1,0,0,5,3,0
E0005353,TC0005353,P004854,2026-06-07,DEVELOPMENT,0.0,47,9.7,14,30.0,1,0,1,2,1,0,0,0,0.0,0.0,0,0,1,0,6,6,1
E0005354,TC0005354,P004855,2026-07-03,EVALUATION,,44,16.2,16,21.0,0,0,0,0,0,0,0,0,0.0,0.0,0,1,1,0,7,4,0
E0005355,TC0005355,P004855,2026-08-06,EVALUATION,,44,16.2,12,14.0,1,0,1,2,1,1,1,34,0.029411764705882353,0.0,0,1,1,0,8,3,0
E0005356,TC0005356,P004856,2026-03-04,DEVELOPMENT,1.0,60,22.9,22,14.0,1,0,1,2,1,0,0,0,0.0,0.0,1,1,0,0,3,2,0
E0005357,TC0005357,P004857,2026-02-10,DEVELOPMENT,1.0,19,7.4,8,21.0,1,0,0,1,0,0,0,0,0.0,0.0,0,0,0,0,2,1,0
E0005358,TC0005358,P003799,2026-04-05,DEVELOPMENT,0.0,51,2.2,12,14.0,1,1,1,3,1,1,1,37,0.02702702702702703,5.0,1,0,0,0,4,6,1
E0005359,TC0005359,P004860,2026-04-29,DEVELOPMENT,1.0,34,26.4,7,21.0,1,0,0,1,0,0,0,0,0.0,0.0,1,1,0,0,4,2,0
E0005360,TC0005360,P004861,2026-04-26,DEVELOPMENT,0.0,44,6.7,24,21.0,1,1,0,2,1,0,0,0,0.0,0.0,0,0,0,0,4,6,1
E0005361,TC0005361,P001631,2026-03-13,DEVELOPMENT,0.0,44,15.7,19,7.0,1,1,1,3,1,0,0,0,0.0,1.0,0,1,1,0,3,4,0
E0005362,TC0005362,P004865,2026-07-29,EVALUATION,,37,12.8,16,21.0,0,0,0,0,0,0,0,0,0.0,0.0,0,1,0,0,7,2,0
E0005363,TC0005363,P004867,2026-08-04,EVALUATION,,29,16.8,24,14.0,1,0,1,2,1,0,0,0,0.0,0.0,0,1,0,0,8,1,0
E0005364,TC0005364,P004868,2026-08-09,EVALUATION,,39,22.1,17,21.0,1,0,1,2,1,0,0,0,0.0,0.0,0,1,0,0,8,6,1
E0005365,TC0005365,P004868,2026-08-13,EVALUATION,,39,22.1,22,30.0,1,0,1,2,1,1,1,4,0.25,2.0,0,1,0,0,8,3,0
E0005366,TC0005366,P004869,2026-08-01,EVALUATION,,69,23.1,13,21.0,1,0,0,1,0,0,0,0,0.0,0.0,0,1,0,0,8,5,1
E0005367,TC0005367,P004871,2026-01-13,DEVELOPMENT,1.0,35,19.5,8,30.0,0,1,1,2,1,0,0,0,0.0,0.0,1,1,0,0,1,1,0
E0005368,TC0005368,P004871,2026-05-18,DEVELOPMENT,1.0,35,11.3,11,21.0,1,0,1,2,1,1,1,125,0.008,2.0,0,1,0,0,5,0,0
E0005369,TC0005369,P004872,2026-03-08,DEVELOPMENT,0.0,53,6.7,16,21.0,1,0,0,1,0,0,0,0,0.0,0.0,0,0,0,0,3,6,1
E0005370,TC0005370,P004873,2026-05-13,DEVELOPMENT,0.0,38,22.3,17,21.0,1,0,1,2,1,0,0,0,0.0,0.0,0,1,0,0,5,2,0
E0005371,TC0005371,P004874,2026-08-11,EVALUATION,,69,27.6,8,30.0,1,0,1,2,1,0,0,0,0.0,0.0,1,1,0,0,8,1,0
E0005372,TC0005372,P004877,2026-06-23,DEVELOPMENT,1.0,57,8.3,21,14.0,1,1,1,3,1,0,0,0,0.0,0.0,1,0,0,0,6,1,0
E0005373,TC0005373,P004878,2026-01-27,DEVELOPMENT,1.0,58,17.2,24,7.0,0,0,1,1,0,0,0,0,0.0,0.0,0,1,0,0,1,1,0
E0005374,TC0005374,P004879,2026-01-03,DEVELOPMENT,1.0,77,22.1,15,21.0,1,0,1,2,1,0,0,0,0.0,0.0,1,1,1,0,1,5,1
E0005375,TC0005375,P004880,2026-06-05,DEVELOPMENT,1.0,37,6.7,18,21.0,1,1,1,3,1,0,0,0,0.0,0.0,0,0,0,0,6,4,0
E0005376,TC0005376,P004881,2026-07-27,EVALUATION,,30,21.0,13,21.0,1,1,1,3,1,0,0,0,0.0,0.0,1,1,0,0,7,0,0
E0005377,TC0005377,P004881,2026-08-15,EVALUATION,,30,25.4,11,21.0,1,0,0,1,0,1,1,19,0.05263157894736842,3.0,1,1,0,0,8,5,1
E0005378,TC0005378,P004882,2026-06-09,DEVELOPMENT,1.0,42,29.4,12,14.0,1,0,1,2,1,0,0,0,0.0,0.0,0,1,0,0,6,1,0
E0005379,TC0005379,P004883,2026-04-10,DEVELOPMENT,1.0,36,36.3,7,21.0,1,0,1,2,1,0,0,0,0.0,0.0,0,1,1,0,4,4,0
E0005380,TC0005380,P004884,2026-01-09,DEVELOPMENT,1.0,54,20.6,24,14.0,1,1,1,3,1,0,0,0,0.0,0.0,0,1,0,1,1,4,0
E0005381,TC0005381,P004885,2026-05-18,DEVELOPMENT,0.0,31,25.7,22,21.0,1,1,1,3,1,0,0,0,0.0,0.0,1,1,0,0,5,0,0
E0005382,TC0005382,P004886,2026-04-08,DEVELOPMENT,0.0,52,26.4,22,7.0,1,0,1,2,1,0,0,0,0.0,0.0,0,1,0,0,4,2,0
E0005383,TC0005383,P004886,2026-05-29,DEVELOPMENT,1.0,52,26.4,21,30.0,1,1,1,3,1,1,1,51,0.0196078431372549,2.0,1,1,0,0,5,4,0
E0005384,TC0005384,P004887,2026-03-31,DEVELOPMENT,0.0,24,29.4,9,14.0,1,0,1,2,1,0,0,0,0.0,0.0,1,1,0,0,3,1,0
E0005385,TC0005385,P004887,2026-05-19,DEVELOPMENT,1.0,24,29.4,20,7.0,1,0,1,2,1,1,1,49,0.02040816326530612,2.0,1,1,0,0,5,1,0
E0005386,TC0005386,P004888,2026-06-10,DEVELOPMENT,1.0,48,25.7,9,14.0,1,0,1,2,1,0,0,0,0.0,0.0,0,1,0,0,6,2,0
E0005387,TC0005387,P004889,2026-08-04,EVALUATION,,69,12.8,10,30.0,1,1,1,3,1,0,0,0,0.0,0.0,0,1,0,0,8,1,0
E0005388,TC0005388,P004890,2026-01-12,DEVELOPMENT,0.0,42,26.3,12,30.0,1,0,1,2,1,0,0,0,0.0,0.0,0,1,0,0,1,0,0
E0005389,TC0005389,P004891,2026-02-24,DEVELOPMENT,0.0,45,19.6,15,7.0,1,0,1,2,1,0,0,0,0.0,0.0,0,1,0,0,2,1,0
E0005390,TC0005390,P002692,2026-08-06,EVALUATION,,53,20.0,15,21.0,1,0,0,1,0,0,0,0,0.0,2.0,0,1,0,0,8,3,0
E0005391,TC0005391,P004892,2026-08-08,EVALUATION,,43,18.4,14,21.0,1,0,1,2,1,0,0,0,0.0,0.0,0,1,0,0,8,5,1
E0005392,TC0005392,P004893,2026-01-05,DEVELOPMENT,0.0,45,13.9,19,21.0,0,1,0,1,0,0,0,0,0.0,0.0,0,1,0,0,1,0,0
E0005393,TC0005393,P004893,2026-02-05,DEVELOPMENT,0.0,45,13.9,18,7.0,1,0,1,2,1,1,1,31,0.03225806451612903,1.0,0,1,0,0,2,3,0
E0005394,TC0005394,P004894,2026-03-15,DEVELOPMENT,1.0,58,13.0,24,7.0,1,1,1,3,1,0,0,0,0.0,0.0,1,1,0,0,3,6,1
E0005395,TC0005395,P004894,2026-03-22,DEVELOPMENT,0.0,58,9.7,22,21.0,0,1,1,2,1,1,1,7,0.14285714285714285,3.0,0,0,0,0,3,6,1
E0005396,TC0005396,P004894,2026-05-17,DEVELOPMENT,1.0,58,27.9,9,30.0,0,0,1,1,0,2,1,63,0.031746031746031744,5.0,0,1,0,0,5,6,1
E0005397,TC0005397,P004895,2026-07-28,EVALUATION,,55,25.4,19,7.0,1,0,1,2,1,0,0,0,0.0,0.0,1,1,0,0,7,1,0
E0005398,TC0005398,P004896,2026-06-20,DEVELOPMENT,1.0,45,21.0,23,30.0,1,0,1,2,1,0,0,0,0.0,0.0,1,1,1,0,6,5,1
E0005399,TC0005399,P004896,2026-07-30,EVALUATION,,45,8.3,12,21.0,1,1,1,3,1,1,1,40,0.025,2.0,0,0,1,0,7,3,0
E0005400,TC0005400,P004897,2026-06-20,DEVELOPMENT,0.0,57,11.5,9,7.0,1,1,1,3,1,0,0,0,0.0,0.0,0,1,0,0,6,5,1
E0005401,TC0005401,P004898,2026-01-03,DEVELOPMENT,0.0,62,4.2,24,14.0,0,0,1,1,0,0,0,0,0.0,0.0,0,0,0,0,1,5,1
E0005402,TC0005402,P004899,2026-01-14,DEVELOPMENT,1.0,53,29.6,18,30.0,1,0,1,2,1,0,0,0,0.0,0.0,1,1,0,0,1,2,0
E0005403,TC0005403,P004899,2026-05-17,DEVELOPMENT,0.0,53,24.9,12,21.0,1,0,0,1,0,1,1,123,0.008130081300813009,2.0,0,1,0,0,5,6,1
E0005404,TC0005404,P001759,2026-07-22,EVALUATION,,40,22.3,22,21.0,1,0,1,2,1,0,0,0,0.0,1.0,0,1,0,0,7,2,0
E0005405,TC0005405,P004901,2026-06-01,DEVELOPMENT,1.0,40,6.5,23,30.0,1,0,1,2,1,0,0,0,0.0,0.0,0,0,0,0,6,0,0
E0005406,TC0005406,P004904,2026-03-07,DEVELOPMENT,0.0,19,3.6,24,30.0,1,0,1,2,1,0,0,0,0.0,0.0,0,0,0,0,3,5,1
E0005407,TC0005407,P004905,2026-08-01,EVALUATION,,28,22.1,18,30.0,1,0,1,2,1,0,0,0,0.0,0.0,0,1,0,0,8,5,1
E0005408,TC0005408,P004906,2026-07-28,EVALUATION,,40,4.2,13,21.0,1,1,0,2,1,0,0,0,0.0,0.0,0,0,0,0,7,1,0
E0005409,TC0005409,P004907,2026-06-24,DEVELOPMENT,0.0,57,6.6,24,21.0,0,1,0,1,0,0,0,0,0.0,0.0,0,0,0,0,6,2,0
E0005410,TC0005410,P004908,2026-06-12,DEVELOPMENT,0.0,68,5.6,24,14.0,1,0,1,2,1,0,0,0,0.0,0.0,0,0,0,0,6,4,0
E0005411,TC0005411,P004910,2026-05-19,DEVELOPMENT,0.0,63,21.0,19,14.0,0,0,1,1,0,0,0,0,0.0,0.0,1,1,0,1,5,1,0
E0005412,TC0005412,P004911,2026-07-16,EVALUATION,,38,21.7,8,21.0,1,0,0,1,0,0,0,0,0.0,0.0,0,1,0,0,7,3,0
E0005413,TC0005413,P004912,2026-01-01,DEVELOPMENT,1.0,40,7.0,21,21.0,1,0,1,2,1,0,0,0,0.0,0.0,0,0,0,1,1,3,0
E0005414,TC0005414,P004913,2026-06-03,DEVELOPMENT,0.0,38,25.7,14,30.0,1,0,1,2,1,0,0,0,0.0,0.0,0,1,0,0,6,2,0
E0005415,TC0005415,P004913,2026-08-02,EVALUATION,,38,20.0,11,7.0,1,0,1,2,1,1,1,60,0.016666666666666666,2.0,0,1,0,0,8,6,1
E0005416,TC0005416,P004915,2026-05-09,DEVELOPMENT,1.0,38,20.0,16,30.0,1,1,1,3,1,0,0,0,0.0,0.0,1,1,0,0,5,5,1
E0005417,TC0005417,P004915,2026-06-15,DEVELOPMENT,1.0,38,20.0,7,7.0,0,0,1,1,0,1,1,37,0.02702702702702703,3.0,0,1,0,0,6,0,0
E0005418,TC0005418,P004916,2026-08-02,EVALUATION,,52,26.6,8,7.0,1,0,1,2,1,0,0,0,0.0,0.0,1,1,0,0,8,6,1
E0005419,TC0005419,P004917,2026-03-09,DEVELOPMENT,0.0,18,20.0,9,14.0,1,0,1,2,1,0,0,0,0.0,0.0,1,1,0,0,3,0,0
E0005420,TC0005420,P004918,2026-07-22,EVALUATION,,55,15.7,20,21.0,1,1,0,2,1,0,0,0,0.0,0.0,1,1,0,0,7,2,0
E0005421,TC0005421,P004919,2026-05-30,DEVELOPMENT,0.0,39,8.3,18,21.0,0,0,0,0,0,0,0,0,0.0,0.0,0,0,1,0,5,5,1
E0005422,TC0005422,P004920,2026-06-19,DEVELOPMENT,1.0,35,26.4,17,21.0,1,0,1,2,1,0,0,0,0.0,0.0,1,1,0,0,6,4,0
E0005423,TC0005423,P004921,2026-05-31,DEVELOPMENT,1.0,20,20.6,15,14.0,1,0,1,2,1,0,0,0,0.0,0.0,1,1,0,0,5,6,1
E0005424,TC0005424,P004922,2026-04-08,DEVELOPMENT,0.0,57,1.4,24,30.0,0,0,1,1,0,0,0,0,0.0,0.0,1,0,0,0,4,2,0
E0005425,TC0005425,P004922,2026-05-04,DEVELOPMENT,0.0,57,1.4,21,21.0,1,0,1,2,1,1,1,26,0.038461538461538464,1.0,0,0,0,0,5,0,0
E0005426,TC0005426,P004923,2026-02-05,DEVELOPMENT,1.0,66,29.2,22,30.0,1,1,1,3,1,0,0,0,0.0,0.0,0,1,1,0,2,3,0
E0005427,TC0005427,P004924,2026-08-01,EVALUATION,,51,19.2,24,21.0,1,0,1,2,1,0,0,0,0.0,0.0,0,1,0,0,8,5,1
E0005428,TC0005428,P004925,2026-07-25,EVALUATION,,56,20.3,14,14.0,1,1,1,3,1,0,0,0,0.0,0.0,1,1,0,0,7,5,1
E0005429,TC0005429,P004926,2026-04-15,DEVELOPMENT,0.0,46,16.8,14,7.0,0,0,1,1,0,0,0,0,0.0,0.0,0,1,0,0,4,2,0
E0005430,TC0005430,P004927,2026-02-16,DEVELOPMENT,0.0,31,8.3,20,21.0,1,0,0,1,0,0,0,0,0.0,0.0,1,0,1,0,2,0,0
E0005431,TC0005431,P004928,2026-01-08,DEVELOPMENT,0.0,50,6.5,12,21.0,0,0,0,0,0,0,0,0,0.0,0.0,0,0,0,0,1,3,0
E0005432,TC0005432,P004014,2026-07-30,EVALUATION,,52,19.5,9,21.0,1,0,0,1,0,1,1,187,0.0053475935828877,3.0,0,1,0,0,7,3,0
E0005433,TC0005433,P004932,2026-06-30,DEVELOPMENT,1.0,60,13.9,8,30.0,0,1,1,2,1,0,0,0,0.0,0.0,0,1,1,0,6,1,0
E0005434,TC0005434,P004932,2026-07-20,EVALUATION,,60,13.9,22,7.0,1,1,1,3,1,1,1,20,0.05,2.0,0,1,1,0,7,0,0
E0005435,TC0005435,P004933,2026-02-14,DEVELOPMENT,1.0,36,11.3,8,7.0,1,1,1,3,1,0,0,0,0.0,0.0,0,1,0,0,2,5,1
E0005436,TC0005436,P004933,2026-06-12,DEVELOPMENT,0.0,36,11.3,16,21.0,1,0,0,1,0,1,1,118,0.00847457627118644,3.0,0,1,0,0,6,4,0
E0005437,TC0005437,P004934,2026-06-22,DEVELOPMENT,0.0,68,29.2,10,21.0,1,0,1,2,1,0,0,0,0.0,0.0,0,1,0,0,6,0,0
E0005438,TC0005438,P004934,2026-07-30,EVALUATION,,68,22.1,16,7.0,1,0,1,2,1,1,1,38,0.02631578947368421,2.0,0,1,0,0,7,3,0
E0005439,TC0005439,P004935,2026-07-18,EVALUATION,,40,12.6,13,14.0,0,0,1,1,0,0,0,0,0.0,0.0,0,1,0,0,7,5,1
E0005440,TC0005440,P004936,2026-06-23,DEVELOPMENT,1.0,51,11.9,12,21.0,1,0,0,1,0,0,0,0,0.0,0.0,0,1,0,0,6,1,0
E0005441,TC0005441,P004937,2026-04-14,DEVELOPMENT,1.0,66,3.6,20,21.0,0,0,1,1,0,0,0,0,0.0,0.0,0,0,0,0,4,1,0
E0005442,TC0005442,P004938,2026-04-05,DEVELOPMENT,0.0,61,6.7,23,21.0,1,0,0,1,0,0,0,0,0.0,0.0,0,0,0,0,4,6,1
E0005443,TC0005443,P004938,2026-04-28,DEVELOPMENT,0.0,61,6.7,9,7.0,1,0,1,2,1,1,1,23,0.043478260869565216,1.0,0,0,0,0,4,1,0
E0005444,TC0005444,P004938,2026-06-27,DEVELOPMENT,0.0,61,25.8,22,30.0,1,0,1,2,1,2,1,83,0.024096385542168676,3.0,0,1,0,0,6,5,1
E0005445,TC0005445,P004939,2026-06-28,DEVELOPMENT,0.0,39,11.9,21,21.0,1,0,0,1,0,0,0,0,0.0,0.0,0,1,0,0,6,6,1
E0005446,TC0005446,P004940,2026-06-09,DEVELOPMENT,1.0,48,38.9,12,21.0,1,1,1,3,1,0,0,0,0.0,0.0,0,1,0,0,6,1,0
E0005447,TC0005447,P004942,2026-07-21,EVALUATION,,18,13.2,17,7.0,0,0,1,1,0,0,0,0,0.0,0.0,0,1,1,0,7,1,0
E0005448,TC0005448,P004943,2026-06-16,DEVELOPMENT,1.0,44,8.3,7,30.0,1,0,1,2,1,0,0,0,0.0,0.0,0,0,0,0,6,1,0
E0005449,TC0005449,P004943,2026-08-13,EVALUATION,,44,25.4,14,21.0,1,1,1,3,1,1,1,58,0.017241379310344827,2.0,1,1,0,0,8,3,0
E0005450,TC0005450,P000352,2026-04-02,DEVELOPMENT,1.0,38,28.3,19,21.0,1,0,1,2,1,1,1,6,0.16666666666666666,2.0,0,1,0,1,4,3,0
E0005451,TC0005451,P000352,2026-06-11,DEVELOPMENT,1.0,38,25.3,17,21.0,1,0,0,1,0,2,1,76,0.02631578947368421,4.0,0,1,0,1,6,3,0
E0005452,TC0005452,P004946,2026-03-31,DEVELOPMENT,1.0,59,19.2,12,30.0,1,0,1,2,1,0,0,0,0.0,0.0,0,1,0,0,3,1,0
E0005453,TC0005453,P004948,2026-07-27,EVALUATION,,54,6.4,7,30.0,0,1,1,2,1,0,0,0,0.0,0.0,1,0,1,0,7,0,0
E0005454,TC0005454,P004950,2026-06-23,DEVELOPMENT,0.0,35,25.4,8,21.0,1,0,0,1,0,0,0,0,0.0,0.0,1,1,0,0,6,1,0
E0005455,TC0005455,P004951,2026-04-15,DEVELOPMENT,1.0,71,36.1,7,7.0,1,1,1,3,1,0,0,0,0.0,0.0,0,1,0,0,4,2,0
E0005456,TC0005456,P004951,2026-05-12,DEVELOPMENT,0.0,71,2.2,11,21.0,1,0,0,1,0,1,1,27,0.037037037037037035,3.0,0,0,0,0,5,1,0
E0005457,TC0005457,P004951,2026-08-08,EVALUATION,,71,29.9,22,21.0,1,0,0,1,0,2,1,115,0.017391304347826087,4.0,1,1,0,0,8,5,1
E0005458,TC0005458,P004952,2026-02-25,DEVELOPMENT,1.0,18,22.9,18,21.0,0,1,1,2,1,0,0,0,0.0,0.0,1,1,1,0,2,2,0
E0005459,TC0005459,P004953,2026-08-04,EVALUATION,,44,18.7,20,14.0,0,1,1,2,1,0,0,0,0.0,0.0,0,1,0,1,8,1,0
E0005460,TC0005460,P004954,2026-03-06,DEVELOPMENT,1.0,53,22.2,17,21.0,1,0,1,2,1,0,0,0,0.0,0.0,1,1,0,0,3,4,0
E0005461,TC0005461,P004955,2026-04-07,DEVELOPMENT,1.0,68,19.2,16,7.0,1,1,1,3,1,0,0,0,0.0,0.0,0,1,0,0,4,1,0
E0005462,TC0005462,P004955,2026-05-10,DEVELOPMENT,1.0,68,22.4,10,21.0,1,0,1,2,1,1,1,33,0.030303030303030304,3.0,1,1,0,0,5,6,1
E0005463,TC0005463,P004955,2026-06-14,DEVELOPMENT,0.0,68,19.2,20,14.0,0,0,1,1,0,2,1,68,0.029411764705882353,5.0,0,1,0,0,6,6,1
E0005464,TC0005464,P004956,2026-08-11,EVALUATION,,49,6.4,23,30.0,1,0,1,2,1,0,0,0,0.0,0.0,0,0,0,1,8,1,0
E0005465,TC0005465,P004957,2026-08-12,EVALUATION,,40,7.6,13,21.0,0,0,1,1,0,0,0,0,0.0,0.0,1,0,0,0,8,2,0
E0005466,TC0005466,P004958,2026-01-09,DEVELOPMENT,1.0,58,22.8,10,21.0,0,1,0,1,0,0,0,0,0.0,0.0,0,1,0,0,1,4,0
E0005467,TC0005467,P004959,2026-07-07,EVALUATION,,40,36.5,8,21.0,1,0,0,1,0,0,0,0,0.0,0.0,0,1,1,0,7,1,0
E0005468,TC0005468,P004960,2026-05-16,DEVELOPMENT,1.0,67,8.3,16,7.0,0,0,1,1,0,0,0,0,0.0,0.0,0,0,0,0,5,5,1
E0005469,TC0005469,P004960,2026-07-02,EVALUATION,,67,8.3,21,14.0,0,0,1,1,0,1,1,47,0.02127659574468085,1.0,1,0,0,0,7,3,0
E0005470,TC0005470,P004961,2026-05-27,DEVELOPMENT,1.0,26,19.2,12,21.0,1,0,1,2,1,0,0,0,0.0,0.0,0,1,0,0,5,2,0
E0005471,TC0005471,P004962,2026-02-19,DEVELOPMENT,0.0,41,29.2,7,21.0,1,0,0,1,0,0,0,0,0.0,0.0,0,1,0,0,2,3,0
E0005472,TC0005472,P004963,2026-07-14,EVALUATION,,39,17.3,8,21.0,1,0,0,1,0,0,0,0,0.0,0.0,0,1,0,0,7,1,0
E0005473,TC0005473,P004964,2026-06-18,DEVELOPMENT,1.0,44,19.5,21,7.0,1,0,1,2,1,0,0,0,0.0,0.0,1,1,0,0,6,3,0
E0005474,TC0005474,P004965,2026-02-04,DEVELOPMENT,0.0,47,15.5,14,21.0,1,1,0,2,1,0,0,0,0.0,0.0,1,1,0,0,2,2,0
E0005475,TC0005475,P004966,2026-06-25,DEVELOPMENT,0.0,40,17.9,13,7.0,1,1,1,3,1,0,0,0,0.0,0.0,1,1,0,0,6,3,0
E0005476,TC0005476,P004967,2026-07-16,EVALUATION,,57,35.5,8,14.0,0,0,1,1,0,0,0,0,0.0,0.0,0,1,0,0,7,3,0
E0005477,TC0005477,P004968,2026-05-07,DEVELOPMENT,1.0,28,19.9,10,21.0,1,0,0,1,0,0,0,0,0.0,0.0,0,1,0,0,5,3,0
E0005478,TC0005478,P004969,2026-07-17,EVALUATION,,44,22.8,12,21.0,1,1,0,2,1,0,0,0,0.0,0.0,0,1,0,0,7,4,0
E0005479,TC0005479,P004969,2026-07-25,EVALUATION,,44,22.8,18,14.0,1,1,1,3,1,1,1,8,0.125,2.0,0,1,0,0,7,5,1
E0005480,TC0005480,P004970,2026-08-11,EVALUATION,,59,26.6,9,21.0,1,0,1,2,1,0,0,0,0.0,0.0,0,1,0,0,8,1,0
E0005481,TC0005481,P004971,2026-02-01,DEVELOPMENT,1.0,49,33.3,20,7.0,1,0,1,2,1,0,0,0,0.0,0.0,1,1,0,0,2,6,1
E0005482,TC0005482,P004972,2026-05-12,DEVELOPMENT,0.0,51,26.6,16,21.0,1,1,0,2,1,0,0,0,0.0,0.0,0,1,1,0,5,1,0
E0005483,TC0005483,P001236,2026-02-27,DEVELOPMENT,1.0,46,15.7,10,21.0,1,1,0,2,1,0,0,0,0.0,0.0,1,1,0,0,2,4,0
E0005484,TC0005484,P004974,2026-06-26,DEVELOPMENT,1.0,36,12.8,15,14.0,1,0,1,2,1,0,0,0,0.0,0.0,0,1,0,0,6,4,0
E0005485,TC0005485,P004975,2026-06-11,DEVELOPMENT,0.0,68,35.0,19,21.0,0,1,0,1,0,0,0,0,0.0,0.0,0,1,0,0,6,3,0
E0005486,TC0005486,P004976,2026-06-06,DEVELOPMENT,1.0,50,22.1,23,7.0,1,0,1,2,1,0,0,0,0.0,0.0,1,1,0,0,6,5,1
E0005487,TC0005487,P004977,2026-07-29,EVALUATION,,72,12.8,18,21.0,1,0,0,1,0,0,0,0,0.0,0.0,0,1,0,0,7,2,0
E0005488,TC0005488,P004979,2026-05-01,DEVELOPMENT,0.0,63,17.6,17,21.0,1,0,0,1,0,0,0,0,0.0,0.0,0,1,0,0,5,4,0
E0005489,TC0005489,P004979,2026-05-09,DEVELOPMENT,0.0,63,18.0,11,21.0,1,0,1,2,1,1,1,8,0.125,1.0,0,1,0,0,5,5,1
E0005490,TC0005490,P004980,2026-06-24,DEVELOPMENT,0.0,29,26.2,12,21.0,1,1,0,2,1,0,0,0,0.0,0.0,0,1,1,0,6,2,0
E0005491,TC0005491,P004981,2026-02-22,DEVELOPMENT,1.0,46,26.4,16,21.0,0,1,1,2,1,0,0,0,0.0,0.0,0,1,0,0,2,6,1
E0005492,TC0005492,P004981,2026-08-13,EVALUATION,,46,38.9,20,30.0,1,0,1,2,1,1,1,172,0.005813953488372093,2.0,0,1,0,0,8,3,0
E0005493,TC0005493,P004983,2026-02-10,DEVELOPMENT,0.0,40,21.1,21,21.0,0,0,0,0,0,0,0,0,0.0,0.0,1,1,0,0,2,1,0
E0005494,TC0005494,P004983,2026-04-07,DEVELOPMENT,0.0,40,35.0,12,21.0,1,0,0,1,0,1,1,56,0.017857142857142856,0.0,0,1,0,0,4,1,0
E0005495,TC0005495,P003123,2026-01-28,DEVELOPMENT,0.0,55,11.3,18,7.0,0,1,1,2,1,0,0,0,0.0,4.0,1,1,0,0,1,2,0
E0005496,TC0005496,P004986,2026-06-01,DEVELOPMENT,0.0,52,27.9,19,21.0,1,1,0,2,1,0,0,0,0.0,0.0,1,1,0,0,6,0,0
E0005497,TC0005497,P004986,2026-07-03,EVALUATION,,52,13.0,19,21.0,1,1,0,2,1,1,1,32,0.03125,2.0,0,1,0,0,7,4,0
E0005498,TC0005498,P004987,2026-03-30,DEVELOPMENT,0.0,23,12.8,8,21.0,1,0,0,1,0,0,0,0,0.0,0.0,1,1,0,0,3,0,0
E0005499,TC0005499,P004987,2026-08-07,EVALUATION,,23,29.4,21,21.0,1,0,0,1,0,1,1,130,0.007692307692307693,1.0,0,1,0,0,8,4,0
E0005500,TC0005500,P004988,2026-05-14,DEVELOPMENT,0.0,41,12.8,12,7.0,0,0,1,1,0,0,0,0,0.0,0.0,0,1,0,0,5,3,0
E0005501,TC0005501,P004521,2026-06-08,DEVELOPMENT,1.0,57,3.6,19,21.0,1,0,0,1,0,0,0,0,0.0,4.0,0,0,0,0,6,0,0
E0005502,TC0005502,P004990,2026-01-14,DEVELOPMENT,0.0,68,19.5,11,21.0,1,0,0,1,0,0,0,0,0.0,0.0,1,1,0,0,1,2,0
E0005503,TC0005503,P004990,2026-06-23,DEVELOPMENT,0.0,68,11.3,20,14.0,1,0,1,2,1,1,1,160,0.00625,1.0,0,1,0,0,6,1,0
E0005504,TC0005504,P004991,2026-01-22,DEVELOPMENT,0.0,33,23.7,16,30.0,1,0,1,2,1,0,0,0,0.0,0.0,1,1,0,0,1,3,0
E0005505,TC0005505,P004992,2026-07-08,EVALUATION,,39,3.6,7,7.0,1,0,1,2,1,0,0,0,0.0,0.0,0,0,0,0,7,2,0
E0005506,TC0005506,P003779,2026-01-02,DEVELOPMENT,0.0,55,27.6,19,21.0,0,0,1,1,0,0,0,0,0.0,3.0,0,1,0,0,1,4,0
E0005507,TC0005507,P004994,2026-03-29,DEVELOPMENT,1.0,35,35.0,20,21.0,1,0,1,2,1,0,0,0,0.0,0.0,0,1,0,0,3,6,1
E0005508,TC0005508,P004994,2026-04-30,DEVELOPMENT,0.0,35,4.1,22,30.0,1,0,1,2,1,1,1,32,0.03125,2.0,0,0,0,0,4,3,0
E0005509,TC0005509,P004995,2026-03-17,DEVELOPMENT,1.0,35,25.4,7,7.0,1,1,1,3,1,0,0,0,0.0,0.0,0,1,0,0,3,1,0
E0005510,TC0005510,P004996,2026-05-29,DEVELOPMENT,0.0,30,9.7,18,21.0,1,0,0,1,0,0,0,0,0.0,0.0,0,0,0,0,5,4,0
E0005511,TC0005511,P004997,2026-05-03,DEVELOPMENT,0.0,68,17.9,24,21.0,0,1,0,1,0,0,0,0,0.0,0.0,0,1,0,0,5,6,1
E0005512,TC0005512,P004997,2026-06-13,DEVELOPMENT,0.0,68,12.6,23,21.0,1,1,0,2,1,1,1,41,0.024390243902439025,1.0,0,1,0,0,6,5,1
E0005513,TC0005513,P003525,2026-02-22,DEVELOPMENT,1.0,30,15.7,7,7.0,1,1,1,3,1,0,0,0,0.0,4.0,0,1,0,0,2,6,1
E0005514,TC0005514,P004999,2026-04-01,DEVELOPMENT,0.0,81,23.7,15,7.0,0,0,1,1,0,0,0,0,0.0,0.0,0,1,0,0,4,2,0
E0005515,TC0005515,P004999,2026-06-28,DEVELOPMENT,1.0,81,23.7,14,21.0,1,1,0,2,1,1,1,88,0.011363636363636364,1.0,0,1,0,0,6,6,1
E0005516,TC0005516,P005000,2026-02-22,DEVELOPMENT,0.0,66,19.6,21,21.0,0,0,0,0,0,0,0,0,0.0,0.0,1,1,0,0,2,6,1
