source_system,teleconsult_id,patient_name,predicted_patient_id,confidence,candidate_score
teleconsultations,TC0000002,Mohan Laxman,P000004,HIGH,98.0
teleconsultations,TC0000003,Mohan Laxman,P000004,HIGH,98.0
teleconsultations,TC0000006,Anitha Narsimha,P000007,HIGH,100.0
teleconsultations,TC0000007,Anitha Narsimha,P000007,HIGH,100.0
teleconsultations,TC0000008,Ramesh Begum,P000008,HIGH,98.0
teleconsultations,TC0000009,Ramesh Begum,P000008,HIGH,98.0
teleconsultations,TC0000014,Bhvani Mudiraj,P000010,HIGH,98.14814814814815
teleconsultations,TC0000015,Sriniwas Khan,P000011,HIGH,95.83333333333333
teleconsultations,TC0000017,Naveen Narsimha,P000013,MEDIUM,80.0
teleconsultations,TC0000021,Sai Das,P000017,MEDIUM,80.0
teleconsultations,TC0000031,Kirn Chary,P000024,HIGH,95.36842105263159
teleconsultations,TC0000036,Kavitha Begum,P000029,HIGH,98.0
teleconsultations,TC0000038,Sushm Begum,P000030,HIGH,97.61904761904762
teleconsultations,TC0000049,Anil Chary,P000040,HIGH,98.0
teleconsultations,TC0000054,Anil Naik,P003435,MEDIUM,80.0
teleconsultations,TC0000057,Anjali Patel,P000047,MEDIUM,78.0
teleconsultations,TC0000064,Arun,P000052,MEDIUM,80.76923076923077
teleconsultations,TC0000065,Shankar Jangam,P000053,MEDIUM,80.0
teleconsultations,TC0000068,Jyothi,P000114,HIGH,88.0
teleconsultations,TC0000069,Raju Patel,P000056,HIGH,98.0
teleconsultations,TC0000073,Kvitha Laxman,P000061,HIGH,98.0
teleconsultations,TC0000083,Sushma Reddy,P000071,HIGH,100.0
teleconsultations,TC0000087,Padma Chary,P000074,HIGH,100.0
teleconsultations,TC0000088,Padma Chary,P000074,HIGH,98.0
teleconsultations,TC0000091,Sushma Kumar,P000078,HIGH,100.0
teleconsultations,TC0000092,Srinivs Mallaiah,P000079,HIGH,98.38709677419355
teleconsultations,TC0000099,Naveen Patel,P000085,MEDIUM,78.0
teleconsultations,TC0000101,Renuka Mallaiah,P000087,MEDIUM,80.0
teleconsultations,TC0000103,Deepeeka Jangam,P000088,HIGH,92.44444444444444
teleconsultations,TC0000113,Srinivas,P000097,HIGH,90.0
teleconsultations,TC0000119,Rajesh Mallaiah,P000101,HIGH,100.0
teleconsultations,TC0000120,Rajesh Mallaiah,P000101,HIGH,98.0
teleconsultations,TC0000123,Dipika Mudiraj,P000104,HIGH,92.44444444444444
teleconsultations,TC0000127,Raju Kumar,P000108,MEDIUM,80.0
teleconsultations,TC0000134,Kvitha Naik,P000116,MEDIUM,77.61904761904762
teleconsultations,TC0000136,sobha Shekar,P000117,HIGH,95.82608695652175
teleconsultations,TC0000137,Mahesh Mallaiah,P000118,HIGH,100.0
teleconsultations,TC0000142,Srilatha Jangam,P000122,HIGH,100.0
teleconsultations,TC0000143,Renuk Laxman,P000123,HIGH,95.82608695652175
teleconsultations,TC0000145,Harika Laxman,P000126,HIGH,98.0
teleconsultations,TC0000146,Shankar Yadav,P000127,HIGH,98.0
teleconsultations,TC0000147,Shankar Yadav,P000127,HIGH,98.0
teleconsultations,TC0000148,Shankar Yadav,P000127,HIGH,100.0
teleconsultations,TC0000150,Laleetha Das,P000129,HIGH,90.85714285714286
teleconsultations,TC0000159,Srilata Laxman,P000140,HIGH,98.14814814814815
teleconsultations,TC0000170,Rajesh Khan,P000147,HIGH,98.0
teleconsultations,TC0000171,Nresh Devi,P000149,HIGH,95.36842105263159
teleconsultations,TC0000172,Kiran Reddy,P000151,HIGH,100.0
teleconsultations,TC0000178,Shankar Laxman,P000156,MEDIUM,78.0
teleconsultations,TC0000179,Shankar Laxman,P000156,MEDIUM,78.0
teleconsultations,TC0000180,Santosh Rao,P000157,HIGH,98.0
teleconsultations,TC0000184,Anitha Yadav,P000160,MEDIUM,80.0
teleconsultations,TC0000185,nitha Yadav,P000160,HIGH,95.61904761904762
teleconsultations,TC0000192,Srinivas Mallaiah,P000169,HIGH,100.0
teleconsultations,TC0000200,Shankar,P000176,HIGH,88.88888888888889
teleconsultations,TC0000227,Suresh Chary,P000200,HIGH,100.0
teleconsultations,TC0000229,Divy Basha,P000202,HIGH,97.36842105263159
teleconsultations,TC0000234,Anitha Basha,P000207,HIGH,100.0
teleconsultations,TC0000235,Anitha Basha,P000207,HIGH,98.0
teleconsultations,TC0000236,Anitha Basha,P000207,HIGH,100.0
teleconsultations,TC0000238,Nirmala Shekar,P000209,MEDIUM,80.0
teleconsultations,TC0000240,Padma Goud,P000210,HIGH,100.0
teleconsultations,TC0000243,Rajes Jangam,P000213,HIGH,97.82608695652175
teleconsultations,TC0000247,Raghav Basha,P000217,HIGH,98.0
teleconsultations,TC0000248,Raghav Basha,P000217,HIGH,100.0
teleconsultations,TC0000250,Deepik Basha,P000218,HIGH,97.82608695652175
teleconsultations,TC0000252,Anil Khan,P000219,MEDIUM,78.0
teleconsultations,TC0000254,Naresh Kumar,P000221,HIGH,98.0
teleconsultations,TC0000255,Lakshmee Reddy,P000222,HIGH,92.0
teleconsultations,TC0000256,Sriniwas Rao,P000223,HIGH,93.45454545454545
teleconsultations,TC0000258,Rames Naik,P000225,HIGH,97.36842105263159
teleconsultations,TC0000263,Padma Krishna,P000233,MEDIUM,78.0
teleconsultations,TC0000267,Rajes Kumar,P000236,HIGH,97.61904761904762
teleconsultations,TC0000274,Lakshmi Reddy,P000245,HIGH,100.0
teleconsultations,TC0000275,Lakshmi Reddy,P000245,HIGH,100.0
teleconsultations,TC0000276,Lakshmi Reddy,P000245,HIGH,100.0
teleconsultations,TC0000277,Nveen Jangam,P000246,HIGH,97.82608695652175
teleconsultations,TC0000278,Sritha Jangam,P000247,HIGH,98.0
teleconsultations,TC0000282,Rajesh Narsimha,P000250,MEDIUM,78.0
teleconsultations,TC0000286,Naveen Krishna,P000253,MEDIUM,80.0
teleconsultations,TC0000288,Lakshmi Krishna,P000255,HIGH,98.0
teleconsultations,TC0000289,Suresh Devi,P000257,MEDIUM,80.0
teleconsultations,TC0000290,Rani Devi,P000258,HIGH,100.0
teleconsultations,TC0000293,Anjalee Begum,P000261,HIGH,91.47826086956522
teleconsultations,TC0000297,Ramesh Reddy,P000265,MEDIUM,80.0
teleconsultations,TC0000299,Deepeeka Devi,P000267,HIGH,91.47826086956522
teleconsultations,TC0000304,Rmesh Basha,P000273,HIGH,97.61904761904762
teleconsultations,TC0000311,Saritha Narsimha,P000279,HIGH,100.0
teleconsultations,TC0000313,Padma Jangam,P000281,HIGH,98.0
teleconsultations,TC0000323,Hareeka Jangam,P000289,HIGH,94.0
teleconsultations,TC0000324,Harika Jangam,P000289,HIGH,100.0
teleconsultations,TC0000325,Sai Basha,P000291,MEDIUM,80.0
teleconsultations,TC0000326,Mohn Das,P000292,HIGH,96.66666666666666
teleconsultations,TC0000328,Srilata Shekar,P000293,HIGH,98.14814814814815
teleconsultations,TC0000330,sobha Shekar,P000294,HIGH,95.82608695652175
teleconsultations,TC0000332,Sritha Kumar,P000295,HIGH,97.82608695652175
teleconsultations,TC0000338,Rani Das,P000301,HIGH,100.0
teleconsultations,TC0000339,Rani Das,P000301,HIGH,100.0
teleconsultations,TC0000340,Ravi Shekar,P000302,MEDIUM,80.0
teleconsultations,TC0000346,Renuka Narsimha,P000307,HIGH,100.0
teleconsultations,TC0000347,Renuka Narsimha,P000307,HIGH,100.0
teleconsultations,TC0000351,Saee Devi,P000310,HIGH,88.0
teleconsultations,TC0000352,Sarita Mudiraj,P000311,HIGH,96.14814814814815
teleconsultations,TC0000353,Vinod Devi,P000312,HIGH,98.0
teleconsultations,TC0000357,Srinivas Mudiraj,P000315,MEDIUM,78.0
teleconsultations,TC0000358,Kavitha Kumar,P000316,HIGH,98.0
teleconsultations,TC0000359,sobha Basha,P000317,HIGH,95.61904761904762
teleconsultations,TC0000371,Pdma Narsimha,P000327,HIGH,98.0
teleconsultations,TC0000376,Ravi Chary,P000331,MEDIUM,78.0
teleconsultations,TC0000377,Mohan Naik,P000333,HIGH,100.0
teleconsultations,TC0000389,Anjali Yadav,P000342,HIGH,100.0
teleconsultations,TC0000392,Santosh Mudeeraj,P000346,HIGH,92.82758620689656
teleconsultations,TC0000398,Arun Basha,P000352,HIGH,100.0
teleconsultations,TC0000399,Kavitha,P000353,MEDIUM,85.0
teleconsultations,TC0000400,Kavitha Krishna,P000354,HIGH,100.0
teleconsultations,TC0000401,Kavitha Krishna,P000354,HIGH,98.0
teleconsultations,TC0000406,Harika,P004805,MEDIUM,82.5
teleconsultations,TC0000407,Nares Reddy,P000359,MEDIUM,77.61904761904762
teleconsultations,TC0000410,Renuk Devi,P000361,HIGH,97.36842105263159
teleconsultations,TC0000417,Mounika Kumar,P000367,HIGH,98.0
teleconsultations,TC0000418,Mounika Kumar,P000367,HIGH,98.0
teleconsultations,TC0000419,Jyothi Basha,P000368,MEDIUM,80.0
teleconsultations,TC0000422,Sushma,P002540,HIGH,87.5
teleconsultations,TC0000427,Venkatesh Krishna,P000376,HIGH,100.0
teleconsultations,TC0000435,Ramesh Jangam,P000384,HIGH,100.0
teleconsultations,TC0000443,Srinivas Jangam,P000391,HIGH,98.0
teleconsultations,TC0000448,Santosh Rao,P000395,MEDIUM,78.0
teleconsultations,TC0000454,Deepika Kumar,P000398,MEDIUM,80.0
teleconsultations,TC0000462,Anitha Das,P000406,HIGH,98.0
teleconsultations,TC0000465,Rvi Mallaiah,P000410,HIGH,97.82608695652175
teleconsultations,TC0000466,Nirmala Mudiraj,P000411,HIGH,100.0
teleconsultations,TC0000467,Santosh Reddy,P000412,HIGH,100.0
teleconsultations,TC0000471,Santos Das,P000416,HIGH,95.36842105263159
teleconsultations,TC0000477,Deepika Begum,P000421,HIGH,98.0
teleconsultations,TC0000480,Neermala Laxman,P000424,HIGH,92.44444444444444
teleconsultations,TC0000484,Swathi Laxman,P000428,HIGH,100.0
teleconsultations,TC0000486,Ravi Mudiraj,P000430,MEDIUM,78.0
teleconsultations,TC0000491,Swathi Devi,P000434,HIGH,100.0
teleconsultations,TC0000496,Praveen Devi,P000440,MEDIUM,80.0
teleconsultations,TC0000497,Jyothi Yadav,P000441,HIGH,98.0
teleconsultations,TC0000498,Jyothi Yadav,P000441,HIGH,100.0
teleconsultations,TC0000502,Swthi Jangam,P000443,HIGH,97.82608695652175
teleconsultations,TC0000507,Rajesh Mudeeraj,P000446,HIGH,92.44444444444444
teleconsultations,TC0000511,Rni Goud,P000448,HIGH,96.66666666666666
teleconsultations,TC0000516,Raghav Mallaiah,P000452,HIGH,100.0
teleconsultations,TC0000517,Rghav Mallaiah,P000452,HIGH,98.14814814814815
teleconsultations,TC0000518,Ramesh Begum,P000453,HIGH,100.0
teleconsultations,TC0000519,Ramesh Begum,P000453,HIGH,100.0
teleconsultations,TC0000526,Naveen Devi,P000461,HIGH,100.0
teleconsultations,TC0000537,Lakshmee Goud,P000472,HIGH,93.47826086956522
teleconsultations,TC0000538,Rni Shekar,P000473,HIGH,95.36842105263159
teleconsultations,TC0000541,Rjesh Mallaiah,P000475,HIGH,98.14814814814815
teleconsultations,TC0000542,Sai Laxman,P000476,HIGH,98.0
teleconsultations,TC0000543,Lalitha Kumar,P000478,MEDIUM,80.0
teleconsultations,TC0000551,Prveen Devi,P000484,HIGH,97.61904761904762
teleconsultations,TC0000559,Srinivas Jangam,P000492,HIGH,98.0
teleconsultations,TC0000560,Srinivas Jangam,P000391,HIGH,98.0
teleconsultations,TC0000561,Srinivas Jangam,P000492,HIGH,100.0
teleconsultations,TC0000562,Renuka Goud,P000493,HIGH,100.0
teleconsultations,TC0000563,Renuka Goud,P000493,HIGH,100.0
teleconsultations,TC0000565,Shobha Kumar,P000495,HIGH,100.0
teleconsultations,TC0000566,Sushma Begum,P000496,HIGH,98.0
teleconsultations,TC0000567,Sushma Begum,P000496,HIGH,100.0
teleconsultations,TC0000576,Rni Patel,P000502,HIGH,95.05882352941177
teleconsultations,TC0000578,Divya Laxman,P000504,HIGH,98.0
teleconsultations,TC0000579,Kavitha,P000112,HIGH,86.17647058823529
teleconsultations,TC0000583,Kiran Naik,P000509,MEDIUM,80.0
teleconsultations,TC0000584,Dipika Shekar,P000510,HIGH,92.0
teleconsultations,TC0000585,Deepika Shekar,P000510,HIGH,100.0
teleconsultations,TC0000587,Raju Mudiraj,P000511,MEDIUM,78.0
teleconsultations,TC0000589,Deepika Begum,P000513,HIGH,100.0
teleconsultations,TC0000590,Ravi Yadav,P000514,MEDIUM,78.0
teleconsultations,TC0000592,Lalitha Chary,P000517,HIGH,100.0
teleconsultations,TC0000593,Lalitha Chary,P000517,HIGH,100.0
teleconsultations,TC0000600,Shobh Narsimha,P000523,HIGH,98.14814814814815
teleconsultations,TC0000601,Divya Yadav,P000528,HIGH,100.0
teleconsultations,TC0000604,Bhawani Narsimha,P000533,HIGH,96.66666666666666
teleconsultations,TC0000609,Sushma Reddy,P000540,HIGH,100.0
teleconsultations,TC0000612,Anil Naik,P000543,HIGH,98.0
teleconsultations,TC0000614,Swathi Yadav,P000545,HIGH,100.0
teleconsultations,TC0000615,Swathi Yadav,P000545,HIGH,100.0
teleconsultations,TC0000624,Shobha Patel,P000556,HIGH,100.0
teleconsultations,TC0000628,Srinivas Laxman,P000561,HIGH,98.0
teleconsultations,TC0000629,Mahesh Naik,P000562,MEDIUM,80.0
teleconsultations,TC0000640,Shankar Jangam,P000572,MEDIUM,78.0
teleconsultations,TC0000645,Anitha Goud,P000575,HIGH,98.0
teleconsultations,TC0000647,Lkshmi Laxman,P000577,HIGH,98.0
teleconsultations,TC0000651,Bhvani Das,P000582,HIGH,97.36842105263159
teleconsultations,TC0000657,Srilatha Goud,P000587,MEDIUM,80.0
teleconsultations,TC0000658,Ravi Narsimha,P000588,MEDIUM,78.0
teleconsultations,TC0000662,Srilatha Krishna,P000592,HIGH,98.0
teleconsultations,TC0000663,Srilatha Krishna,P000592,HIGH,100.0
teleconsultations,TC0000664,Srilatha Krishna,P000592,MEDIUM,78.0
teleconsultations,TC0000668,Rani Goud,P000595,HIGH,98.0
teleconsultations,TC0000669,Rajesh Laxman,P000596,HIGH,100.0
teleconsultations,TC0000682,Swathee Naik,P000611,HIGH,92.85714285714286
teleconsultations,TC0000685,Raghav Laxman,P000614,MEDIUM,80.0
teleconsultations,TC0000689,Raju,P001034,MEDIUM,81.36363636363637
teleconsultations,TC0000692,Sushma Kumar,P000619,HIGH,100.0
teleconsultations,TC0000694,Sritha Patel,P000621,HIGH,97.82608695652175
teleconsultations,TC0000700,Rajesh Kumar,P000626,HIGH,98.0
teleconsultations,TC0000701,Rajesh Kumar,P000626,HIGH,100.0
teleconsultations,TC0000713,Praveen Laxman,P000639,HIGH,100.0
teleconsultations,TC0000715,Suresh Chary,P000641,MEDIUM,80.0
teleconsultations,TC0000718,Vinod Begum,P000643,HIGH,100.0
teleconsultations,TC0000719,Veenod Begum,P000643,HIGH,92.85714285714286
teleconsultations,TC0000723,Lakshmi Krishna,P000646,HIGH,100.0
teleconsultations,TC0000724,Lakshmi Krishna,P000646,HIGH,98.0
teleconsultations,TC0000725,Swathi,P000647,MEDIUM,83.33333333333334
teleconsultations,TC0000727,Swathi Narsimha,P000652,HIGH,98.0
teleconsultations,TC0000728,Rani Chary,P000653,HIGH,100.0
teleconsultations,TC0000732,Kiran Naik,P000658,HIGH,100.0
teleconsultations,TC0000736,Rajesh,P000662,MEDIUM,83.29411764705881
teleconsultations,TC0000737,Deepika Shekar,P000663,HIGH,98.0
teleconsultations,TC0000738,Deepika Shekar,P000663,HIGH,98.0
teleconsultations,TC0000739,Dipika Shekar,P000663,HIGH,94.0
teleconsultations,TC0000742,Raju Krishna,P000666,HIGH,98.0
teleconsultations,TC0000745,Shankar Narsimha,P000669,HIGH,100.0
teleconsultations,TC0000746,Shankar Narsimha,P000669,HIGH,98.0
teleconsultations,TC0000749,Ravi Reddy,P000672,MEDIUM,80.0
teleconsultations,TC0000752,Rajesh,P000675,HIGH,85.5
teleconsultations,TC0000753,Rajesh Khan,P000675,HIGH,98.0
teleconsultations,TC0000754,Lakshmi Reddy,P000676,HIGH,98.0
teleconsultations,TC0000762,Shankar Begum,P000686,HIGH,100.0
teleconsultations,TC0000764,Bhavanee Khan,P000689,HIGH,91.47826086956522
teleconsultations,TC0000767,Jyothee Mallaiah,P000690,HIGH,94.82758620689656
teleconsultations,TC0000776,Mounika Devi,P000698,HIGH,98.0
teleconsultations,TC0000778,Naresh Naeek,P000700,HIGH,90.85714285714286
teleconsultations,TC0000779,Ravi Shekar,P000701,MEDIUM,80.0
teleconsultations,TC0000780,Deepik Basha,P000702,HIGH,97.82608695652175
teleconsultations,TC0000789,Shankar Shekar,P000709,MEDIUM,78.0
teleconsultations,TC0000791,Praveen Mallaiah,P000712,HIGH,100.0
teleconsultations,TC0000803,Shankar Narsimha,P000724,HIGH,100.0
teleconsultations,TC0000804,Shankar Narsimha,P000724,HIGH,100.0
teleconsultations,TC0000808,Renuka Goud,P000728,MEDIUM,80.0
teleconsultations,TC0000820,Ravi Reddy,P000740,HIGH,100.0
teleconsultations,TC0000821,Ravi Reddy,P000740,HIGH,98.0
teleconsultations,TC0000834,Deepika Narsimha,P000755,HIGH,100.0
teleconsultations,TC0000836,Kiran Mallaiah,P000757,HIGH,100.0
teleconsultations,TC0000837,Mahesh Naeek,P000758,HIGH,92.85714285714286
teleconsultations,TC0000839,sankar Begum,P000759,HIGH,97.82608695652175
teleconsultations,TC0000840,Laleetha Jangam,P000760,HIGH,94.44444444444444
teleconsultations,TC0000842,Vinod Narsimha,P000763,HIGH,100.0
teleconsultations,TC0000843,Vinod Narsimha,P000763,HIGH,100.0
teleconsultations,TC0000844,Srilatha Das,P000765,MEDIUM,78.0
teleconsultations,TC0000847,Vinod,P000767,MEDIUM,81.33333333333334
teleconsultations,TC0000848,Praveen Das,P000768,MEDIUM,78.0
teleconsultations,TC0000850,Bhavani Rao,P000770,HIGH,98.0
teleconsultations,TC0000851,Bhavani Rao,P000770,HIGH,100.0
teleconsultations,TC0000852,Raghav Basha,P000771,HIGH,100.0
teleconsultations,TC0000861,Nirmla Basha,P000779,HIGH,97.82608695652175
teleconsultations,TC0000864,Shobh Reddy,P000782,HIGH,97.61904761904762
teleconsultations,TC0000870,Suresh Patel,P000786,HIGH,98.0
teleconsultations,TC0000873,Raju Naik,P000790,HIGH,100.0
teleconsultations,TC0000874,Arun Das,P000791,HIGH,100.0
teleconsultations,TC0000881,Sreenivas Jangam,P000799,HIGH,94.82758620689656
teleconsultations,TC0000887,Rjesh Naik,P000805,HIGH,97.36842105263159
teleconsultations,TC0000889,Rju Naik,P000807,HIGH,96.66666666666666
teleconsultations,TC0000890,Srilata Laxman,P000808,HIGH,98.14814814814815
teleconsultations,TC0000896,Anitha Reddy,P000815,MEDIUM,78.0
teleconsultations,TC0000897,Prveen Shekar,P000816,HIGH,98.0
teleconsultations,TC0000900,Lakshmi Laxman,P000820,MEDIUM,78.0
teleconsultations,TC0000901,Rajesh Kreeshna,P000822,HIGH,94.44444444444444
teleconsultations,TC0000902,Rghav Krishna,P000823,HIGH,98.0
teleconsultations,TC0000904,Ramesh Mudiraj,P000825,HIGH,100.0
teleconsultations,TC0000909,Anil,P000831,MEDIUM,80.76923076923077
teleconsultations,TC0000911,Sushma Goud,P000833,HIGH,100.0
teleconsultations,TC0000916,Srinivas,P000838,HIGH,92.10526315789474
teleconsultations,TC0000918,Praveen Begum,P000840,MEDIUM,80.0
teleconsultations,TC0000920,Shobha Yadav,P000842,MEDIUM,80.0
teleconsultations,TC0000921,Shobha Yadav,P000842,HIGH,100.0
teleconsultations,TC0000923,Suresh Devi,P000844,MEDIUM,80.0
teleconsultations,TC0000925,Srilata Goud,P000845,HIGH,95.82608695652175
teleconsultations,TC0000934,Rani Kumar,P000853,MEDIUM,80.0
teleconsultations,TC0000937,Lakshmee Chary,P000854,HIGH,94.0
teleconsultations,TC0000938,Lakshmi Chary,P000854,MEDIUM,78.0
teleconsultations,TC0000942,Nirmala Laxman,P000861,HIGH,100.0
teleconsultations,TC0000946,Praveen Mallaiah,P000865,HIGH,98.0
teleconsultations,TC0000956,Swathi Basha,P000875,HIGH,100.0
teleconsultations,TC0000961,Swathi Mudiraj,P000879,HIGH,100.0
teleconsultations,TC0000962,Swathi Mudiraj,P000879,HIGH,100.0
teleconsultations,TC0000966,Praveen Das,P000883,MEDIUM,78.0
teleconsultations,TC0000967,Ravi Chary,P000885,HIGH,100.0
teleconsultations,TC0000973,Naresh Mallaeeah,P000894,HIGH,92.82758620689656
teleconsultations,TC0000975,Santos Devi,P000896,HIGH,97.61904761904762
teleconsultations,TC0000986,Bhavani Jangam,P000906,MEDIUM,80.0
teleconsultations,TC0000990,Praveen Mallaiah,P000910,HIGH,98.0
teleconsultations,TC0000992,Jyothi Naik,P000912,HIGH,100.0
teleconsultations,TC0000994,Rani Jangam,P000914,HIGH,100.0
teleconsultations,TC0001000,Sushma,P000920,MEDIUM,83.29411764705881
teleconsultations,TC0001001,Padma Narsimha,P000922,MEDIUM,78.0
teleconsultations,TC0001008,Ravi Rao,P000928,HIGH,98.0
teleconsultations,TC0001009,Lakshmi Reddy,P000929,HIGH,100.0
teleconsultations,TC0001013,Sntosh Reddy,P000934,HIGH,95.82608695652175
teleconsultations,TC0001016,Raju Begum,P000936,HIGH,100.0
teleconsultations,TC0001017,Saritha Shekar,P000937,HIGH,98.0
teleconsultations,TC0001018,Sareetha Shekar,P000937,HIGH,94.44444444444444
teleconsultations,TC0001021,Shobha Reddy,P000939,HIGH,100.0
teleconsultations,TC0001023,Bhvani Kumar,P000941,HIGH,97.82608695652175
teleconsultations,TC0001024,Veenod Mudiraj,P000942,HIGH,92.0
teleconsultations,TC0001025,Mohan Devi,P000943,HIGH,100.0
teleconsultations,TC0001026,Mohan Devi,P000943,HIGH,100.0
teleconsultations,TC0001032,Hareeka Basha,P000949,HIGH,91.47826086956522
teleconsultations,TC0001036,Raju Kumar,P000953,HIGH,98.0
teleconsultations,TC0001037,Shankar Narseemha,P000954,HIGH,93.16129032258064
teleconsultations,TC0001038,Shobha Khan,P000955,MEDIUM,78.0
teleconsultations,TC0001040,Srinivs Begum,P000956,HIGH,98.0
teleconsultations,TC0001041,Srinivas,P000956,HIGH,88.0952380952381
teleconsultations,TC0001047,Arun Kreeshna,P000964,HIGH,93.47826086956522
teleconsultations,TC0001054,Sai Mallaiah,P000971,HIGH,100.0
teleconsultations,TC0001055,Sai Mallaiah,P000971,HIGH,100.0
teleconsultations,TC0001059,Saritha Reddy,P000976,HIGH,98.0
teleconsultations,TC0001064,Sreenivas Narsimha,P000980,HIGH,95.45454545454545
teleconsultations,TC0001065,Diwya Krishna,P000981,HIGH,95.83333333333333
teleconsultations,TC0001066,Nresh Begum,P000982,HIGH,97.61904761904762
teleconsultations,TC0001068,Nirmala Shekar,P000984,HIGH,100.0
teleconsultations,TC0001069,Anita Krishna,P000985,HIGH,96.0
teleconsultations,TC0001070,Raghav Mallaiah,P000987,HIGH,100.0
teleconsultations,TC0001074,Rajesh,P000990,MEDIUM,83.29411764705881
teleconsultations,TC0001075,Shobh Kumar,P000991,MEDIUM,75.61904761904762
teleconsultations,TC0001077,Srilata Shekar,P000994,HIGH,98.14814814814815
teleconsultations,TC0001086,Dipika Naik,P001004,HIGH,92.85714285714286
teleconsultations,TC0001088,Srinivas Laxman,P001006,MEDIUM,80.0
teleconsultations,TC0001094,Rghav Reddy,P001011,HIGH,95.61904761904762
teleconsultations,TC0001100,Ramesh Goud,P001015,HIGH,98.0
teleconsultations,TC0001103,Bhvani Krishna,P001018,HIGH,96.14814814814815
teleconsultations,TC0001105,Lalitha Patel,P001019,HIGH,100.0
teleconsultations,TC0001106,Lalitha Patel,P003114,HIGH,100.0
teleconsultations,TC0001114,Santos Krishna,P001024,HIGH,98.14814814814815
teleconsultations,TC0001117,Jyothi Basha,P001026,HIGH,100.0
teleconsultations,TC0001118,Lakshmee Laxman,P001027,HIGH,94.44444444444444
teleconsultations,TC0001121,Shobha Naik,P001029,HIGH,98.0
teleconsultations,TC0001126,Kavitha Yadav,P001033,MEDIUM,80.0
teleconsultations,TC0001129,Ravi Goud,P001035,HIGH,100.0
teleconsultations,TC0001130,Dipika Das,P001036,HIGH,90.10526315789474
teleconsultations,TC0001133,Sriltha Khan,P001040,HIGH,97.82608695652175
teleconsultations,TC0001138,Ravi Yadav,P001044,MEDIUM,80.0
teleconsultations,TC0001139,Bhavanee Krishna,P001045,HIGH,92.82758620689656
teleconsultations,TC0001147,Kavitha Narsimha,P001053,HIGH,100.0
teleconsultations,TC0001152,Anitha Mudiraj,P001058,MEDIUM,80.0
teleconsultations,TC0001153,Anitha Mudiraj,P001058,HIGH,98.0
teleconsultations,TC0001162,Rajesh,P001065,MEDIUM,83.33333333333334
teleconsultations,TC0001168,Anil Das,P001074,MEDIUM,78.0
teleconsultations,TC0001178,Mahesh Chary,P001082,HIGH,98.0
teleconsultations,TC0001179,Mahesh Chary,P001082,HIGH,100.0
teleconsultations,TC0001182,Anitha Naik,P001085,MEDIUM,80.0
teleconsultations,TC0001183,nitha Naik,P001085,HIGH,97.36842105263159
teleconsultations,TC0001184,Naveen Narsimha,P001086,HIGH,98.0
teleconsultations,TC0001185,Santosh Patel,P001087,HIGH,98.0
teleconsultations,TC0001187,Divya Jangam,P001088,MEDIUM,80.0
teleconsultations,TC0001190,Diwya Laxman,P001091,HIGH,93.45454545454545
teleconsultations,TC0001191,Santosh Chary,P001092,HIGH,98.0
teleconsultations,TC0001192,Santosh Chary,P001092,HIGH,98.0
teleconsultations,TC0001197,Bhavani,P004070,MEDIUM,83.88888888888889
teleconsultations,TC0001200,Rni Basha,P001100,HIGH,97.05882352941177
teleconsultations,TC0001205,Santosh Reddy,P001105,MEDIUM,78.0
teleconsultations,TC0001206,nitha Devi,P001106,HIGH,97.36842105263159
teleconsultations,TC0001209,Lalitha Krishna,P001109,HIGH,98.0
teleconsultations,TC0001210,Swathi Laxman,P001110,HIGH,98.0
teleconsultations,TC0001212,Ramesh,P001111,MEDIUM,83.29411764705881
teleconsultations,TC0001213,Swathi Shekar,P001112,HIGH,100.0
teleconsultations,TC0001218,Dipika Rao,P001117,HIGH,90.10526315789474
teleconsultations,TC0001224,Mahesh Goud,P001121,MEDIUM,78.0
teleconsultations,TC0001225,Deepika Yadav,P001122,HIGH,98.0
teleconsultations,TC0001227,Mohan Patel,P001124,MEDIUM,78.0
teleconsultations,TC0001228,nil Goud,P001125,HIGH,96.66666666666666
teleconsultations,TC0001229,Deepika Shekar,P001127,HIGH,98.0
teleconsultations,TC0001230,Deepika Shekar,P001127,HIGH,100.0
teleconsultations,TC0001232,Raju,P001128,HIGH,86.36363636363637
teleconsultations,TC0001234,Bhawani Rao,P001129,HIGH,93.0
teleconsultations,TC0001242,Srilatha Shekar,P001137,MEDIUM,80.0
teleconsultations,TC0001252,Shankar Das,P001148,HIGH,100.0
teleconsultations,TC0001254,Ramesh Chary,P001150,MEDIUM,80.0
teleconsultations,TC0001265,Vinod Das,P001162,HIGH,100.0
teleconsultations,TC0001274,Ravi Mallaiah,P001172,HIGH,98.0
teleconsultations,TC0001275,Praveen Chary,P001173,MEDIUM,80.0
teleconsultations,TC0001279,Harika Jangam,P001178,HIGH,98.0
teleconsultations,TC0001280,Harika Jangam,P001178,HIGH,98.0
teleconsultations,TC0001283,njali Shekar,P001180,HIGH,97.82608695652175
teleconsultations,TC0001284,Saritha Goud,P001181,HIGH,100.0
teleconsultations,TC0001285,Saritha Goud,P001181,HIGH,98.0
teleconsultations,TC0001296,Shobha Das,P001189,HIGH,100.0
teleconsultations,TC0001300,Venkatesh,P001193,HIGH,87.13043478260869
teleconsultations,TC0001302,Laksmi Mallaiah,P001194,HIGH,96.27586206896552
teleconsultations,TC0001303,Lakshmi,P000026,HIGH,86.17647058823529
teleconsultations,TC0001306,Aneetha Devi,P001197,HIGH,92.85714285714286
teleconsultations,TC0001307,Aneetha Devi,P001197,HIGH,90.85714285714286
teleconsultations,TC0001308,Raghav,P001198,MEDIUM,83.33333333333334
teleconsultations,TC0001309,Nirmala Goud,P001199,HIGH,100.0
teleconsultations,TC0001314,Anil Kumar,P001203,HIGH,98.0
teleconsultations,TC0001315,Vinod Narsimha,P001205,HIGH,100.0
teleconsultations,TC0001320,Srilatha Goud,P001209,HIGH,100.0
teleconsultations,TC0001321,Kiran Rao,P001210,HIGH,100.0
teleconsultations,TC0001324,Sures Naik,P001211,HIGH,95.36842105263159
teleconsultations,TC0001325,Ravi Jangam,P001212,MEDIUM,78.0
teleconsultations,TC0001328,Raghav Rao,P001215,HIGH,98.0
teleconsultations,TC0001335,Veenod Chary,P001221,HIGH,92.85714285714286
teleconsultations,TC0001341,Mahesh,P001226,MEDIUM,83.29411764705881
teleconsultations,TC0001351,Deepika,P001298,HIGH,86.88888888888889
teleconsultations,TC0001354,Rajesh,P001236,HIGH,87.5
teleconsultations,TC0001356,Arun Khan,P001238,HIGH,100.0
teleconsultations,TC0001357,Srilatha Rao,P001239,HIGH,98.0
teleconsultations,TC0001366,Laleetha Mallaiah,P001245,HIGH,95.16129032258064
teleconsultations,TC0001367,Naresh Naeek,P001246,HIGH,92.85714285714286
teleconsultations,TC0001368,Kirn Yadav,P001247,HIGH,97.36842105263159
teleconsultations,TC0001372,Mounika Devi,P001251,HIGH,100.0
teleconsultations,TC0001375,Lakshmi Reddy,P001255,HIGH,98.0
teleconsultations,TC0001378,Swathi Rao,P001258,HIGH,100.0
teleconsultations,TC0001379,Swathi Rao,P001258,HIGH,100.0
teleconsultations,TC0001387,Vinod Das,P001263,HIGH,100.0
teleconsultations,TC0001388,Renuka Mallaiah,P001264,HIGH,98.0
teleconsultations,TC0001389,Lalitha Devi,P001265,HIGH,100.0
teleconsultations,TC0001392,Ramesh Goud,P001268,HIGH,100.0
teleconsultations,TC0001396,Sai,P001272,MEDIUM,80.0
teleconsultations,TC0001397,Naresh Khan,P001273,HIGH,98.0
teleconsultations,TC0001398,Srinivas,P001274,HIGH,92.10526315789474
teleconsultations,TC0001400,Rghav Begum,P001277,HIGH,97.61904761904762
teleconsultations,TC0001401,Shankar Laxman,P001278,HIGH,98.0
teleconsultations,TC0001414,Rani,P004448,MEDIUM,81.36363636363637
teleconsultations,TC0001419,Shankar Chary,P001296,HIGH,98.0
teleconsultations,TC0001421,Deepika Naik,P001298,HIGH,100.0
teleconsultations,TC0001423,Bhawani Mallaiah,P001302,HIGH,96.66666666666666
teleconsultations,TC0001424,Srinivas Begum,P001204,HIGH,98.0
teleconsultations,TC0001425,Sreenivas Begum,P001303,HIGH,92.44444444444444
teleconsultations,TC0001426,Sriniwas Begum,P001303,HIGH,94.15384615384616
teleconsultations,TC0001428,Praveen Goud,P001306,MEDIUM,78.0
teleconsultations,TC0001434,Lalita Naik,P001313,HIGH,95.61904761904762
teleconsultations,TC0001437,Nirmala,P002917,MEDIUM,83.88888888888889
teleconsultations,TC0001442,Venktesh Patel,P001321,HIGH,98.14814814814815
teleconsultations,TC0001444,Sai,P001323,MEDIUM,75.0
teleconsultations,TC0001445,Santos Laxman,P001324,HIGH,98.0
teleconsultations,TC0001448,Lakshmi Naik,P001327,HIGH,100.0
teleconsultations,TC0001459,Raghav Shekar,P001337,HIGH,98.0
teleconsultations,TC0001460,Mahesh Mallaiah,P001341,HIGH,98.0
teleconsultations,TC0001461,Mahesh Mallaiah,P001341,HIGH,100.0
teleconsultations,TC0001462,Rju Khan,P001342,HIGH,96.66666666666666
teleconsultations,TC0001465,Rvi Goud,P001344,HIGH,94.66666666666666
teleconsultations,TC0001467,Harika Basha,P001345,HIGH,98.0
teleconsultations,TC0001469,Deevya Reddy,P001347,HIGH,90.85714285714286
teleconsultations,TC0001476,Rghav Goud,P001353,HIGH,95.36842105263159
teleconsultations,TC0001478,Diwya Narsimha,P001354,MEDIUM,74.15384615384616
teleconsultations,TC0001486,Swathi Yadav,P001358,HIGH,100.0
teleconsultations,TC0001490,Bhawani Jangam,P001363,HIGH,96.15384615384616
teleconsultations,TC0001492,Jyothi Basha,P001364,HIGH,100.0
teleconsultations,TC0001495,Naresh Kumar,P001367,MEDIUM,80.0
teleconsultations,TC0001496,Arun Khan,P001368,HIGH,100.0
teleconsultations,TC0001499,run Narsimha,P001371,HIGH,97.82608695652175
teleconsultations,TC0001500,run Narsimha,P001371,HIGH,97.82608695652175
teleconsultations,TC0001502,Lalitha Patel,P001373,HIGH,100.0
teleconsultations,TC0001506,Kiran Patel,P001376,MEDIUM,80.0
teleconsultations,TC0001512,Shobh Begum,P001381,HIGH,95.61904761904762
teleconsultations,TC0001513,Divya Chary,P001382,MEDIUM,78.0
teleconsultations,TC0001523,Mounika Patel,P001392,HIGH,98.0
teleconsultations,TC0001526,Sritha Naik,P001394,HIGH,95.61904761904762
teleconsultations,TC0001527,Swati Rao,P001395,HIGH,95.05882352941177
teleconsultations,TC0001530,Mahesh,P001398,HIGH,87.5
teleconsultations,TC0001536,Rajesh Yadav,P001405,HIGH,98.0
teleconsultations,TC0001537,Rajesh Yadav,P001405,HIGH,98.0
teleconsultations,TC0001538,Navin Khan,P001406,HIGH,92.10526315789474
teleconsultations,TC0001539,Nveen Khan,P001406,HIGH,97.36842105263159
teleconsultations,TC0001541,Deepik Mudiraj,P001407,HIGH,98.14814814814815
teleconsultations,TC0001545,Lalitha Patel,P001410,HIGH,98.0
teleconsultations,TC0001546,Sushma Jangam,P001411,HIGH,98.0
teleconsultations,TC0001547,Sushma Jangam,P001411,HIGH,100.0
teleconsultations,TC0001550,Hrika Mudiraj,P001413,HIGH,98.0
teleconsultations,TC0001552,Lalitha,P002298,HIGH,86.17647058823529
teleconsultations,TC0001553,Kavita Jangam,P001418,HIGH,96.0
teleconsultations,TC0001562,Renuk Khan,P001424,HIGH,97.36842105263159
teleconsultations,TC0001567,Kavitha Das,P001427,HIGH,100.0
teleconsultations,TC0001580,Naveen Patel,P001438,MEDIUM,80.0
teleconsultations,TC0001581,Nveen Patel,P001438,HIGH,97.61904761904762
teleconsultations,TC0001582,Mohan Naeek,P001439,HIGH,90.10526315789474
teleconsultations,TC0001589,Srilatha Reddy,P001445,HIGH,100.0
teleconsultations,TC0001592,Lakshmee Das,P001448,HIGH,90.85714285714286
teleconsultations,TC0001593,Lakshmi Basha,P001449,HIGH,100.0
teleconsultations,TC0001594,Lakshmi Basha,P001449,HIGH,98.0
teleconsultations,TC0001595,Nares Mudiraj,P001450,HIGH,98.0
teleconsultations,TC0001596,Naresh Mudeeraj,P001450,MEDIUM,74.44444444444444
teleconsultations,TC0001597,Anil Yadav,P001451,HIGH,98.0
teleconsultations,TC0001598,Srinivas Naik,P001452,HIGH,98.0
teleconsultations,TC0001603,Mounika Yadav,P001461,HIGH,98.0
teleconsultations,TC0001605,Venkatesh Mudiraj,P001463,HIGH,98.0
teleconsultations,TC0001606,Venktesh Mudiraj,P001463,HIGH,98.38709677419355
teleconsultations,TC0001610,Sai Patel,P001467,HIGH,100.0
teleconsultations,TC0001619,Anjali,P001473,HIGH,87.5
teleconsultations,TC0001621,nil Basha,P001475,HIGH,97.05882352941177
teleconsultations,TC0001624,Anjali Chary,P001479,HIGH,98.0
teleconsultations,TC0001632,Praveen Naeek,P001486,HIGH,93.47826086956522
teleconsultations,TC0001633,Praveen Naik,P001486,HIGH,100.0
teleconsultations,TC0001637,Arun Yadav,P001490,HIGH,100.0
teleconsultations,TC0001641,Padma Chary,P001494,HIGH,100.0
teleconsultations,TC0001644,Naveen Narsimha,P001498,MEDIUM,80.0
teleconsultations,TC0001650,Vinod Devi,P001503,HIGH,98.0
teleconsultations,TC0001653,Naresh Reddy,P001505,MEDIUM,80.0
teleconsultations,TC0001660,Renuka Reddy,P001509,HIGH,100.0
teleconsultations,TC0001662,Bhvani Reddy,P001511,HIGH,97.82608695652175
teleconsultations,TC0001665,Mohan Devi,P001512,MEDIUM,80.0
teleconsultations,TC0001672,Susma Mudiraj,P001519,HIGH,98.0
teleconsultations,TC0001674,Nirmala Laxman,P001521,HIGH,100.0
teleconsultations,TC0001679,Srilatha Reddy,P004737,HIGH,100.0
teleconsultations,TC0001680,Padma Reddy,P001528,HIGH,98.0
teleconsultations,TC0001683,Ravi Basha,P001532,HIGH,98.0
teleconsultations,TC0001686,Venkatesh Kumar,P001535,MEDIUM,78.0
teleconsultations,TC0001688,Naveen Reddy,P001537,HIGH,100.0
teleconsultations,TC0001694,Ramesh Kumar,P001542,HIGH,98.0
teleconsultations,TC0001698,Srinivas Krishna,P001547,HIGH,98.0
teleconsultations,TC0001699,Srinivas Krishna,P001547,HIGH,100.0
teleconsultations,TC0001701,Laksmi Patel,P001549,HIGH,95.82608695652175
teleconsultations,TC0001702,Sareetha Laxman,P001550,MEDIUM,74.44444444444444
teleconsultations,TC0001705,Naresh Rao,P001553,MEDIUM,80.0
teleconsultations,TC0001707,Prveen Das,P001555,HIGH,95.36842105263159
teleconsultations,TC0001708,Pravin Das,P001555,HIGH,90.10526315789474
teleconsultations,TC0001709,Mounika Krishna,P001557,HIGH,100.0
teleconsultations,TC0001711,Shobha Patel,P001561,HIGH,98.0
teleconsultations,TC0001712,Naresh Kumar,P001563,HIGH,100.0
teleconsultations,TC0001713,Mounik Chary,P001564,HIGH,95.82608695652175
teleconsultations,TC0001716,Lalitha,P001566,HIGH,88.88888888888889
teleconsultations,TC0001718,Ravi Basha,P001568,MEDIUM,78.0
teleconsultations,TC0001727,Ramesh Begum,P001574,HIGH,100.0
teleconsultations,TC0001732,Lalitha Basha,P001580,HIGH,100.0
teleconsultations,TC0001733,Laleetha Basha,P001580,HIGH,92.0
teleconsultations,TC0001735,Saritha Shekar,P001583,HIGH,98.0
teleconsultations,TC0001736,Saritha Shekar,P001583,MEDIUM,78.0
teleconsultations,TC0001742,Suresh Patel,P001586,MEDIUM,80.0
teleconsultations,TC0001745,Lakshmi,P001589,HIGH,86.88888888888889
teleconsultations,TC0001751,Deepika,P001594,HIGH,88.88888888888889
teleconsultations,TC0001755,Mhesh Yadav,P001597,HIGH,97.61904761904762
teleconsultations,TC0001756,Mahesh Yadaw,P001597,HIGH,95.45454545454545
teleconsultations,TC0001758,Anil Reddy,P001599,HIGH,98.0
teleconsultations,TC0001764,Dipika Reddy,P001607,HIGH,91.47826086956522
teleconsultations,TC0001771,Rmesh Mallaiah,P001612,HIGH,98.14814814814815
teleconsultations,TC0001776,Pravin Begum,P001615,HIGH,93.47826086956522
teleconsultations,TC0001779,Naresh Yadav,P001618,HIGH,98.0
teleconsultations,TC0001782,Naresh Mudiraj,P001622,MEDIUM,78.0
teleconsultations,TC0001793,Venkatesh Rao,P001631,HIGH,100.0
teleconsultations,TC0001794,Kavitha Narsimha,P001633,HIGH,98.0
teleconsultations,TC0001795,Kawitha Narsimha,P001633,HIGH,96.66666666666666
teleconsultations,TC0001798,Srilatha Mallaiah,P001637,HIGH,100.0
teleconsultations,TC0001799,Srilatha Mallaiah,P001637,HIGH,98.0
teleconsultations,TC0001814,Vinod Kumr,P001648,HIGH,95.36842105263159
teleconsultations,TC0001815,Jyothi Basha,P001649,HIGH,100.0
teleconsultations,TC0001817,Raju Naik,P001652,MEDIUM,78.0
teleconsultations,TC0001818,Kavitha Jangam,P001654,HIGH,100.0
teleconsultations,TC0001819,Kavitha Jangam,P001654,HIGH,100.0
teleconsultations,TC0001820,Kavitha Jangam,P001654,HIGH,98.0
teleconsultations,TC0001821,Praveen Patel,P001655,HIGH,100.0
teleconsultations,TC0001822,Praveen Patel,P001655,HIGH,98.0
teleconsultations,TC0001825,Swathi Shekar,P001658,HIGH,98.0
teleconsultations,TC0001830,Shobha,P001662,MEDIUM,81.57894736842105
teleconsultations,TC0001831,Sai Mallaiah,P001664,MEDIUM,80.0
teleconsultations,TC0001832,Sai Mallaiah,P001664,MEDIUM,80.0
teleconsultations,TC0001833,Sriltha Laxman,P001665,HIGH,96.14814814814815
teleconsultations,TC0001837,Vinod Goud,P001668,HIGH,100.0
teleconsultations,TC0001838,Vinod Goud,P001668,HIGH,100.0
teleconsultations,TC0001839,Vinod Goud,P001668,MEDIUM,80.0
teleconsultations,TC0001842,Swthi Naik,P001671,HIGH,97.36842105263159
teleconsultations,TC0001844,Raghav Basha,P001673,HIGH,100.0
teleconsultations,TC0001845,Raghav Basha,P001673,HIGH,100.0
teleconsultations,TC0001856,Anjali Yadav,P001684,HIGH,98.0
teleconsultations,TC0001857,Anjali Yadav,P001684,HIGH,98.0
teleconsultations,TC0001858,Venkates Das,P001685,HIGH,97.82608695652175
teleconsultations,TC0001859,Vinod Basha,P001686,MEDIUM,78.0
teleconsultations,TC0001860,Vinod Basha,P001686,HIGH,98.0
teleconsultations,TC0001866,Saee Chary,P001692,HIGH,91.17647058823529
teleconsultations,TC0001869,Anil Yadav,P001697,HIGH,98.0
teleconsultations,TC0001870,Anil Yadav,P001697,HIGH,98.0
teleconsultations,TC0001871,Shobha Reddy,P001698,HIGH,100.0
teleconsultations,TC0001875,Lalitha Mallaiah,P001701,HIGH,98.0
teleconsultations,TC0001876,Lalitha Mallaiah,P001701,HIGH,98.0
teleconsultations,TC0001877,Lalitha Mallaiah,P001701,HIGH,98.0
teleconsultations,TC0001890,Sushm Kumar,P001714,HIGH,97.61904761904762
teleconsultations,TC0001891,Sushma Kumar,P001714,HIGH,100.0
teleconsultations,TC0001892,Rjesh Begum,P001716,HIGH,97.61904761904762
teleconsultations,TC0001893,Rajesh Begum,P001716,MEDIUM,80.0
teleconsultations,TC0001895,Shobh Khan,P001718,HIGH,95.36842105263159
teleconsultations,TC0001897,Vinod,P001103,MEDIUM,83.46153846153845
teleconsultations,TC0001902,Anitha Mallaiah,P001727,MEDIUM,78.0
teleconsultations,TC0001912,Srilatha Shekar,P001137,HIGH,100.0
teleconsultations,TC0001915,Suresh Ptel,P001739,HIGH,97.61904761904762
teleconsultations,TC0001917,Kavitha Krishna,P001741,MEDIUM,80.0
teleconsultations,TC0001918,sankar Rao,P001742,HIGH,97.36842105263159
teleconsultations,TC0001920,Sreenivas Basha,P001745,HIGH,94.44444444444444
teleconsultations,TC0001926,Santosh Patel,P001750,MEDIUM,78.0
teleconsultations,TC0001930,Arun Khan,P001754,HIGH,98.0
teleconsultations,TC0001934,Jyothi Narsimha,P001759,HIGH,100.0
teleconsultations,TC0001935,Srilatha Rao,P001760,MEDIUM,78.0
teleconsultations,TC0001937,Sushma,P001762,HIGH,85.29411764705881
teleconsultations,TC0001942,sankar Rao,P001767,HIGH,95.36842105263159
teleconsultations,TC0001943,Shnkar Rao,P001767,HIGH,97.36842105263159
teleconsultations,TC0001944,Mounika Patel,P001769,HIGH,98.0
teleconsultations,TC0001945,Mounika Patel,P001769,HIGH,98.0
teleconsultations,TC0001952,Kavita Yadav,P001779,HIGH,95.82608695652175
teleconsultations,TC0001956,Rmesh Mallaiah,P001782,HIGH,96.14814814814815
teleconsultations,TC0001961,Shankar Das,P001790,HIGH,100.0
teleconsultations,TC0001962,Shankar Das,P001790,HIGH,98.0
teleconsultations,TC0001964,Hareeka Chary,P001792,HIGH,93.47826086956522
teleconsultations,TC0001970,Anil,P004240,MEDIUM,81.36363636363637
teleconsultations,TC0001974,Anitha Narsimha,P001800,HIGH,98.0
teleconsultations,TC0001979,Lalitha,P001806,MEDIUM,85.0
teleconsultations,TC0001981,Anitha,P000406,MEDIUM,85.0
teleconsultations,TC0001982,Raghav,P001808,HIGH,88.0
teleconsultations,TC0001983,nil Patel,P001809,HIGH,97.05882352941177
teleconsultations,TC0001985,Bhavanee Krishna,P001811,HIGH,92.82758620689656
teleconsultations,TC0001986,Lalitha Basha,P001812,HIGH,100.0
teleconsultations,TC0001987,Lalitha Basha,P001812,HIGH,98.0
teleconsultations,TC0001992,Sushma,P000839,MEDIUM,82.5
teleconsultations,TC0001997,Raghav Reddy,P001820,HIGH,100.0
teleconsultations,TC0001999,Sai,P002467,MEDIUM,73.27272727272727
teleconsultations,TC0002004,Sushma,P001826,HIGH,85.29411764705881
teleconsultations,TC0002008,Vinod Narsimha,P001828,HIGH,100.0
teleconsultations,TC0002016,Naveen,P003879,HIGH,90.0
teleconsultations,TC0002018,Mounika Krishna,P001837,MEDIUM,78.0
teleconsultations,TC0002022,Divya Patel,P001841,MEDIUM,78.0
teleconsultations,TC0002027,Divya Shekar,P001844,MEDIUM,80.0
teleconsultations,TC0002031,Lalitha Mallaiah,P001846,HIGH,100.0
teleconsultations,TC0002033,Bhavani Das,P001848,HIGH,100.0
teleconsultations,TC0002034,Bhavani,P001848,HIGH,91.17647058823529
teleconsultations,TC0002035,Lalita Laxman,P001849,HIGH,96.0
teleconsultations,TC0002041,Shnkar Mallaiah,P001853,MEDIUM,78.27586206896552
teleconsultations,TC0002042,Saritha Shekar,P001855,HIGH,98.0
teleconsultations,TC0002056,Raju Goud,P001865,MEDIUM,78.0
teleconsultations,TC0002068,Veenod Begum,P001878,HIGH,92.85714285714286
teleconsultations,TC0002069,Vinod Begum,P001878,HIGH,100.0
teleconsultations,TC0002072,Shnkar Yadav,P001881,HIGH,95.82608695652175
teleconsultations,TC0002076,Lalita Krishna,P001883,HIGH,98.14814814814815
teleconsultations,TC0002077,Naveen Naik,P001884,HIGH,100.0
teleconsultations,TC0002083,Nirmala Reddy,P001889,MEDIUM,80.0
teleconsultations,TC0002086,Anil Krishna,P001894,HIGH,98.0
teleconsultations,TC0002090,Raghaw Goud,P001898,HIGH,93.0
teleconsultations,TC0002105,Rani Yadav,P001910,MEDIUM,80.0
teleconsultations,TC0002106,Sreenivas Reddy,P001911,MEDIUM,72.44444444444444
teleconsultations,TC0002108,Santosh Basha,P001912,MEDIUM,78.0
teleconsultations,TC0002111,Sushma Dewi,P001913,HIGH,95.0
teleconsultations,TC0002114,Mahesh Chary,P001916,HIGH,100.0
teleconsultations,TC0002117,Arun Mallaeeah,P001919,HIGH,94.0
teleconsultations,TC0002118,Arun Mallaiah,P001919,HIGH,100.0
teleconsultations,TC0002119,Arun Mallaiah,P001919,HIGH,100.0
teleconsultations,TC0002122,Shobha Krishna,P001922,MEDIUM,78.0
teleconsultations,TC0002124,njali Khan,P001923,HIGH,95.36842105263159
teleconsultations,TC0002126,Suresh Yadav,P001924,HIGH,98.0
teleconsultations,TC0002128,Kavita Begum,P001926,HIGH,97.82608695652175
teleconsultations,TC0002140,Deepika,P001935,MEDIUM,84.84210526315789
teleconsultations,TC0002141,Bhvani Krishna,P001937,HIGH,96.14814814814815
teleconsultations,TC0002157,Mohan Patel,P001951,HIGH,100.0
teleconsultations,TC0002158,Mohan Patel,P001951,HIGH,100.0
teleconsultations,TC0002161,Rani,P000343,MEDIUM,81.36363636363637
teleconsultations,TC0002162,Kavitha Jangam,P001957,HIGH,100.0
teleconsultations,TC0002163,Shankar,P004366,HIGH,86.17647058823529
teleconsultations,TC0002164,Jyoti Naik,P001959,HIGH,95.36842105263159
teleconsultations,TC0002165,Jyothi Naik,P001959,HIGH,100.0
teleconsultations,TC0002166,Anjalee Patel,P001960,MEDIUM,73.47826086956522
teleconsultations,TC0002171,Anil Naik,P001965,MEDIUM,80.0
teleconsultations,TC0002176,Praveen Laxman,P001969,HIGH,98.0
teleconsultations,TC0002183,Renuka Dewi,P001974,HIGH,95.0
teleconsultations,TC0002184,Kaveetha Devi,P001975,HIGH,91.47826086956522
teleconsultations,TC0002189,Sushma Goud,P001980,HIGH,100.0
teleconsultations,TC0002190,Sushma Goud,P001980,HIGH,98.0
teleconsultations,TC0002191,Arun Das,P001981,HIGH,98.0
teleconsultations,TC0002192,Arun Das,P001981,HIGH,98.0
teleconsultations,TC0002194,Anil Yadav,P001983,HIGH,100.0
teleconsultations,TC0002195,Anil Yadav,P001983,HIGH,100.0
teleconsultations,TC0002196,Anil,P001983,MEDIUM,78.76923076923077
teleconsultations,TC0002198,Shobha Shekar,P001985,HIGH,100.0
teleconsultations,TC0002199,njali Begum,P001986,HIGH,97.61904761904762
teleconsultations,TC0002202,Naveen,P001990,HIGH,85.29411764705881
teleconsultations,TC0002203,Srilatha Goud,P001991,HIGH,100.0
teleconsultations,TC0002205,Diwya Laxman,P001994,MEDIUM,75.45454545454545
teleconsultations,TC0002207,Llitha Begum,P001995,HIGH,95.82608695652175
teleconsultations,TC0002212,Rajes Yadav,P001999,HIGH,95.61904761904762
teleconsultations,TC0002213,Vinod,P001524,HIGH,85.71428571428572
teleconsultations,TC0002217,Keeran Rao,P002006,LOW,69.17647058823529
teleconsultations,TC0002220,Vinod Reddy,P002009,HIGH,100.0
teleconsultations,TC0002221,Vinod Reddy,P002009,HIGH,98.0
teleconsultations,TC0002222,Lalitha Jangam,P002010,HIGH,100.0
teleconsultations,TC0002226,Rajes Das,P002015,HIGH,97.05882352941177
teleconsultations,TC0002239,Mohn Chary,P002024,HIGH,97.36842105263159
teleconsultations,TC0002240,Lalitha Yadaw,P002025,HIGH,93.83333333333333
teleconsultations,TC0002242,Vinod Begum,P002027,MEDIUM,80.0
teleconsultations,TC0002244,Harika Krishna,P003044,HIGH,100.0
teleconsultations,TC0002252,Anitha Mallaiah,P002037,HIGH,98.0
teleconsultations,TC0002253,Anitha Mallaiah,P002037,HIGH,98.0
teleconsultations,TC0002260,Hrika Laxman,P002043,HIGH,95.82608695652175
teleconsultations,TC0002261,Sriniwas Shekar,P002044,HIGH,96.42857142857143
teleconsultations,TC0002262,Laleetha Chary,P002046,HIGH,92.0
teleconsultations,TC0002263,Navin Rao,P002047,HIGH,91.17647058823529
teleconsultations,TC0002265,Ramesh Begum,P002049,HIGH,100.0
teleconsultations,TC0002269,Suresh Chary,P002053,HIGH,100.0
teleconsultations,TC0002276,Diwya Naik,P002059,HIGH,94.44444444444444
teleconsultations,TC0002279,Lalita Khan,P002061,HIGH,97.61904761904762
teleconsultations,TC0002297,Raghav Mallaiah,P002080,MEDIUM,80.0
teleconsultations,TC0002302,Mounika Patel,P002084,HIGH,98.0
teleconsultations,TC0002303,Divya Rao,P002085,HIGH,100.0
teleconsultations,TC0002304,Shobha Khan,P002086,HIGH,98.0
teleconsultations,TC0002305,Shobha Khan,P002086,HIGH,100.0
teleconsultations,TC0002307,Praveen,P003428,HIGH,88.88888888888889
teleconsultations,TC0002309,Venkatesh Patel,P002091,MEDIUM,80.0
teleconsultations,TC0002318,Shankar Rao,P002100,MEDIUM,80.0
teleconsultations,TC0002322,Deepeeka Rao,P002103,HIGH,92.85714285714286
teleconsultations,TC0002326,Sai Mallaiah,P002106,MEDIUM,78.0
teleconsultations,TC0002328,Kavitha Narsimha,P002108,HIGH,98.0
teleconsultations,TC0002329,Renuk Yadav,P002109,HIGH,97.61904761904762
teleconsultations,TC0002332,Lalitha Mallaiah,P002111,HIGH,100.0
teleconsultations,TC0002335,Naresh Naik,P002115,HIGH,100.0
teleconsultations,TC0002337,Mouneeka Krishna,P002117,HIGH,92.82758620689656
teleconsultations,TC0002338,Arun Mudiraj,P002118,MEDIUM,80.0
teleconsultations,TC0002341,Renuka Laxman,P002121,MEDIUM,80.0
teleconsultations,TC0002344,Aneel Narsimha,P002124,HIGH,92.0
teleconsultations,TC0002345,Raghav Begum,P002125,MEDIUM,80.0
teleconsultations,TC0002346,Kiran Das,P002126,MEDIUM,80.0
teleconsultations,TC0002350,Lalitha Kumar,P002129,HIGH,98.0
teleconsultations,TC0002355,Anita Chary,P002133,HIGH,97.61904761904762
teleconsultations,TC0002369,Rajesh Narsimha,P002150,MEDIUM,80.0
teleconsultations,TC0002371,Kavita Basha,P002151,HIGH,95.82608695652175
teleconsultations,TC0002376,Rames Reddy,P002156,HIGH,95.61904761904762
teleconsultations,TC0002377,Rmesh Reddy,P002156,HIGH,97.61904761904762
teleconsultations,TC0002383,Lkshmi Yadav,P002161,HIGH,97.82608695652175
teleconsultations,TC0002386,Renuka Rao,P002165,MEDIUM,78.0
teleconsultations,TC0002390,Bhavani Mudiraj,P002169,MEDIUM,80.0
teleconsultations,TC0002397,Anitha Begum,P002175,HIGH,98.0
teleconsultations,TC0002398,Anitha Begum,P002175,HIGH,98.0
teleconsultations,TC0002404,Harika Laxman,P002182,HIGH,100.0
teleconsultations,TC0002406,Naresh Mudiraj,P002184,HIGH,100.0
teleconsultations,TC0002408,Mohan,P001882,MEDIUM,83.46153846153845
teleconsultations,TC0002409,Praween Begum,P002187,HIGH,95.83333333333333
teleconsultations,TC0002410,Praveen Begum,P002187,HIGH,98.0
teleconsultations,TC0002421,Raghav Rao,P001808,HIGH,98.0
teleconsultations,TC0002423,Arun Devi,P002198,HIGH,100.0
teleconsultations,TC0002424,Rajesh Mudiraj,P002199,HIGH,100.0
teleconsultations,TC0002425,Rajesh Mudiraj,P002199,HIGH,100.0
teleconsultations,TC0002427,Swathee Khan,P002200,HIGH,90.85714285714286
teleconsultations,TC0002438,Hareeka Reddy,P002210,HIGH,93.47826086956522
teleconsultations,TC0002440,Swathi Yadav,P002211,HIGH,100.0
teleconsultations,TC0002441,Swthi Yadav,P002211,HIGH,97.61904761904762
teleconsultations,TC0002443,Jyothi Khan,P002213,MEDIUM,78.0
teleconsultations,TC0002447,Sreelatha Krishna,P002215,HIGH,95.16129032258064
teleconsultations,TC0002448,Srilata Begum,P002216,HIGH,96.0
teleconsultations,TC0002449,sankar Mudiraj,P002218,HIGH,98.14814814814815
teleconsultations,TC0002452,Anitha Yadav,P002220,MEDIUM,80.0
teleconsultations,TC0002457,Sai,P002225,MEDIUM,77.27272727272727
teleconsultations,TC0002458,Sai Laxman,P002227,HIGH,98.0
teleconsultations,TC0002464,Rju Yadav,P002234,HIGH,95.05882352941177
teleconsultations,TC0002468,Naresh Dewi,P002238,HIGH,95.0
teleconsultations,TC0002469,Raghav Basa,P002239,HIGH,97.61904761904762
teleconsultations,TC0002481,Sushma Jangam,P002248,HIGH,100.0
teleconsultations,TC0002487,Ramesh Mudiraj,P002254,HIGH,98.0
teleconsultations,TC0002494,Rani Rao,P002260,MEDIUM,80.0
teleconsultations,TC0002495,Rni Rao,P002260,HIGH,96.15384615384616
teleconsultations,TC0002502,Renuk Mudiraj,P002268,HIGH,96.0
teleconsultations,TC0002515,Anitha Basha,P002277,HIGH,98.0
teleconsultations,TC0002516,Anitha Basha,P002277,HIGH,98.0
teleconsultations,TC0002517,Renuka Goud,P000493,HIGH,100.0
teleconsultations,TC0002522,Mohan,P000292,MEDIUM,84.46153846153845
teleconsultations,TC0002526,Rajes Mallaiah,P002286,HIGH,98.14814814814815
teleconsultations,TC0002533,Rani Devi,P002290,HIGH,100.0
teleconsultations,TC0002540,Pdma Jangam,P002296,HIGH,97.61904761904762
teleconsultations,TC0002543,Anita Naik,P002299,MEDIUM,77.36842105263159
teleconsultations,TC0002544,Anitha Naik,P002299,MEDIUM,78.0
teleconsultations,TC0002550,Vinod Yadav,P002302,MEDIUM,80.0
teleconsultations,TC0002556,winod Kumar,P002307,HIGH,93.0
teleconsultations,TC0002558,Naween Goud,P002308,HIGH,95.0
teleconsultations,TC0002561,Rajesh Reddy,P002311,MEDIUM,80.0
teleconsultations,TC0002569,Mounika Krishna,P002323,HIGH,98.0
teleconsultations,TC0002572,Rghav Narsimha,P002325,HIGH,98.14814814814815
teleconsultations,TC0002575,Divya Rao,P002329,HIGH,100.0
teleconsultations,TC0002576,Rajesh Begum,P002330,HIGH,100.0
teleconsultations,TC0002577,Kiran Mallaiah,P002331,HIGH,98.0
teleconsultations,TC0002584,Padma Goud,P002336,HIGH,100.0
teleconsultations,TC0002589,Rjesh Yadav,P002340,MEDIUM,77.61904761904762
teleconsultations,TC0002592,Kavita Khan,P002343,HIGH,95.61904761904762
teleconsultations,TC0002598,Ranee Rao,P002348,HIGH,88.0
teleconsultations,TC0002601,Sures Yadav,P002350,HIGH,97.61904761904762
teleconsultations,TC0002602,Suresh Yadav,P002350,HIGH,98.0
teleconsultations,TC0002605,Rmesh Naik,P002354,HIGH,97.36842105263159
teleconsultations,TC0002611,Arun Mudiraj,P002359,HIGH,100.0
teleconsultations,TC0002617,Srilatha Mallaiah,P002366,HIGH,100.0
teleconsultations,TC0002621,Nirmala Das,P002369,HIGH,98.0
teleconsultations,TC0002628,Kavitha Mallaiah,P002377,HIGH,100.0
teleconsultations,TC0002630,Suresh Yadav,P002379,HIGH,98.0
teleconsultations,TC0002635,Santosh Shekar,P002382,MEDIUM,80.0
teleconsultations,TC0002637,Lalitha,P001934,MEDIUM,83.88888888888889
teleconsultations,TC0002644,winod Jangam,P002392,HIGH,93.45454545454545
teleconsultations,TC0002646,Anitha,P002394,HIGH,85.29411764705881
teleconsultations,TC0002647,Anitha Yadav,P002394,HIGH,98.0
teleconsultations,TC0002653,Venkatesh,P002397,HIGH,88.9090909090909
teleconsultations,TC0002654,Mouneeka Jangam,P002398,HIGH,94.44444444444444
teleconsultations,TC0002658,Ravi Goud,P001035,HIGH,100.0
teleconsultations,TC0002659,Ravi Goud,P002403,HIGH,100.0
teleconsultations,TC0002662,Kiran Devi,P002405,HIGH,98.0
teleconsultations,TC0002663,Kiran Devi,P002405,HIGH,98.0
teleconsultations,TC0002668,Harika Mallaiah,P002411,MEDIUM,80.0
teleconsultations,TC0002673,Mounika Basha,P002415,HIGH,100.0
teleconsultations,TC0002675,Mouneeka Basha,P002416,HIGH,92.0
teleconsultations,TC0002678,Sriltha Khan,P002418,HIGH,95.82608695652175
teleconsultations,TC0002681,Saritha,P002420,HIGH,86.84210526315789
teleconsultations,TC0002683,Rani Shekar,P002422,MEDIUM,78.0
teleconsultations,TC0002685,Santos Begum,P002423,HIGH,97.82608695652175
teleconsultations,TC0002688,Kiran Naik,P002425,HIGH,100.0
teleconsultations,TC0002694,Rvi Kumar,P002430,HIGH,97.05882352941177
teleconsultations,TC0002695,Swathi Devi,P002431,MEDIUM,80.0
teleconsultations,TC0002698,Suresh Rao,P002434,HIGH,100.0
teleconsultations,TC0002700,Shobha,P002436,MEDIUM,83.29411764705881
teleconsultations,TC0002709,Swthi Naik,P002447,HIGH,97.36842105263159
teleconsultations,TC0002713,Santosh Rao,P002451,MEDIUM,80.0
teleconsultations,TC0002716,Swathi,P002356,HIGH,85.5
teleconsultations,TC0002718,Sreenivas Narsimha,P002455,HIGH,95.45454545454545
teleconsultations,TC0002721,Naresh Khan,P002456,HIGH,98.0
teleconsultations,TC0002722,Lalitha Basa,P002457,HIGH,95.82608695652175
teleconsultations,TC0002725,Naween Naik,P002460,HIGH,93.0
teleconsultations,TC0002726,Nveen Naik,P002460,HIGH,95.36842105263159
teleconsultations,TC0002737,Nresh Chary,P002471,HIGH,97.61904761904762
teleconsultations,TC0002738,Lalitha Jangam,P002472,HIGH,100.0
teleconsultations,TC0002740,Deepika Shekar,P002474,MEDIUM,80.0
teleconsultations,TC0002743,Divya,P002477,HIGH,86.46153846153845
teleconsultations,TC0002746,Si Jangam,P002481,MEDIUM,77.05882352941177
teleconsultations,TC0002749,Venkatesh Devee,P002482,MEDIUM,74.44444444444444
teleconsultations,TC0002750,Venkatesh Devi,P002482,MEDIUM,78.0
teleconsultations,TC0002752,Anil,P002485,HIGH,86.36363636363637
teleconsultations,TC0002754,Naveen Patel,P002486,HIGH,98.0
teleconsultations,TC0002757,Laleetha Mudiraj,P002489,HIGH,92.82758620689656
teleconsultations,TC0002758,Santosh Krishna,P002491,HIGH,100.0
teleconsultations,TC0002760,Anitha,P002493,HIGH,85.29411764705881
teleconsultations,TC0002761,nitha Chary,P002493,HIGH,97.61904761904762
teleconsultations,TC0002762,Divya,P002494,MEDIUM,83.33333333333334
teleconsultations,TC0002763,Padma Jangam,P002495,MEDIUM,78.0
teleconsultations,TC0002764,Venkatesh Patel,P002496,MEDIUM,80.0
teleconsultations,TC0002775,Shnkar Jangam,P002508,HIGH,98.0
teleconsultations,TC0002777,Raghav Shekar,P002511,HIGH,98.0
teleconsultations,TC0002780,Swathi Yadav,P002513,HIGH,100.0
teleconsultations,TC0002782,Kiran Mallaiah,P002515,MEDIUM,78.0
teleconsultations,TC0002790,Sushma Begum,P002524,HIGH,100.0
teleconsultations,TC0002791,Sushma Begum,P002524,HIGH,100.0
teleconsultations,TC0002792,Sushma Begum,P002524,HIGH,100.0
teleconsultations,TC0002799,Lalita Kumar,P002533,HIGH,95.82608695652175
teleconsultations,TC0002802,Deepika Krishna,P002535,MEDIUM,80.0
teleconsultations,TC0002803,Raghav Naik,P002536,HIGH,98.0
teleconsultations,TC0002804,Santosh Reddy,P002537,MEDIUM,78.0
teleconsultations,TC0002812,Anita Mudiraj,P002543,HIGH,98.0
teleconsultations,TC0002816,Lakshmi Mudiraj,P002545,MEDIUM,80.0
teleconsultations,TC0002817,Nirmala Goud,P002546,MEDIUM,78.0
teleconsultations,TC0002820,Shobha Naeek,P002548,HIGH,92.85714285714286
teleconsultations,TC0002822,Srinivs Kumar,P002550,HIGH,96.0
teleconsultations,TC0002826,Shobh Reddy,P002553,HIGH,97.61904761904762
teleconsultations,TC0002827,Suresh Naik,P002554,MEDIUM,78.0
teleconsultations,TC0002834,Mohan Rao,P002560,MEDIUM,78.0
teleconsultations,TC0002835,Mohan Rao,P002560,MEDIUM,80.0
teleconsultations,TC0002837,Venkatesh Mudiraj,P002562,HIGH,98.0
teleconsultations,TC0002843,Kavitha,P002565,MEDIUM,84.84210526315789
teleconsultations,TC0002844,Lakshmi,P002566,HIGH,91.17647058823529
teleconsultations,TC0002846,Srinivas Shekar,P002567,MEDIUM,78.0
teleconsultations,TC0002848,Naveen Chary,P002569,HIGH,98.0
teleconsultations,TC0002849,Naveen Chary,P002569,HIGH,100.0
teleconsultations,TC0002853,Deepik Reddy,P002573,HIGH,97.82608695652175
teleconsultations,TC0002854,Deepika Reddy,P002573,MEDIUM,80.0
teleconsultations,TC0002861,Swathi Basha,P002581,HIGH,98.0
teleconsultations,TC0002868,Santosh Goud,P002585,HIGH,100.0
teleconsultations,TC0002869,Rawi Rao,P002586,HIGH,90.85714285714286
teleconsultations,TC0002871,Shobha Rao,P002588,HIGH,100.0
teleconsultations,TC0002873,Srilatha Narsimha,P002591,HIGH,100.0
teleconsultations,TC0002874,Deepeeka Mudiraj,P002592,HIGH,94.82758620689656
teleconsultations,TC0002875,Kawitha Reddy,P002593,HIGH,93.83333333333333
teleconsultations,TC0002877,Mhesh Shekar,P002594,HIGH,97.82608695652175
teleconsultations,TC0002893,Mounika Shekar,P002609,HIGH,100.0
teleconsultations,TC0002896,Bhavani,P002612,HIGH,89.17647058823529
teleconsultations,TC0002899,Bhawani Chary,P002616,HIGH,93.83333333333333
teleconsultations,TC0002902,Srilatha Goud,P002621,MEDIUM,80.0
teleconsultations,TC0002909,Ravi Rao,P002627,HIGH,98.0
teleconsultations,TC0002910,Ravi Rao,P002627,HIGH,100.0
teleconsultations,TC0002914,Dipika Reddy,P002630,HIGH,93.47826086956522
teleconsultations,TC0002915,Shobha Naik,P002631,HIGH,100.0
teleconsultations,TC0002916,Shobha Naik,P002631,HIGH,98.0
teleconsultations,TC0002918,Saritha Reddy,P002635,HIGH,100.0
teleconsultations,TC0002919,Rani Goud,P002637,HIGH,98.0
teleconsultations,TC0002924,Sreenivas Narsimha,P002640,HIGH,95.45454545454545
teleconsultations,TC0002925,Santosh Begum,P002641,MEDIUM,80.0
teleconsultations,TC0002926,Srinivas Devi,P002643,MEDIUM,80.0
teleconsultations,TC0002927,Kiran Patel,P002644,HIGH,100.0
teleconsultations,TC0002928,Kiran Patel,P002644,HIGH,98.0
teleconsultations,TC0002929,Harika Reddy,P000314,HIGH,98.0
teleconsultations,TC0002932,Anil Chary,P002649,HIGH,100.0
teleconsultations,TC0002933,Anil Chary,P002649,HIGH,100.0
teleconsultations,TC0002934,Anil Chary,P002649,HIGH,98.0
teleconsultations,TC0002935,Srilatha Naik,P002650,MEDIUM,80.0
teleconsultations,TC0002936,Anil,P002651,MEDIUM,83.33333333333334
teleconsultations,TC0002937,Nares Reddy,P002652,HIGH,97.61904761904762
teleconsultations,TC0002939,Saritha Yadaw,P002655,HIGH,95.83333333333333
teleconsultations,TC0002942,Sai Rao,P002657,MEDIUM,80.0
teleconsultations,TC0002944,Kavitha,P002552,LOW,66.88888888888889
teleconsultations,TC0002952,Naveen Basha,P002663,HIGH,100.0
teleconsultations,TC0002954,Lalitha,P002298,HIGH,89.17647058823529
teleconsultations,TC0002955,Rajesh Shekar,P002666,HIGH,100.0
teleconsultations,TC0002964,Sures Rao,P002677,HIGH,97.05882352941177
teleconsultations,TC0002968,Harika Basha,P002680,HIGH,100.0
teleconsultations,TC0002970,Deepeeka Rao,P002682,HIGH,92.85714285714286
teleconsultations,TC0002971,Padma Yadaw,P002683,HIGH,95.0
teleconsultations,TC0002972,Nares Devi,P002684,HIGH,97.36842105263159
teleconsultations,TC0002973,Kavitha Kumar,P002685,HIGH,100.0
teleconsultations,TC0002974,Kavitha Kumar,P002685,HIGH,98.0
teleconsultations,TC0002975,Jyothi,P002317,MEDIUM,80.29411764705881
teleconsultations,TC0002978,Sai Khan,P002689,HIGH,100.0
teleconsultations,TC0002980,Naveen Laxman,P002692,HIGH,98.0
teleconsultations,TC0002981,Shankar Basha,P002693,HIGH,98.0
teleconsultations,TC0002985,Suresh,P002700,HIGH,85.29411764705881
teleconsultations,TC0002986,Raghav Begum,P002701,HIGH,100.0
teleconsultations,TC0002988,Srilata Basha,P002703,HIGH,96.0
teleconsultations,TC0002990,Anjali Khan,P002704,HIGH,98.0
teleconsultations,TC0002994,Arun Devi,P002707,HIGH,100.0
teleconsultations,TC0002998,Praveen Laxman,P002709,MEDIUM,80.0
teleconsultations,TC0002999,Prveen Laxman,P002709,MEDIUM,78.0
teleconsultations,TC0003001,Suresh Goud,P002711,HIGH,100.0
teleconsultations,TC0003002,Sures Goud,P002711,HIGH,95.36842105263159
teleconsultations,TC0003007,Sai Mallaiah,P002717,HIGH,100.0
teleconsultations,TC0003008,Santosh Patel,P002718,HIGH,98.0
teleconsultations,TC0003011,Rames Goud,P002720,HIGH,97.36842105263159
teleconsultations,TC0003012,Jyothi Kumar,P002721,MEDIUM,78.0
teleconsultations,TC0003015,Arun,P004003,MEDIUM,83.33333333333334
teleconsultations,TC0003021,Anil Basha,P002731,HIGH,98.0
teleconsultations,TC0003030,Lalitha Yadav,P002738,HIGH,98.0
teleconsultations,TC0003031,Lalita Yadav,P002738,HIGH,97.82608695652175
teleconsultations,TC0003034,Naresh Devi,P002741,HIGH,100.0
teleconsultations,TC0003036,Saritha Laxman,P002743,HIGH,98.0
teleconsultations,TC0003037,Saritha Laxman,P002743,HIGH,98.0
teleconsultations,TC0003039,Kiran Devi,P002745,HIGH,100.0
teleconsultations,TC0003040,Kiran Devi,P002745,HIGH,98.0
teleconsultations,TC0003044,Lakshmi Krishna,P002748,HIGH,100.0
teleconsultations,TC0003046,Saritha Krisna,P002750,HIGH,98.14814814814815
teleconsultations,TC0003050,Raghav Jangam,P002755,MEDIUM,78.0
teleconsultations,TC0003061,Swthi Shekar,P002766,HIGH,95.82608695652175
teleconsultations,TC0003062,Swathee Reddy,P002767,HIGH,93.47826086956522
teleconsultations,TC0003064,Lalitha Krishna,P002769,MEDIUM,78.0
teleconsultations,TC0003065,Srilata Rao,P002770,HIGH,97.61904761904762
teleconsultations,TC0003067,Sreenivas Khan,P002772,HIGH,94.0
teleconsultations,TC0003068,Venktesh Naik,P002773,HIGH,96.0
teleconsultations,TC0003071,Renuka Begum,P002777,HIGH,98.0
teleconsultations,TC0003074,Mounik Narsimha,P002780,HIGH,96.27586206896552
teleconsultations,TC0003075,Vinod Goud,P002782,HIGH,100.0
teleconsultations,TC0003078,Bhavani Rao,P002784,HIGH,98.0
teleconsultations,TC0003079,Arun Khan,P002785,MEDIUM,78.0
teleconsultations,TC0003085,Divya,P003615,MEDIUM,83.46153846153845
teleconsultations,TC0003091,Venkatesh Jangam,P002795,MEDIUM,80.0
teleconsultations,TC0003096,Shnkar Begum,P002798,HIGH,95.82608695652175
teleconsultations,TC0003099,Anjali Patel,P002801,HIGH,98.0
teleconsultations,TC0003100,Mounika Patel,P002802,HIGH,98.0
teleconsultations,TC0003102,Praveen Begum,P002804,HIGH,98.0
teleconsultations,TC0003103,Praveen Begum,P003016,HIGH,100.0
teleconsultations,TC0003104,Vinod Narsimha,P002805,HIGH,100.0
teleconsultations,TC0003105,Kavitha Rao,P002807,HIGH,98.0
teleconsultations,TC0003106,Anil Kumar,P001203,HIGH,100.0
teleconsultations,TC0003112,Shobh Patel,P002812,HIGH,97.61904761904762
teleconsultations,TC0003117,Sushma Kreeshna,P002816,HIGH,94.44444444444444
teleconsultations,TC0003127,Bhawani Das,P002822,HIGH,93.0
teleconsultations,TC0003128,Jyothi Begum,P002823,HIGH,98.0
teleconsultations,TC0003129,Jyothee Begum,P002823,HIGH,93.47826086956522
teleconsultations,TC0003130,Jyothi Begum,P002823,HIGH,100.0
teleconsultations,TC0003132,Rju Basha,P002825,HIGH,95.05882352941177
teleconsultations,TC0003133,Rju Basha,P002825,HIGH,95.05882352941177
teleconsultations,TC0003140,Bhavani Rao,P002831,HIGH,100.0
teleconsultations,TC0003147,Raju Kumar,P002836,HIGH,98.0
teleconsultations,TC0003149,Srinivas,P004370,HIGH,87.10526315789474
teleconsultations,TC0003157,Renuka Narsimha,P002846,MEDIUM,78.0
teleconsultations,TC0003163,Lalitha Devi,P002853,HIGH,100.0
teleconsultations,TC0003165,Anil Khan,P002855,HIGH,100.0
teleconsultations,TC0003166,Sreelatha Goud,P002856,HIGH,94.0
teleconsultations,TC0003167,run Begum,P002857,HIGH,95.05882352941177
teleconsultations,TC0003170,Sreelatha Das,P002858,HIGH,93.47826086956522
teleconsultations,TC0003172,Rajes Shekar,P002860,MEDIUM,77.82608695652175
teleconsultations,TC0003175,nitha Mudiraj,P002863,HIGH,96.0
teleconsultations,TC0003177,Bhavani Das,P002866,HIGH,100.0
teleconsultations,TC0003188,Neermala Begum,P002877,HIGH,92.0
teleconsultations,TC0003196,Jyothi Khan,P002884,MEDIUM,80.0
teleconsultations,TC0003197,Jyothi Khn,P002884,HIGH,97.36842105263159
teleconsultations,TC0003201,Praveen Begum,P002890,HIGH,98.0
teleconsultations,TC0003203,Venkatesh Krishna,P002892,HIGH,100.0
teleconsultations,TC0003207,Srinivas Devi,P002901,MEDIUM,78.0
teleconsultations,TC0003210,Mohan Laxman,P002905,MEDIUM,80.0
teleconsultations,TC0003215,Swati Das,P002910,HIGH,97.05882352941177
teleconsultations,TC0003217,Renuka Shekar,P002913,MEDIUM,78.0
teleconsultations,TC0003223,Divya Yadav,P002918,HIGH,100.0
teleconsultations,TC0003227,sankar Khan,P002921,HIGH,97.61904761904762
teleconsultations,TC0003231,Mohan Kreeshna,P002923,HIGH,92.0
teleconsultations,TC0003233,Sarita Chary,P002924,HIGH,97.82608695652175
teleconsultations,TC0003237,Kavitha Begum,P002928,HIGH,100.0
teleconsultations,TC0003245,Raju Naik,P002935,MEDIUM,78.0
teleconsultations,TC0003247,Raju Goud,P002937,HIGH,100.0
teleconsultations,TC0003253,Swati Begum,P002942,HIGH,95.61904761904762
teleconsultations,TC0003256,Mhesh Jangam,P002945,HIGH,97.82608695652175
teleconsultations,TC0003257,Lkshmi Rao,P002946,HIGH,97.36842105263159
teleconsultations,TC0003259,Santosh Krishna,P002949,HIGH,98.0
teleconsultations,TC0003261,Bhavani Das,P002951,HIGH,100.0
teleconsultations,TC0003262,Bhawani Das,P002951,HIGH,95.0
teleconsultations,TC0003266,Mhesh Yadav,P002955,HIGH,95.61904761904762
teleconsultations,TC0003269,Rani Basha,P002960,HIGH,100.0
teleconsultations,TC0003270,Rani Basha,P002960,HIGH,100.0
teleconsultations,TC0003278,Aneetha Rao,P002967,HIGH,92.10526315789474
teleconsultations,TC0003281,Naresh Yadav,P002970,HIGH,100.0
teleconsultations,TC0003282,Mouneeka Devi,P002971,HIGH,91.47826086956522
teleconsultations,TC0003298,Prveen Chary,P002986,HIGH,95.82608695652175
teleconsultations,TC0003300,Kavitha,P004431,HIGH,89.17647058823529
teleconsultations,TC0003301,Kavitha Goud,P002989,HIGH,100.0
teleconsultations,TC0003302,Anitha Begum,P002990,HIGH,100.0
teleconsultations,TC0003305,Sntosh Naik,P002993,HIGH,95.61904761904762
teleconsultations,TC0003307,Mouneeka Mudiraj,P002994,HIGH,92.82758620689656
teleconsultations,TC0003315,Mohan Laxman,P003002,HIGH,100.0
teleconsultations,TC0003316,Mohan Laxman,P003002,HIGH,98.0
teleconsultations,TC0003331,Praveen Begum,P003016,HIGH,100.0
teleconsultations,TC0003335,Rajesh Mudiraj,P003020,HIGH,100.0
teleconsultations,TC0003339,Rawi Devi,P003026,HIGH,93.75
teleconsultations,TC0003341,Sreenivas Chary,P003028,HIGH,92.44444444444444
teleconsultations,TC0003343,Sai Patel,P003030,MEDIUM,78.0
teleconsultations,TC0003346,Santosh Patel,P003033,MEDIUM,80.0
teleconsultations,TC0003348,Ravi,P003034,MEDIUM,83.33333333333334
teleconsultations,TC0003350,Swathi Rao,P003036,HIGH,98.0
teleconsultations,TC0003351,Swathi Rao,P003036,HIGH,98.0
teleconsultations,TC0003352,Ravi Naik,P003038,HIGH,100.0
teleconsultations,TC0003355,Padma Narsimha,P003041,MEDIUM,80.0
teleconsultations,TC0003356,Sreenivas Das,P003042,HIGH,91.47826086956522
teleconsultations,TC0003357,Nirmala Devi,P003043,MEDIUM,78.0
teleconsultations,TC0003358,Harika Krishna,P002029,HIGH,100.0
teleconsultations,TC0003361,Naresh Basha,P003047,MEDIUM,80.0
teleconsultations,TC0003362,Saritha Shekar,P003048,MEDIUM,78.0
teleconsultations,TC0003374,Srilata Reddy,P003060,MEDIUM,78.0
teleconsultations,TC0003375,Hareeka Mudiraj,P003061,HIGH,94.44444444444444
teleconsultations,TC0003378,Harika Goud,P003063,MEDIUM,80.0
teleconsultations,TC0003386,Srilata Krishna,P003070,HIGH,98.27586206896552
teleconsultations,TC0003387,Anitha Goud,P003071,HIGH,100.0
teleconsultations,TC0003389,Shankar Narsimha,P003072,MEDIUM,78.0
teleconsultations,TC0003398,Vinod Shekar,P003080,MEDIUM,78.0
teleconsultations,TC0003403,Ravi,P001522,MEDIUM,84.36363636363637
teleconsultations,TC0003409,Raju Shekar,P003088,HIGH,100.0
teleconsultations,TC0003412,Ramesh Basha,P003096,HIGH,100.0
teleconsultations,TC0003413,Ramesh Basha,P003096,HIGH,100.0
teleconsultations,TC0003414,Saritha,P003097,MEDIUM,83.33333333333334
teleconsultations,TC0003416,Saritha Krishna,P003097,MEDIUM,80.0
teleconsultations,TC0003423,Sai Krishna,P003104,MEDIUM,80.0
teleconsultations,TC0003425,Laleetha Kumar,P003106,HIGH,92.0
teleconsultations,TC0003432,Llitha Khan,P003113,HIGH,95.61904761904762
teleconsultations,TC0003433,Lalitha Patel,P001019,MEDIUM,80.0
teleconsultations,TC0003438,Sushma Basha,P003118,MEDIUM,80.0
teleconsultations,TC0003443,Ravi Chary,P003122,HIGH,100.0
teleconsultations,TC0003444,Ravi Chary,P003122,HIGH,98.0
teleconsultations,TC0003445,Arun Goud,P003123,HIGH,100.0
teleconsultations,TC0003446,Arun Goud,P003123,HIGH,98.0
teleconsultations,TC0003450,Anil Naik,P003127,HIGH,98.0
teleconsultations,TC0003454,Anjali Narsimha,P003130,HIGH,98.0
teleconsultations,TC0003458,Aneel Patel,P003135,HIGH,92.10526315789474
teleconsultations,TC0003459,Laksmi Patel,P003136,HIGH,95.82608695652175
teleconsultations,TC0003467,Santosh Patel,P003142,HIGH,98.0
teleconsultations,TC0003469,Lakshmi Krishna,P003144,HIGH,98.0
teleconsultations,TC0003470,Lakshmi Krishna,P003144,HIGH,100.0
teleconsultations,TC0003471,Naresh Naik,P003145,MEDIUM,78.0
teleconsultations,TC0003475,Ramesh Yadaw,P003149,HIGH,93.45454545454545
teleconsultations,TC0003476,Ramesh Yadaw,P003149,HIGH,95.45454545454545
teleconsultations,TC0003477,Srilatha Devi,P003150,HIGH,100.0
teleconsultations,TC0003484,Raju Begum,P003154,HIGH,98.0
teleconsultations,TC0003487,Mahesh,P003157,HIGH,90.0
teleconsultations,TC0003489,Santosh Kreeshna,P003158,HIGH,92.82758620689656
teleconsultations,TC0003490,nil Patel,P003161,HIGH,95.05882352941177
teleconsultations,TC0003492,Srinivas Shekar,P003163,HIGH,98.0
teleconsultations,TC0003496,Shankar Narsimha,P003167,HIGH,100.0
teleconsultations,TC0003498,Padma Mallaiah,P003169,HIGH,98.0
teleconsultations,TC0003499,Padma Mallaiah,P003169,HIGH,98.0
teleconsultations,TC0003500,Mohan,P003213,MEDIUM,84.46153846153845
teleconsultations,TC0003502,Renuka Kumar,P003172,HIGH,98.0
teleconsultations,TC0003506,Renuka Krishna,P003174,HIGH,100.0
teleconsultations,TC0003509,Swati Begum,P003176,HIGH,95.61904761904762
teleconsultations,TC0003510,Mounika Kumar,P003177,MEDIUM,78.0
teleconsultations,TC0003512,Vinod Begum,P003179,MEDIUM,80.0
teleconsultations,TC0003516,Renuka Reddy,P003186,HIGH,100.0
teleconsultations,TC0003517,Suresh Patel,P003187,HIGH,98.0
teleconsultations,TC0003518,Suresh Patel,P003187,HIGH,100.0
teleconsultations,TC0003519,Anjali Patel,P003188,MEDIUM,78.0
teleconsultations,TC0003520,Srinivas Laxman,P003189,HIGH,100.0
teleconsultations,TC0003521,Srinivas Laxman,P003189,HIGH,98.0
teleconsultations,TC0003526,Venkatesh Reddy,P003193,MEDIUM,78.0
teleconsultations,TC0003529,Suresh Das,P003195,MEDIUM,80.0
teleconsultations,TC0003530,Praween Jangam,P003196,HIGH,96.15384615384616
teleconsultations,TC0003531,Anitha Yadav,P003198,HIGH,98.0
teleconsultations,TC0003532,Anitha,P003198,MEDIUM,83.29411764705881
teleconsultations,TC0003533,Rajesh,P003486,HIGH,86.0
teleconsultations,TC0003544,Anil Narsimha,P003211,MEDIUM,80.0
teleconsultations,TC0003545,Deepika Naik,P003212,HIGH,98.0
teleconsultations,TC0003559,Mahesh,P003225,HIGH,85.5
teleconsultations,TC0003561,Jyothi Ptel,P003226,HIGH,97.61904761904762
teleconsultations,TC0003564,Swathi Devi,P003229,HIGH,98.0
teleconsultations,TC0003565,Swathi Devi,P003229,HIGH,98.0
teleconsultations,TC0003572,Renuka Mallaiah,P003235,HIGH,98.0
teleconsultations,TC0003580,Harika Reddy,P003243,MEDIUM,80.0
teleconsultations,TC0003581,Swathi Mudiraj,P003244,MEDIUM,80.0
teleconsultations,TC0003582,Raju Goud,P003245,HIGH,98.0
teleconsultations,TC0003584,Swathi Yadav,P003247,MEDIUM,80.0
teleconsultations,TC0003586,Rajesh Goud,P003249,MEDIUM,78.0
teleconsultations,TC0003588,Sushm Shekar,P003252,HIGH,97.82608695652175
teleconsultations,TC0003589,Raghav Krisna,P003253,HIGH,98.0
teleconsultations,TC0003593,Jyothi Mallaiah,P003256,HIGH,98.0
teleconsultations,TC0003596,Rawi Reddy,P003260,HIGH,94.44444444444444
teleconsultations,TC0003599,Shankar Das,P003263,HIGH,100.0
teleconsultations,TC0003606,Raju Shekar,P003267,MEDIUM,78.0
teleconsultations,TC0003607,Harika Basha,P003268,HIGH,98.0
teleconsultations,TC0003608,Srilatha Chary,P003269,HIGH,100.0
teleconsultations,TC0003613,nitha Krishna,P003274,HIGH,98.0
teleconsultations,TC0003615,Shobh Kumar,P003277,HIGH,97.61904761904762
teleconsultations,TC0003619,Anil Basha,P003283,HIGH,98.0
teleconsultations,TC0003620,Anil Basha,P003283,HIGH,100.0
teleconsultations,TC0003621,Nirmala Khan,P003284,MEDIUM,78.0
teleconsultations,TC0003626,Naveen Reddy,P003289,MEDIUM,78.0
teleconsultations,TC0003638,Anjali Basha,P003302,MEDIUM,78.0
teleconsultations,TC0003639,Swathi Shekar,P003303,HIGH,100.0
teleconsultations,TC0003640,Mohan,P000003,MEDIUM,81.33333333333334
teleconsultations,TC0003641,Mounika Narsimha,P003306,HIGH,98.0
teleconsultations,TC0003652,Ravi Naik,P003317,HIGH,98.0
teleconsultations,TC0003656,Bhavanee Basha,P003319,HIGH,92.0
teleconsultations,TC0003657,Bhvani Basha,P003319,HIGH,95.82608695652175
teleconsultations,TC0003658,Kiran Rao,P003320,HIGH,100.0
teleconsultations,TC0003659,Kiran Rao,P003320,MEDIUM,80.0
teleconsultations,TC0003660,Anjali Goud,P003321,MEDIUM,80.0
teleconsultations,TC0003666,Shobh Naik,P003324,HIGH,97.36842105263159
teleconsultations,TC0003667,Suresh Khan,P003325,HIGH,98.0
teleconsultations,TC0003668,Suresh Khan,P003325,HIGH,98.0
teleconsultations,TC0003669,Rajesh Mallaiah,P003326,HIGH,100.0
teleconsultations,TC0003674,Kaveetha Kumar,P003330,HIGH,92.0
teleconsultations,TC0003676,Mhesh Yadav,P003334,HIGH,97.61904761904762
teleconsultations,TC0003677,Mahesh Yadaw,P003334,HIGH,95.45454545454545
teleconsultations,TC0003682,Raghav Basha,P003337,HIGH,100.0
teleconsultations,TC0003683,Bhavani Das,P003338,HIGH,98.0
teleconsultations,TC0003694,Padma,P002964,MEDIUM,80.71428571428572
teleconsultations,TC0003701,Rvi Kumar,P003357,HIGH,95.05882352941177
teleconsultations,TC0003706,Lakshmi Mallaiah,P003363,HIGH,100.0
teleconsultations,TC0003707,Lakshmi Mallaiah,P003363,HIGH,98.0
teleconsultations,TC0003711,Divy Yadav,P003366,HIGH,97.36842105263159
teleconsultations,TC0003712,Sriltha Khan,P003367,HIGH,95.82608695652175
teleconsultations,TC0003718,Shankar Yadaw,P003375,HIGH,93.83333333333333
teleconsultations,TC0003730,Neermala Begum,P003388,HIGH,94.0
teleconsultations,TC0003732,Deepika Basha,P003390,HIGH,100.0
teleconsultations,TC0003735,Rmesh Yadav,P003392,HIGH,97.61904761904762
teleconsultations,TC0003738,Jyothee Laxman,P003394,HIGH,92.0
teleconsultations,TC0003741,Venkatesh,P003400,HIGH,89.13043478260869
teleconsultations,TC0003747,Anjali Narsimha,P003406,HIGH,100.0
teleconsultations,TC0003749,Aneetha Goud,P003408,HIGH,90.85714285714286
teleconsultations,TC0003757,Vinod Basha,P001686,HIGH,98.0
teleconsultations,TC0003760,Rvi Mudiraj,P003422,HIGH,97.61904761904762
teleconsultations,TC0003761,Padma Patel,P003423,HIGH,100.0
teleconsultations,TC0003764,Srilatha Mallaiah,P003426,HIGH,100.0
teleconsultations,TC0003766,Praveen Goud,P003428,HIGH,100.0
teleconsultations,TC0003768,Suresh Mudiraj,P003430,MEDIUM,80.0
teleconsultations,TC0003774,Aneel Naik,P003435,HIGH,91.17647058823529
teleconsultations,TC0003787,Rani Kumar,P003447,MEDIUM,80.0
teleconsultations,TC0003791,Sarita Yadav,P003451,HIGH,97.82608695652175
teleconsultations,TC0003798,Shankar Das,P003458,HIGH,98.0
teleconsultations,TC0003799,Rni Basha,P003459,HIGH,95.05882352941177
teleconsultations,TC0003802,Sreelatha Basha,P003462,HIGH,94.44444444444444
teleconsultations,TC0003804,Divya Naik,P003464,HIGH,100.0
teleconsultations,TC0003807,Ramesh Narsimha,P003467,HIGH,100.0
teleconsultations,TC0003808,Vinod Krishn,P003468,HIGH,97.82608695652175
teleconsultations,TC0003809,Rawi Goud,P003470,HIGH,91.75
teleconsultations,TC0003820,Rajes Yadav,P003482,HIGH,97.61904761904762
teleconsultations,TC0003826,Kavitha Reddy,P003488,HIGH,98.0
teleconsultations,TC0003827,Kavitha Reddy,P003488,HIGH,98.0
teleconsultations,TC0003828,Harika Krishna,P003489,MEDIUM,78.0
teleconsultations,TC0003834,Rajesh Laxman,P003494,HIGH,98.0
teleconsultations,TC0003835,Rajesh Laxman,P003494,HIGH,98.0
teleconsultations,TC0003836,Naveen Naik,P003495,HIGH,98.0
teleconsultations,TC0003838,Ravee Basha,P003496,HIGH,90.10526315789474
teleconsultations,TC0003847,Rawi Das,P003502,HIGH,92.85714285714286
teleconsultations,TC0003850,Lakshmi Naik,P003505,HIGH,98.0
teleconsultations,TC0003851,Mahesh Kumar,P003506,MEDIUM,78.0
teleconsultations,TC0003856,Lkshmi Reddy,P003511,HIGH,95.82608695652175
teleconsultations,TC0003860,Nirmala Khan,P003517,MEDIUM,80.0
teleconsultations,TC0003863,Lakshmee Basha,P003520,HIGH,92.0
teleconsultations,TC0003865,Mohan Krishna,P003521,MEDIUM,80.0
teleconsultations,TC0003870,Deevya Yadav,P003525,HIGH,90.85714285714286
teleconsultations,TC0003871,Divya Yadav,P003525,HIGH,100.0
teleconsultations,TC0003874,Mahesh Dewi,P003528,HIGH,93.0
teleconsultations,TC0003875,Mahesh Devi,P003528,HIGH,98.0
teleconsultations,TC0003878,Keeran Devi,P003531,HIGH,92.10526315789474
teleconsultations,TC0003880,Shankar Yadav,P003532,HIGH,98.0
teleconsultations,TC0003884,Laksmi Laxman,P003534,HIGH,98.0
teleconsultations,TC0003885,Bhvani Khan,P003535,HIGH,97.61904761904762
teleconsultations,TC0003891,Padma Rao,P003540,HIGH,100.0
teleconsultations,TC0003892,Shobh Mudiraj,P003541,HIGH,96.0
teleconsultations,TC0003899,Mahes Goud,P003551,HIGH,95.36842105263159
teleconsultations,TC0003900,Swathi Narsimha,P003552,MEDIUM,78.0
teleconsultations,TC0003902,Srinivas Goud,P003554,HIGH,98.0
teleconsultations,TC0003905,Bhavani Patel,P003557,HIGH,100.0
teleconsultations,TC0003909,Rani Goud,P003563,HIGH,100.0
teleconsultations,TC0003914,Divy Yadav,P003567,HIGH,95.36842105263159
teleconsultations,TC0003917,Rajesh Laxman,P003569,HIGH,100.0
teleconsultations,TC0003919,Harika Kumar,P003572,MEDIUM,80.0
teleconsultations,TC0003926,njali Mudiraj,P003577,HIGH,98.0
teleconsultations,TC0003928,Rghav Rao,P003579,HIGH,95.05882352941177
teleconsultations,TC0003929,Raghav Rao,P003579,HIGH,98.0
teleconsultations,TC0003934,Naween Begum,P003583,HIGH,95.45454545454545
teleconsultations,TC0003939,Srinivas Krishna,P003588,HIGH,98.0
teleconsultations,TC0003941,Srilatha Goud,P003594,HIGH,100.0
teleconsultations,TC0003946,Raghav Patel,P003599,HIGH,100.0
teleconsultations,TC0003947,Raghav Patel,P003599,HIGH,98.0
teleconsultations,TC0003948,Raju Begum,P003600,MEDIUM,80.0
teleconsultations,TC0003951,Rani Rao,P002260,HIGH,98.0
teleconsultations,TC0003952,Sarita Begum,P003603,HIGH,97.82608695652175
teleconsultations,TC0003957,Naveen Patel,P003607,HIGH,100.0
teleconsultations,TC0003958,Naveen Patel,P003607,HIGH,100.0
teleconsultations,TC0003959,Naveen Patel,P003607,HIGH,100.0
teleconsultations,TC0003962,Santosh Devi,P003609,MEDIUM,80.0
teleconsultations,TC0003965,Raju Shekar,P003613,HIGH,100.0
teleconsultations,TC0003970,Kiran Devi,P003620,HIGH,98.0
teleconsultations,TC0003971,Mounik Mudiraj,P003621,HIGH,98.14814814814815
teleconsultations,TC0003972,Praveen Begum,P003622,HIGH,98.0
teleconsultations,TC0003976,Kavitha Rao,P003625,HIGH,100.0
teleconsultations,TC0003977,Kavitha Rao,P003625,HIGH,100.0
teleconsultations,TC0003978,run Rao,P003626,HIGH,96.15384615384616
teleconsultations,TC0003981,Anjali Mudiraj,P003628,HIGH,100.0
teleconsultations,TC0003985,Suresh Goud,P003633,HIGH,98.0
teleconsultations,TC0003990,Sareetha Laxman,P003638,HIGH,94.44444444444444
teleconsultations,TC0003991,Saritha Laxman,P003638,HIGH,98.0
teleconsultations,TC0003992,Saritha Laxman,P003638,HIGH,98.0
teleconsultations,TC0003995,Srinivs Narsimha,P003640,HIGH,98.38709677419355
teleconsultations,TC0004003,Lakshmi Rao,P003648,HIGH,100.0
teleconsultations,TC0004004,Lakshmi Rao,P003648,HIGH,98.0
teleconsultations,TC0004010,Bhavani Rao,P003653,HIGH,100.0
teleconsultations,TC0004011,Santosh Chary,P003654,HIGH,100.0
teleconsultations,TC0004012,Deepeeka Mudiraj,P003656,HIGH,94.82758620689656
teleconsultations,TC0004021,Kawitha Patel,P003665,HIGH,93.83333333333333
teleconsultations,TC0004022,Kawitha Patel,P003665,HIGH,95.83333333333333
teleconsultations,TC0004023,Kavitha,P003667,HIGH,86.84210526315789
teleconsultations,TC0004032,Shobha,P000135,LOW,65.0
teleconsultations,TC0004034,Mohan Krishna,P003675,HIGH,98.0
teleconsultations,TC0004049,Rghav Basha,P003688,HIGH,95.61904761904762
teleconsultations,TC0004052,sobha Yadav,P003693,HIGH,97.61904761904762
teleconsultations,TC0004058,Mohan Begum,P003701,HIGH,100.0
teleconsultations,TC0004064,Sushma Naik,P003706,HIGH,100.0
teleconsultations,TC0004065,Sushma Naik,P003706,HIGH,100.0
teleconsultations,TC0004070,Naveen,P003711,MEDIUM,83.29411764705881
teleconsultations,TC0004082,Vinod sekar,P003722,HIGH,97.61904761904762
teleconsultations,TC0004085,Kavitha Kumar,P003723,MEDIUM,80.0
teleconsultations,TC0004090,Srilatha Devi,P003150,HIGH,98.0
teleconsultations,TC0004091,Rawi Patel,P003730,HIGH,92.44444444444444
teleconsultations,TC0004101,Anita Mudiraj,P003736,HIGH,96.0
teleconsultations,TC0004104,Mounika Mallaiah,P003738,HIGH,98.0
teleconsultations,TC0004105,Mounika Mallaiah,P003738,HIGH,98.0
teleconsultations,TC0004111,Jyothi Begum,P003741,MEDIUM,80.0
teleconsultations,TC0004119,Lalitha Mallaiah,P003751,HIGH,100.0
teleconsultations,TC0004121,Shobha,P003753,HIGH,85.29411764705881
teleconsultations,TC0004125,Rani Basha,P003757,HIGH,98.0
teleconsultations,TC0004133,Deepika Devi,P003763,MEDIUM,78.0
teleconsultations,TC0004134,Mahesh Goud,P003764,HIGH,100.0
teleconsultations,TC0004138,Srinivas Jangam,P003767,MEDIUM,78.0
teleconsultations,TC0004139,Anjali Patel,P003769,HIGH,100.0
teleconsultations,TC0004144,Lalitha Chary,P003773,HIGH,98.0
teleconsultations,TC0004152,winod Kumar,P003778,HIGH,93.0
teleconsultations,TC0004153,Sareetha Krishna,P003779,HIGH,94.82758620689656
teleconsultations,TC0004154,nil Krishna,P003780,HIGH,97.61904761904762
teleconsultations,TC0004155,Srilatha Krishna,P003781,HIGH,98.0
teleconsultations,TC0004156,Srilatha Krishna,P003781,HIGH,98.0
teleconsultations,TC0004158,Bhavanee Rao,P003783,HIGH,92.85714285714286
teleconsultations,TC0004159,Mohn Devi,P003785,HIGH,95.05882352941177
teleconsultations,TC0004166,Rani sekar,P003792,HIGH,95.36842105263159
teleconsultations,TC0004168,Rni Shekar,P003792,HIGH,97.36842105263159
teleconsultations,TC0004170,Renuka Das,P003795,HIGH,100.0
teleconsultations,TC0004173,Harika Mudiraj,P003799,HIGH,100.0
teleconsultations,TC0004174,Harika Mudiraj,P003799,HIGH,98.0
teleconsultations,TC0004176,Sai Narsimha,P003803,MEDIUM,78.0
teleconsultations,TC0004178,Lalita Goud,P003804,HIGH,97.61904761904762
teleconsultations,TC0004179,Anjali sekar,P003805,MEDIUM,75.82608695652175
teleconsultations,TC0004180,Diwya Patel,P003807,HIGH,93.0
teleconsultations,TC0004181,Mahesh Khan,P003808,MEDIUM,80.0
teleconsultations,TC0004183,Naresh Kumar,P003809,HIGH,100.0
teleconsultations,TC0004184,Naresh Kumar,P003809,HIGH,100.0
teleconsultations,TC0004186,Mahesh Devee,P003810,HIGH,92.85714285714286
teleconsultations,TC0004191,Kavitha Laxman,P003816,MEDIUM,78.0
teleconsultations,TC0004193,Kavitha Kumar,P003818,HIGH,98.0
teleconsultations,TC0004194,Kavitha Kumar,P003818,HIGH,100.0
teleconsultations,TC0004200,Shobha Krishna,P003825,MEDIUM,78.0
teleconsultations,TC0004211,Rajes Basha,P003837,HIGH,97.61904761904762
teleconsultations,TC0004213,Nares Das,P003839,HIGH,97.05882352941177
teleconsultations,TC0004215,Venkatesh Das,P003841,HIGH,100.0
teleconsultations,TC0004216,Venkatesh Das,P003841,HIGH,100.0
teleconsultations,TC0004217,Mounika Devi,P002971,HIGH,98.0
teleconsultations,TC0004218,Aneel Shekar,P003843,HIGH,92.85714285714286
teleconsultations,TC0004226,Naveen Chary,P003852,HIGH,100.0
teleconsultations,TC0004227,Naveen Chary,P002569,HIGH,98.0
teleconsultations,TC0004233,Nirmala sekar,P003858,HIGH,96.0
teleconsultations,TC0004234,Mohan Khan,P003859,MEDIUM,78.0
teleconsultations,TC0004236,Lalitha Devi,P003860,HIGH,100.0
teleconsultations,TC0004245,Praveen Kumar,P003868,HIGH,98.0
teleconsultations,TC0004249,Divy Laxman,P003872,HIGH,97.61904761904762
teleconsultations,TC0004253,Arun Khan,P003875,HIGH,98.0
teleconsultations,TC0004254,Arun Khan,P003875,HIGH,98.0
teleconsultations,TC0004257,Sushma Rao,P003878,MEDIUM,78.0
teleconsultations,TC0004258,Naveen,P003879,HIGH,88.0
teleconsultations,TC0004259,Kavitha Krishna,P003880,HIGH,98.0
teleconsultations,TC0004262,Praveen Krisna,P003884,HIGH,96.14814814814815
teleconsultations,TC0004263,Prveen Krishna,P003884,HIGH,96.14814814814815
teleconsultations,TC0004267,Rani Goud,P003890,HIGH,100.0
teleconsultations,TC0004268,Rani Goud,P003890,HIGH,100.0
teleconsultations,TC0004270,Saritha sekar,P003894,HIGH,96.0
teleconsultations,TC0004271,Ranee Basha,P003895,HIGH,92.10526315789474
teleconsultations,TC0004273,Kavitha sekar,P003896,HIGH,98.0
teleconsultations,TC0004274,Vinod Yadav,P003897,HIGH,100.0
teleconsultations,TC0004277,Ravi Mallaiah,P003901,HIGH,100.0
teleconsultations,TC0004278,Nresh Patel,P003902,HIGH,97.61904761904762
teleconsultations,TC0004281,Aneetha Kumar,P003904,HIGH,91.47826086956522
teleconsultations,TC0004282,Raju Naeek,P003905,HIGH,89.17647058823529
teleconsultations,TC0004284,Mounik Reddy,P003908,HIGH,95.82608695652175
teleconsultations,TC0004285,Mouneeka Reddy,P003908,HIGH,94.0
teleconsultations,TC0004290,Nveen Das,P003910,HIGH,95.05882352941177
teleconsultations,TC0004293,Sriltha Khan,P003912,MEDIUM,75.82608695652175
teleconsultations,TC0004299,Deepik Mudiraj,P003918,HIGH,96.14814814814815
teleconsultations,TC0004300,Deepika Mudiraj,P003918,HIGH,98.0
teleconsultations,TC0004312,Dipika Das,P003929,HIGH,92.10526315789474
teleconsultations,TC0004314,Naveen Patel,P000085,HIGH,98.0
teleconsultations,TC0004315,Naveen Patel,P003931,HIGH,100.0
teleconsultations,TC0004318,winod Krishna,P003934,HIGH,93.83333333333333
teleconsultations,TC0004319,Vinod Krishna,P003934,HIGH,100.0
teleconsultations,TC0004320,Nirmala Goud,P003935,HIGH,98.0
teleconsultations,TC0004328,Sai Reddy,P003940,MEDIUM,78.0
teleconsultations,TC0004330,Mounika Jangam,P003941,HIGH,100.0
teleconsultations,TC0004331,Mounika Jangam,P003941,HIGH,98.0
teleconsultations,TC0004332,Santosh Rao,P003942,HIGH,98.0
teleconsultations,TC0004335,Sareetha Reddy,P003945,HIGH,94.0
teleconsultations,TC0004339,Llitha Kumar,P003948,HIGH,97.82608695652175
teleconsultations,TC0004341,Kiran Patel,P003950,HIGH,100.0
teleconsultations,TC0004343,Swathi,P000856,MEDIUM,83.29411764705881
teleconsultations,TC0004345,Swthi Reddy,P003954,HIGH,97.61904761904762
teleconsultations,TC0004349,Veenod Jangam,P003956,MEDIUM,71.47826086956522
teleconsultations,TC0004350,Hareeka Begum,P003957,HIGH,93.47826086956522
teleconsultations,TC0004351,Kiran Reddy,P003958,HIGH,100.0
teleconsultations,TC0004358,Kiran Reddy,P003964,HIGH,98.0
teleconsultations,TC0004359,Kiran Reddy,P003964,HIGH,100.0
teleconsultations,TC0004363,Ravi Kumar,P001385,MEDIUM,78.0
teleconsultations,TC0004365,Bhvani Reddy,P003969,HIGH,97.82608695652175
teleconsultations,TC0004366,Nirmala Das,P003970,HIGH,100.0
teleconsultations,TC0004371,Naresh Mudiraj,P003974,HIGH,100.0
teleconsultations,TC0004375,Anitha Mallaiah,P003978,HIGH,100.0
teleconsultations,TC0004376,Jyothi Krishn,P003979,HIGH,96.0
teleconsultations,TC0004379,Nveen Yadav,P003981,HIGH,97.61904761904762
teleconsultations,TC0004380,Naveen Yadav,P003981,HIGH,98.0
teleconsultations,TC0004386,Praveen Mallaiah,P003987,HIGH,98.0
teleconsultations,TC0004390,Raghav Begum,P003991,MEDIUM,80.0
teleconsultations,TC0004394,Vinod Mallaiah,P003995,MEDIUM,78.0
teleconsultations,TC0004395,Jyothee Kumar,P003997,HIGH,91.47826086956522
teleconsultations,TC0004396,Naveen Yadav,P003998,HIGH,98.0
teleconsultations,TC0004397,Naveen Yadav,P003998,HIGH,100.0
teleconsultations,TC0004398,Renuka Devi,P004000,HIGH,98.0
teleconsultations,TC0004399,Padma Basha,P004001,MEDIUM,78.0
teleconsultations,TC0004404,Arun Das,P004007,HIGH,100.0
teleconsultations,TC0004407,Mounika Yadaw,P004009,HIGH,95.83333333333333
teleconsultations,TC0004408,Raju Krishna,P004011,MEDIUM,80.0
teleconsultations,TC0004409,Nirmala Laxman,P004014,HIGH,100.0
teleconsultations,TC0004410,Sreelatha Das,P004015,HIGH,93.47826086956522
teleconsultations,TC0004414,Praween Reddy,P004018,HIGH,93.83333333333333
teleconsultations,TC0004419,Sritha Jangam,P004021,HIGH,96.0
teleconsultations,TC0004420,Bhavani Jangam,P004022,HIGH,98.0
teleconsultations,TC0004421,Kavita Jangam,P004023,HIGH,96.0
teleconsultations,TC0004423,Renuka Das,P004025,HIGH,100.0
teleconsultations,TC0004424,Renuka Das,P004025,HIGH,100.0
teleconsultations,TC0004425,Renuka Das,P004025,HIGH,100.0
teleconsultations,TC0004434,Anjali Khan,P004034,HIGH,100.0
teleconsultations,TC0004439,Padma Goud,P004039,HIGH,100.0
teleconsultations,TC0004442,Suresh Khan,P004044,HIGH,98.0
teleconsultations,TC0004443,Suresh Khan,P004044,HIGH,98.0
teleconsultations,TC0004447,Dipika Kumar,P004047,HIGH,93.47826086956522
teleconsultations,TC0004448,Lkshmi Naik,P004048,HIGH,97.61904761904762
teleconsultations,TC0004455,Jyothi Yadav,P004055,MEDIUM,78.0
teleconsultations,TC0004461,Rames Goud,P004061,HIGH,97.36842105263159
teleconsultations,TC0004466,Renuka Begum,P004065,HIGH,100.0
teleconsultations,TC0004470,Naresh Khan,P001273,HIGH,98.0
teleconsultations,TC0004473,Bhawani Goud,P004070,HIGH,95.45454545454545
teleconsultations,TC0004482,Kavitha Goud,P004078,HIGH,98.0
teleconsultations,TC0004484,Anil,P004080,MEDIUM,84.36363636363637
teleconsultations,TC0004490,Raghav Naik,P004086,HIGH,98.0
teleconsultations,TC0004492,Venkates Jangam,P004087,MEDIUM,76.27586206896552
teleconsultations,TC0004493,Srinivas Narsimha,P004088,HIGH,100.0
teleconsultations,TC0004494,Srinivas Narsimha,P004088,HIGH,98.0
teleconsultations,TC0004496,Naresh,P004092,MEDIUM,83.29411764705881
teleconsultations,TC0004499,Mounika Khan,P004097,HIGH,100.0
teleconsultations,TC0004504,Saritha,P000295,MEDIUM,81.84210526315789
teleconsultations,TC0004510,Laksmi Basha,P004108,HIGH,97.82608695652175
teleconsultations,TC0004512,sobha Krishna,P004109,HIGH,96.0
teleconsultations,TC0004520,Deepika Laxman,P004118,MEDIUM,78.0
teleconsultations,TC0004521,Praveen,P000773,HIGH,86.17647058823529
teleconsultations,TC0004528,Kawitha Devi,P004124,MEDIUM,73.45454545454545
teleconsultations,TC0004529,Praveen Laxman,P004125,HIGH,98.0
teleconsultations,TC0004530,Praveen Laxman,P004125,HIGH,100.0
teleconsultations,TC0004531,Praveen Laxman,P004125,HIGH,98.0
teleconsultations,TC0004535,Raghav,P003619,MEDIUM,85.0
teleconsultations,TC0004539,Raghav Chary,P004134,MEDIUM,80.0
teleconsultations,TC0004543,Srilatha Mudiraj,P004137,MEDIUM,78.0
teleconsultations,TC0004545,Anil Yadav,P004140,MEDIUM,80.0
teleconsultations,TC0004547,Kiran Kumar,P004143,HIGH,100.0
teleconsultations,TC0004549,Nresh Naik,P004145,HIGH,95.36842105263159
teleconsultations,TC0004558,Shobha Khan,P004152,HIGH,100.0
teleconsultations,TC0004562,Keeran Kumar,P004155,HIGH,90.85714285714286
teleconsultations,TC0004564,Nirmala,P004157,HIGH,86.88888888888889
teleconsultations,TC0004565,Kavitha Krishna,P003880,HIGH,100.0
teleconsultations,TC0004566,Kavitha Krishna,P003880,HIGH,98.0
teleconsultations,TC0004571,Anitha Naik,P004162,HIGH,98.0
teleconsultations,TC0004573,Raghav Shekar,P004164,HIGH,100.0
teleconsultations,TC0004574,Jyothi Basha,P004165,HIGH,98.0
teleconsultations,TC0004585,Mounika Mallaiah,P004175,HIGH,98.0
teleconsultations,TC0004586,Jyothi Dewi,P004176,HIGH,95.0
teleconsultations,TC0004587,Jyoti Devi,P004176,HIGH,97.36842105263159
teleconsultations,TC0004588,Nirmala Jangam,P004177,HIGH,100.0
teleconsultations,TC0004589,Nirmala Jangam,P004177,HIGH,98.0
teleconsultations,TC0004590,Harika Laxman,P004178,HIGH,98.0
teleconsultations,TC0004598,Rajesh Laxman,P004186,HIGH,98.0
teleconsultations,TC0004601,Rani Jangam,P000914,HIGH,100.0
teleconsultations,TC0004603,Sriniwas Reddy,P004190,HIGH,94.15384615384616
teleconsultations,TC0004611,Anil Basha,P004196,MEDIUM,80.0
teleconsultations,TC0004617,Shankar Begum,P004200,HIGH,98.0
teleconsultations,TC0004618,Jyothi Lxman,P004201,HIGH,97.82608695652175
teleconsultations,TC0004622,Mounik Jangam,P004203,HIGH,96.0
teleconsultations,TC0004625,Kavitha Narsimha,P004205,HIGH,100.0
teleconsultations,TC0004630,Deepika Rao,P004209,MEDIUM,80.0
teleconsultations,TC0004632,Divya Jangam,P004211,MEDIUM,78.0
teleconsultations,TC0004633,Divya,P000174,MEDIUM,83.46153846153845
teleconsultations,TC0004637,Deepik Shekar,P004216,HIGH,96.0
teleconsultations,TC0004639,Sushma Krishna,P004217,MEDIUM,80.0
teleconsultations,TC0004642,Sarita Laxman,P004221,HIGH,98.0
teleconsultations,TC0004668,Saritha Krishna,P004242,HIGH,100.0
teleconsultations,TC0004676,Nirmla Shekar,P004247,HIGH,98.0
teleconsultations,TC0004685,Rajes Naik,P004256,HIGH,97.36842105263159
teleconsultations,TC0004688,Rani Mallaiah,P004260,HIGH,98.0
teleconsultations,TC0004689,Shobha Shekar,P004261,HIGH,100.0
teleconsultations,TC0004694,Kawitha Das,P004266,HIGH,95.0
teleconsultations,TC0004700,Anitha Shekar,P004270,MEDIUM,80.0
teleconsultations,TC0004703,Nveen Yadav,P004275,HIGH,95.61904761904762
teleconsultations,TC0004705,Lakshmi Devi,P004277,MEDIUM,78.0
teleconsultations,TC0004713,Lakshmi Goud,P004283,HIGH,100.0
teleconsultations,TC0004714,Swathi,P004284,HIGH,85.5
teleconsultations,TC0004715,Susma Shekar,P004285,HIGH,97.82608695652175
teleconsultations,TC0004718,Arun Yadav,P004288,HIGH,100.0
teleconsultations,TC0004719,Rani Yadaw,P004289,HIGH,94.44444444444444
teleconsultations,TC0004723,Kiran Reddy,P004291,HIGH,100.0
teleconsultations,TC0004731,Vinod Yadav,P004300,HIGH,100.0
teleconsultations,TC0004733,Naveen Patel,P004302,HIGH,100.0
teleconsultations,TC0004738,Divya,P004308,MEDIUM,83.33333333333334
teleconsultations,TC0004745,Mahesh Mallaiah,P004316,MEDIUM,78.0
teleconsultations,TC0004746,Arun,P000791,MEDIUM,81.36363636363637
teleconsultations,TC0004751,Jyothee Mudiraj,P004321,HIGH,92.44444444444444
teleconsultations,TC0004758,Raju Mallaeeah,P004326,HIGH,94.0
teleconsultations,TC0004759,Aneel Patel,P004327,HIGH,92.10526315789474
teleconsultations,TC0004763,Kiran Naik,P004330,HIGH,98.0
teleconsultations,TC0004767,Hareeka Basha,P004333,HIGH,93.47826086956522
teleconsultations,TC0004768,Sareetha Yadav,P004334,HIGH,94.0
teleconsultations,TC0004769,Vinod Reddy,P004335,MEDIUM,80.0
teleconsultations,TC0004771,Praween Das,P004340,HIGH,95.0
teleconsultations,TC0004778,Naveen Narsimha,P004346,HIGH,98.0
teleconsultations,TC0004782,Lakshmi Krishna,P004350,HIGH,100.0
teleconsultations,TC0004792,Divya Naik,P004358,HIGH,98.0
teleconsultations,TC0004793,Divya Naik,P004358,HIGH,100.0
teleconsultations,TC0004794,Divya Naik,P004358,HIGH,100.0
teleconsultations,TC0004796,Renuka,P001043,HIGH,85.29411764705881
teleconsultations,TC0004797,Nirmala Rao,P004361,MEDIUM,78.0
teleconsultations,TC0004806,Bhavani Kumar,P004369,MEDIUM,78.0
teleconsultations,TC0004809,Santosh Mudiraj,P004371,MEDIUM,78.0
teleconsultations,TC0004810,Mahesh Reddy,P004372,HIGH,100.0
teleconsultations,TC0004811,Mahes Reddy,P004372,HIGH,97.61904761904762
teleconsultations,TC0004812,Bhavani Laxman,P004373,HIGH,98.0
teleconsultations,TC0004820,Anitha Mallaiah,P004381,HIGH,98.0
teleconsultations,TC0004828,Venkatesh Patel,P004389,HIGH,98.0
teleconsultations,TC0004830,Lakshmi Goud,P004391,MEDIUM,80.0
teleconsultations,TC0004839,Srinivas Narsimha,P004398,HIGH,98.0
teleconsultations,TC0004840,Srinivas Narsimha,P004398,HIGH,100.0
teleconsultations,TC0004842,Nirmala,P004400,MEDIUM,83.0
teleconsultations,TC0004847,Arun Khan,P004405,HIGH,98.0
teleconsultations,TC0004849,Mahesh Basha,P004407,MEDIUM,80.0
teleconsultations,TC0004852,Mohn Goud,P004410,HIGH,95.05882352941177
teleconsultations,TC0004857,Bhavani Rao,P004414,HIGH,100.0
teleconsultations,TC0004873,Deepeeka Begum,P004428,HIGH,94.0
teleconsultations,TC0004874,Kavitha Shekar,P004429,HIGH,100.0
teleconsultations,TC0004875,Kavitha Shekar,P004429,HIGH,98.0
teleconsultations,TC0004876,Kaveetha Das,P004431,HIGH,90.85714285714286
teleconsultations,TC0004877,Kawitha Das,P004431,MEDIUM,75.0
teleconsultations,TC0004879,Rajesh Laxman,P004433,HIGH,98.0
teleconsultations,TC0004880,Kavitha Chary,P004435,HIGH,100.0
teleconsultations,TC0004881,Kavitha Chary,P004435,HIGH,98.0
teleconsultations,TC0004882,Kavitha Chary,P004435,HIGH,100.0
teleconsultations,TC0004885,Kawitha Mallaiah,P004439,HIGH,96.66666666666666
teleconsultations,TC0004886,Raghav Naik,P004440,MEDIUM,80.0
teleconsultations,TC0004888,Jyothi,P000114,MEDIUM,85.0
teleconsultations,TC0004897,Praveen,P000768,HIGH,89.17647058823529
teleconsultations,TC0004898,Mounik Khan,P004449,HIGH,97.61904761904762
teleconsultations,TC0004900,Mounika Khan,P004451,HIGH,100.0
teleconsultations,TC0004901,Anjali Mudiraj,P004452,MEDIUM,78.0
teleconsultations,TC0004905,Arun Goud,P004454,MEDIUM,80.0
teleconsultations,TC0004908,Sreenivas Yadav,P004456,HIGH,94.44444444444444
teleconsultations,TC0004916,Kavitha Basha,P004464,HIGH,98.0
teleconsultations,TC0004918,Jyoti Das,P004465,HIGH,97.05882352941177
teleconsultations,TC0004923,Sai Reddy,P004469,MEDIUM,78.0
teleconsultations,TC0004927,Anitha Devi,P004472,HIGH,98.0
teleconsultations,TC0004928,Anitha Das,P004473,HIGH,98.0
teleconsultations,TC0004933,Sreelatha Kumar,P004478,HIGH,94.44444444444444
teleconsultations,TC0004941,Raju Patel,P004485,HIGH,100.0
teleconsultations,TC0004942,Raju Patel,P004485,HIGH,100.0
teleconsultations,TC0004947,Divya Laxman,P004489,HIGH,100.0
teleconsultations,TC0004948,Divya Laxman,P004489,HIGH,98.0
teleconsultations,TC0004949,Anitha Naik,P004490,HIGH,98.0
teleconsultations,TC0004950,Anita Naik,P004490,HIGH,95.36842105263159
teleconsultations,TC0004951,Anitha Naik,P004490,HIGH,100.0
teleconsultations,TC0004953,Anjali sekar,P004492,HIGH,95.82608695652175
teleconsultations,TC0004957,Renuk Reddy,P004495,HIGH,97.61904761904762
teleconsultations,TC0004961,Lalitha Krishna,P004500,HIGH,98.0
teleconsultations,TC0004963,Bhavani Jangam,P004502,HIGH,98.0
teleconsultations,TC0004968,Praveen Laxman,P004506,HIGH,100.0
teleconsultations,TC0004969,Praveen Laxman,P004506,HIGH,100.0
teleconsultations,TC0004970,Naveen,P000168,MEDIUM,85.0
teleconsultations,TC0004973,Anitha Naik,P004511,HIGH,100.0
teleconsultations,TC0004984,Arun Mallaiah,P004521,HIGH,98.0
teleconsultations,TC0004985,Arun Mallaiah,P004521,HIGH,98.0
teleconsultations,TC0004987,Praveen Rao,P004523,HIGH,98.0
teleconsultations,TC0004996,Rjesh Reddy,P004529,MEDIUM,75.61904761904762
teleconsultations,TC0004997,Suresh Chary,P004530,HIGH,100.0
teleconsultations,TC0004998,Suresh Chary,P004530,HIGH,100.0
teleconsultations,TC0005003,Deevya Devi,P004535,HIGH,92.10526315789474
teleconsultations,TC0005007,Raghav,P004539,HIGH,85.29411764705881
teleconsultations,TC0005008,Swati Laxman,P004541,HIGH,97.82608695652175
teleconsultations,TC0005014,Rni Patel,P004548,MEDIUM,77.05882352941177
teleconsultations,TC0005016,Srinivas Mallaiah,P004550,HIGH,100.0
teleconsultations,TC0005025,run Rao,P004556,HIGH,94.15384615384616
teleconsultations,TC0005027,Mahesh Begum,P004558,HIGH,98.0
teleconsultations,TC0005033,Saritha Das,P004562,MEDIUM,80.0
teleconsultations,TC0005036,Srilatha Chary,P004566,HIGH,100.0
teleconsultations,TC0005038,Jyothi Krishna,P002355,HIGH,98.0
teleconsultations,TC0005039,Jyothi Krishna,P002355,HIGH,98.0
teleconsultations,TC0005040,Deepika Khan,P004571,MEDIUM,80.0
teleconsultations,TC0005043,njali Laxman,P004574,HIGH,97.82608695652175
teleconsultations,TC0005046,Padma,P004577,MEDIUM,81.33333333333334
teleconsultations,TC0005051,Hareeka Rao,P004582,HIGH,92.10526315789474
teleconsultations,TC0005052,Venkatesh Mudiraj,P004583,HIGH,100.0
teleconsultations,TC0005053,Venkatesh Mudiraj,P004583,HIGH,100.0
teleconsultations,TC0005056,nil Basha,P004585,HIGH,97.05882352941177
teleconsultations,TC0005062,Padma Mallaiah,P004590,HIGH,100.0
teleconsultations,TC0005063,Anitha Naik,P004591,HIGH,98.0
teleconsultations,TC0005066,nil Mallaiah,P004593,HIGH,95.82608695652175
teleconsultations,TC0005067,Mohan Begum,P003701,HIGH,100.0
teleconsultations,TC0005069,Sushma Reddy,P004595,MEDIUM,78.0
teleconsultations,TC0005076,Ramesh Kumar,P001542,HIGH,100.0
teleconsultations,TC0005080,Llitha Khan,P004604,HIGH,95.61904761904762
teleconsultations,TC0005081,Rawi Laxman,P004605,HIGH,93.0
teleconsultations,TC0005084,Kiran Naik,P002425,HIGH,98.0
teleconsultations,TC0005085,Pravin Mallaiah,P004608,HIGH,94.82758620689656
teleconsultations,TC0005095,Deepik Devi,P004620,HIGH,97.61904761904762
teleconsultations,TC0005097,Kavitha Patel,P004622,MEDIUM,78.0
teleconsultations,TC0005100,Deepik Rao,P004625,HIGH,97.36842105263159
teleconsultations,TC0005104,Shankar,P000002,HIGH,87.17647058823529
teleconsultations,TC0005106,Saritha Shekar,P004631,HIGH,98.0
teleconsultations,TC0005107,Jyothee Kumar,P004632,MEDIUM,73.47826086956522
teleconsultations,TC0005108,Shankar Chary,P004633,HIGH,98.0
teleconsultations,TC0005116,Srinivas,P004639,MEDIUM,82.78260869565217
teleconsultations,TC0005126,Bhavanee Khan,P004649,HIGH,93.47826086956522
teleconsultations,TC0005127,Padma Rao,P004650,MEDIUM,80.0
teleconsultations,TC0005128,Sushma Shekar,P004651,HIGH,98.0
teleconsultations,TC0005129,Sushma Shekar,P004651,HIGH,100.0
teleconsultations,TC0005156,Rani Reddy,P004678,MEDIUM,78.0
teleconsultations,TC0005169,Naresh Laxman,P004690,HIGH,100.0
teleconsultations,TC0005180,Raju Krishna,P004700,MEDIUM,80.0
teleconsultations,TC0005188,Raghav Goud,P004710,HIGH,98.0
teleconsultations,TC0005189,Raghav Goud,P004710,HIGH,100.0
teleconsultations,TC0005192,Sriniwas Yadav,P004713,HIGH,94.15384615384616
teleconsultations,TC0005195,Ravi Jangam,P004716,HIGH,100.0
teleconsultations,TC0005196,Ravi Jangam,P004716,MEDIUM,78.0
teleconsultations,TC0005200,Naresh Goud,P004720,HIGH,98.0
teleconsultations,TC0005201,Renuka sekar,P004724,HIGH,97.82608695652175
teleconsultations,TC0005206,Venkatesh,P004729,HIGH,92.85714285714286
teleconsultations,TC0005208,Susma Reddy,P004730,HIGH,97.61904761904762
teleconsultations,TC0005209,Rajesh Mallaiah,P004731,HIGH,98.0
teleconsultations,TC0005211,Suresh Mallaiah,P004733,HIGH,100.0
teleconsultations,TC0005216,Srilatha Reddy,P001527,HIGH,98.0
teleconsultations,TC0005217,Bhvani Devi,P004738,HIGH,97.61904761904762
teleconsultations,TC0005222,Rni Naik,P004742,HIGH,94.66666666666666
teleconsultations,TC0005224,Saritha Narsimha,P004745,HIGH,98.0
teleconsultations,TC0005227,Kaveetha Mallaiah,P004747,HIGH,93.16129032258064
teleconsultations,TC0005234,Praveen Rao,P004753,HIGH,100.0
teleconsultations,TC0005236,Santosh Mudeeraj,P004755,HIGH,94.82758620689656
teleconsultations,TC0005240,Nirmala Jangam,P004757,HIGH,100.0
teleconsultations,TC0005241,Bhavani Laxman,P004759,HIGH,100.0
teleconsultations,TC0005242,Bhavani Laxman,P004759,HIGH,98.0
teleconsultations,TC0005249,Suresh Jangam,P004765,MEDIUM,78.0
teleconsultations,TC0005254,Sntosh Rao,P004771,HIGH,95.36842105263159
teleconsultations,TC0005263,Ramesh Reddy,P004779,HIGH,100.0
teleconsultations,TC0005264,Saritha Goud,P004780,HIGH,98.0
teleconsultations,TC0005265,Rani Das,P004781,HIGH,100.0
teleconsultations,TC0005268,Rmesh Naik,P004784,HIGH,97.36842105263159
teleconsultations,TC0005272,Saritha,P001647,HIGH,86.84210526315789
teleconsultations,TC0005273,Srilatha,P004091,HIGH,90.10526315789474
teleconsultations,TC0005277,Lalitha Krishna,P004790,HIGH,98.0
teleconsultations,TC0005280,Ramesh Narsimha,P004794,HIGH,98.0
teleconsultations,TC0005281,Harika Goud,P004795,HIGH,100.0
teleconsultations,TC0005282,Padma Jangam,P004796,HIGH,98.0
teleconsultations,TC0005283,Padma Jangam,P004796,HIGH,100.0
teleconsultations,TC0005301,Ravee Das,P004810,HIGH,88.0
teleconsultations,TC0005302,Harika Goud,P004811,HIGH,100.0
teleconsultations,TC0005311,Srinivas Naik,P004817,HIGH,100.0
teleconsultations,TC0005318,Anitha Goud,P004822,MEDIUM,78.0
teleconsultations,TC0005319,Lalitha Krishna,P004823,HIGH,98.0
teleconsultations,TC0005320,Lalitha Krishna,P004823,HIGH,100.0
teleconsultations,TC0005327,Harika Basha,P004830,HIGH,98.0
teleconsultations,TC0005333,Shankar Narsimha,P004837,HIGH,98.0
teleconsultations,TC0005338,Kavitha Shekar,P004842,HIGH,100.0
teleconsultations,TC0005345,Santos Naik,P004847,HIGH,97.61904761904762
teleconsultations,TC0005346,Kavita Mudiraj,P004848,HIGH,98.14814814814815
teleconsultations,TC0005353,Mahes Devi,P004854,HIGH,97.36842105263159
teleconsultations,TC0005356,winod Das,P004856,HIGH,91.75
teleconsultations,TC0005358,Harika Mudiraj,P004858,HIGH,100.0
teleconsultations,TC0005359,Nares Begum,P004860,HIGH,97.61904761904762
teleconsultations,TC0005361,Venkatesh Rao,P004864,HIGH,100.0
teleconsultations,TC0005372,Ranee Mudiraj,P004877,MEDIUM,73.47826086956522
teleconsultations,TC0005373,Renuka Yadav,P004878,MEDIUM,80.0
teleconsultations,TC0005384,Mounik Reddy,P004887,HIGH,97.82608695652175
teleconsultations,TC0005389,Nveen Laxman,P004891,HIGH,95.82608695652175
teleconsultations,TC0005390,Naveen Laxman,P004891,HIGH,98.0
teleconsultations,TC0005397,Mouneeka Naik,P004895,MEDIUM,71.47826086956522
teleconsultations,TC0005401,Suresh Narsimha,P004898,HIGH,98.0
teleconsultations,TC0005404,Jyothi Narsimha,P004900,HIGH,98.0
teleconsultations,TC0005405,Anitha Yadaw,P004901,HIGH,93.45454545454545
teleconsultations,TC0005414,Ramesh Narsimha,P004913,MEDIUM,78.0
teleconsultations,TC0005416,Pdma Yadav,P004915,HIGH,95.36842105263159
teleconsultations,TC0005417,Padma,P004915,MEDIUM,81.33333333333334
teleconsultations,TC0005421,Mohan sekar,P004919,HIGH,97.61904761904762
teleconsultations,TC0005432,Nirmala Laxman,P004930,HIGH,100.0
teleconsultations,TC0005450,Arun Basha,P004944,HIGH,98.0
teleconsultations,TC0005451,Arun Basha,P004944,HIGH,100.0
teleconsultations,TC0005452,Suresh,P004946,HIGH,85.29411764705881
teleconsultations,TC0005456,Rvi Naik,P004951,HIGH,94.66666666666666
teleconsultations,TC0005478,Lkshmi Mallaiah,P004969,HIGH,96.27586206896552
teleconsultations,TC0005479,Lakshmi Mallaiah,P004969,MEDIUM,78.0
teleconsultations,TC0005483,Rajesh Naik,P004973,HIGH,100.0
teleconsultations,TC0005495,Arun Goud,P004985,HIGH,100.0
teleconsultations,TC0005499,Shankar Das,P004987,MEDIUM,78.0
teleconsultations,TC0005500,njali Basha,P004988,HIGH,95.61904761904762
teleconsultations,TC0005501,Arun Mallaiah,P004521,HIGH,98.0
teleconsultations,TC0005506,Saritha Krishna,P004993,HIGH,100.0
teleconsultations,TC0005507,Swati Reddy,P004994,HIGH,95.61904761904762
teleconsultations,TC0005510,Navin Rao,P004996,MEDIUM,71.17647058823529
teleconsultations,TC0005513,Divya Yadav,P004998,HIGH,98.0
teleconsultations,TC0005514,Shankar Krishna,P004999,MEDIUM,80.0
teleconsultations,TC0005516,Anjali Krishna,P005000,MEDIUM,80.0
